{
"type": "FeatureCollection",
"name": "geo_34_2",
"crs": { "type": "name", "properties": { "name": "urn:ogc:def:crs:OGC:1.3:CRS84" } },
"features": [
{ "type": "Feature", "properties": { "内容": "医療法人山紫会伊達医院【2:診療所】【診療科目:内科_胃腸内科_外科_リハビリテーション科】広島県広島市東区温品７－１２－２６", "url": "https://www.iryou.teikyouseido.mhlw.go.jp/znk-web/juminkanja/S2430/initialize?prefCd=34&kikanCd=2340000250&kikanKbn=2", "url2": "www.dateclinic.jp" }, "geometry": { "type": "Point", "coordinates": [ 132.509339, 34.413627 ] } },
{ "type": "Feature", "properties": { "内容": "高橋医院【2:診療所】【診療科目:内科_小児科】広島県安芸郡海田町南堀川町１－１５", "url": "https://www.iryou.teikyouseido.mhlw.go.jp/znk-web/juminkanja/S2430/initialize?prefCd=34&kikanCd=2340004610&kikanKbn=2", "url2": null }, "geometry": { "type": "Point", "coordinates": [ 132.533202, 34.366598 ] } },
{ "type": "Feature", "properties": { "内容": "梶山医院【2:診療所】【診療科目:内科_循環器内科】広島県安芸郡熊野町貴船１８－１６", "url": "https://www.iryou.teikyouseido.mhlw.go.jp/znk-web/juminkanja/S2430/initialize?prefCd=34&kikanCd=2340006340&kikanKbn=2", "url2": null }, "geometry": { "type": "Point", "coordinates": [ 132.568839, 34.32888 ] } },
{ "type": "Feature", "properties": { "内容": "宗盛医院【2:診療所】【診療科目:内科_放射線科】広島県安芸郡熊野町中溝４丁目１番８号", "url": "https://www.iryou.teikyouseido.mhlw.go.jp/znk-web/juminkanja/S2430/initialize?prefCd=34&kikanCd=2340007060&kikanKbn=2", "url2": null }, "geometry": { "type": "Point", "coordinates": [ 132.585282, 34.339907 ] } },
{ "type": "Feature", "properties": { "内容": "医療法人社団ひろし会　だて子どもクリニック【2:診療所】【診療科目:小児科】広島県広島市安芸区矢野東５－７－１３", "url": "https://www.iryou.teikyouseido.mhlw.go.jp/znk-web/juminkanja/S2430/initialize?prefCd=34&kikanCd=2340007480&kikanKbn=2", "url2": "https://www.pwait.jp" }, "geometry": { "type": "Point", "coordinates": [ 132.538498, 34.353408 ] } },
{ "type": "Feature", "properties": { "内容": "医療法人社団　向日葵会　角医院【2:診療所】【診療科目:内科_小児科】広島県呉市音戸町藤脇二丁目１９－３", "url": "https://www.iryou.teikyouseido.mhlw.go.jp/znk-web/juminkanja/S2430/initialize?prefCd=34&kikanCd=2340008940&kikanKbn=2", "url2": "http://kadoiin.jp" }, "geometry": { "type": "Point", "coordinates": [ 132.508233, 34.147371 ] } },
{ "type": "Feature", "properties": { "内容": "河野診療所【2:診療所】【診療科目:内科_小児科_泌尿器科】広島県呉市音戸町鰯浜２丁目３番３１号", "url": "https://www.iryou.teikyouseido.mhlw.go.jp/znk-web/juminkanja/S2430/initialize?prefCd=34&kikanCd=2340009370&kikanKbn=2", "url2": null }, "geometry": { "type": "Point", "coordinates": [ 132.534321, 34.194505 ] } },
{ "type": "Feature", "properties": { "内容": "佐川内科医院【2:診療所】【診療科目:内科】広島県大竹市玖波２－４－２", "url": "https://www.iryou.teikyouseido.mhlw.go.jp/znk-web/juminkanja/S2430/initialize?prefCd=34&kikanCd=2340012530&kikanKbn=2", "url2": "http://www.urban.ne.jp/home/hsagawa/hospital/framepage3.htm" }, "geometry": { "type": "Point", "coordinates": [ 132.228819, 34.254406 ] } },
{ "type": "Feature", "properties": { "内容": "医療法人社団　おだ整形外科クリニック【2:診療所】【診療科目:整形外科】広島県大竹市立戸４－１－１７", "url": "https://www.iryou.teikyouseido.mhlw.go.jp/znk-web/juminkanja/S2430/initialize?prefCd=34&kikanCd=2340013540&kikanKbn=2", "url2": null }, "geometry": { "type": "Point", "coordinates": [ 132.221923, 34.22432 ] } },
{ "type": "Feature", "properties": { "内容": "医療法人社団　親和会　大和橋医院【2:診療所】【診療科目:内科_循環器内科_消化器内科_外科_放射線科】広島県大竹市本町２丁目９番４号", "url": "https://www.iryou.teikyouseido.mhlw.go.jp/znk-web/juminkanja/S2430/initialize?prefCd=34&kikanCd=2340014390&kikanKbn=2", "url2": null }, "geometry": { "type": "Point", "coordinates": [ 132.216652, 34.207109 ] } },
{ "type": "Feature", "properties": { "内容": "あまき内科泌尿器科医院【2:診療所】【診療科目:内科_泌尿器科】広島県広島市佐伯区五日市中央２丁目１－１０", "url": "https://www.iryou.teikyouseido.mhlw.go.jp/znk-web/juminkanja/S2430/initialize?prefCd=34&kikanCd=2340014970&kikanKbn=2", "url2": "http://ikemoto.3zoku.com/" }, "geometry": { "type": "Point", "coordinates": [ 132.356327, 34.369733 ] } },
{ "type": "Feature", "properties": { "内容": "医療法人　加藤内科クリニック【2:診療所】【診療科目:内科】広島県広島市佐伯区五日市一丁目５番６１号", "url": "https://www.iryou.teikyouseido.mhlw.go.jp/znk-web/juminkanja/S2430/initialize?prefCd=34&kikanCd=2340015850&kikanKbn=2", "url2": null }, "geometry": { "type": "Point", "coordinates": [ 132.359327, 34.367178 ] } },
{ "type": "Feature", "properties": { "内容": "医療法人社団　つわぶき会　山下外科医院【2:診療所】【診療科目:内科_外科】広島県広島市佐伯区五日市中央５丁目１３－２５", "url": "https://www.iryou.teikyouseido.mhlw.go.jp/znk-web/juminkanja/S2430/initialize?prefCd=34&kikanCd=2340018330&kikanKbn=2", "url2": null }, "geometry": { "type": "Point", "coordinates": [ 132.352522, 34.374122 ] } },
{ "type": "Feature", "properties": { "内容": "医療法人社団　江川レディースクリニック【2:診療所】【診療科目:産婦人科】広島県廿日市市本町５－１８", "url": "https://www.iryou.teikyouseido.mhlw.go.jp/znk-web/juminkanja/S2430/initialize?prefCd=34&kikanCd=2340019050&kikanKbn=2", "url2": "https://www.egawa.or.jp/" }, "geometry": { "type": "Point", "coordinates": [ 132.334302, 34.351263 ] } },
{ "type": "Feature", "properties": { "内容": "勝谷医院【2:診療所】【診療科目:内科_呼吸器内科_胃腸内科_アレルギー疾患内科_アレルギー科】広島県廿日市市本町７－３９", "url": "https://www.iryou.teikyouseido.mhlw.go.jp/znk-web/juminkanja/S2430/initialize?prefCd=34&kikanCd=2340019340&kikanKbn=2", "url2": null }, "geometry": { "type": "Point", "coordinates": [ 132.335805, 34.351191 ] } },
{ "type": "Feature", "properties": { "内容": "勝谷・小笠原クリニック【2:診療所】【診療科目:内科_脳神経外科】広島県廿日市市地御前２－１０－２２", "url": "https://www.iryou.teikyouseido.mhlw.go.jp/znk-web/juminkanja/S2430/initialize?prefCd=34&kikanCd=2340019630&kikanKbn=2", "url2": null }, "geometry": { "type": "Point", "coordinates": [ 132.320082, 34.345846 ] } },
{ "type": "Feature", "properties": { "内容": "田辺医院【2:診療所】【診療科目:内科_呼吸器内科_循環器内科_消化器内科_アレルギー科】広島県廿日市市駅前１１番３号", "url": "https://www.iryou.teikyouseido.mhlw.go.jp/znk-web/juminkanja/S2430/initialize?prefCd=34&kikanCd=2340020030&kikanKbn=2", "url2": "http://nttbj.itp.ne.jp/0829321135/index.html" }, "geometry": { "type": "Point", "coordinates": [ 132.333471, 34.35586 ] } },
{ "type": "Feature", "properties": { "内容": "松浦内科医院【2:診療所】【診療科目:内科_循環器内科】広島県廿日市市新宮１丁目１３番２４号", "url": "https://www.iryou.teikyouseido.mhlw.go.jp/znk-web/juminkanja/S2430/initialize?prefCd=34&kikanCd=2340020870&kikanKbn=2", "url2": "http:/matsuuranaika,sakura.ne.jp/" }, "geometry": { "type": "Point", "coordinates": [ 132.331239, 34.35016 ] } },
{ "type": "Feature", "properties": { "内容": "永井医院【2:診療所】【診療科目:内科_腎臓内科_人工透析内科】広島県廿日市市大野中央３丁目２番３１号", "url": "https://www.iryou.teikyouseido.mhlw.go.jp/znk-web/juminkanja/S2430/initialize?prefCd=34&kikanCd=2340021750&kikanKbn=2", "url2": "http://nagai-iin.byoinnavi.jp/" }, "geometry": { "type": "Point", "coordinates": [ 132.271616, 34.289796 ] } },
{ "type": "Feature", "properties": { "内容": "永井内科胃腸科医院【2:診療所】【診療科目:内科_循環器内科_消化器内科】広島県廿日市市宮島口１丁目４番１号", "url": "https://www.iryou.teikyouseido.mhlw.go.jp/znk-web/juminkanja/S2430/initialize?prefCd=34&kikanCd=2340021880&kikanKbn=2", "url2": null }, "geometry": { "type": "Point", "coordinates": [ 132.302974, 34.310489 ] } },
{ "type": "Feature", "properties": { "内容": "水口医院【2:診療所】【診療科目:内科】広島県江田島市江田島町中央二丁目１－８", "url": "https://www.iryou.teikyouseido.mhlw.go.jp/znk-web/juminkanja/S2430/initialize?prefCd=34&kikanCd=2340024810&kikanKbn=2", "url2": null }, "geometry": { "type": "Point", "coordinates": [ 132.477193, 34.246628 ] } },
{ "type": "Feature", "properties": { "内容": "医療法人社団　長尾医院【2:診療所】【診療科目:内科_小児科】広島県江田島市沖美町三吉２７０７", "url": "https://www.iryou.teikyouseido.mhlw.go.jp/znk-web/juminkanja/S2430/initialize?prefCd=34&kikanCd=2340025950&kikanKbn=2", "url2": null }, "geometry": { "type": "Point", "coordinates": [ 132.403412, 34.258079 ] } },
{ "type": "Feature", "properties": { "内容": "医療法人　唐淵会　桑原医院【2:診療所】【診療科目:内科_小児科_小児科系その他】広島県広島市安佐南区八木２－１３－２７", "url": "https://www.iryou.teikyouseido.mhlw.go.jp/znk-web/juminkanja/S2430/initialize?prefCd=34&kikanCd=2340028140&kikanKbn=2", "url2": "http://www.pedi-kuwabaraclinic.jp/k/" }, "geometry": { "type": "Point", "coordinates": [ 132.493311, 34.480057 ] } },
{ "type": "Feature", "properties": { "内容": "末井内科【2:診療所】【診療科目:内科_呼吸器内科_循環器内科_消化器内科】広島県広島市安佐南区八木４－６－４", "url": "https://www.iryou.teikyouseido.mhlw.go.jp/znk-web/juminkanja/S2430/initialize?prefCd=34&kikanCd=2340028270&kikanKbn=2", "url2": null }, "geometry": { "type": "Point", "coordinates": [ 132.497121, 34.482967 ] } },
{ "type": "Feature", "properties": { "内容": "はしもとクリニック【2:診療所】【診療科目:内科_泌尿器科_リウマチ科】広島県広島市安佐北区深川５－２３－１", "url": "https://www.iryou.teikyouseido.mhlw.go.jp/znk-web/juminkanja/S2430/initialize?prefCd=34&kikanCd=2340029310&kikanKbn=2", "url2": "https://www.hashimotoclinic.org" }, "geometry": { "type": "Point", "coordinates": [ 132.53298, 34.481209 ] } },
{ "type": "Feature", "properties": { "内容": "落合整形外科内科【2:診療所】【診療科目:内科_整形外科_リハビリテーション科】広島県山県郡安芸太田町大字加計３４８８－１", "url": "https://www.iryou.teikyouseido.mhlw.go.jp/znk-web/juminkanja/S2430/initialize?prefCd=34&kikanCd=2340029730&kikanKbn=2", "url2": "https://rouken-hikobae.jp/ochiai.html" }, "geometry": { "type": "Point", "coordinates": [ 132.322791, 34.609124 ] } },
{ "type": "Feature", "properties": { "内容": "いのうえ内科【2:診療所】【診療科目:内科_循環器内科】広島県山県郡北広島町壬生１４４－１", "url": "https://www.iryou.teikyouseido.mhlw.go.jp/znk-web/juminkanja/S2430/initialize?prefCd=34&kikanCd=2340031140&kikanKbn=2", "url2": null }, "geometry": { "type": "Point", "coordinates": [ 132.549269, 34.67787 ] } },
{ "type": "Feature", "properties": { "内容": "立川医院【2:診療所】【診療科目:内科_整形外科】広島県山県郡北広島町有田１３３", "url": "https://www.iryou.teikyouseido.mhlw.go.jp/znk-web/juminkanja/S2430/initialize?prefCd=34&kikanCd=2340031720&kikanKbn=2", "url2": null }, "geometry": { "type": "Point", "coordinates": [ 132.530938, 34.680203 ] } },
{ "type": "Feature", "properties": { "内容": "中村耳鼻咽喉科医院【2:診療所】【診療科目:耳鼻いんこう科】広島県安芸高田市向原町坂１７０１", "url": "https://www.iryou.teikyouseido.mhlw.go.jp/znk-web/juminkanja/S2430/initialize?prefCd=34&kikanCd=2340035890&kikanKbn=2", "url2": "https://nakamura-jibika.jimdo.com/%E5%90%91%E5%8E%9F%E8%A8%BA%E7%99%82%E6%89%80/" }, "geometry": { "type": "Point", "coordinates": [ 132.731646, 34.610103 ] } },
{ "type": "Feature", "properties": { "内容": "清水医院【2:診療所】【診療科目:内科】広島県東広島市黒瀬町丸山１３２４", "url": "https://www.iryou.teikyouseido.mhlw.go.jp/znk-web/juminkanja/S2430/initialize?prefCd=34&kikanCd=2340039090&kikanKbn=2", "url2": "https://shimizuiin.amebaownd.com/" }, "geometry": { "type": "Point", "coordinates": [ 132.677108, 34.326105 ] } },
{ "type": "Feature", "properties": { "内容": "医療法人社団辰星会新開医院【2:診療所】【診療科目:内科_人工透析内科_小児科】広島県東広島市黒瀬町兼沢１０７４", "url": "https://www.iryou.teikyouseido.mhlw.go.jp/znk-web/juminkanja/S2430/initialize?prefCd=34&kikanCd=2340039120&kikanKbn=2", "url2": null }, "geometry": { "type": "Point", "coordinates": [ 132.650417, 34.318216 ] } },
{ "type": "Feature", "properties": { "内容": "佐々木医院【2:診療所】【診療科目:内科_呼吸器内科_循環器内科】広島県東広島市八本松町原６７６９", "url": "https://www.iryou.teikyouseido.mhlw.go.jp/znk-web/juminkanja/S2430/initialize?prefCd=34&kikanCd=2340039700&kikanKbn=2", "url2": "https://www.sasakihara.jp" }, "geometry": { "type": "Point", "coordinates": [ 132.696436, 34.418317 ] } },
{ "type": "Feature", "properties": { "内容": "三木医院【2:診療所】【診療科目:内科_小児科】広島県東広島市志和町別府１３２４", "url": "https://www.iryou.teikyouseido.mhlw.go.jp/znk-web/juminkanja/S2430/initialize?prefCd=34&kikanCd=2340040810&kikanKbn=2", "url2": null }, "geometry": { "type": "Point", "coordinates": [ 132.635191, 34.479814 ] } },
{ "type": "Feature", "properties": { "内容": "医療法人社団聴晴会　あまの耳鼻咽喉科医院【2:診療所】【診療科目:耳鼻いんこう科】広島県竹原市中央三丁目３－１", "url": "https://www.iryou.teikyouseido.mhlw.go.jp/znk-web/juminkanja/S2430/initialize?prefCd=34&kikanCd=2340044720&kikanKbn=2", "url2": null }, "geometry": { "type": "Point", "coordinates": [ 132.907172, 34.343051 ] } },
{ "type": "Feature", "properties": { "内容": "医療法人　かわの医院【2:診療所】【診療科目:内科_胃腸内科_外科_乳腺外科_肛門外科】広島県竹原市竹原町３５５４", "url": "https://www.iryou.teikyouseido.mhlw.go.jp/znk-web/juminkanja/S2430/initialize?prefCd=34&kikanCd=2340045440&kikanKbn=2", "url2": "http://www.kwnmed.com" }, "geometry": { "type": "Point", "coordinates": [ 132.907672, 34.346329 ] } },
{ "type": "Feature", "properties": { "内容": "神田医院【2:診療所】【診療科目:内科_小児科】広島県東広島市安芸津町風早", "url": "https://www.iryou.teikyouseido.mhlw.go.jp/znk-web/juminkanja/S2430/initialize?prefCd=34&kikanCd=2340047750&kikanKbn=2", "url2": null }, "geometry": { "type": "Point", "coordinates": [ 132.796, 34.317558 ] } },
{ "type": "Feature", "properties": { "内容": "呉市国民健康保険安浦診療所【2:診療所】【診療科目:内科_外科】広島県呉市安浦町安登西六丁目１－３９", "url": "https://www.iryou.teikyouseido.mhlw.go.jp/znk-web/juminkanja/S2430/initialize?prefCd=34&kikanCd=2340048630&kikanKbn=2", "url2": "http://www.city.kure.lg.jp" }, "geometry": { "type": "Point", "coordinates": [ 132.719803, 34.251558 ] } },
{ "type": "Feature", "properties": { "内容": "医療法人　藤田医院【2:診療所】【診療科目:内科】広島県呉市川尻町西２丁目１４番２５号", "url": "https://www.iryou.teikyouseido.mhlw.go.jp/znk-web/juminkanja/S2430/initialize?prefCd=34&kikanCd=2340048890&kikanKbn=2", "url2": null }, "geometry": { "type": "Point", "coordinates": [ 132.6925, 34.233504 ] } },
{ "type": "Feature", "properties": { "内容": "医療法人社団　渡辺クリニック【2:診療所】【診療科目:内科_小児科】広島県呉市川尻町西２丁目１１番１５号", "url": "https://www.iryou.teikyouseido.mhlw.go.jp/znk-web/juminkanja/S2430/initialize?prefCd=34&kikanCd=2340049190&kikanKbn=2", "url2": null }, "geometry": { "type": "Point", "coordinates": [ 132.693556, 34.234254 ] } },
{ "type": "Feature", "properties": { "内容": "医療法人　社団　升谷医院【2:診療所】【診療科目:内科_消化器内科_外科_肛門外科】広島県呉市豊浜町豊島３９５８番地", "url": "https://www.iryou.teikyouseido.mhlw.go.jp/znk-web/juminkanja/S2430/initialize?prefCd=34&kikanCd=2340049510&kikanKbn=2", "url2": "http://www.masutani-iin.com" }, "geometry": { "type": "Point", "coordinates": [ 132.797456, 34.174155 ] } },
{ "type": "Feature", "properties": { "内容": "医療法人　沖本クリニック【2:診療所】【診療科目:内科_呼吸器内科_循環器内科_外科_整形外科】広島県呉市豊町久比１８５番地の４", "url": "https://www.iryou.teikyouseido.mhlw.go.jp/znk-web/juminkanja/S2430/initialize?prefCd=34&kikanCd=2340049800&kikanKbn=2", "url2": null }, "geometry": { "type": "Point", "coordinates": [ 132.829269, 34.179512 ] } },
{ "type": "Feature", "properties": { "内容": "医療法人社団　田村医院【2:診療所】【診療科目:内科_消化器内科_胃腸内科_婦人科】広島県豊田郡大崎上島町明石２７００番地", "url": "https://www.iryou.teikyouseido.mhlw.go.jp/znk-web/juminkanja/S2430/initialize?prefCd=34&kikanCd=2340051340&kikanKbn=2", "url2": null }, "geometry": { "type": "Point", "coordinates": [ 132.878208, 34.207371 ] } },
{ "type": "Feature", "properties": { "内容": "川西医院【2:診療所】【診療科目:内科_小児科】広島県三原市西町１－２－６３", "url": "https://www.iryou.teikyouseido.mhlw.go.jp/znk-web/juminkanja/S2430/initialize?prefCd=34&kikanCd=2340053070&kikanKbn=2", "url2": "http://www.kawanishi-cl.com/" }, "geometry": { "type": "Point", "coordinates": [ 133.076266, 34.401826 ] } },
{ "type": "Feature", "properties": { "内容": "医療法人　阪田医院【2:診療所】【診療科目:内科_消化器内科_リハビリテーション科】広島県三原市幸崎町能地４－１０－５", "url": "https://www.iryou.teikyouseido.mhlw.go.jp/znk-web/juminkanja/S2430/initialize?prefCd=34&kikanCd=2340053780&kikanKbn=2", "url2": null }, "geometry": { "type": "Point", "coordinates": [ 133.034717, 34.335693 ] } },
{ "type": "Feature", "properties": { "内容": "板阪内科小児科医院【2:診療所】【診療科目:内科_小児科】広島県尾道市西久保町１２－２８", "url": "https://www.iryou.teikyouseido.mhlw.go.jp/znk-web/juminkanja/S2430/initialize?prefCd=34&kikanCd=2340059610&kikanKbn=2", "url2": null }, "geometry": { "type": "Point", "coordinates": [ 133.204588, 34.414299 ] } },
{ "type": "Feature", "properties": { "内容": "医療法人社団永楽会　おかはし内科医院【2:診療所】【診療科目:内科_呼吸器内科_循環器内科_消化器内科】広島県尾道市三軒家町１７－１２", "url": "https://www.iryou.teikyouseido.mhlw.go.jp/znk-web/juminkanja/S2430/initialize?prefCd=34&kikanCd=2340060560&kikanKbn=2", "url2": "https://www.okahashi-naika.com/" }, "geometry": { "type": "Point", "coordinates": [ 133.190444, 34.408097 ] } },
{ "type": "Feature", "properties": { "内容": "尾道造船株式会社診療所【2:診療所】【診療科目:内科】広島県尾道市山波町１００５番地", "url": "https://www.iryou.teikyouseido.mhlw.go.jp/znk-web/juminkanja/S2430/initialize?prefCd=34&kikanCd=2340061150&kikanKbn=2", "url2": null }, "geometry": { "type": "Point", "coordinates": [ 133.229336, 34.4128 ] } },
{ "type": "Feature", "properties": { "内容": "医療法人　ささき小児科医院【2:診療所】【診療科目:内科_小児科】広島県尾道市西御所町２－９", "url": "https://www.iryou.teikyouseido.mhlw.go.jp/znk-web/juminkanja/S2430/initialize?prefCd=34&kikanCd=2340061280&kikanKbn=2", "url2": "https://www.sasaki-shounika.jp/" }, "geometry": { "type": "Point", "coordinates": [ 133.190257, 34.403689 ] } },
{ "type": "Feature", "properties": { "内容": "医療法人社団杏愛会　高橋医院【2:診療所】【診療科目:内科_循環器内科】36", "url": "https://www.iryou.teikyouseido.mhlw.go.jp/znk-web/juminkanja/S2430/initialize?prefCd=34&kikanCd=2340063170&kikanKbn=2", "url2": "http://kyouaikai.byoinnavi.jp/" }, "geometry": { "type": "Point", "coordinates": [ 133.228502, 34.436436 ] } },
{ "type": "Feature", "properties": { "内容": "医療法人　西医院【2:診療所】【診療科目:内科_消化器内科_小児科】広島県尾道市手崎町７－１６", "url": "https://www.iryou.teikyouseido.mhlw.go.jp/znk-web/juminkanja/S2430/initialize?prefCd=34&kikanCd=2340064180&kikanKbn=2", "url2": null }, "geometry": { "type": "Point", "coordinates": [ 133.171786, 34.401161 ] } },
{ "type": "Feature", "properties": { "内容": "医療法人社団　花房眼科医院【2:診療所】【診療科目:眼科】広島県尾道市土堂２－４－２９", "url": "https://www.iryou.teikyouseido.mhlw.go.jp/znk-web/juminkanja/S2430/initialize?prefCd=34&kikanCd=2340064760&kikanKbn=2", "url2": null }, "geometry": { "type": "Point", "coordinates": [ 133.202672, 34.408938 ] } },
{ "type": "Feature", "properties": { "内容": "医療法人社団　平櫛内科医院【2:診療所】【診療科目:内科_消化器内科】広島県尾道市栗原東２－４－３２", "url": "https://www.iryou.teikyouseido.mhlw.go.jp/znk-web/juminkanja/S2430/initialize?prefCd=34&kikanCd=2340065190&kikanKbn=2", "url2": null }, "geometry": { "type": "Point", "coordinates": [ 133.188867, 34.413938 ] } },
{ "type": "Feature", "properties": { "内容": "医療法人　森本医院【2:診療所】【診療科目:内科_消化器内科_放射線科】広島県尾道市天満町１７－１５", "url": "https://www.iryou.teikyouseido.mhlw.go.jp/znk-web/juminkanja/S2430/initialize?prefCd=34&kikanCd=2340066780&kikanKbn=2", "url2": null }, "geometry": { "type": "Point", "coordinates": [ 133.190441, 34.406218 ] } },
{ "type": "Feature", "properties": { "内容": "山本医院【2:診療所】【診療科目:内科】広島県尾道市美ノ郷町白江５９７", "url": "https://www.iryou.teikyouseido.mhlw.go.jp/znk-web/juminkanja/S2430/initialize?prefCd=34&kikanCd=2340067080&kikanKbn=2", "url2": null }, "geometry": { "type": "Point", "coordinates": [ 133.186492, 34.457017 ] } },
{ "type": "Feature", "properties": { "内容": "医療法人社団奉佑会　本多医院【2:診療所】【診療科目:内科_外科】広島県尾道市御調町丸河南７２１－１", "url": "https://www.iryou.teikyouseido.mhlw.go.jp/znk-web/juminkanja/S2430/initialize?prefCd=34&kikanCd=2340067530&kikanKbn=2", "url2": null }, "geometry": { "type": "Point", "coordinates": [ 133.119925, 34.496622 ] } },
{ "type": "Feature", "properties": { "内容": "大田垣医院【2:診療所】【診療科目:内科】広島県尾道市向島町５４２－３５", "url": "https://www.iryou.teikyouseido.mhlw.go.jp/znk-web/juminkanja/S2430/initialize?prefCd=34&kikanCd=2340067950&kikanKbn=2", "url2": null }, "geometry": { "type": "Point", "coordinates": [ 133.206085, 34.39861 ] } },
{ "type": "Feature", "properties": { "内容": "山本医院【2:診療所】【診療科目:内科_循環器内科】広島県尾道市向島町１４７７５", "url": "https://www.iryou.teikyouseido.mhlw.go.jp/znk-web/juminkanja/S2430/initialize?prefCd=34&kikanCd=2340068670&kikanKbn=2", "url2": null }, "geometry": { "type": "Point", "coordinates": [ 133.181962, 34.372706 ] } },
{ "type": "Feature", "properties": { "内容": "医療法人社団　眞田クリニック【2:診療所】【診療科目:内科_循環器内科_整形外科_皮膚科_リウマチ科_リハビリテーション科】広島県尾道市因島土生町１８０９番３４号", "url": "https://www.iryou.teikyouseido.mhlw.go.jp/znk-web/juminkanja/S2430/initialize?prefCd=34&kikanCd=2340069390&kikanKbn=2", "url2": null }, "geometry": { "type": "Point", "coordinates": [ 133.176985, 34.286312 ] } },
{ "type": "Feature", "properties": { "内容": "医療法人社団　巻幡内科循環器科【2:診療所】【診療科目:内科_循環器内科_放射線科】広島県尾道市因島土生町３３１", "url": "https://www.iryou.teikyouseido.mhlw.go.jp/znk-web/juminkanja/S2430/initialize?prefCd=34&kikanCd=2340070240&kikanKbn=2", "url2": null }, "geometry": { "type": "Point", "coordinates": [ 133.174013, 34.294867 ] } },
{ "type": "Feature", "properties": { "内容": "医療法人社団青影会　三宅医院【2:診療所】【診療科目:内科_感染症内科】広島県尾道市因島土生町２０８６－３", "url": "https://www.iryou.teikyouseido.mhlw.go.jp/znk-web/juminkanja/S2430/initialize?prefCd=34&kikanCd=2340070820&kikanKbn=2", "url2": null }, "geometry": { "type": "Point", "coordinates": [ 133.179902, 34.283507 ] } },
{ "type": "Feature", "properties": { "内容": "赤木皮膚科泌尿器科【2:診療所】【診療科目:皮膚科_泌尿器科】広島県福山市明治町１２－１４", "url": "https://www.iryou.teikyouseido.mhlw.go.jp/znk-web/juminkanja/S2430/initialize?prefCd=34&kikanCd=2340074150&kikanKbn=2", "url2": null }, "geometry": { "type": "Point", "coordinates": [ 133.367516, 34.482322 ] } },
{ "type": "Feature", "properties": { "内容": "石井内科医院【2:診療所】【診療科目:内科】広島県福山市大黒町１番４３号", "url": "https://www.iryou.teikyouseido.mhlw.go.jp/znk-web/juminkanja/S2430/initialize?prefCd=34&kikanCd=2340075320&kikanKbn=2", "url2": null }, "geometry": { "type": "Point", "coordinates": [ 133.366988, 34.490599 ] } },
{ "type": "Feature", "properties": { "内容": "石藤クリニック【2:診療所】【診療科目:内科_消化器内科_神経内科_外科_脳神経外科_整形外科_放射線科】広島県福山市道三町１－１", "url": "https://www.iryou.teikyouseido.mhlw.go.jp/znk-web/juminkanja/S2430/initialize?prefCd=34&kikanCd=2340075740&kikanKbn=2", "url2": "https://www.ishido-clinic.net" }, "geometry": { "type": "Point", "coordinates": [ 133.364377, 34.482683 ] } },
{ "type": "Feature", "properties": { "内容": "おかだ（外科・内科）医院【2:診療所】【診療科目:内科_外科】広島県福山市赤坂町早戸１４７０", "url": "https://www.iryou.teikyouseido.mhlw.go.jp/znk-web/juminkanja/S2430/initialize?prefCd=34&kikanCd=2340077760&kikanKbn=2", "url2": null }, "geometry": { "type": "Point", "coordinates": [ 133.310744, 34.459602 ] } },
{ "type": "Feature", "properties": { "内容": "医療法人社団　雄知会　アクア心のクリニック【2:診療所】【診療科目:精神科_心療内科】広島県福山市引野町五丁目２１－３２", "url": "https://www.iryou.teikyouseido.mhlw.go.jp/znk-web/juminkanja/S2430/initialize?prefCd=34&kikanCd=2340079940&kikanKbn=2", "url2": "http://aqua-clinic.jp" }, "geometry": { "type": "Point", "coordinates": [ 133.402735, 34.491405 ] } },
{ "type": "Feature", "properties": { "内容": "医療法人社団敬明会佐藤胃腸科医院【2:診療所】【診療科目:内科_消化器内科_胃腸内科】広島県福山市西町１－４－１", "url": "https://www.iryou.teikyouseido.mhlw.go.jp/znk-web/juminkanja/S2430/initialize?prefCd=34&kikanCd=2340081190&kikanKbn=2", "url2": "https://satoichoka.com" }, "geometry": { "type": "Point", "coordinates": [ 133.357711, 34.487266 ] } },
{ "type": "Feature", "properties": { "内容": "医療法人社団　佐藤耳鼻咽喉科医院【2:診療所】【診療科目:耳鼻いんこう科_気管食道・耳鼻いんこう科_頭頸部・耳鼻いんこう科】広島県福山市御船町１丁目１１番１１号", "url": "https://www.iryou.teikyouseido.mhlw.go.jp/znk-web/juminkanja/S2430/initialize?prefCd=34&kikanCd=2340081510&kikanKbn=2", "url2": "satoent.jp" }, "geometry": { "type": "Point", "coordinates": [ 133.370738, 34.487739 ] } },
{ "type": "Feature", "properties": { "内容": "沼南医院【2:診療所】【診療科目:内科_循環器内科】広島県福山市鞆町後地１２９６番地２号", "url": "https://www.iryou.teikyouseido.mhlw.go.jp/znk-web/juminkanja/S2430/initialize?prefCd=34&kikanCd=2340082520&kikanKbn=2", "url2": "http://www.h2.dion.ne.jp/~j-jgroup/" }, "geometry": { "type": "Point", "coordinates": [ 133.381186, 34.384833 ] } },
{ "type": "Feature", "properties": { "内容": "医療法人社団　白河産婦人科【2:診療所】【診療科目:産婦人科】広島県福山市旭町８－３", "url": "https://www.iryou.teikyouseido.mhlw.go.jp/znk-web/juminkanja/S2430/initialize?prefCd=34&kikanCd=2340082650&kikanKbn=2", "url2": "https://shirakawa-clinic.jp/" }, "geometry": { "type": "Point", "coordinates": [ 133.374848, 34.490183 ] } },
{ "type": "Feature", "properties": { "内容": "進藤内科循環器科医院【2:診療所】【診療科目:内科_循環器内科】広島県福山市松永町４丁目１２－２６", "url": "https://www.iryou.teikyouseido.mhlw.go.jp/znk-web/juminkanja/S2430/initialize?prefCd=34&kikanCd=2340082810&kikanKbn=2", "url2": null }, "geometry": { "type": "Point", "coordinates": [ 133.259263, 34.449554 ] } },
{ "type": "Feature", "properties": { "内容": "瀬尾胃腸科内科医院【2:診療所】【診療科目:内科_胃腸内科】広島県福山市昭和町１－２６", "url": "https://www.iryou.teikyouseido.mhlw.go.jp/znk-web/juminkanja/S2430/initialize?prefCd=34&kikanCd=2340083110&kikanKbn=2", "url2": null }, "geometry": { "type": "Point", "coordinates": [ 133.366771, 34.485355 ] } },
{ "type": "Feature", "properties": { "内容": "まつはまクリニック【2:診療所】【診療科目:内科_外科_皮膚科】広島県福山市松浜町１－４－１３", "url": "https://www.iryou.teikyouseido.mhlw.go.jp/znk-web/juminkanja/S2430/initialize?prefCd=34&kikanCd=2340085840&kikanKbn=2", "url2": null }, "geometry": { "type": "Point", "coordinates": [ 133.373704, 34.484897 ] } },
{ "type": "Feature", "properties": { "内容": "医療法人社団　日野ホームクリニック【2:診療所】【診療科目:内科_消化器内科_肝臓内科_漢方内科_小児科】広島県福山市御門町３丁目３番１５号", "url": "https://www.iryou.teikyouseido.mhlw.go.jp/znk-web/juminkanja/S2430/initialize?prefCd=34&kikanCd=2340086560&kikanKbn=2", "url2": null }, "geometry": { "type": "Point", "coordinates": [ 133.370849, 34.478045 ] } },
{ "type": "Feature", "properties": { "内容": "やすだクリニック【2:診療所】【診療科目:胃腸内科_外科_肛門外科_整形外科_リウマチ科_リハビリテーション科】広島県福山市御門町２丁目５番２９号", "url": "https://www.iryou.teikyouseido.mhlw.go.jp/znk-web/juminkanja/S2430/initialize?prefCd=34&kikanCd=2340091610&kikanKbn=2", "url2": "http://www7.plala.or.jp/yasuda-c/" }, "geometry": { "type": "Point", "coordinates": [ 133.369905, 34.478878 ] } },
{ "type": "Feature", "properties": { "内容": "医療法人社団　柚木外科医院【2:診療所】【診療科目:胃腸内科_外科_肛門外科_整形外科_皮膚泌尿器科_リハビリテーション科】広島県福山市神辺町川北９５４－４", "url": "https://www.iryou.teikyouseido.mhlw.go.jp/znk-web/juminkanja/S2430/initialize?prefCd=34&kikanCd=2340094190&kikanKbn=2", "url2": "https://www.yunokigeka.com/" }, "geometry": { "type": "Point", "coordinates": [ 133.381068, 34.546066 ] } },
{ "type": "Feature", "properties": { "内容": "福山市民病院附属広瀬診療所【2:診療所】【診療科目:内科】広島県福山市加茂町北山２２２番地", "url": "https://www.iryou.teikyouseido.mhlw.go.jp/znk-web/juminkanja/S2430/initialize?prefCd=34&kikanCd=2340094480&kikanKbn=2", "url2": null }, "geometry": { "type": "Point", "coordinates": [ 133.343458, 34.609442 ] } },
{ "type": "Feature", "properties": { "内容": "木原医院【2:診療所】【診療科目:内科】広島県福山市加茂町上加茂４００－１", "url": "https://www.iryou.teikyouseido.mhlw.go.jp/znk-web/juminkanja/S2430/initialize?prefCd=34&kikanCd=2340094640&kikanKbn=2", "url2": null }, "geometry": { "type": "Point", "coordinates": [ 133.347986, 34.56748 ] } },
{ "type": "Feature", "properties": { "内容": "唐川医院【2:診療所】【診療科目:内科_小児科】広島県府中市中須町１３９２番地の２", "url": "https://www.iryou.teikyouseido.mhlw.go.jp/znk-web/juminkanja/S2430/initialize?prefCd=34&kikanCd=2340095810&kikanKbn=2", "url2": null }, "geometry": { "type": "Point", "coordinates": [ 133.25505, 34.55509 ] } },
{ "type": "Feature", "properties": { "内容": "医療法人　佐野内科医院【2:診療所】【診療科目:内科_胃腸内科_放射線科】広島県府中市鵜飼町６９９－１０", "url": "https://www.iryou.teikyouseido.mhlw.go.jp/znk-web/juminkanja/S2430/initialize?prefCd=34&kikanCd=2340096370&kikanKbn=2", "url2": "http://www.fuchu-ishikai.net/?clinic=52" }, "geometry": { "type": "Point", "coordinates": [ 133.250244, 34.565478 ] } },
{ "type": "Feature", "properties": { "内容": "中川整形外科医院【2:診療所】【診療科目:整形外科_形成外科_皮膚科_リウマチ科_リハビリテーション科】広島県府中市中須町７７番地", "url": "https://www.iryou.teikyouseido.mhlw.go.jp/znk-web/juminkanja/S2430/initialize?prefCd=34&kikanCd=2340097090&kikanKbn=2", "url2": null }, "geometry": { "type": "Point", "coordinates": [ 133.26716, 34.555674 ] } },
{ "type": "Feature", "properties": { "内容": "宮下内科医院【2:診療所】【診療科目:内科】広島県府中市元町４５４", "url": "https://www.iryou.teikyouseido.mhlw.go.jp/znk-web/juminkanja/S2430/initialize?prefCd=34&kikanCd=2340097830&kikanKbn=2", "url2": null }, "geometry": { "type": "Point", "coordinates": [ 133.238023, 34.573338 ] } },
{ "type": "Feature", "properties": { "内容": "三島医院【2:診療所】【診療科目:内科_リハビリテーション科】広島県福山市新市町宮内１８６－５", "url": "https://www.iryou.teikyouseido.mhlw.go.jp/znk-web/juminkanja/S2430/initialize?prefCd=34&kikanCd=2340100020&kikanKbn=2", "url2": "http://mishima-iin.com" }, "geometry": { "type": "Point", "coordinates": [ 133.274492, 34.5692 ] } },
{ "type": "Feature", "properties": { "内容": "医療法人社団　岡崎医院【2:診療所】【診療科目:内科_循環器内科_胃腸内科_外科_心臓血管外科_整形外科_リハビリテーション科】広島県三次市十日市中二丁目１４－３３", "url": "https://www.iryou.teikyouseido.mhlw.go.jp/znk-web/juminkanja/S2430/initialize?prefCd=34&kikanCd=2340103470&kikanKbn=2", "url2": "http://www.or-okazaki.jp/" }, "geometry": { "type": "Point", "coordinates": [ 132.849596, 34.805482 ] } },
{ "type": "Feature", "properties": { "内容": "野村内科医院【2:診療所】【診療科目:内科】広島県三次市十日市中二丁目１４－２３", "url": "https://www.iryou.teikyouseido.mhlw.go.jp/znk-web/juminkanja/S2430/initialize?prefCd=34&kikanCd=2340105230&kikanKbn=2", "url2": null }, "geometry": { "type": "Point", "coordinates": [ 132.849711, 34.806167 ] } },
{ "type": "Feature", "properties": { "内容": "医療法人源仁会　箕岡内科医院【2:診療所】【診療科目:内科_呼吸器内科_循環器内科_消化器内科_放射線科】広島県三次市三次町１９００－１", "url": "https://www.iryou.teikyouseido.mhlw.go.jp/znk-web/juminkanja/S2430/initialize?prefCd=34&kikanCd=2340105780&kikanKbn=2", "url2": null }, "geometry": { "type": "Point", "coordinates": [ 132.845572, 34.811056 ] } },
{ "type": "Feature", "properties": { "内容": "高場クリニック【2:診療所】【診療科目:内科_小児科】広島県三次市三良坂町三良坂８７７－５", "url": "https://www.iryou.teikyouseido.mhlw.go.jp/znk-web/juminkanja/S2430/initialize?prefCd=34&kikanCd=2340109010&kikanKbn=2", "url2": "http://takabacl2015.byoinnavi.jp/pc/" }, "geometry": { "type": "Point", "coordinates": [ 132.960759, 34.765202 ] } },
{ "type": "Feature", "properties": { "内容": "笠間医院【2:診療所】【診療科目:内科】広島県庄原市西本町一丁目２２－３４", "url": "https://www.iryou.teikyouseido.mhlw.go.jp/znk-web/juminkanja/S2430/initialize?prefCd=34&kikanCd=2340109560&kikanKbn=2", "url2": null }, "geometry": { "type": "Point", "coordinates": [ 133.01475, 34.854249 ] } },
{ "type": "Feature", "properties": { "内容": "医療法人和平会　折口医院【2:診療所】【診療科目:内科_呼吸器内科_緩和ケア内科】広島県広島市中区吉島東１－４－１６", "url": "https://www.iryou.teikyouseido.mhlw.go.jp/znk-web/juminkanja/S2430/initialize?prefCd=34&kikanCd=2340116470&kikanKbn=2", "url2": "https://wahei.or.jp/" }, "geometry": { "type": "Point", "coordinates": [ 132.449569, 34.376512 ] } },
{ "type": "Feature", "properties": { "内容": "医療法人社団　豊島医院【2:診療所】【診療科目:内科_胃腸内科_小児科】広島県広島市東区矢賀１－６－２６", "url": "https://www.iryou.teikyouseido.mhlw.go.jp/znk-web/juminkanja/S2430/initialize?prefCd=34&kikanCd=2340124680&kikanKbn=2", "url2": null }, "geometry": { "type": "Point", "coordinates": [ 132.493204, 34.394594 ] } },
{ "type": "Feature", "properties": { "内容": "医療法人　西村内科医院【2:診療所】【診療科目:内科_呼吸器内科_消化器内科】広島県広島市中区富士見町２番２１号", "url": "https://www.iryou.teikyouseido.mhlw.go.jp/znk-web/juminkanja/S2430/initialize?prefCd=34&kikanCd=2340126310&kikanKbn=2", "url2": null }, "geometry": { "type": "Point", "coordinates": [ 132.462679, 34.387483 ] } },
{ "type": "Feature", "properties": { "内容": "医療法人社団　藤村医院【2:診療所】【診療科目:内科_血液内科_循環器内科】広島県広島市南区大州２丁目１５－１１", "url": "https://www.iryou.teikyouseido.mhlw.go.jp/znk-web/juminkanja/S2430/initialize?prefCd=34&kikanCd=2340130580&kikanKbn=2", "url2": null }, "geometry": { "type": "Point", "coordinates": [ 132.488298, 34.389222 ] } },
{ "type": "Feature", "properties": { "内容": "石橋内科医院【2:診療所】【診療科目:内科】広島県広島市西区井口鈴が台１－４－６", "url": "https://www.iryou.teikyouseido.mhlw.go.jp/znk-web/juminkanja/S2430/initialize?prefCd=34&kikanCd=2340135820&kikanKbn=2", "url2": null }, "geometry": { "type": "Point", "coordinates": [ 132.382878, 34.373669 ] } },
{ "type": "Feature", "properties": { "内容": "医療法人社団　杏林会　いとうクリニック【2:診療所】【診療科目:内科_循環器内科_消化器内科_内視鏡内科_外科_リハビリテーション科】広島県広島市西区庚午南１－３５－１３", "url": "https://www.iryou.teikyouseido.mhlw.go.jp/znk-web/juminkanja/S2430/initialize?prefCd=34&kikanCd=2340136120&kikanKbn=2", "url2": "http://itohclinic1998.jp/" }, "geometry": { "type": "Point", "coordinates": [ 132.410904, 34.381281 ] } },
{ "type": "Feature", "properties": { "内容": "医療法人社団　鈴峰今中医院【2:診療所】【診療科目:内科_呼吸器内科_循環器内科_胃腸内科_小児科_産婦人科_産科_婦人科】広島県広島市西区井口４－２－３１", "url": "https://www.iryou.teikyouseido.mhlw.go.jp/znk-web/juminkanja/S2430/initialize?prefCd=34&kikanCd=2340137000&kikanKbn=2", "url2": "https://www.suzugamine.org" }, "geometry": { "type": "Point", "coordinates": [ 132.374187, 34.369067 ] } },
{ "type": "Feature", "properties": { "内容": "医療法人　岡田眼科医院【2:診療所】【診療科目:眼科】広島県広島市中区江波二本松１丁目１５番３号", "url": "https://www.iryou.teikyouseido.mhlw.go.jp/znk-web/juminkanja/S2430/initialize?prefCd=34&kikanCd=2340139020&kikanKbn=2", "url2": "http://www.okada-ganka.jp" }, "geometry": { "type": "Point", "coordinates": [ 132.432349, 34.368124 ] } },
{ "type": "Feature", "properties": { "内容": "医療法人社団　梶谷整形外科【2:診療所】【診療科目:外科_整形外科_リウマチ科_リハビリテーション科】広島県広島市中区舟入南４－１４－１０", "url": "https://www.iryou.teikyouseido.mhlw.go.jp/znk-web/juminkanja/S2430/initialize?prefCd=34&kikanCd=2340141140&kikanKbn=2", "url2": null }, "geometry": { "type": "Point", "coordinates": [ 132.438274, 34.37632 ] } },
{ "type": "Feature", "properties": { "内容": "川瀬内科循環器科【2:診療所】【診療科目:内科_循環器内科】広島県広島市西区南観音２丁目５番１４号", "url": "https://www.iryou.teikyouseido.mhlw.go.jp/znk-web/juminkanja/S2430/initialize?prefCd=34&kikanCd=2340141850&kikanKbn=2", "url2": null }, "geometry": { "type": "Point", "coordinates": [ 132.432293, 34.383372 ] } },
{ "type": "Feature", "properties": { "内容": "医療法人社団芸朋会　川本内科呼吸器内科クリニック【2:診療所】【診療科目:内科_呼吸器内科_循環器内科_消化器内科_アレルギー科】広島県広島市西区東観音町５－６", "url": "https://www.iryou.teikyouseido.mhlw.go.jp/znk-web/juminkanja/S2430/initialize?prefCd=34&kikanCd=2340142280&kikanKbn=2", "url2": "http://www.kawamoto-clinic.net/" }, "geometry": { "type": "Point", "coordinates": [ 132.43992, 34.392017 ] } },
{ "type": "Feature", "properties": { "内容": "医療法人　吉川医院【2:診療所】【診療科目:内科_循環器内科_消化器内科_胃腸内科_肝臓内科】広島県広島市安佐北区大林１丁目２１番３４号", "url": "https://www.iryou.teikyouseido.mhlw.go.jp/znk-web/juminkanja/S2430/initialize?prefCd=34&kikanCd=2340142860&kikanKbn=2", "url2": null }, "geometry": { "type": "Point", "coordinates": [ 132.53586, 34.547606 ] } },
{ "type": "Feature", "properties": { "内容": "窪医院【2:診療所】【診療科目:内科_リハビリテーション科】広島県広島市安佐北区亀山南５丁目７番２４号", "url": "https://www.iryou.teikyouseido.mhlw.go.jp/znk-web/juminkanja/S2430/initialize?prefCd=34&kikanCd=2340143160&kikanKbn=2", "url2": null }, "geometry": { "type": "Point", "coordinates": [ 132.491726, 34.524302 ] } },
{ "type": "Feature", "properties": { "内容": "医療法人社団　河野医院【2:診療所】【診療科目:内科_循環器内科】広島県広島市安佐北区三入６－２１－１６", "url": "https://www.iryou.teikyouseido.mhlw.go.jp/znk-web/juminkanja/S2430/initialize?prefCd=34&kikanCd=2340144170&kikanKbn=2", "url2": "https://www.konoiin.com/" }, "geometry": { "type": "Point", "coordinates": [ 132.531131, 34.544331 ] } },
{ "type": "Feature", "properties": { "内容": "医療法人近藤内科クリニック【2:診療所】【診療科目:内科_呼吸器内科】広島県広島市安佐南区山本一丁目１９－３６", "url": "https://www.iryou.teikyouseido.mhlw.go.jp/znk-web/juminkanja/S2430/initialize?prefCd=34&kikanCd=2340144880&kikanKbn=2", "url2": "http://kondoclinic.org/" }, "geometry": { "type": "Point", "coordinates": [ 132.453087, 34.435882 ] } },
{ "type": "Feature", "properties": { "内容": "酒井内科医院【2:診療所】【診療科目:内科_麻酔科】広島県広島市中区十日市町２丁目４番６号", "url": "https://www.iryou.teikyouseido.mhlw.go.jp/znk-web/juminkanja/S2430/initialize?prefCd=34&kikanCd=2340145180&kikanKbn=2", "url2": null }, "geometry": { "type": "Point", "coordinates": [ 132.449874, 34.399371 ] } },
{ "type": "Feature", "properties": { "内容": "中国新聞健康保険組合診療所【2:診療所】【診療科目:内科】広島県広島市中区土橋町７－１", "url": "https://www.iryou.teikyouseido.mhlw.go.jp/znk-web/juminkanja/S2430/initialize?prefCd=34&kikanCd=2340149410&kikanKbn=2", "url2": null }, "geometry": { "type": "Point", "coordinates": [ 132.448763, 34.39251 ] } },
{ "type": "Feature", "properties": { "内容": "医療法人　津田耳鼻咽喉科医院【2:診療所】【診療科目:耳鼻いんこう科_頭頸部・耳鼻いんこう科_耳鼻咽喉科アレルギー】広島県広島市中区舟入本町１２番７号", "url": "https://www.iryou.teikyouseido.mhlw.go.jp/znk-web/juminkanja/S2430/initialize?prefCd=34&kikanCd=2340149830&kikanKbn=2", "url2": null }, "geometry": { "type": "Point", "coordinates": [ 132.442097, 34.3854 ] } },
{ "type": "Feature", "properties": { "内容": "医療法人社団　土居会　土井クリニック【2:診療所】【診療科目:内科_消化器内科_外科_肛門外科_整形外科_小児科】広島県広島市安佐北区可部２丁目４０番２２号", "url": "https://www.iryou.teikyouseido.mhlw.go.jp/znk-web/juminkanja/S2430/initialize?prefCd=34&kikanCd=2340150490&kikanKbn=2", "url2": "https://doi-clinic-hiroshima.com/" }, "geometry": { "type": "Point", "coordinates": [ 132.511436, 34.511057 ] } },
{ "type": "Feature", "properties": { "内容": "中村内科小児科医院【2:診療所】【診療科目:内科_小児科】広島県広島市中区舟入南３－１３－７", "url": "https://www.iryou.teikyouseido.mhlw.go.jp/znk-web/juminkanja/S2430/initialize?prefCd=34&kikanCd=2340152090&kikanKbn=2", "url2": null }, "geometry": { "type": "Point", "coordinates": [ 132.437195, 34.375859 ] } },
{ "type": "Feature", "properties": { "内容": "医療法人　林クリニック【2:診療所】【診療科目:内科_消化器内科_外科_肛門外科】広島県広島市中区舟入南１－１０－１３", "url": "https://www.iryou.teikyouseido.mhlw.go.jp/znk-web/juminkanja/S2430/initialize?prefCd=34&kikanCd=2340153130&kikanKbn=2", "url2": "https://www.hayashi-funairi.com" }, "geometry": { "type": "Point", "coordinates": [ 132.438654, 34.37815 ] } },
{ "type": "Feature", "properties": { "内容": "藤浪医院【2:診療所】【診療科目:内科_感染症内科_糖尿病内科_呼吸器内科_消化器内科_胃腸内科_漢方内科_内視鏡内科_アレルギー疾患内科_アレルギー科】広島県広島市西区草津南２－６－７", "url": "https://www.iryou.teikyouseido.mhlw.go.jp/znk-web/juminkanja/S2430/initialize?prefCd=34&kikanCd=2340155440&kikanKbn=2", "url2": "http://fujinami-iin.com/" }, "geometry": { "type": "Point", "coordinates": [ 132.400823, 34.378066 ] } },
{ "type": "Feature", "properties": { "内容": "藤村内科循環器科医院【2:診療所】【診療科目:内科_循環器内科_消化器内科】広島県広島市中区河原町１２－２１", "url": "https://www.iryou.teikyouseido.mhlw.go.jp/znk-web/juminkanja/S2430/initialize?prefCd=34&kikanCd=2340155600&kikanKbn=2", "url2": null }, "geometry": { "type": "Point", "coordinates": [ 132.446052, 34.388641 ] } },
{ "type": "Feature", "properties": { "内容": "堀江医院【2:診療所】【診療科目:内科_小児科_アレルギー科】広島県広島市安佐南区祇園２丁目２２番２８号", "url": "https://www.iryou.teikyouseido.mhlw.go.jp/znk-web/juminkanja/S2430/initialize?prefCd=34&kikanCd=2340156450&kikanKbn=2", "url2": null }, "geometry": { "type": "Point", "coordinates": [ 132.465843, 34.442644 ] } },
{ "type": "Feature", "properties": { "内容": "松原医院【2:診療所】【診療科目:内科_消化器内科】広島県広島市安佐北区三入３－１６－２２", "url": "https://www.iryou.teikyouseido.mhlw.go.jp/znk-web/juminkanja/S2430/initialize?prefCd=34&kikanCd=2340157170&kikanKbn=2", "url2": null }, "geometry": { "type": "Point", "coordinates": [ 132.524667, 34.53819 ] } },
{ "type": "Feature", "properties": { "内容": "宮脇耳鼻咽喉科医院【2:診療所】【診療科目:耳鼻いんこう科】広島県広島市西区横川町３丁目１０番１９号", "url": "https://www.iryou.teikyouseido.mhlw.go.jp/znk-web/juminkanja/S2430/initialize?prefCd=34&kikanCd=2340157880&kikanKbn=2", "url2": null }, "geometry": { "type": "Point", "coordinates": [ 132.451429, 34.40912 ] } },
{ "type": "Feature", "properties": { "内容": "医療法人社団　さくら会　山崎内科クリニック【2:診療所】【診療科目:内科_呼吸器内科_循環器内科_胃腸内科_小児科_放射線科】広島県広島市西区三篠町２丁目４番２８号", "url": "https://www.iryou.teikyouseido.mhlw.go.jp/znk-web/juminkanja/S2430/initialize?prefCd=34&kikanCd=2340158890&kikanKbn=2", "url2": null }, "geometry": { "type": "Point", "coordinates": [ 132.454317, 34.414008 ] } },
{ "type": "Feature", "properties": { "内容": "医療法人　てっせん会　あきもと皮膚科リハビリ整形外科【2:診療所】【診療科目:整形外科_皮膚科_リハビリテーション科】広島県広島市南区的場町一丁目７番２１号", "url": "https://www.iryou.teikyouseido.mhlw.go.jp/znk-web/juminkanja/S2430/initialize?prefCd=34&kikanCd=2340160590&kikanKbn=2", "url2": "https://www.akimoto-medical.com/" }, "geometry": { "type": "Point", "coordinates": [ 132.474567, 34.3929 ] } },
{ "type": "Feature", "properties": { "内容": "医療法人　石田耳鼻咽喉科医院【2:診療所】【診療科目:頭頸部外科_耳鼻いんこう科】広島県広島市南区旭２－４－２８", "url": "https://www.iryou.teikyouseido.mhlw.go.jp/znk-web/juminkanja/S2430/initialize?prefCd=34&kikanCd=2340161210&kikanKbn=2", "url2": null }, "geometry": { "type": "Point", "coordinates": [ 132.477129, 34.375074 ] } },
{ "type": "Feature", "properties": { "内容": "医療法人社団　江島医院【2:診療所】【診療科目:内科_呼吸器内科_アレルギー疾患内科_小児科】広島県広島市南区宇品御幸２丁目５番７号", "url": "https://www.iryou.teikyouseido.mhlw.go.jp/znk-web/juminkanja/S2430/initialize?prefCd=34&kikanCd=2340162800&kikanKbn=2", "url2": "http://www.ejima-clinic.jp/" }, "geometry": { "type": "Point", "coordinates": [ 132.462485, 34.366458 ] } },
{ "type": "Feature", "properties": { "内容": "さかたに小児科【2:診療所】【診療科目:内科_小児科】広島県広島市南区宇品神田５丁目２６番１７号", "url": "https://www.iryou.teikyouseido.mhlw.go.jp/znk-web/juminkanja/S2430/initialize?prefCd=34&kikanCd=2340166420&kikanKbn=2", "url2": "http://tatuiti/coocan.jp/" }, "geometry": { "type": "Point", "coordinates": [ 132.463819, 34.357181 ] } },
{ "type": "Feature", "properties": { "内容": "佐々木外科整形外科医院【2:診療所】【診療科目:整形外科_リハビリテーション科】広島県広島市南区的場町２丁目３－９", "url": "https://www.iryou.teikyouseido.mhlw.go.jp/znk-web/juminkanja/S2430/initialize?prefCd=34&kikanCd=2340166550&kikanKbn=2", "url2": "http://www.ortho-sasaki1962.jp" }, "geometry": { "type": "Point", "coordinates": [ 132.474261, 34.392011 ] } },
{ "type": "Feature", "properties": { "内容": "医療法人社団　しまもと医院【2:診療所】【診療科目:内科_消化器内科_内視鏡内科】広島県広島市南区宇品東７丁目２番２６号", "url": "https://www.iryou.teikyouseido.mhlw.go.jp/znk-web/juminkanja/S2430/initialize?prefCd=34&kikanCd=2340167270&kikanKbn=2", "url2": "https://www.shimamoto.cl.com/" }, "geometry": { "type": "Point", "coordinates": [ 132.468016, 34.360201 ] } },
{ "type": "Feature", "properties": { "内容": "瀬戸産婦人科医院【2:診療所】【診療科目:産婦人科】広島県広島市南区東本浦町２２番５号", "url": "https://www.iryou.teikyouseido.mhlw.go.jp/znk-web/juminkanja/S2430/initialize?prefCd=34&kikanCd=2340167720&kikanKbn=2", "url2": null }, "geometry": { "type": "Point", "coordinates": [ 132.492205, 34.374818 ] } },
{ "type": "Feature", "properties": { "内容": "医療法人社団　そごう会　十河クリニック【2:診療所】【診療科目:内科_精神科_心療内科】広島県広島市南区的場町１丁目７番２０号", "url": "https://www.iryou.teikyouseido.mhlw.go.jp/znk-web/juminkanja/S2430/initialize?prefCd=34&kikanCd=2340167980&kikanKbn=2", "url2": "https://www.sogo-clinic.jp/" }, "geometry": { "type": "Point", "coordinates": [ 132.474469, 34.392737 ] } },
{ "type": "Feature", "properties": { "内容": "医療法人社団　宏精クリニック【2:診療所】【診療科目:内科_呼吸器内科_小児科】広島県広島市南区宇品御幸三丁目１－１１", "url": "https://www.iryou.teikyouseido.mhlw.go.jp/znk-web/juminkanja/S2430/initialize?prefCd=34&kikanCd=2340169030&kikanKbn=2", "url2": null }, "geometry": { "type": "Point", "coordinates": [ 132.463958, 34.363375 ] } },
{ "type": "Feature", "properties": { "内容": "田村医院【2:診療所】【診療科目:内科_胃腸内科_外科_肛門外科_リハビリテーション科_放射線科】広島県広島市南区宇品海岸２－１２－２５", "url": "https://www.iryou.teikyouseido.mhlw.go.jp/znk-web/juminkanja/S2430/initialize?prefCd=34&kikanCd=2340169320&kikanKbn=2", "url2": "http://www.menet.gr.jp/member/tamura.htm" }, "geometry": { "type": "Point", "coordinates": [ 132.462443, 34.354646 ] } },
{ "type": "Feature", "properties": { "内容": "医療法人　野島内科医院【2:診療所】【診療科目:内科_糖尿病内科_内分泌内科_脂質代謝内科_呼吸器内科_循環器内科_消化器内科】広島県広島市南区東雲本町１丁目１２番３号", "url": "https://www.iryou.teikyouseido.mhlw.go.jp/znk-web/juminkanja/S2430/initialize?prefCd=34&kikanCd=2340172030&kikanKbn=2", "url2": "http://nojima-naika.com" }, "geometry": { "type": "Point", "coordinates": [ 132.485455, 34.381484 ] } },
{ "type": "Feature", "properties": { "内容": "医療法人社団　タイエツカイ　半田耳鼻咽喉科医院【2:診療所】【診療科目:耳鼻いんこう科】広島県広島市南区出汐１丁目１２番１号", "url": "https://www.iryou.teikyouseido.mhlw.go.jp/znk-web/juminkanja/S2430/initialize?prefCd=34&kikanCd=2340172870&kikanKbn=2", "url2": null }, "geometry": { "type": "Point", "coordinates": [ 132.476567, 34.378873 ] } },
{ "type": "Feature", "properties": { "内容": "医療法人社団あやめ会【2:診療所】【診療科目:整形外科_リハビリテーション科】広島県広島市南区宇品西４丁目４番８号", "url": "https://www.iryou.teikyouseido.mhlw.go.jp/znk-web/juminkanja/S2430/initialize?prefCd=34&kikanCd=2340173460&kikanKbn=2", "url2": "http://www.fukuhara.or.jp" }, "geometry": { "type": "Point", "coordinates": [ 132.459847, 34.356125 ] } },
{ "type": "Feature", "properties": { "内容": "神垣医院【2:診療所】【診療科目:内科_小児科】広島県呉市広横路２－１４－３２", "url": "https://www.iryou.teikyouseido.mhlw.go.jp/znk-web/juminkanja/S2430/initialize?prefCd=34&kikanCd=2340177370&kikanKbn=2", "url2": null }, "geometry": { "type": "Point", "coordinates": [ 132.610312, 34.242751 ] } },
{ "type": "Feature", "properties": { "内容": "さいとう内科【2:診療所】【診療科目:内科_消化器内科_神経内科】広島県呉市広大新開１丁目４番３号", "url": "https://www.iryou.teikyouseido.mhlw.go.jp/znk-web/juminkanja/S2430/initialize?prefCd=34&kikanCd=2340178090&kikanKbn=2", "url2": null }, "geometry": { "type": "Point", "coordinates": [ 132.623395, 34.232142 ] } },
{ "type": "Feature", "properties": { "内容": "杉　医院【2:診療所】【診療科目:内科_消化器内科_神経内科_外科_乳腺外科_整形外科_小児科】広島県呉市広本町３－１６－９", "url": "https://www.iryou.teikyouseido.mhlw.go.jp/znk-web/juminkanja/S2430/initialize?prefCd=34&kikanCd=2340178380&kikanKbn=2", "url2": "https://www.sugi-iin.jp/home" }, "geometry": { "type": "Point", "coordinates": [ 132.622483, 34.237415 ] } },
{ "type": "Feature", "properties": { "内容": "玉木産婦人科医院【2:診療所】【診療科目:内科_産婦人科】広島県呉市広本町３－２２－２６", "url": "https://www.iryou.teikyouseido.mhlw.go.jp/znk-web/juminkanja/S2430/initialize?prefCd=34&kikanCd=2340178960&kikanKbn=2", "url2": null }, "geometry": { "type": "Point", "coordinates": [ 132.624672, 34.23778 ] } },
{ "type": "Feature", "properties": { "内容": "二井谷内科【2:診療所】【診療科目:内科_呼吸器内科_循環器内科_消化器内科】広島県呉市広駅前２丁目１番５１号", "url": "https://www.iryou.teikyouseido.mhlw.go.jp/znk-web/juminkanja/S2430/initialize?prefCd=34&kikanCd=2340179130&kikanKbn=2", "url2": null }, "geometry": { "type": "Point", "coordinates": [ 132.629422, 34.229309 ] } },
{ "type": "Feature", "properties": { "内容": "医療法人社団　福岡医院【2:診療所】【診療科目:内科_循環器内科】広島県呉市広古新開７－２１－１４", "url": "https://www.iryou.teikyouseido.mhlw.go.jp/znk-web/juminkanja/S2430/initialize?prefCd=34&kikanCd=2340179710&kikanKbn=2", "url2": null }, "geometry": { "type": "Point", "coordinates": [ 132.622478, 34.240224 ] } },
{ "type": "Feature", "properties": { "内容": "医療法人社団　小林医院【2:診療所】【診療科目:内科_消化器内科】広島県呉市阿賀中央８－５－９", "url": "https://www.iryou.teikyouseido.mhlw.go.jp/znk-web/juminkanja/S2430/initialize?prefCd=34&kikanCd=2340181090&kikanKbn=2", "url2": null }, "geometry": { "type": "Point", "coordinates": [ 132.596536, 34.237585 ] } },
{ "type": "Feature", "properties": { "内容": "岡田医院【2:診療所】【診療科目:内科_呼吸器内科_循環器内科_皮膚科_リハビリテーション科】広島県呉市宮原１２―１２―２８", "url": "https://www.iryou.teikyouseido.mhlw.go.jp/znk-web/juminkanja/S2430/initialize?prefCd=34&kikanCd=2340183300&kikanKbn=2", "url2": null }, "geometry": { "type": "Point", "coordinates": [ 132.555981, 34.224049 ] } },
{ "type": "Feature", "properties": { "内容": "大原内科循環器科【2:診療所】【診療科目:内科_糖尿病内科_循環器内科】広島県呉市本通２―６―７", "url": "https://www.iryou.teikyouseido.mhlw.go.jp/znk-web/juminkanja/S2430/initialize?prefCd=34&kikanCd=2340183850&kikanKbn=2", "url2": null }, "geometry": { "type": "Point", "coordinates": [ 132.565205, 34.24325 ] } },
{ "type": "Feature", "properties": { "内容": "医療法人社団　片岡皮膚科【2:診療所】【診療科目:皮膚科_アレルギー科_リウマチ科】広島県呉市本通４－６－５", "url": "https://www.iryou.teikyouseido.mhlw.go.jp/znk-web/juminkanja/S2430/initialize?prefCd=34&kikanCd=2340184570&kikanKbn=2", "url2": null }, "geometry": { "type": "Point", "coordinates": [ 132.569337, 34.248268 ] } },
{ "type": "Feature", "properties": { "内容": "コムラ医院【2:診療所】【診療科目:内科_外科_整形外科_皮膚科_リハビリテーション科_放射線科】広島県呉市本通２―７―１", "url": "https://www.iryou.teikyouseido.mhlw.go.jp/znk-web/juminkanja/S2430/initialize?prefCd=34&kikanCd=2340187630&kikanKbn=2", "url2": null }, "geometry": { "type": "Point", "coordinates": [ 132.565271, 34.242575 ] } },
{ "type": "Feature", "properties": { "内容": "竹広医院【2:診療所】【診療科目:内科_小児科】広島県呉市両城１－３－１９", "url": "https://www.iryou.teikyouseido.mhlw.go.jp/znk-web/juminkanja/S2430/initialize?prefCd=34&kikanCd=2340189810&kikanKbn=2", "url2": null }, "geometry": { "type": "Point", "coordinates": [ 132.550345, 34.246694 ] } },
{ "type": "Feature", "properties": { "内容": "医療法人社団　仁和堂　仁和堂医院【2:診療所】【診療科目:皮膚科_アレルギー科】広島県呉市本通６丁目２－１８", "url": "https://www.iryou.teikyouseido.mhlw.go.jp/znk-web/juminkanja/S2430/initialize?prefCd=34&kikanCd=2340192100&kikanKbn=2", "url2": "http://www.ninnadou.com/" }, "geometry": { "type": "Point", "coordinates": [ 132.572482, 34.250111 ] } },
{ "type": "Feature", "properties": { "内容": "梶川医院【2:診療所】【診療科目:内科】広島県江田島市沖美町岡大王４４１", "url": "https://www.iryou.teikyouseido.mhlw.go.jp/znk-web/juminkanja/S2430/initialize?prefCd=34&kikanCd=2340198740&kikanKbn=2", "url2": null }, "geometry": { "type": "Point", "coordinates": [ 132.410944, 34.205609 ] } },
{ "type": "Feature", "properties": { "内容": "医療法人　守屋医院【2:診療所】【診療科目:皮膚科_アレルギー科】広島県呉市広駅前１－２－２４", "url": "https://www.iryou.teikyouseido.mhlw.go.jp/znk-web/juminkanja/S2430/initialize?prefCd=34&kikanCd=2340198870&kikanKbn=2", "url2": null }, "geometry": { "type": "Point", "coordinates": [ 132.626445, 34.23041 ] } },
{ "type": "Feature", "properties": { "内容": "医療法人社団幸明会　松本内科循環器科医院【2:診療所】【診療科目:内科_循環器内科】広島県広島市中区光南１－１６－２３", "url": "https://www.iryou.teikyouseido.mhlw.go.jp/znk-web/juminkanja/S2430/initialize?prefCd=34&kikanCd=2340199330&kikanKbn=2", "url2": null }, "geometry": { "type": "Point", "coordinates": [ 132.446265, 34.367457 ] } },
{ "type": "Feature", "properties": { "内容": "医療法人社団　たつき会　菅田医院【2:診療所】【診療科目:内科_外科_整形外科_皮膚科_リハビリテーション科_放射線科】広島県呉市川尻町東一丁目２１－１", "url": "https://www.iryou.teikyouseido.mhlw.go.jp/znk-web/juminkanja/S2430/initialize?prefCd=34&kikanCd=2340201220&kikanKbn=2", "url2": null }, "geometry": { "type": "Point", "coordinates": [ 132.698472, 34.236726 ] } },
{ "type": "Feature", "properties": { "内容": "太田外科胃腸科放射線科医院【2:診療所】【診療科目:胃腸内科_外科_放射線科】広島県広島市中区舟入南４－３－１", "url": "https://www.iryou.teikyouseido.mhlw.go.jp/znk-web/juminkanja/S2430/initialize?prefCd=34&kikanCd=2340201480&kikanKbn=2", "url2": null }, "geometry": { "type": "Point", "coordinates": [ 132.440292, 34.377289 ] } },
{ "type": "Feature", "properties": { "内容": "小野内科循環器科【2:診療所】【診療科目:内科_循環器内科】広島県広島市西区中広町２－２８－１０", "url": "https://www.iryou.teikyouseido.mhlw.go.jp/znk-web/juminkanja/S2430/initialize?prefCd=34&kikanCd=2340201510&kikanKbn=2", "url2": null }, "geometry": { "type": "Point", "coordinates": [ 132.44268, 34.402287 ] } },
{ "type": "Feature", "properties": { "内容": "沢近医院【2:診療所】【診療科目:内科_循環器内科】広島県広島市南区宇品御幸１丁目１７番８号", "url": "https://www.iryou.teikyouseido.mhlw.go.jp/znk-web/juminkanja/S2430/initialize?prefCd=34&kikanCd=2340201770&kikanKbn=2", "url2": null }, "geometry": { "type": "Point", "coordinates": [ 132.464402, 34.367513 ] } },
{ "type": "Feature", "properties": { "内容": "三次市国民健康保険　川西診療所【2:診療所】【診療科目:内科】広島県三次市三若町２６５５番地４", "url": "https://www.iryou.teikyouseido.mhlw.go.jp/znk-web/juminkanja/S2430/initialize?prefCd=34&kikanCd=2340202490&kikanKbn=2", "url2": "http://www.shoujin.or.jp/shinryoujyo.html" }, "geometry": { "type": "Point", "coordinates": [ 132.889934, 34.716594 ] } },
{ "type": "Feature", "properties": { "内容": "楢崎外科医院【2:診療所】【診療科目:外科】広島県府中市元町４２１－７", "url": "https://www.iryou.teikyouseido.mhlw.go.jp/znk-web/juminkanja/S2430/initialize?prefCd=34&kikanCd=2340202780&kikanKbn=2", "url2": null }, "geometry": { "type": "Point", "coordinates": [ 133.238884, 34.573199 ] } },
{ "type": "Feature", "properties": { "内容": "医療法人社団　城原胃腸科整形外科【2:診療所】【診療科目:内科_胃腸内科_外科_肛門外科_整形外科_皮膚泌尿器科】広島県竹原市中央三丁目４－１", "url": "https://www.iryou.teikyouseido.mhlw.go.jp/znk-web/juminkanja/S2430/initialize?prefCd=34&kikanCd=2340204380&kikanKbn=2", "url2": "jobara-clinic.com" }, "geometry": { "type": "Point", "coordinates": [ 132.907755, 34.343385 ] } },
{ "type": "Feature", "properties": { "内容": "医療法人社団　田村内科小児科【2:診療所】【診療科目:内科_小児科】広島県呉市仁方西神町４－１４", "url": "https://www.iryou.teikyouseido.mhlw.go.jp/znk-web/juminkanja/S2430/initialize?prefCd=34&kikanCd=2340204540&kikanKbn=2", "url2": null }, "geometry": { "type": "Point", "coordinates": [ 132.650476, 34.224532 ] } },
{ "type": "Feature", "properties": { "内容": "大野木耳鼻咽喉科医院【2:診療所】【診療科目:耳鼻いんこう科】広島県広島市東区牛田旭１丁目７番１３号", "url": "https://www.iryou.teikyouseido.mhlw.go.jp/znk-web/juminkanja/S2430/initialize?prefCd=34&kikanCd=2340206010&kikanKbn=2", "url2": "https://www.onogi-jibiinkouka.com" }, "geometry": { "type": "Point", "coordinates": [ 132.468455, 34.41473 ] } },
{ "type": "Feature", "properties": { "内容": "内科（糖尿病）　久安医院【2:診療所】【診療科目:内科_糖尿病内科_内分泌内科】広島県広島市西区観音本町２丁目７番２３号", "url": "https://www.iryou.teikyouseido.mhlw.go.jp/znk-web/juminkanja/S2430/initialize?prefCd=34&kikanCd=2340206270&kikanKbn=2", "url2": "https://www.hisayasuclinic.com/" }, "geometry": { "type": "Point", "coordinates": [ 132.434931, 34.389121 ] } },
{ "type": "Feature", "properties": { "内容": "かねもり婦人科クリニック【2:診療所】【診療科目:産婦人科_産婦人科（生殖医療）_泌尿器科】広島県福山市南本庄３－２－６", "url": "https://www.iryou.teikyouseido.mhlw.go.jp/znk-web/juminkanja/S2430/initialize?prefCd=34&kikanCd=2340206690&kikanKbn=2", "url2": "http://www.kanemori-clinic.jp" }, "geometry": { "type": "Point", "coordinates": [ 133.354489, 34.484655 ] } },
{ "type": "Feature", "properties": { "内容": "児玉医院【2:診療所】【診療科目:内科_外科】広島県庄原市川北町１５８－２", "url": "https://www.iryou.teikyouseido.mhlw.go.jp/znk-web/juminkanja/S2430/initialize?prefCd=34&kikanCd=2340206720&kikanKbn=2", "url2": "http://yuusinkai-kodamaiin.com/index.html" }, "geometry": { "type": "Point", "coordinates": [ 132.99975, 34.882717 ] } },
{ "type": "Feature", "properties": { "内容": "医療法人社団　慈聖会　小沢医院【2:診療所】【診療科目:内科_循環器内科】広島県広島市東区温品六丁目３番１３号", "url": "https://www.iryou.teikyouseido.mhlw.go.jp/znk-web/juminkanja/S2430/initialize?prefCd=34&kikanCd=2340207150&kikanKbn=2", "url2": "http://www.ozawaiin.or.jp" }, "geometry": { "type": "Point", "coordinates": [ 132.510201, 34.418647 ] } },
{ "type": "Feature", "properties": { "内容": "医療法人璃醫会　上田耳鼻咽喉科医院【2:診療所】【診療科目:耳鼻いんこう科】広島県福山市旭町８－１７", "url": "https://www.iryou.teikyouseido.mhlw.go.jp/znk-web/juminkanja/S2430/initialize?prefCd=34&kikanCd=2340210310&kikanKbn=2", "url2": null }, "geometry": { "type": "Point", "coordinates": [ 133.374704, 34.489924 ] } },
{ "type": "Feature", "properties": { "内容": "ハラダ内科医院【2:診療所】【診療科目:内科】広島県広島市中区小網町２－１　ハラダビル１Ｆ", "url": "https://www.iryou.teikyouseido.mhlw.go.jp/znk-web/juminkanja/S2430/initialize?prefCd=34&kikanCd=2340211160&kikanKbn=2", "url2": null }, "geometry": { "type": "Point", "coordinates": [ 132.44543, 34.394093 ] } },
{ "type": "Feature", "properties": { "内容": "松尾産婦人科内科医院【2:診療所】【診療科目:内科_産婦人科_皮膚泌尿器科】広島県広島市西区三篠町１－５－７", "url": "https://www.iryou.teikyouseido.mhlw.go.jp/znk-web/juminkanja/S2430/initialize?prefCd=34&kikanCd=2340212750&kikanKbn=2", "url2": "http://www.ccv.ne.jp/home/pinetree/" }, "geometry": { "type": "Point", "coordinates": [ 132.452873, 34.411675 ] } },
{ "type": "Feature", "properties": { "内容": "医療法人社団　成仁会　中高下整形外科医院【2:診療所】【診療科目:整形外科】広島県広島市西区観音本町２丁目１３番２号", "url": "https://www.iryou.teikyouseido.mhlw.go.jp/znk-web/juminkanja/S2430/initialize?prefCd=34&kikanCd=2340212880&kikanKbn=2", "url2": null }, "geometry": { "type": "Point", "coordinates": [ 132.43482, 34.38851 ] } },
{ "type": "Feature", "properties": { "内容": "広島市こども療育センター附属診療所【2:診療所】【診療科目:整形外科_小児科_耳鼻いんこう科_精神科】広島県広島市東区光町二丁目１５番５５号", "url": "https://www.iryou.teikyouseido.mhlw.go.jp/znk-web/juminkanja/S2430/initialize?prefCd=34&kikanCd=2340213210&kikanKbn=2", "url2": "http://www.hsfj.city.hiroshima.jp/020201010100kodomoryosotop.html" }, "geometry": { "type": "Point", "coordinates": [ 132.482793, 34.400786 ] } },
{ "type": "Feature", "properties": { "内容": "医療法人社団匡医　木村神経科内科クリニック【2:診療所】【診療科目:内科_精神科_心療内科_リハビリテーション科】広島県広島市中区榎町３－１", "url": "https://www.iryou.teikyouseido.mhlw.go.jp/znk-web/juminkanja/S2430/initialize?prefCd=34&kikanCd=2340213920&kikanKbn=2", "url2": "http://kimuramentalclinic.webmedipr.jp/index.html" }, "geometry": { "type": "Point", "coordinates": [ 132.445069, 34.397565 ] } },
{ "type": "Feature", "properties": { "内容": "津田医院【2:診療所】【診療科目:耳鼻いんこう科】広島県広島市安佐南区長束３丁目１０番３１号", "url": "https://www.iryou.teikyouseido.mhlw.go.jp/znk-web/juminkanja/S2430/initialize?prefCd=34&kikanCd=2340214060&kikanKbn=2", "url2": null }, "geometry": { "type": "Point", "coordinates": [ 132.460205, 34.432784 ] } },
{ "type": "Feature", "properties": { "内容": "舛本産婦人科医院【2:診療所】【診療科目:産婦人科】広島県広島市安佐南区相田２－７－２２", "url": "https://www.iryou.teikyouseido.mhlw.go.jp/znk-web/juminkanja/S2430/initialize?prefCd=34&kikanCd=2340214510&kikanKbn=2", "url2": "www.masumoto-ladys-clinic.jp" }, "geometry": { "type": "Point", "coordinates": [ 132.450537, 34.472613 ] } },
{ "type": "Feature", "properties": { "内容": "医療法人　くろせ皮フ科【2:診療所】【診療科目:皮膚科】広島県広島市中区基町６－２７　広島バスセンター８Ｆ", "url": "https://www.iryou.teikyouseido.mhlw.go.jp/znk-web/juminkanja/S2430/initialize?prefCd=34&kikanCd=2340215360&kikanKbn=2", "url2": "kurose-hifuka.or.jp" }, "geometry": { "type": "Point", "coordinates": [ 132.457265, 34.396094 ] } },
{ "type": "Feature", "properties": { "内容": "医療法人社団　日域医院【2:診療所】【診療科目:精神科_心療内科】広島県広島市西区己斐本町１－１４－１４　　広島総合開発ビル５階", "url": "https://www.iryou.teikyouseido.mhlw.go.jp/znk-web/juminkanja/S2430/initialize?prefCd=34&kikanCd=2340215520&kikanKbn=2", "url2": "jitsuiki-clinic.net" }, "geometry": { "type": "Point", "coordinates": [ 132.428805, 34.397742 ] } },
{ "type": "Feature", "properties": { "内容": "セントラル眼科【2:診療所】【診療科目:眼科】広島県広島市中区基町６－２７　広島センタービル８Ｆ", "url": "https://www.iryou.teikyouseido.mhlw.go.jp/znk-web/juminkanja/S2430/initialize?prefCd=34&kikanCd=2340215650&kikanKbn=2", "url2": "http://www.central-ganka.com" }, "geometry": { "type": "Point", "coordinates": [ 132.456899, 34.396234 ] } },
{ "type": "Feature", "properties": { "内容": "医療法人社団　山形内科循環器医院【2:診療所】【診療科目:内科_糖尿病内科_呼吸器内科_循環器内科】広島県東広島市黒瀬町楢原２４３－６", "url": "https://www.iryou.teikyouseido.mhlw.go.jp/znk-web/juminkanja/S2430/initialize?prefCd=34&kikanCd=2340216080&kikanKbn=2", "url2": null }, "geometry": { "type": "Point", "coordinates": [ 132.671253, 34.324265 ] } },
{ "type": "Feature", "properties": { "内容": "医療法人社団　大下医院【2:診療所】【診療科目:内科_糖尿病内科_呼吸器内科_循環器内科_消化器内科】広島県広島市南区旭１－１９－２５", "url": "https://www.iryou.teikyouseido.mhlw.go.jp/znk-web/juminkanja/S2430/initialize?prefCd=34&kikanCd=2340217540&kikanKbn=2", "url2": "oshita-clinic.com" }, "geometry": { "type": "Point", "coordinates": [ 132.479734, 34.373457 ] } },
{ "type": "Feature", "properties": { "内容": "中前外科・内科クリニック【2:診療所】【診療科目:内科_消化器内科_内視鏡内科_外科_肛門外科_整形外科_皮膚科】広島県東広島市西条町助実１８５４－１", "url": "https://www.iryou.teikyouseido.mhlw.go.jp/znk-web/juminkanja/S2430/initialize?prefCd=34&kikanCd=2340218840&kikanKbn=2", "url2": "http://nakamaegeka-naika.com/" }, "geometry": { "type": "Point", "coordinates": [ 132.746618, 34.420054 ] } },
{ "type": "Feature", "properties": { "内容": "医療法人社団　法宗会　法宗医院【2:診療所】【診療科目:内科_消化器内科_外科_小児科】広島県福山市伊勢丘五丁目６－１", "url": "https://www.iryou.teikyouseido.mhlw.go.jp/znk-web/juminkanja/S2430/initialize?prefCd=34&kikanCd=2340220960&kikanKbn=2", "url2": "http://www.norimune.jp" }, "geometry": { "type": "Point", "coordinates": [ 133.421566, 34.507071 ] } },
{ "type": "Feature", "properties": { "内容": "堀川内科　胃腸科　消化器科【2:診療所】【診療科目:内科_消化器内科_胃腸内科】広島県広島市安佐北区深川３丁目１１番２０号", "url": "https://www.iryou.teikyouseido.mhlw.go.jp/znk-web/juminkanja/S2430/initialize?prefCd=34&kikanCd=2340221260&kikanKbn=2", "url2": null }, "geometry": { "type": "Point", "coordinates": [ 132.524863, 34.490307 ] } },
{ "type": "Feature", "properties": { "内容": "児玉医院【2:診療所】【診療科目:内科_小児科】広島県広島市安佐南区祇園４丁目５０番２４号", "url": "https://www.iryou.teikyouseido.mhlw.go.jp/znk-web/juminkanja/S2430/initialize?prefCd=34&kikanCd=2340221390&kikanKbn=2", "url2": "http://kodamaiin.net" }, "geometry": { "type": "Point", "coordinates": [ 132.457482, 34.442033 ] } },
{ "type": "Feature", "properties": { "内容": "片山医院【2:診療所】【診療科目:内科_消化器内科_外科_皮膚科_泌尿器科】広島県安芸郡熊野町出来庭９丁目２番１８号", "url": "https://www.iryou.teikyouseido.mhlw.go.jp/znk-web/juminkanja/S2430/initialize?prefCd=34&kikanCd=2340221550&kikanKbn=2", "url2": null }, "geometry": { "type": "Point", "coordinates": [ 132.571367, 34.334158 ] } },
{ "type": "Feature", "properties": { "内容": "医療法人社団　祐仁会　川上医院【2:診療所】【診療科目:内科_胃腸内科】広島県広島市南区青崎１丁目７番２号", "url": "https://www.iryou.teikyouseido.mhlw.go.jp/znk-web/juminkanja/S2430/initialize?prefCd=34&kikanCd=2340222010&kikanKbn=2", "url2": null }, "geometry": { "type": "Point", "coordinates": [ 132.506093, 34.374624 ] } },
{ "type": "Feature", "properties": { "内容": "しまだファミリークリニック【2:診療所】【診療科目:内科_小児科】広島県大竹市油見３丁目１２番７号", "url": "https://www.iryou.teikyouseido.mhlw.go.jp/znk-web/juminkanja/S2430/initialize?prefCd=34&kikanCd=2340222560&kikanKbn=2", "url2": "http://www.shimada-fc.com/" }, "geometry": { "type": "Point", "coordinates": [ 132.221011, 34.219352 ] } },
{ "type": "Feature", "properties": { "内容": "医療法人社団　品川小児科内科【2:診療所】【診療科目:内科_小児科】広島県福山市今津町２－３－３１", "url": "https://www.iryou.teikyouseido.mhlw.go.jp/znk-web/juminkanja/S2430/initialize?prefCd=34&kikanCd=2340224610&kikanKbn=2", "url2": null }, "geometry": { "type": "Point", "coordinates": [ 133.254971, 34.451324 ] } },
{ "type": "Feature", "properties": { "内容": "医療法人　細川医院【2:診療所】【診療科目:内科_外科】広島県広島市西区庚午中３丁目１番１６号", "url": "https://www.iryou.teikyouseido.mhlw.go.jp/znk-web/juminkanja/S2430/initialize?prefCd=34&kikanCd=2340225330&kikanKbn=2", "url2": null }, "geometry": { "type": "Point", "coordinates": [ 132.413378, 34.382927 ] } },
{ "type": "Feature", "properties": { "内容": "医療法人　竹田眼科医院【2:診療所】【診療科目:眼科】広島県広島市安佐北区可部５－１１－２３", "url": "https://www.iryou.teikyouseido.mhlw.go.jp/znk-web/juminkanja/S2430/initialize?prefCd=34&kikanCd=2340225590&kikanKbn=2", "url2": null }, "geometry": { "type": "Point", "coordinates": [ 132.511249, 34.520136 ] } },
{ "type": "Feature", "properties": { "内容": "医療法人社団　最上クリニック【2:診療所】【診療科目:内科_呼吸器内科_循環器内科_消化器内科】広島県広島市中区八丁堀６－２０", "url": "https://www.iryou.teikyouseido.mhlw.go.jp/znk-web/juminkanja/S2430/initialize?prefCd=34&kikanCd=2340226500&kikanKbn=2", "url2": "mogaminaika.com" }, "geometry": { "type": "Point", "coordinates": [ 132.463533, 34.395974 ] } },
{ "type": "Feature", "properties": { "内容": "梶山内科【2:診療所】【診療科目:内科_呼吸器内科_消化器内科_アレルギー科】広島県広島市中区十日市町１－２－２２", "url": "https://www.iryou.teikyouseido.mhlw.go.jp/znk-web/juminkanja/S2430/initialize?prefCd=34&kikanCd=2340226890&kikanKbn=2", "url2": "https://kajiyama-naika.jp/" }, "geometry": { "type": "Point", "coordinates": [ 132.44768, 34.398037 ] } },
{ "type": "Feature", "properties": { "内容": "宮原内科医院【2:診療所】【診療科目:内科】広島県呉市東中央１丁目３番２２号", "url": "https://www.iryou.teikyouseido.mhlw.go.jp/znk-web/juminkanja/S2430/initialize?prefCd=34&kikanCd=2340228360&kikanKbn=2", "url2": null }, "geometry": { "type": "Point", "coordinates": [ 132.568926, 34.250083 ] } },
{ "type": "Feature", "properties": { "内容": "平尾クリニック【2:診療所】【診療科目:内科_整形外科_小児科_アレルギー科_リハビリテーション科】広島県広島市佐伯区五日市駅前１－１１－３９", "url": "https://www.iryou.teikyouseido.mhlw.go.jp/znk-web/juminkanja/S2430/initialize?prefCd=34&kikanCd=2340228520&kikanKbn=2", "url2": "https://www.hiraoclinic.jp" }, "geometry": { "type": "Point", "coordinates": [ 132.36718, 34.367164 ] } },
{ "type": "Feature", "properties": { "内容": "いけだ放射線科内科【2:診療所】【診療科目:内科_放射線科】広島県広島市中区羽衣町１１－２", "url": "https://www.iryou.teikyouseido.mhlw.go.jp/znk-web/juminkanja/S2430/initialize?prefCd=34&kikanCd=2340229080&kikanKbn=2", "url2": "https://www.ikeda-hn.com/" }, "geometry": { "type": "Point", "coordinates": [ 132.44868, 34.379123 ] } },
{ "type": "Feature", "properties": { "内容": "一般財団法人　広島県環境保健協会　健康クリニック【2:診療所】【診療科目:内科】広島県広島市中区広瀬北町９－１", "url": "https://www.iryou.teikyouseido.mhlw.go.jp/znk-web/juminkanja/S2430/initialize?prefCd=34&kikanCd=2340229820&kikanKbn=2", "url2": "https://www.kanhokyo.or.jp/?page_id=152" }, "geometry": { "type": "Point", "coordinates": [ 132.448096, 34.404564 ] } },
{ "type": "Feature", "properties": { "内容": "医療法人社団　津村眼科医院【2:診療所】【診療科目:眼科】広島県大竹市西栄２丁目１５－１７", "url": "https://www.iryou.teikyouseido.mhlw.go.jp/znk-web/juminkanja/S2430/initialize?prefCd=34&kikanCd=2340231100&kikanKbn=2", "url2": null }, "geometry": { "type": "Point", "coordinates": [ 132.225979, 34.217457 ] } },
{ "type": "Feature", "properties": { "内容": "医療社団法人郁雅会　おちあい循環器内科クリニック【2:診療所】【診療科目:内科_循環器内科】広島県広島市東区温品４丁目６番２２号", "url": "https://www.iryou.teikyouseido.mhlw.go.jp/znk-web/juminkanja/S2430/initialize?prefCd=34&kikanCd=2340231780&kikanKbn=2", "url2": "http://www.ochiai-clinic.com" }, "geometry": { "type": "Point", "coordinates": [ 132.508045, 34.41151 ] } },
{ "type": "Feature", "properties": { "内容": "医療法人社団　晴風会　井上内科・胃腸科【2:診療所】【診療科目:内科_消化器内科】広島県広島市西区観音新町２丁目３番９号", "url": "https://www.iryou.teikyouseido.mhlw.go.jp/znk-web/juminkanja/S2430/initialize?prefCd=34&kikanCd=2340232080&kikanKbn=2", "url2": "http://www.inouenaika-ichouka.com/" }, "geometry": { "type": "Point", "coordinates": [ 132.425266, 34.377817 ] } },
{ "type": "Feature", "properties": { "内容": "坪井クリニック【2:診療所】【診療科目:内科_呼吸器内科_消化器内科_アレルギー疾患内科_アレルギー科】広島県大竹市本町１－１－１８", "url": "https://www.iryou.teikyouseido.mhlw.go.jp/znk-web/juminkanja/S2430/initialize?prefCd=34&kikanCd=2340232370&kikanKbn=2", "url2": "http://tsuboiclinic.com/" }, "geometry": { "type": "Point", "coordinates": [ 132.220157, 34.213177 ] } },
{ "type": "Feature", "properties": { "内容": "風呂中内科【2:診療所】【診療科目:内科_呼吸器内科_アレルギー科】広島県広島市中区紙屋町１丁目４－１９", "url": "https://www.iryou.teikyouseido.mhlw.go.jp/znk-web/juminkanja/S2430/initialize?prefCd=34&kikanCd=2340232660&kikanKbn=2", "url2": "http://furonaka-naika.jimdo.com/" }, "geometry": { "type": "Point", "coordinates": [ 132.458346, 34.394232 ] } },
{ "type": "Feature", "properties": { "内容": "医療法人　こばたけ小児科皮ふ科医院【2:診療所】【診療科目:小児科_皮膚科】広島県広島市中区西白島町７－４", "url": "https://www.iryou.teikyouseido.mhlw.go.jp/znk-web/juminkanja/S2430/initialize?prefCd=34&kikanCd=2340232820&kikanKbn=2", "url2": "http://www.kobatake.jp/" }, "geometry": { "type": "Point", "coordinates": [ 132.461622, 34.407234 ] } },
{ "type": "Feature", "properties": { "内容": "西亀会　みつの内科消化器科クリニック【2:診療所】【診療科目:内科_消化器内科_内視鏡内科_内科系その他】広島県呉市広中新開１丁目１１番９号", "url": "https://www.iryou.teikyouseido.mhlw.go.jp/znk-web/juminkanja/S2430/initialize?prefCd=34&kikanCd=2340234390&kikanKbn=2", "url2": "https://mitsuno.or.jp/" }, "geometry": { "type": "Point", "coordinates": [ 132.627616, 34.243057 ] } },
{ "type": "Feature", "properties": { "内容": "医療法人医心会　数田皮膚科医院【2:診療所】【診療科目:皮膚科】広島県尾道市西御所町７－１２", "url": "https://www.iryou.teikyouseido.mhlw.go.jp/znk-web/juminkanja/S2430/initialize?prefCd=34&kikanCd=2340235270&kikanKbn=2", "url2": null }, "geometry": { "type": "Point", "coordinates": [ 133.18948, 34.402829 ] } },
{ "type": "Feature", "properties": { "内容": "医療法人社団　大山皮ふ科クリニック【2:診療所】【診療科目:皮膚科_美容皮膚科_アレルギー科】広島県広島市中区鉄砲町３－１", "url": "https://www.iryou.teikyouseido.mhlw.go.jp/znk-web/juminkanja/S2430/initialize?prefCd=34&kikanCd=2340235690&kikanKbn=2", "url2": "http://www.e-ohada.net" }, "geometry": { "type": "Point", "coordinates": [ 132.465789, 34.396927 ] } },
{ "type": "Feature", "properties": { "内容": "医療法人　みかんの会　平田整形外科リハビリクリニック【2:診療所】【診療科目:整形外科】広島県広島市安芸区矢野西１丁目３１番８号", "url": "https://www.iryou.teikyouseido.mhlw.go.jp/znk-web/juminkanja/S2430/initialize?prefCd=34&kikanCd=2340236570&kikanKbn=2", "url2": null }, "geometry": { "type": "Point", "coordinates": [ 132.533252, 34.353136 ] } },
{ "type": "Feature", "properties": { "内容": "医療法人　いのうえ内科脳神経クリニック【2:診療所】【診療科目:内科_神経内科_漢方内科_アレルギー疾患内科】広島県広島市中区舟入川口町５－７", "url": "https://www.iryou.teikyouseido.mhlw.go.jp/znk-web/juminkanja/S2430/initialize?prefCd=34&kikanCd=2340236600&kikanKbn=2", "url2": "https://www.inoue-i.jp" }, "geometry": { "type": "Point", "coordinates": [ 132.441209, 34.3824 ] } },
{ "type": "Feature", "properties": { "内容": "井尻眼科医院【2:診療所】【診療科目:眼科】広島県広島市中区八丁堀１３－１９", "url": "https://www.iryou.teikyouseido.mhlw.go.jp/znk-web/juminkanja/S2430/initialize?prefCd=34&kikanCd=2340237320&kikanKbn=2", "url2": "https://www.ijiri-ganka.com/" }, "geometry": { "type": "Point", "coordinates": [ 132.462929, 34.395232 ] } },
{ "type": "Feature", "properties": { "内容": "平賀内科医院【2:診療所】【診療科目:内科】広島県広島市安佐北区あさひが丘２丁目１－５", "url": "https://www.iryou.teikyouseido.mhlw.go.jp/znk-web/juminkanja/S2430/initialize?prefCd=34&kikanCd=2340238460&kikanKbn=2", "url2": null }, "geometry": { "type": "Point", "coordinates": [ 132.439528, 34.504562 ] } },
{ "type": "Feature", "properties": { "内容": "医療法人　さつき会　井上内科医院【2:診療所】【診療科目:内科】広島県広島市南区宇品神田２丁目１５番３号", "url": "https://www.iryou.teikyouseido.mhlw.go.jp/znk-web/juminkanja/S2430/initialize?prefCd=34&kikanCd=2340239340&kikanKbn=2", "url2": "https://inoue-naika-cl.jp/" }, "geometry": { "type": "Point", "coordinates": [ 132.465519, 34.364808 ] } },
{ "type": "Feature", "properties": { "内容": "医療法人社団　福原医院【2:診療所】【診療科目:内科_呼吸器内科_外科_小児外科_アレルギー科_リウマチ科】広島県広島市南区翠１丁目２－１１", "url": "https://www.iryou.teikyouseido.mhlw.go.jp/znk-web/juminkanja/S2430/initialize?prefCd=34&kikanCd=2340239470&kikanKbn=2", "url2": "http://fukuhara-iin.com/" }, "geometry": { "type": "Point", "coordinates": [ 132.464985, 34.371346 ] } },
{ "type": "Feature", "properties": { "内容": "医療法人　聖弘会　久保内科医院【2:診療所】【診療科目:内科】広島県呉市海岸１丁目４－７", "url": "https://www.iryou.teikyouseido.mhlw.go.jp/znk-web/juminkanja/S2430/initialize?prefCd=34&kikanCd=2340239630&kikanKbn=2", "url2": null }, "geometry": { "type": "Point", "coordinates": [ 132.548595, 34.244861 ] } },
{ "type": "Feature", "properties": { "内容": "医療法人まこと会　クリニック和田【2:診療所】【診療科目:内科_消化器内科_小児科】広島県福山市多治米町２－１４－１２", "url": "https://www.iryou.teikyouseido.mhlw.go.jp/znk-web/juminkanja/S2430/initialize?prefCd=34&kikanCd=2340239890&kikanKbn=2", "url2": "http://clinic-wada.jp/" }, "geometry": { "type": "Point", "coordinates": [ 133.379988, 34.470824 ] } },
{ "type": "Feature", "properties": { "内容": "川中医院【2:診療所】【診療科目:内科_漢方内科_小児科_小児外科_皮膚科_アレルギー科】広島県東広島市高屋町宮領１０３２", "url": "https://www.iryou.teikyouseido.mhlw.go.jp/znk-web/juminkanja/S2430/initialize?prefCd=34&kikanCd=2340240030&kikanKbn=2", "url2": "https://byoinnavi.jp/clinic/94046" }, "geometry": { "type": "Point", "coordinates": [ 132.790705, 34.440511 ] } },
{ "type": "Feature", "properties": { "内容": "中島内科クリニック【2:診療所】【診療科目:内科】広島県竹原市中央２丁目１４－１５", "url": "https://www.iryou.teikyouseido.mhlw.go.jp/znk-web/juminkanja/S2430/initialize?prefCd=34&kikanCd=2340240580&kikanKbn=2", "url2": "https://www.nakashimaclinic.com/" }, "geometry": { "type": "Point", "coordinates": [ 132.90981, 34.344301 ] } },
{ "type": "Feature", "properties": { "内容": "正岡外科胃腸科医院【2:診療所】【診療科目:胃腸内科_外科_肛門外科】広島県尾道市栗原西１－９－１５", "url": "https://www.iryou.teikyouseido.mhlw.go.jp/znk-web/juminkanja/S2430/initialize?prefCd=34&kikanCd=2340240610&kikanKbn=2", "url2": null }, "geometry": { "type": "Point", "coordinates": [ 133.188229, 34.409049 ] } },
{ "type": "Feature", "properties": { "内容": "医療法人　小武家放射線科胃腸科医院【2:診療所】【診療科目:呼吸器内科_循環器内科_胃腸内科_放射線科】広島県広島市中区銀山町１１－２７", "url": "https://www.iryou.teikyouseido.mhlw.go.jp/znk-web/juminkanja/S2430/initialize?prefCd=34&kikanCd=2340240870&kikanKbn=2", "url2": "http://www.kobukeiin.com/" }, "geometry": { "type": "Point", "coordinates": [ 132.466411, 34.391919 ] } },
{ "type": "Feature", "properties": { "内容": "医療法人　はまゆう会　黒澤医院【2:診療所】【診療科目:内科_小児科】広島県呉市音戸町北隠渡１丁目６番３号", "url": "https://www.iryou.teikyouseido.mhlw.go.jp/znk-web/juminkanja/S2430/initialize?prefCd=34&kikanCd=2340241330&kikanKbn=2", "url2": null }, "geometry": { "type": "Point", "coordinates": [ 132.532849, 34.192728 ] } },
{ "type": "Feature", "properties": { "内容": "医療法人社団　正岡クリニック【2:診療所】【診療科目:内科_外科_整形外科_皮膚泌尿器科】広島県呉市本通１－５－１４", "url": "https://www.iryou.teikyouseido.mhlw.go.jp/znk-web/juminkanja/S2430/initialize?prefCd=34&kikanCd=2340242180&kikanKbn=2", "url2": "https://goo.gl/maps/XzXiKcQ2Rs72" }, "geometry": { "type": "Point", "coordinates": [ 132.564099, 34.24163 ] } },
{ "type": "Feature", "properties": { "内容": "医療法人社団恵友会　木下内科医院【2:診療所】【診療科目:内科_呼吸器内科_アレルギー科】広島県呉市中通３－２－１４", "url": "https://www.iryou.teikyouseido.mhlw.go.jp/znk-web/juminkanja/S2430/initialize?prefCd=34&kikanCd=2340244490&kikanKbn=2", "url2": "https://kinoshitanaikaiin.info" }, "geometry": { "type": "Point", "coordinates": [ 132.564527, 34.245874 ] } },
{ "type": "Feature", "properties": { "内容": "医療法人社団泰山会　根石医院【2:診療所】【診療科目:内科_呼吸器内科_消化器内科_神経内科】広島県広島市安芸区船越６－３－１９", "url": "https://www.iryou.teikyouseido.mhlw.go.jp/znk-web/juminkanja/S2430/initialize?prefCd=34&kikanCd=2340245400&kikanKbn=2", "url2": null }, "geometry": { "type": "Point", "coordinates": [ 132.529396, 34.37493 ] } },
{ "type": "Feature", "properties": { "内容": "上田耳鼻咽喉科医院【2:診療所】【診療科目:耳鼻いんこう科_アレルギー科】広島県呉市広大新開１－２－４", "url": "https://www.iryou.teikyouseido.mhlw.go.jp/znk-web/juminkanja/S2430/initialize?prefCd=34&kikanCd=2340245530&kikanKbn=2", "url2": "https://fdoc.jp/clinic/detail/index/id/47153/" }, "geometry": { "type": "Point", "coordinates": [ 132.624228, 34.230975 ] } },
{ "type": "Feature", "properties": { "内容": "医療法人　恵林会　益田内科胃腸科医院【2:診療所】【診療科目:内科_呼吸器内科_循環器内科_消化器内科_内視鏡内科】広島県広島市東区若草町６－１", "url": "https://www.iryou.teikyouseido.mhlw.go.jp/znk-web/juminkanja/S2430/initialize?prefCd=34&kikanCd=2340245820&kikanKbn=2", "url2": "http://www.masuda-naika.com" }, "geometry": { "type": "Point", "coordinates": [ 132.483149, 34.397483 ] } },
{ "type": "Feature", "properties": { "内容": "まつだ整形外科【2:診療所】【診療科目:胃腸内科_整形外科_リウマチ科_リハビリテーション科】広島県広島市南区比治山本町１－２０", "url": "https://www.iryou.teikyouseido.mhlw.go.jp/znk-web/juminkanja/S2430/initialize?prefCd=34&kikanCd=2340246120&kikanKbn=2", "url2": null }, "geometry": { "type": "Point", "coordinates": [ 132.470852, 34.386092 ] } },
{ "type": "Feature", "properties": { "内容": "福原内科医院【2:診療所】【診療科目:内科_呼吸器内科_消化器内科_肝臓内科】広島県広島市中区八丁堀１１－１０　ＫＳビル３Ｆ", "url": "https://www.iryou.teikyouseido.mhlw.go.jp/znk-web/juminkanja/S2430/initialize?prefCd=34&kikanCd=2340247260&kikanKbn=2", "url2": "https://www.fukuhara-naika.jp/" }, "geometry": { "type": "Point", "coordinates": [ 132.462484, 34.394982 ] } },
{ "type": "Feature", "properties": { "内容": "医療法人　かどます　佐々木医院【2:診療所】【診療科目:内科_胃腸内科_外科_整形外科】広島県安芸高田市向原町坂４２８―２", "url": "https://www.iryou.teikyouseido.mhlw.go.jp/znk-web/juminkanja/S2430/initialize?prefCd=34&kikanCd=2340248270&kikanKbn=2", "url2": null }, "geometry": { "type": "Point", "coordinates": [ 132.719641, 34.61204 ] } },
{ "type": "Feature", "properties": { "内容": "医療法人　なかお内科消化器呼吸器クリニック　横山外科胃腸科【2:診療所】【診療科目:内科_呼吸器内科_消化器内科_内視鏡内科_外科_肛門外科_整形外科】広島県広島市安佐北区落合南１－１１－２２", "url": "https://www.iryou.teikyouseido.mhlw.go.jp/znk-web/juminkanja/S2430/initialize?prefCd=34&kikanCd=2340248560&kikanKbn=2", "url2": "http://www.kunikusa.or.jp/" }, "geometry": { "type": "Point", "coordinates": [ 132.507439, 34.46785 ] } },
{ "type": "Feature", "properties": { "内容": "コープ草津診療所【2:診療所】【診療科目:内科】広島県広島市西区草津東１丁目１１－４３", "url": "https://www.iryou.teikyouseido.mhlw.go.jp/znk-web/juminkanja/S2430/initialize?prefCd=34&kikanCd=2340248980&kikanKbn=2", "url2": "http://www.hch.coop/hch/insyo/kusatu/kusatu.htm" }, "geometry": { "type": "Point", "coordinates": [ 132.406199, 34.378792 ] } },
{ "type": "Feature", "properties": { "内容": "藤野医院【2:診療所】【診療科目:内科_外科_整形外科_リハビリテーション科】広島県庄原市東本町一丁目１－１２", "url": "https://www.iryou.teikyouseido.mhlw.go.jp/znk-web/juminkanja/S2430/initialize?prefCd=34&kikanCd=2340249310&kikanKbn=2", "url2": null }, "geometry": { "type": "Point", "coordinates": [ 133.017607, 34.859695 ] } },
{ "type": "Feature", "properties": { "内容": "医療法人社団　内藤内科医院【2:診療所】【診療科目:内科_糖尿病内科_脳神経内科_循環器内科_胃腸内科】広島県廿日市市佐方４丁目８番３１号", "url": "https://www.iryou.teikyouseido.mhlw.go.jp/znk-web/juminkanja/S2430/initialize?prefCd=34&kikanCd=2340249440&kikanKbn=2", "url2": null }, "geometry": { "type": "Point", "coordinates": [ 132.344023, 34.36565 ] } },
{ "type": "Feature", "properties": { "内容": "小山整形外科医院【2:診療所】【診療科目:ペインクリニック内科_整形外科_リハビリテーション科】広島県廿日市市大東１番５号", "url": "https://www.iryou.teikyouseido.mhlw.go.jp/znk-web/juminkanja/S2430/initialize?prefCd=34&kikanCd=2340249570&kikanKbn=2", "url2": null }, "geometry": { "type": "Point", "coordinates": [ 132.341079, 34.361178 ] } },
{ "type": "Feature", "properties": { "内容": "医療法人社団　豊会　タカタ内科胃腸科【2:診療所】【診療科目:内科_呼吸器内科_循環器内科_消化器内科】広島県福山市東町３丁目３番３号", "url": "https://www.iryou.teikyouseido.mhlw.go.jp/znk-web/juminkanja/S2430/initialize?prefCd=34&kikanCd=2340249860&kikanKbn=2", "url2": "http://www.takatanaika.or.jp" }, "geometry": { "type": "Point", "coordinates": [ 133.367682, 34.493738 ] } },
{ "type": "Feature", "properties": { "内容": "医療法人　岡本内科消化器科クリニック【2:診療所】【診療科目:内科_消化器内科_胃腸内科】広島県広島市中区光南１－１５－５", "url": "https://www.iryou.teikyouseido.mhlw.go.jp/znk-web/juminkanja/S2430/initialize?prefCd=34&kikanCd=2340250130&kikanKbn=2", "url2": "http://www.okamotonaika-cl.jp/index.htm" }, "geometry": { "type": "Point", "coordinates": [ 132.447175, 34.367682 ] } },
{ "type": "Feature", "properties": { "内容": "医療法人　山下内科クリニック【2:診療所】【診療科目:内科_呼吸器内科_循環器内科_消化器内科】広島県呉市川尻町西２丁目４－２８", "url": "https://www.iryou.teikyouseido.mhlw.go.jp/znk-web/juminkanja/S2430/initialize?prefCd=34&kikanCd=2340252280&kikanKbn=2", "url2": null }, "geometry": { "type": "Point", "coordinates": [ 132.694139, 34.235809 ] } },
{ "type": "Feature", "properties": { "内容": "医療法人まさよし会　児玉クリニック【2:診療所】【診療科目:胃腸内科_外科_肛門外科】広島県福山市南蔵王町六丁目２－８", "url": "https://www.iryou.teikyouseido.mhlw.go.jp/znk-web/juminkanja/S2430/initialize?prefCd=34&kikanCd=2340252860&kikanKbn=2", "url2": "http://www.kodama-cl.com" }, "geometry": { "type": "Point", "coordinates": [ 133.400346, 34.500182 ] } },
{ "type": "Feature", "properties": { "内容": "医療法人社団　上田耳鼻咽喉科【2:診療所】【診療科目:耳鼻いんこう科】広島県広島市東区温品６丁目３番１５号", "url": "https://www.iryou.teikyouseido.mhlw.go.jp/znk-web/juminkanja/S2430/initialize?prefCd=34&kikanCd=2340253740&kikanKbn=2", "url2": null }, "geometry": { "type": "Point", "coordinates": [ 132.510118, 34.418453 ] } },
{ "type": "Feature", "properties": { "内容": "中岡医院【2:診療所】【診療科目:内科_神経内科】広島県広島市東区矢賀新町４丁目１－２８", "url": "https://www.iryou.teikyouseido.mhlw.go.jp/znk-web/juminkanja/S2430/initialize?prefCd=34&kikanCd=2340253870&kikanKbn=2", "url2": null }, "geometry": { "type": "Point", "coordinates": [ 132.498272, 34.391903 ] } },
{ "type": "Feature", "properties": { "内容": "医療法人　菊川皮ふ科医院【2:診療所】【診療科目:皮膚科】広島県安芸郡海田町蟹原二丁目４－２８", "url": "https://www.iryou.teikyouseido.mhlw.go.jp/znk-web/juminkanja/S2430/initialize?prefCd=34&kikanCd=2340254200&kikanKbn=2", "url2": null }, "geometry": { "type": "Point", "coordinates": [ 132.543948, 34.372403 ] } },
{ "type": "Feature", "properties": { "内容": "井上内科医院【2:診療所】【診療科目:内科_リハビリテーション科】広島県安芸高田市吉田町吉田１０９１－１番地", "url": "https://www.iryou.teikyouseido.mhlw.go.jp/znk-web/juminkanja/S2430/initialize?prefCd=34&kikanCd=2340254460&kikanKbn=2", "url2": null }, "geometry": { "type": "Point", "coordinates": [ 132.706074, 34.663061 ] } },
{ "type": "Feature", "properties": { "内容": "医療法人社団　杉原外科医院【2:診療所】【診療科目:外科】広島県廿日市市大野一丁目７番７号", "url": "https://www.iryou.teikyouseido.mhlw.go.jp/znk-web/juminkanja/S2430/initialize?prefCd=34&kikanCd=2340257070&kikanKbn=2", "url2": null }, "geometry": { "type": "Point", "coordinates": [ 132.276449, 34.285741 ] } },
{ "type": "Feature", "properties": { "内容": "医療法人社団天風会　益田眼科小児科医院【2:診療所】【診療科目:眼科】広島県尾道市因島土生町２０２１", "url": "https://www.iryou.teikyouseido.mhlw.go.jp/znk-web/juminkanja/S2430/initialize?prefCd=34&kikanCd=2340257230&kikanKbn=2", "url2": null }, "geometry": { "type": "Point", "coordinates": [ 133.180331, 34.284136 ] } },
{ "type": "Feature", "properties": { "内容": "医療法人社団　林外科医院【2:診療所】【診療科目:内科_胃腸内科_外科_整形外科_リハビリテーション科】広島県広島市佐伯区五日市中央２－６－７", "url": "https://www.iryou.teikyouseido.mhlw.go.jp/znk-web/juminkanja/S2430/initialize?prefCd=34&kikanCd=2340257490&kikanKbn=2", "url2": null }, "geometry": { "type": "Point", "coordinates": [ 132.354161, 34.368706 ] } },
{ "type": "Feature", "properties": { "内容": "加藤内科胃腸科医院【2:診療所】【診療科目:内科_呼吸器内科_循環器内科_胃腸内科】広島県広島市安芸区中野東３丁目３番１４号", "url": "https://www.iryou.teikyouseido.mhlw.go.jp/znk-web/juminkanja/S2430/initialize?prefCd=34&kikanCd=2340258110&kikanKbn=2", "url2": null }, "geometry": { "type": "Point", "coordinates": [ 132.572531, 34.395623 ] } },
{ "type": "Feature", "properties": { "内容": "伊藤内科医院【2:診療所】【診療科目:内科】広島県広島市中区白島九軒町１５－７", "url": "https://www.iryou.teikyouseido.mhlw.go.jp/znk-web/juminkanja/S2430/initialize?prefCd=34&kikanCd=2340258400&kikanKbn=2", "url2": "http://www7b.biglobe.ne.jp/~itonaika/" }, "geometry": { "type": "Point", "coordinates": [ 132.46865, 34.40712 ] } },
{ "type": "Feature", "properties": { "内容": "野島内科医院【2:診療所】【診療科目:内科_リウマチ科】広島県広島市佐伯区五日市２－９－４", "url": "https://www.iryou.teikyouseido.mhlw.go.jp/znk-web/juminkanja/S2430/initialize?prefCd=34&kikanCd=2340258950&kikanKbn=2", "url2": "https://www.nojima-clinic.jp" }, "geometry": { "type": "Point", "coordinates": [ 132.36491, 34.368345 ] } },
{ "type": "Feature", "properties": { "内容": "川村内科胃腸科医院【2:診療所】【診療科目:内科_脂質代謝内科_糖尿病・代謝内科_呼吸器内科_消化器内科】広島県広島市中区光南１丁目５番１０号", "url": "https://www.iryou.teikyouseido.mhlw.go.jp/znk-web/juminkanja/S2430/initialize?prefCd=34&kikanCd=2340260070&kikanKbn=2", "url2": null }, "geometry": { "type": "Point", "coordinates": [ 132.448209, 34.368541 ] } },
{ "type": "Feature", "properties": { "内容": "医療法人　尚志会　古江駅前内科【2:診療所】【診療科目:内科_消化器内科_内視鏡内科】広島県広島市西区古江新町３番７号　新本ビル２０１", "url": "https://www.iryou.teikyouseido.mhlw.go.jp/znk-web/juminkanja/S2430/initialize?prefCd=34&kikanCd=2340260490&kikanKbn=2", "url2": "https://www.furue-ekimaenaika.jp" }, "geometry": { "type": "Point", "coordinates": [ 132.411183, 34.385955 ] } },
{ "type": "Feature", "properties": { "内容": "茶幡皮膚科泌尿器科医院【2:診療所】【診療科目:皮膚科_泌尿器科】広島県広島市中区羽衣町１３－４", "url": "https://www.iryou.teikyouseido.mhlw.go.jp/znk-web/juminkanja/S2430/initialize?prefCd=34&kikanCd=2340262700&kikanKbn=2", "url2": "https://chabataiin.com/" }, "geometry": { "type": "Point", "coordinates": [ 132.449153, 34.377651 ] } },
{ "type": "Feature", "properties": { "内容": "大中医院【2:診療所】【診療科目:内科_小児科】広島県広島市安佐南区沼田町阿戸２８１１－１", "url": "https://www.iryou.teikyouseido.mhlw.go.jp/znk-web/juminkanja/S2430/initialize?prefCd=34&kikanCd=2340262960&kikanKbn=2", "url2": "ohonakaiin.jp/index.html" }, "geometry": { "type": "Point", "coordinates": [ 132.369321, 34.497442 ] } },
{ "type": "Feature", "properties": { "内容": "医療法人社団　藤田医院【2:診療所】【診療科目:内科_呼吸器内科_循環器内科_胃腸内科_小児科_放射線科】広島県広島市中区江波本町５－１８", "url": "https://www.iryou.teikyouseido.mhlw.go.jp/znk-web/juminkanja/S2430/initialize?prefCd=34&kikanCd=2340263260&kikanKbn=2", "url2": null }, "geometry": { "type": "Point", "coordinates": [ 132.435543, 34.369401 ] } },
{ "type": "Feature", "properties": { "内容": "医療法人社団　松田医院【2:診療所】【診療科目:内科_外科_産婦人科】広島県東広島市八本松町飯田１０１", "url": "https://www.iryou.teikyouseido.mhlw.go.jp/znk-web/juminkanja/S2430/initialize?prefCd=34&kikanCd=2340263970&kikanKbn=2", "url2": "http://itp.ne.jp/info/340695722400000899/" }, "geometry": { "type": "Point", "coordinates": [ 132.690067, 34.445797 ] } },
{ "type": "Feature", "properties": { "内容": "鼻岡内科医院【2:診療所】【診療科目:内科_循環器内科_消化器内科】広島県廿日市市宮内１丁目１０番２０号", "url": "https://www.iryou.teikyouseido.mhlw.go.jp/znk-web/juminkanja/S2430/initialize?prefCd=34&kikanCd=2340264690&kikanKbn=2", "url2": null }, "geometry": { "type": "Point", "coordinates": [ 132.316526, 34.349957 ] } },
{ "type": "Feature", "properties": { "内容": "山地内科医院【2:診療所】【診療科目:内科_循環器内科_腎臓内科_人工透析内科】広島県広島市東区牛田旭２丁目４番１４号", "url": "https://www.iryou.teikyouseido.mhlw.go.jp/znk-web/juminkanja/S2430/initialize?prefCd=34&kikanCd=2340264850&kikanKbn=2", "url2": null }, "geometry": { "type": "Point", "coordinates": [ 132.471594, 34.412286 ] } },
{ "type": "Feature", "properties": { "内容": "西医院【2:診療所】【診療科目:内科】広島県広島市安佐南区大町東１丁目２番２４号", "url": "https://www.iryou.teikyouseido.mhlw.go.jp/znk-web/juminkanja/S2430/initialize?prefCd=34&kikanCd=2340265150&kikanKbn=2", "url2": null }, "geometry": { "type": "Point", "coordinates": [ 132.467509, 34.458476 ] } },
{ "type": "Feature", "properties": { "内容": "マツモト外科整形外科【2:診療所】【診療科目:外科_整形外科_リウマチ科_リハビリテーション科】広島県広島市安佐南区伴東五丁目１２－４", "url": "https://www.iryou.teikyouseido.mhlw.go.jp/znk-web/juminkanja/S2430/initialize?prefCd=34&kikanCd=2340265440&kikanKbn=2", "url2": "ortho-matsumoto.com" }, "geometry": { "type": "Point", "coordinates": [ 132.423782, 34.46641 ] } },
{ "type": "Feature", "properties": { "内容": "医療法人社団　城山会　石井内科【2:診療所】【診療科目:内科_糖尿病内科_呼吸器内科_消化器内科_胃腸内科_老年内科_内視鏡内科】広島県福山市本郷町１６０５－２", "url": "https://www.iryou.teikyouseido.mhlw.go.jp/znk-web/juminkanja/S2430/initialize?prefCd=34&kikanCd=2340265570&kikanKbn=2", "url2": "http://www.ishiinaika.jp" }, "geometry": { "type": "Point", "coordinates": [ 133.245943, 34.468627 ] } },
{ "type": "Feature", "properties": { "内容": "医療法人社団　仁寿会　こうの医院【2:診療所】【診療科目:内科_循環器内科_小児科】広島県竹原市中央三丁目１５－１", "url": "https://www.iryou.teikyouseido.mhlw.go.jp/znk-web/juminkanja/S2430/initialize?prefCd=34&kikanCd=2340266870&kikanKbn=2", "url2": "https://www.jinjyukai-takehara.or.jp/kouno/" }, "geometry": { "type": "Point", "coordinates": [ 132.909672, 34.34394 ] } },
{ "type": "Feature", "properties": { "内容": "医療法人三浜会　浜田内科泌尿器科【2:診療所】【診療科目:内科_泌尿器科】広島県呉市焼山本庄４－８－１６", "url": "https://www.iryou.teikyouseido.mhlw.go.jp/znk-web/juminkanja/S2430/initialize?prefCd=34&kikanCd=2340267750&kikanKbn=2", "url2": "http://hamadanaikahinyoukika.info/" }, "geometry": { "type": "Point", "coordinates": [ 132.553592, 34.304188 ] } },
{ "type": "Feature", "properties": { "内容": "石田眼科医院【2:診療所】【診療科目:眼科】広島県廿日市市住吉１丁目４番１５号", "url": "https://www.iryou.teikyouseido.mhlw.go.jp/znk-web/juminkanja/S2430/initialize?prefCd=34&kikanCd=2340267880&kikanKbn=2", "url2": null }, "geometry": { "type": "Point", "coordinates": [ 132.337108, 34.35179 ] } },
{ "type": "Feature", "properties": { "内容": "小田耳鼻咽喉科医院【2:診療所】【診療科目:耳鼻いんこう科】広島県廿日市市宮内２－１－１８", "url": "https://www.iryou.teikyouseido.mhlw.go.jp/znk-web/juminkanja/S2430/initialize?prefCd=34&kikanCd=2340267910&kikanKbn=2", "url2": null }, "geometry": { "type": "Point", "coordinates": [ 132.318432, 34.349463 ] } },
{ "type": "Feature", "properties": { "内容": "佐々木クリニック【2:診療所】【診療科目:内科_呼吸器内科_耳鼻いんこう科_放射線科】広島県安芸高田市吉田町山手５８５", "url": "https://www.iryou.teikyouseido.mhlw.go.jp/znk-web/juminkanja/S2430/initialize?prefCd=34&kikanCd=2340268180&kikanKbn=2", "url2": "http://sasakiclinic.jp" }, "geometry": { "type": "Point", "coordinates": [ 132.67501, 34.651125 ] } },
{ "type": "Feature", "properties": { "内容": "渡辺内科医院【2:診療所】【診療科目:内科_糖尿病内科_胃腸内科_小児科】広島県府中市府川町１００―１９", "url": "https://www.iryou.teikyouseido.mhlw.go.jp/znk-web/juminkanja/S2430/initialize?prefCd=34&kikanCd=2340268630&kikanKbn=2", "url2": null }, "geometry": { "type": "Point", "coordinates": [ 133.24102, 34.568505 ] } },
{ "type": "Feature", "properties": { "内容": "医療法人　渡部内科医院【2:診療所】【診療科目:内科_呼吸器内科_循環器内科_胃腸内科_小児科】広島県広島市東区牛田新町１丁目６番３６号", "url": "https://www.iryou.teikyouseido.mhlw.go.jp/znk-web/juminkanja/S2430/initialize?prefCd=34&kikanCd=2340268760&kikanKbn=2", "url2": null }, "geometry": { "type": "Point", "coordinates": [ 132.46576, 34.420508 ] } },
{ "type": "Feature", "properties": { "内容": "医療法人社団むつみ会　坂田医院【2:診療所】【診療科目:内科_胃腸内科_整形外科】広島県福山市丸之内２丁目１２番６号", "url": "https://www.iryou.teikyouseido.mhlw.go.jp/znk-web/juminkanja/S2430/initialize?prefCd=34&kikanCd=2340270460&kikanKbn=2", "url2": null }, "geometry": { "type": "Point", "coordinates": [ 133.358877, 34.493265 ] } },
{ "type": "Feature", "properties": { "内容": "医療法人社団　北野皮ふ科医院【2:診療所】【診療科目:皮膚科】広島県広島市佐伯区五日市駅前三丁目９番１４号", "url": "https://www.iryou.teikyouseido.mhlw.go.jp/znk-web/juminkanja/S2430/initialize?prefCd=34&kikanCd=2340270880&kikanKbn=2", "url2": null }, "geometry": { "type": "Point", "coordinates": [ 132.368215, 34.369289 ] } },
{ "type": "Feature", "properties": { "内容": "医療法人社団　さつき会　三上整形外科医院【2:診療所】【診療科目:整形外科_リウマチ科_リハビリテーション科】広島県広島市安佐南区長楽寺一丁目８番９号", "url": "https://www.iryou.teikyouseido.mhlw.go.jp/znk-web/juminkanja/S2430/initialize?prefCd=34&kikanCd=2340271210&kikanKbn=2", "url2": "https://www.mikami-seikeigeka.com/" }, "geometry": { "type": "Point", "coordinates": [ 132.434035, 34.472363 ] } },
{ "type": "Feature", "properties": { "内容": "医療法人社団　田中医院【2:診療所】【診療科目:内科_小児科】広島県呉市音戸町渡子二丁目２７番３号", "url": "https://www.iryou.teikyouseido.mhlw.go.jp/znk-web/juminkanja/S2430/initialize?prefCd=34&kikanCd=2340273490&kikanKbn=2", "url2": null }, "geometry": { "type": "Point", "coordinates": [ 132.513378, 34.189644 ] } },
{ "type": "Feature", "properties": { "内容": "医療法人　康和会　占部内科医院【2:診療所】【診療科目:内科】広島県福山市川口町５丁目１６番５３号", "url": "https://www.iryou.teikyouseido.mhlw.go.jp/znk-web/juminkanja/S2430/initialize?prefCd=34&kikanCd=2340274370&kikanKbn=2", "url2": null }, "geometry": { "type": "Point", "coordinates": [ 133.382571, 34.462464 ] } },
{ "type": "Feature", "properties": { "内容": "かたぎりこども診療所【2:診療所】【診療科目:小児科】広島県呉市海岸２―２―９", "url": "https://www.iryou.teikyouseido.mhlw.go.jp/znk-web/juminkanja/S2430/initialize?prefCd=34&kikanCd=2340274950&kikanKbn=2", "url2": null }, "geometry": { "type": "Point", "coordinates": [ 132.546123, 34.246948 ] } },
{ "type": "Feature", "properties": { "内容": "なかたに外科・在宅クリニック【2:診療所】【診療科目:内科_疼痛緩和内科_外科_整形外科】広島県広島市南区西霞町１３－２７", "url": "https://www.iryou.teikyouseido.mhlw.go.jp/znk-web/juminkanja/S2430/initialize?prefCd=34&kikanCd=2340275700&kikanKbn=2", "url2": "https://www.nakatanigeka.com/" }, "geometry": { "type": "Point", "coordinates": [ 132.48215, 34.377374 ] } },
{ "type": "Feature", "properties": { "内容": "友和クリニック【2:診療所】【診療科目:内科_神経内科_整形外科_精神科】広島県広島市南区稲荷町５－４　山田ビル　２Ｆ", "url": "https://www.iryou.teikyouseido.mhlw.go.jp/znk-web/juminkanja/S2430/initialize?prefCd=34&kikanCd=2340275830&kikanKbn=2", "url2": null }, "geometry": { "type": "Point", "coordinates": [ 132.470734, 34.391289 ] } },
{ "type": "Feature", "properties": { "内容": "医療法人社団　生仁会　福井内科医院【2:診療所】【診療科目:内科_糖尿病内科_呼吸器内科_循環器内科_消化器内科_緩和ケア内科_小児科_美容皮膚科_放射線科_麻酔科】広島県広島市安佐南区長楽寺２丁目１３番２６号", "url": "https://www.iryou.teikyouseido.mhlw.go.jp/znk-web/juminkanja/S2430/initialize?prefCd=34&kikanCd=2340276000&kikanKbn=2", "url2": "seijinkai-clinic.com" }, "geometry": { "type": "Point", "coordinates": [ 132.427206, 34.469502 ] } },
{ "type": "Feature", "properties": { "内容": "医療法人　博善会　長尾医院【2:診療所】【診療科目:内科_整形外科_泌尿器科系その他_リハビリテーション科】広島県広島市安佐南区西原４－１７－１１", "url": "https://www.iryou.teikyouseido.mhlw.go.jp/znk-web/juminkanja/S2430/initialize?prefCd=34&kikanCd=2340276130&kikanKbn=2", "url2": "https://www.hakuzenkai.jp/clinic/" }, "geometry": { "type": "Point", "coordinates": [ 132.467614, 34.437773 ] } },
{ "type": "Feature", "properties": { "内容": "医療法人社団　芳谷眼科医院【2:診療所】【診療科目:眼科】広島県広島市東区温品５－２－２３", "url": "https://www.iryou.teikyouseido.mhlw.go.jp/znk-web/juminkanja/S2430/initialize?prefCd=34&kikanCd=2340276390&kikanKbn=2", "url2": "http://yoshitani-ganka.com/" }, "geometry": { "type": "Point", "coordinates": [ 132.507924, 34.41262 ] } },
{ "type": "Feature", "properties": { "内容": "津島医院【2:診療所】【診療科目:内科_小児科_皮膚科】広島県三次市三和町敷名４８３０―１", "url": "https://www.iryou.teikyouseido.mhlw.go.jp/znk-web/juminkanja/S2430/initialize?prefCd=34&kikanCd=2340277270&kikanKbn=2", "url2": null }, "geometry": { "type": "Point", "coordinates": [ 132.85244, 34.660128 ] } },
{ "type": "Feature", "properties": { "内容": "医療法人社団　金谷医院【2:診療所】【診療科目:内科_呼吸器内科_消化器内科】広島県広島市東区福田１丁目７２４番地の１", "url": "https://www.iryou.teikyouseido.mhlw.go.jp/znk-web/juminkanja/S2430/initialize?prefCd=34&kikanCd=2340277690&kikanKbn=2", "url2": null }, "geometry": { "type": "Point", "coordinates": [ 132.539947, 34.451811 ] } },
{ "type": "Feature", "properties": { "内容": "医療法人社団　山下内科医院【2:診療所】【診療科目:内科_糖尿病内科_呼吸器内科_循環器内科_消化器内科_小児科_放射線科】広島県広島市中区西川口町１２－７", "url": "https://www.iryou.teikyouseido.mhlw.go.jp/znk-web/juminkanja/S2430/initialize?prefCd=34&kikanCd=2340277720&kikanKbn=2", "url2": "https://www.yamasita-naika-clinic.com/" }, "geometry": { "type": "Point", "coordinates": [ 132.43957, 34.381067 ] } },
{ "type": "Feature", "properties": { "内容": "医療法人社団　田中眼科医院【2:診療所】【診療科目:眼科】広島県広島市南区翠１丁目３番１５号", "url": "https://www.iryou.teikyouseido.mhlw.go.jp/znk-web/juminkanja/S2430/initialize?prefCd=34&kikanCd=2340277850&kikanKbn=2", "url2": null }, "geometry": { "type": "Point", "coordinates": [ 132.464902, 34.370152 ] } },
{ "type": "Feature", "properties": { "内容": "医療法人社団アイオワ　戸坂外科医院【2:診療所】【診療科目:胃腸内科_外科_整形外科】広島県広島市東区戸坂千足２－５－１６", "url": "https://www.iryou.teikyouseido.mhlw.go.jp/znk-web/juminkanja/S2430/initialize?prefCd=34&kikanCd=2340278020&kikanKbn=2", "url2": "http://www.hesaka-geka.jp/" }, "geometry": { "type": "Point", "coordinates": [ 132.485036, 34.438006 ] } },
{ "type": "Feature", "properties": { "内容": "山下内科医院【2:診療所】【診療科目:内科】広島県広島市西区山田新町２丁目２３番１号", "url": "https://www.iryou.teikyouseido.mhlw.go.jp/znk-web/juminkanja/S2430/initialize?prefCd=34&kikanCd=2340278150&kikanKbn=2", "url2": null }, "geometry": { "type": "Point", "coordinates": [ 132.386796, 34.397703 ] } },
{ "type": "Feature", "properties": { "内容": "池上内科小児科医院【2:診療所】【診療科目:内科_消化器内科_胃腸内科_小児科】広島県広島市安佐南区西原８－３９－１２", "url": "https://www.iryou.teikyouseido.mhlw.go.jp/znk-web/juminkanja/S2430/initialize?prefCd=34&kikanCd=2340278600&kikanKbn=2", "url2": null }, "geometry": { "type": "Point", "coordinates": [ 132.472759, 34.441478 ] } },
{ "type": "Feature", "properties": { "内容": "大浜診療所【2:診療所】【診療科目:内科_呼吸器内科_循環器内科_外科_整形外科】広島県呉市豊浜町大浜３６８番地の１", "url": "https://www.iryou.teikyouseido.mhlw.go.jp/znk-web/juminkanja/S2430/initialize?prefCd=34&kikanCd=2340279740&kikanKbn=2", "url2": null }, "geometry": { "type": "Point", "coordinates": [ 132.809244, 34.164846 ] } },
{ "type": "Feature", "properties": { "内容": "医療法人社団黎明会　さくらの丘クリニック【2:診療所】【診療科目:内科_循環器内科_胃腸内科_リハビリテーション科】広島県福山市駅家町法成寺１０８", "url": "https://www.iryou.teikyouseido.mhlw.go.jp/znk-web/juminkanja/S2430/initialize?prefCd=34&kikanCd=2340280270&kikanKbn=2", "url2": "http://ekiya-sakura.jp" }, "geometry": { "type": "Point", "coordinates": [ 133.325933, 34.553953 ] } },
{ "type": "Feature", "properties": { "内容": "浜田医院【2:診療所】【診療科目:内科_呼吸器内科_小児科】広島県広島市安芸区矢野東２－３１－１０", "url": "https://www.iryou.teikyouseido.mhlw.go.jp/znk-web/juminkanja/S2430/initialize?prefCd=34&kikanCd=2340280850&kikanKbn=2", "url2": null }, "geometry": { "type": "Point", "coordinates": [ 132.535997, 34.355633 ] } },
{ "type": "Feature", "properties": { "内容": "医療法人　くが眼科医院【2:診療所】【診療科目:眼科】広島県広島市佐伯区五日市中央７－１２－１", "url": "https://www.iryou.teikyouseido.mhlw.go.jp/znk-web/juminkanja/S2430/initialize?prefCd=34&kikanCd=2340281020&kikanKbn=2", "url2": "http://www.kugaganka.jp" }, "geometry": { "type": "Point", "coordinates": [ 132.356521, 34.383176 ] } },
{ "type": "Feature", "properties": { "内容": "医療法人長谷川整形外科【2:診療所】【診療科目:整形外科】広島県廿日市市塩屋２丁目２番１６", "url": "https://www.iryou.teikyouseido.mhlw.go.jp/znk-web/juminkanja/S2430/initialize?prefCd=34&kikanCd=2340281150&kikanKbn=2", "url2": null }, "geometry": { "type": "Point", "coordinates": [ 132.26414, 34.282715 ] } },
{ "type": "Feature", "properties": { "内容": "上野整形外科【2:診療所】【診療科目:整形外科_リウマチ科_リハビリテーション科】広島県尾道市高須町１２８６―３", "url": "https://www.iryou.teikyouseido.mhlw.go.jp/znk-web/juminkanja/S2430/initialize?prefCd=34&kikanCd=2340281570&kikanKbn=2", "url2": "ueno-seikeigeka.com" }, "geometry": { "type": "Point", "coordinates": [ 133.22728, 34.429964 ] } },
{ "type": "Feature", "properties": { "内容": "医療法人社団緑樹会　佐々木内科【2:診療所】【診療科目:内科_呼吸器内科_循環器内科_消化器内科_心療内科_アレルギー科_放射線科】広島県府中市中須町２８―２", "url": "https://www.iryou.teikyouseido.mhlw.go.jp/znk-web/juminkanja/S2430/initialize?prefCd=34&kikanCd=2340281860&kikanKbn=2", "url2": null }, "geometry": { "type": "Point", "coordinates": [ 133.269576, 34.554702 ] } },
{ "type": "Feature", "properties": { "内容": "医療法人　中村耳鼻咽喉科医院【2:診療所】【診療科目:耳鼻いんこう科】広島県広島市安佐北区口田３－１－２８", "url": "https://www.iryou.teikyouseido.mhlw.go.jp/znk-web/juminkanja/S2430/initialize?prefCd=34&kikanCd=2340282450&kikanKbn=2", "url2": "https://nakamura-jibika.jimdo.com/" }, "geometry": { "type": "Point", "coordinates": [ 132.505533, 34.466253 ] } },
{ "type": "Feature", "properties": { "内容": "若林医院【2:診療所】【診療科目:内科_小児科_リハビリテーション科】広島県福山市春日町２丁目３番２９号", "url": "https://www.iryou.teikyouseido.mhlw.go.jp/znk-web/juminkanja/S2430/initialize?prefCd=34&kikanCd=2340282740&kikanKbn=2", "url2": null }, "geometry": { "type": "Point", "coordinates": [ 133.411511, 34.509959 ] } },
{ "type": "Feature", "properties": { "内容": "医療法人　名草内科胃腸科医院【2:診療所】【診療科目:内科_循環器内科_胃腸内科_神経内科_小児科】広島県広島市安佐北区落合１丁目２番６号", "url": "https://www.iryou.teikyouseido.mhlw.go.jp/znk-web/juminkanja/S2430/initialize?prefCd=34&kikanCd=2340283040&kikanKbn=2", "url2": null }, "geometry": { "type": "Point", "coordinates": [ 132.507616, 34.477252 ] } },
{ "type": "Feature", "properties": { "内容": "にしえクリニック【2:診療所】【診療科目:内科_胃腸内科_外科_肛門外科】広島県福山市宝町５―２５", "url": "https://www.iryou.teikyouseido.mhlw.go.jp/znk-web/juminkanja/S2430/initialize?prefCd=34&kikanCd=2340284500&kikanKbn=2", "url2": "http://nishie-clinic.com/" }, "geometry": { "type": "Point", "coordinates": [ 133.366571, 34.489191 ] } },
{ "type": "Feature", "properties": { "内容": "医療法人社団　古川医院【2:診療所】【診療科目:内科_糖尿病内科_代謝内科_呼吸器内科_循環器内科_消化器内科_老年内科】広島県広島市南区東雲本町１丁目１番２号", "url": "https://www.iryou.teikyouseido.mhlw.go.jp/znk-web/juminkanja/S2430/initialize?prefCd=34&kikanCd=2340285480&kikanKbn=2", "url2": "http://www.furukawa-iin.net/" }, "geometry": { "type": "Point", "coordinates": [ 132.483927, 34.384373 ] } },
{ "type": "Feature", "properties": { "内容": "村上内科循環器科医院【2:診療所】【診療科目:内科_循環器内科_消化器内科】広島県福山市道三町５―１５", "url": "https://www.iryou.teikyouseido.mhlw.go.jp/znk-web/juminkanja/S2430/initialize?prefCd=34&kikanCd=2340285800&kikanKbn=2", "url2": null }, "geometry": { "type": "Point", "coordinates": [ 133.363322, 34.481878 ] } },
{ "type": "Feature", "properties": { "内容": "大日方小児科医院【2:診療所】【診療科目:小児科】広島県福山市光南町３丁目２番８号", "url": "https://www.iryou.teikyouseido.mhlw.go.jp/znk-web/juminkanja/S2430/initialize?prefCd=34&kikanCd=2340285930&kikanKbn=2", "url2": null }, "geometry": { "type": "Point", "coordinates": [ 133.368182, 34.478004 ] } },
{ "type": "Feature", "properties": { "内容": "医療法人　辰上内科医院【2:診療所】【診療科目:内科_消化器内科】広島県広島市安佐南区緑井３丁目１０番１１号", "url": "https://www.iryou.teikyouseido.mhlw.go.jp/znk-web/juminkanja/S2430/initialize?prefCd=34&kikanCd=2340286100&kikanKbn=2", "url2": "https://www.tatsugami-clinic.com/doctor" }, "geometry": { "type": "Point", "coordinates": [ 132.468341, 34.467669 ] } },
{ "type": "Feature", "properties": { "内容": "山田内科医院【2:診療所】【診療科目:内科】広島県広島市南区西霞町１９－１５", "url": "https://www.iryou.teikyouseido.mhlw.go.jp/znk-web/juminkanja/S2430/initialize?prefCd=34&kikanCd=2340286490&kikanKbn=2", "url2": null }, "geometry": { "type": "Point", "coordinates": [ 132.48084, 34.373647 ] } },
{ "type": "Feature", "properties": { "内容": "医療法人創樹会　もりた心療内科クリニック【2:診療所】【診療科目:内科_心臓内科_老年内科_児童精神科_精神科_神経科_老年精神科_精神科系その他】広島県広島市中区大手町２丁目１－４　広島本通マークビル５Ｆ", "url": "https://www.iryou.teikyouseido.mhlw.go.jp/znk-web/juminkanja/S2430/initialize?prefCd=34&kikanCd=2340286650&kikanKbn=2", "url2": "http://www.morita-mental-clinic.com" }, "geometry": { "type": "Point", "coordinates": [ 132.456517, 34.392942 ] } },
{ "type": "Feature", "properties": { "内容": "長外科胃腸科医院【2:診療所】【診療科目:内科_胃腸内科_外科_肛門外科_整形外科_皮膚科】広島県福山市駅家町法成寺４－１", "url": "https://www.iryou.teikyouseido.mhlw.go.jp/znk-web/juminkanja/S2430/initialize?prefCd=34&kikanCd=2340287530&kikanKbn=2", "url2": "http://www.mars.dti.ne.jp/~chogeka" }, "geometry": { "type": "Point", "coordinates": [ 133.334293, 34.55412 ] } },
{ "type": "Feature", "properties": { "内容": "医療法人　咸宜会　よしだハートクリニック【2:診療所】【診療科目:内科_糖尿病内科_循環器内科】広島県広島市中区大手町３－１３－８　本逕寺ビル２Ｆ", "url": "https://www.iryou.teikyouseido.mhlw.go.jp/znk-web/juminkanja/S2430/initialize?prefCd=34&kikanCd=2340288250&kikanKbn=2", "url2": "https://yoshida-heart.sakura.ne.jp" }, "geometry": { "type": "Point", "coordinates": [ 132.453874, 34.386428 ] } },
{ "type": "Feature", "properties": { "内容": "医療法人社団　升島医院【2:診療所】【診療科目:内科_消化器内科】広島県広島市南区宇品神田２－３－１９", "url": "https://www.iryou.teikyouseido.mhlw.go.jp/znk-web/juminkanja/S2430/initialize?prefCd=34&kikanCd=2340288410&kikanKbn=2", "url2": null }, "geometry": { "type": "Point", "coordinates": [ 132.465763, 34.366013 ] } },
{ "type": "Feature", "properties": { "内容": "医療法人　三好内科医院【2:診療所】【診療科目:内科_消化器内科_胃腸内科_内視鏡内科_肛門外科】広島県広島市西区天満町１７－１", "url": "https://www.iryou.teikyouseido.mhlw.go.jp/znk-web/juminkanja/S2430/initialize?prefCd=34&kikanCd=2340290080&kikanKbn=2", "url2": "http://www.miyoshi-naika.jp" }, "geometry": { "type": "Point", "coordinates": [ 132.43968, 34.396121 ] } },
{ "type": "Feature", "properties": { "内容": "医療法人社団豊和会　豊田内科胃腸科【2:診療所】【診療科目:内科_胃腸内科_放射線科】広島県呉市伏原一丁目８－１３", "url": "https://www.iryou.teikyouseido.mhlw.go.jp/znk-web/juminkanja/S2430/initialize?prefCd=34&kikanCd=2340290530&kikanKbn=2", "url2": "toyota-clinic.com/" }, "geometry": { "type": "Point", "coordinates": [ 132.576428, 34.253259 ] } },
{ "type": "Feature", "properties": { "内容": "医療法人社団　藤原医院【2:診療所】【診療科目:内科_呼吸器内科_循環器内科_消化器内科_アレルギー疾患内科】広島県東広島市高屋町檜山４４８－１", "url": "https://www.iryou.teikyouseido.mhlw.go.jp/znk-web/juminkanja/S2430/initialize?prefCd=34&kikanCd=2340290790&kikanKbn=2", "url2": "http://iin.fujiwaramed.com/" }, "geometry": { "type": "Point", "coordinates": [ 132.767256, 34.441008 ] } },
{ "type": "Feature", "properties": { "内容": "医療法人社団　竹本医院【2:診療所】【診療科目:内科_呼吸器内科】広島県広島市南区宇品海岸２丁目２－１１", "url": "https://www.iryou.teikyouseido.mhlw.go.jp/znk-web/juminkanja/S2430/initialize?prefCd=34&kikanCd=2340291120&kikanKbn=2", "url2": null }, "geometry": { "type": "Point", "coordinates": [ 132.462014, 34.355987 ] } },
{ "type": "Feature", "properties": { "内容": "医療法人純心会　行武医院【2:診療所】【診療科目:内科_呼吸器内科_循環器内科_消化器内科_放射線科】広島県広島市安芸区矢野西１－３－２", "url": "https://www.iryou.teikyouseido.mhlw.go.jp/znk-web/juminkanja/S2430/initialize?prefCd=34&kikanCd=2340292000&kikanKbn=2", "url2": "http://www.junshinkai.or.jp" }, "geometry": { "type": "Point", "coordinates": [ 132.534008, 34.354821 ] } },
{ "type": "Feature", "properties": { "内容": "医療法人　たけだ内科循環器クリニック【2:診療所】【診療科目:内科_循環器内科】広島県広島市佐伯区五日市中央７丁目８番５号", "url": "https://www.iryou.teikyouseido.mhlw.go.jp/znk-web/juminkanja/S2430/initialize?prefCd=34&kikanCd=2340292260&kikanKbn=2", "url2": "http://www.takeda-cl.info/" }, "geometry": { "type": "Point", "coordinates": [ 132.357521, 34.384093 ] } },
{ "type": "Feature", "properties": { "内容": "医療法人社団まこと会　神辺内科医院【2:診療所】【診療科目:内科_消化器内科】広島県福山市野上町２－１０－２９", "url": "https://www.iryou.teikyouseido.mhlw.go.jp/znk-web/juminkanja/S2430/initialize?prefCd=34&kikanCd=2340292390&kikanKbn=2", "url2": "http://www.kanbe.or.jp" }, "geometry": { "type": "Point", "coordinates": [ 133.362735, 34.477275 ] } },
{ "type": "Feature", "properties": { "内容": "大岩内科【2:診療所】【診療科目:内科_循環器内科_胃腸内科】広島県広島市中区鉄砲町２－６", "url": "https://www.iryou.teikyouseido.mhlw.go.jp/znk-web/juminkanja/S2430/initialize?prefCd=34&kikanCd=2340293720&kikanKbn=2", "url2": null }, "geometry": { "type": "Point", "coordinates": [ 132.465119, 34.396727 ] } },
{ "type": "Feature", "properties": { "内容": "医療法人社団　杉本クリニック【2:診療所】【診療科目:耳鼻いんこう科_アレルギー科】広島県広島市中区国泰寺町２丁目４番２号", "url": "https://www.iryou.teikyouseido.mhlw.go.jp/znk-web/juminkanja/S2430/initialize?prefCd=34&kikanCd=2340294600&kikanKbn=2", "url2": "http://www.sugimoto-clinic.or.jp" }, "geometry": { "type": "Point", "coordinates": [ 132.455133, 34.383379 ] } },
{ "type": "Feature", "properties": { "内容": "木下皮膚科医院【2:診療所】【診療科目:皮膚科】広島県広島市南区上東雲町３２－１３", "url": "https://www.iryou.teikyouseido.mhlw.go.jp/znk-web/juminkanja/S2430/initialize?prefCd=34&kikanCd=2340294860&kikanKbn=2", "url2": null }, "geometry": { "type": "Point", "coordinates": [ 132.486023, 34.384043 ] } },
{ "type": "Feature", "properties": { "内容": "医療法人社団　ほむら会　砂川クリニック【2:診療所】【診療科目:内科_外科_整形外科】広島県広島市安佐南区八木７丁目６番２５号", "url": "https://www.iryou.teikyouseido.mhlw.go.jp/znk-web/juminkanja/S2430/initialize?prefCd=34&kikanCd=2340294990&kikanKbn=2", "url2": "https://www.sunakawa-cl.com" }, "geometry": { "type": "Point", "coordinates": [ 132.502227, 34.487473 ] } },
{ "type": "Feature", "properties": { "内容": "冨原脳神経外科医院【2:診療所】【診療科目:神経内科_脳神経外科_放射線科】広島県広島市南区宇品神田２丁目１２番１６号", "url": "https://www.iryou.teikyouseido.mhlw.go.jp/znk-web/juminkanja/S2430/initialize?prefCd=34&kikanCd=2340295610&kikanKbn=2", "url2": "http://www.tomihara-cl.com/       http://fdoc.jp/sp/clinic/detail/inde/id46656/" }, "geometry": { "type": "Point", "coordinates": [ 132.464698, 34.365552 ] } },
{ "type": "Feature", "properties": { "内容": "日高内科医院【2:診療所】【診療科目:内科_消化器内科_内視鏡内科】広島県広島市安佐南区上安２－３２－２１", "url": "https://www.iryou.teikyouseido.mhlw.go.jp/znk-web/juminkanja/S2430/initialize?prefCd=34&kikanCd=2340295870&kikanKbn=2", "url2": "https://hidaka-naika.jp" }, "geometry": { "type": "Point", "coordinates": [ 132.443676, 34.476196 ] } },
{ "type": "Feature", "properties": { "内容": "林医院【2:診療所】【診療科目:内科】広島県庄原市三日市町２７２番地", "url": "https://www.iryou.teikyouseido.mhlw.go.jp/znk-web/juminkanja/S2430/initialize?prefCd=34&kikanCd=2340296750&kikanKbn=2", "url2": null }, "geometry": { "type": "Point", "coordinates": [ 133.003663, 34.856631 ] } },
{ "type": "Feature", "properties": { "内容": "西谷内科【2:診療所】【診療科目:内科_リウマチ科】広島県福山市本町５番２０号", "url": "https://www.iryou.teikyouseido.mhlw.go.jp/znk-web/juminkanja/S2430/initialize?prefCd=34&kikanCd=2340297180&kikanKbn=2", "url2": null }, "geometry": { "type": "Point", "coordinates": [ 133.365294, 34.493766 ] } },
{ "type": "Feature", "properties": { "内容": "医療法人　井上小児科内科医院【2:診療所】【診療科目:内科_小児科_小児皮膚科】広島県福山市駅家町近田３７９番地の１", "url": "https://www.iryou.teikyouseido.mhlw.go.jp/znk-web/juminkanja/S2430/initialize?prefCd=34&kikanCd=2340297210&kikanKbn=2", "url2": null }, "geometry": { "type": "Point", "coordinates": [ 133.315212, 34.540899 ] } },
{ "type": "Feature", "properties": { "内容": "呉市医師会休日急患センター【2:診療所】【診療科目:内科_外科_小児科】広島県呉市朝日町１５－２４", "url": "https://www.iryou.teikyouseido.mhlw.go.jp/znk-web/juminkanja/S2430/initialize?prefCd=34&kikanCd=2340297920&kikanKbn=2", "url2": "http://www.kure.hiroshima.med.or.jp/" }, "geometry": { "type": "Point", "coordinates": [ 132.574954, 34.251444 ] } },
{ "type": "Feature", "properties": { "内容": "高橋ホームクリニック【2:診療所】【診療科目:内科_呼吸器内科_消化器内科_小児科】広島県東広島市八本松飯田六丁目１６－１２", "url": "https://www.iryou.teikyouseido.mhlw.go.jp/znk-web/juminkanja/S2430/initialize?prefCd=34&kikanCd=2340298800&kikanKbn=2", "url2": null }, "geometry": { "type": "Point", "coordinates": [ 132.704426, 34.452471 ] } },
{ "type": "Feature", "properties": { "内容": "新谷整形外科医院【2:診療所】【診療科目:整形外科_リウマチ科_リハビリテーション科_放射線科】広島県広島市安佐北区落合南７－４－２２", "url": "https://www.iryou.teikyouseido.mhlw.go.jp/znk-web/juminkanja/S2430/initialize?prefCd=34&kikanCd=2340299230&kikanKbn=2", "url2": null }, "geometry": { "type": "Point", "coordinates": [ 132.520281, 34.476141 ] } },
{ "type": "Feature", "properties": { "内容": "川西整形外科医院【2:診療所】【診療科目:整形外科】広島県呉市広大新開一丁目１番１０号", "url": "https://www.iryou.teikyouseido.mhlw.go.jp/znk-web/juminkanja/S2430/initialize?prefCd=34&kikanCd=2340299650&kikanKbn=2", "url2": null }, "geometry": { "type": "Point", "coordinates": [ 132.625117, 34.230697 ] } },
{ "type": "Feature", "properties": { "内容": "田辺泌尿器科医院【2:診療所】【診療科目:泌尿器科】広島県広島市中区舟入中町８番６号", "url": "https://www.iryou.teikyouseido.mhlw.go.jp/znk-web/juminkanja/S2430/initialize?prefCd=34&kikanCd=2340299780&kikanKbn=2", "url2": null }, "geometry": { "type": "Point", "coordinates": [ 132.443069, 34.386816 ] } },
{ "type": "Feature", "properties": { "内容": "医療法人社団南坊　南坊井上内科循環器科医院【2:診療所】【診療科目:内科_循環器内科_胃腸内科_小児科】広島県福山市駅家町近田５８２番地", "url": "https://www.iryou.teikyouseido.mhlw.go.jp/znk-web/juminkanja/S2430/initialize?prefCd=34&kikanCd=2340300240&kikanKbn=2", "url2": null }, "geometry": { "type": "Point", "coordinates": [ 133.311879, 34.545092 ] } },
{ "type": "Feature", "properties": { "内容": "医療法人社団　加美川クリニック【2:診療所】【診療科目:内科_人工透析内科_泌尿器科】広島県三次市十日市東１丁目４番１２号", "url": "https://www.iryou.teikyouseido.mhlw.go.jp/znk-web/juminkanja/S2430/initialize?prefCd=34&kikanCd=2340300370&kikanKbn=2", "url2": "http://kamikawa-clinic.or.jp/" }, "geometry": { "type": "Point", "coordinates": [ 132.857488, 34.804529 ] } },
{ "type": "Feature", "properties": { "内容": "戸谷医院【2:診療所】【診療科目:内科_小児科_老年精神科】広島県庄原市西本町二丁目１５－３１", "url": "https://www.iryou.teikyouseido.mhlw.go.jp/znk-web/juminkanja/S2430/initialize?prefCd=34&kikanCd=2340302420&kikanKbn=2", "url2": "http://seijin-kai.com/" }, "geometry": { "type": "Point", "coordinates": [ 133.009779, 34.856248 ] } },
{ "type": "Feature", "properties": { "内容": "医療法人社団　白市診療所【2:診療所】【診療科目:内科_腎臓内科】広島県東広島市高屋町白市７１６－１", "url": "https://www.iryou.teikyouseido.mhlw.go.jp/znk-web/juminkanja/S2430/initialize?prefCd=34&kikanCd=2340302710&kikanKbn=2", "url2": null }, "geometry": { "type": "Point", "coordinates": [ 132.822035, 34.456316 ] } },
{ "type": "Feature", "properties": { "内容": "医療法人社団　藤崎眼科医院【2:診療所】【診療科目:眼科】広島県福山市神辺町川南３１４３－１", "url": "https://www.iryou.teikyouseido.mhlw.go.jp/znk-web/juminkanja/S2430/initialize?prefCd=34&kikanCd=2340304150&kikanKbn=2", "url2": null }, "geometry": { "type": "Point", "coordinates": [ 133.380985, 34.538872 ] } },
{ "type": "Feature", "properties": { "内容": "医療法人社団　岸本医院【2:診療所】【診療科目:眼科】広島県安芸郡海田町窪町１０－１８", "url": "https://www.iryou.teikyouseido.mhlw.go.jp/znk-web/juminkanja/S2430/initialize?prefCd=34&kikanCd=2340304570&kikanKbn=2", "url2": null }, "geometry": { "type": "Point", "coordinates": [ 132.529396, 34.369931 ] } },
{ "type": "Feature", "properties": { "内容": "はらだ小児科医院【2:診療所】【診療科目:小児科】広島県広島市中区堺町２丁目６番２２号", "url": "https://www.iryou.teikyouseido.mhlw.go.jp/znk-web/juminkanja/S2430/initialize?prefCd=34&kikanCd=2340305320&kikanKbn=2", "url2": "https://www.haradashounika.jp" }, "geometry": { "type": "Point", "coordinates": [ 132.445874, 34.394649 ] } },
{ "type": "Feature", "properties": { "内容": "医療法人社団　孝風会　吉山クリニック【2:診療所】【診療科目:脳神経内科_脳神経外科_リハビリテーション科_放射線科】広島県広島市安佐北区可部南４丁目５番１０号", "url": "https://www.iryou.teikyouseido.mhlw.go.jp/znk-web/juminkanja/S2430/initialize?prefCd=34&kikanCd=2340305900&kikanKbn=2", "url2": "https://www.yoshiyama-cl.jp" }, "geometry": { "type": "Point", "coordinates": [ 132.510558, 34.510054 ] } },
{ "type": "Feature", "properties": { "内容": "奥坊クリニック【2:診療所】【診療科目:性感染症内科_整形外科_泌尿器科_リハビリテーション科】広島県福山市西桜町１－６－１", "url": "https://www.iryou.teikyouseido.mhlw.go.jp/znk-web/juminkanja/S2430/initialize?prefCd=34&kikanCd=2340306460&kikanKbn=2", "url2": "http://www.okunobou.or.jp" }, "geometry": { "type": "Point", "coordinates": [ 133.357746, 34.484083 ] } },
{ "type": "Feature", "properties": { "内容": "医療法人　武富眼科医院【2:診療所】【診療科目:眼科】広島県尾道市西則末町１－２９", "url": "https://www.iryou.teikyouseido.mhlw.go.jp/znk-web/juminkanja/S2430/initialize?prefCd=34&kikanCd=2340307340&kikanKbn=2", "url2": "https://www.taketomiganka.com/" }, "geometry": { "type": "Point", "coordinates": [ 133.188, 34.416893 ] } },
{ "type": "Feature", "properties": { "内容": "手島医院【2:診療所】【診療科目:内科_糖尿病内科_代謝内科_脂質代謝内科_循環器内科_心臓内科_消化器内科_腎臓内科_小児科】広島県呉市本通５丁目１番２４号", "url": "https://www.iryou.teikyouseido.mhlw.go.jp/znk-web/juminkanja/S2430/initialize?prefCd=34&kikanCd=2340307470&kikanKbn=2", "url2": "http://www.teshimaclinic.jp/" }, "geometry": { "type": "Point", "coordinates": [ 132.569926, 34.248694 ] } },
{ "type": "Feature", "properties": { "内容": "三原市医師会　休日夜間急患診療所【2:診療所】【診療科目:内科_外科_小児科】広島県三原市宮浦一丁目１５－１", "url": "https://www.iryou.teikyouseido.mhlw.go.jp/znk-web/juminkanja/S2430/initialize?prefCd=34&kikanCd=2340307500&kikanKbn=2", "url2": "http://mihara-hiroshima-med.jp/mma/holiday_night_emergency_clinic/" }, "geometry": { "type": "Point", "coordinates": [ 133.064236, 34.400213 ] } },
{ "type": "Feature", "properties": { "内容": "村上内科医院【2:診療所】【診療科目:内科_循環器内科】広島県廿日市市阿品台１丁目１２番２８号", "url": "https://www.iryou.teikyouseido.mhlw.go.jp/znk-web/juminkanja/S2430/initialize?prefCd=34&kikanCd=2340307760&kikanKbn=2", "url2": null }, "geometry": { "type": "Point", "coordinates": [ 132.315277, 34.330903 ] } },
{ "type": "Feature", "properties": { "内容": "児玉眼科医院【2:診療所】【診療科目:眼科】広島県安芸高田市吉田町吉田７７０番地", "url": "https://www.iryou.teikyouseido.mhlw.go.jp/znk-web/juminkanja/S2430/initialize?prefCd=34&kikanCd=2340308640&kikanKbn=2", "url2": null }, "geometry": { "type": "Point", "coordinates": [ 132.704729, 34.667902 ] } },
{ "type": "Feature", "properties": { "内容": "医療法人社団博寿会　山下医院【2:診療所】【診療科目:胃腸内科_人工透析内科_外科_耳鼻いんこう科_アレルギー科_リハビリテーション科_放射線科】広島県広島市安佐北区口田１－１５－１０", "url": "https://www.iryou.teikyouseido.mhlw.go.jp/znk-web/juminkanja/S2430/initialize?prefCd=34&kikanCd=2340309100&kikanKbn=2", "url2": "https://www.yamashita-hakujukai.jp/" }, "geometry": { "type": "Point", "coordinates": [ 132.495256, 34.461698 ] } },
{ "type": "Feature", "properties": { "内容": "石田医院【2:診療所】【診療科目:内科_胃腸内科】広島県広島市西区庚午中３丁目１番１号", "url": "https://www.iryou.teikyouseido.mhlw.go.jp/znk-web/juminkanja/S2430/initialize?prefCd=34&kikanCd=2340309360&kikanKbn=2", "url2": null }, "geometry": { "type": "Point", "coordinates": [ 132.414489, 34.383761 ] } },
{ "type": "Feature", "properties": { "内容": "博美医院【2:診療所】【診療科目:腎臓内科_人工透析内科】広島県広島市西区観音本町１丁目７番２６号", "url": "https://www.iryou.teikyouseido.mhlw.go.jp/znk-web/juminkanja/S2430/initialize?prefCd=34&kikanCd=2340309490&kikanKbn=2", "url2": null }, "geometry": { "type": "Point", "coordinates": [ 132.437153, 34.389733 ] } },
{ "type": "Feature", "properties": { "内容": "医療法人　かがやき会　奥田整形外科皮膚科医院【2:診療所】【診療科目:整形外科_皮膚科_リハビリテーション科】広島県広島市西区井口明神１丁目１５番２１号", "url": "https://www.iryou.teikyouseido.mhlw.go.jp/znk-web/juminkanja/S2430/initialize?prefCd=34&kikanCd=2340309520&kikanKbn=2", "url2": null }, "geometry": { "type": "Point", "coordinates": [ 132.391769, 34.372372 ] } },
{ "type": "Feature", "properties": { "内容": "医療法人社団　岩崎内科医院【2:診療所】【診療科目:内科_循環器内科】広島県広島市南区南蟹屋１－３－３４", "url": "https://www.iryou.teikyouseido.mhlw.go.jp/znk-web/juminkanja/S2430/initialize?prefCd=34&kikanCd=2340309650&kikanKbn=2", "url2": null }, "geometry": { "type": "Point", "coordinates": [ 132.484121, 34.39015 ] } },
{ "type": "Feature", "properties": { "内容": "医療法人社団　ちゃたに脳神経すいみんクリニック【2:診療所】【診療科目:内科_脳神経内科】広島県広島市中区大手町５丁目７番３号　ビアビアンカマツオビル３階", "url": "https://www.iryou.teikyouseido.mhlw.go.jp/znk-web/juminkanja/S2430/initialize?prefCd=34&kikanCd=2340310180&kikanKbn=2", "url2": "chatani-naika.com" }, "geometry": { "type": "Point", "coordinates": [ 132.451996, 34.383375 ] } },
{ "type": "Feature", "properties": { "内容": "医療法人社団　仁井谷医院【2:診療所】【診療科目:内科_外科_整形外科_形成外科_皮膚科_リハビリテーション科】広島県呉市音戸町高須３－７－２", "url": "https://www.iryou.teikyouseido.mhlw.go.jp/znk-web/juminkanja/S2430/initialize?prefCd=34&kikanCd=2340310470&kikanKbn=2", "url2": "http://www.niitani-iin.jp/" }, "geometry": { "type": "Point", "coordinates": [ 132.539793, 34.188061 ] } },
{ "type": "Feature", "properties": { "内容": "三上整形外科医院【2:診療所】【診療科目:整形外科_リハビリテーション科】広島県広島市佐伯区八幡２－２５－２３", "url": "https://www.iryou.teikyouseido.mhlw.go.jp/znk-web/juminkanja/S2430/initialize?prefCd=34&kikanCd=2340310630&kikanKbn=2", "url2": null }, "geometry": { "type": "Point", "coordinates": [ 132.355827, 34.388842 ] } },
{ "type": "Feature", "properties": { "内容": "平田内科小児科医院【2:診療所】【診療科目:内科_小児科_皮膚科_放射線科】広島県廿日市市阿品台４丁目１番２６号", "url": "https://www.iryou.teikyouseido.mhlw.go.jp/znk-web/juminkanja/S2430/initialize?prefCd=34&kikanCd=2340310760&kikanKbn=2", "url2": "https://hiratamedical.com/" }, "geometry": { "type": "Point", "coordinates": [ 132.30863, 34.329285 ] } },
{ "type": "Feature", "properties": { "内容": "藤田小児科医院【2:診療所】【診療科目:小児科】広島県安芸郡熊野町萩原６丁目２６番４号", "url": "https://www.iryou.teikyouseido.mhlw.go.jp/znk-web/juminkanja/S2430/initialize?prefCd=34&kikanCd=2340311770&kikanKbn=2", "url2": null }, "geometry": { "type": "Point", "coordinates": [ 132.590062, 34.3419 ] } },
{ "type": "Feature", "properties": { "内容": "福原内科医院【2:診療所】【診療科目:内科_循環器内科_心臓内科】広島県尾道市新浜２－２－３", "url": "https://www.iryou.teikyouseido.mhlw.go.jp/znk-web/juminkanja/S2430/initialize?prefCd=34&kikanCd=2340312490&kikanKbn=2", "url2": null }, "geometry": { "type": "Point", "coordinates": [ 133.179674, 34.400918 ] } },
{ "type": "Feature", "properties": { "内容": "広畑内科・もり皮膚科【2:診療所】【診療科目:内科_消化器内科_皮膚科】広島県福山市横尾町１－２１－８", "url": "https://www.iryou.teikyouseido.mhlw.go.jp/znk-web/juminkanja/S2430/initialize?prefCd=34&kikanCd=2340312650&kikanKbn=2", "url2": "http://www.h-m-cl.com/" }, "geometry": { "type": "Point", "coordinates": [ 133.364542, 34.51868 ] } },
{ "type": "Feature", "properties": { "内容": "北広島町八幡診療所【2:診療所】【診療科目:内科】広島県山県郡北広島町西八幡原１４５３－１３", "url": "https://www.iryou.teikyouseido.mhlw.go.jp/znk-web/juminkanja/S2430/initialize?prefCd=34&kikanCd=2340312780&kikanKbn=2", "url2": null }, "geometry": { "type": "Point", "coordinates": [ 132.172327, 34.708583 ] } },
{ "type": "Feature", "properties": { "内容": "藤井整形形成外科医院【2:診療所】【診療科目:整形外科_形成外科_リウマチ科_リハビリテーション科】広島県福山市奈良津町３丁目１－５", "url": "https://www.iryou.teikyouseido.mhlw.go.jp/znk-web/juminkanja/S2430/initialize?prefCd=34&kikanCd=2340312940&kikanKbn=2", "url2": "https://orthofujii.fmed.jp/" }, "geometry": { "type": "Point", "coordinates": [ 133.373793, 34.499376 ] } },
{ "type": "Feature", "properties": { "内容": "「ゼノ」診療所【2:診療所】【診療科目:内科_精神科_歯科】広島県福山市沼隈町草深７２２３番地", "url": "https://www.iryou.teikyouseido.mhlw.go.jp/znk-web/juminkanja/S2430/initialize?prefCd=34&kikanCd=2340313110&kikanKbn=2", "url2": null }, "geometry": { "type": "Point", "coordinates": [ 133.33249, 34.392602 ] } },
{ "type": "Feature", "properties": { "内容": "医療法人社団博和会　得本医院【2:診療所】【診療科目:外科_整形外科_リウマチ科】広島県尾道市向島町５４５０番地", "url": "https://www.iryou.teikyouseido.mhlw.go.jp/znk-web/juminkanja/S2430/initialize?prefCd=34&kikanCd=2340313370&kikanKbn=2", "url2": null }, "geometry": { "type": "Point", "coordinates": [ 133.200367, 34.39644 ] } },
{ "type": "Feature", "properties": { "内容": "医療法人　たがしら医院【2:診療所】【診療科目:内科_循環器内科】広島県尾道市美ノ郷町三成２６７５番地", "url": "https://www.iryou.teikyouseido.mhlw.go.jp/znk-web/juminkanja/S2430/initialize?prefCd=34&kikanCd=2340313400&kikanKbn=2", "url2": null }, "geometry": { "type": "Point", "coordinates": [ 133.195669, 34.449133 ] } },
{ "type": "Feature", "properties": { "内容": "大倉医院【2:診療所】【診療科目:内科_呼吸器内科_消化器内科_外科_肛門外科_整形外科_放射線科】広島県三次市南畑敷町２２７－１", "url": "https://www.iryou.teikyouseido.mhlw.go.jp/znk-web/juminkanja/S2430/initialize?prefCd=34&kikanCd=2340313530&kikanKbn=2", "url2": "http://tomomi-kai-med.com/" }, "geometry": { "type": "Point", "coordinates": [ 132.871959, 34.804807 ] } },
{ "type": "Feature", "properties": { "内容": "医療法人　宏慈会　桑原内科循環器科医院【2:診療所】【診療科目:内科】広島県竹原市中央二丁目２０番２５号", "url": "https://www.iryou.teikyouseido.mhlw.go.jp/znk-web/juminkanja/S2430/initialize?prefCd=34&kikanCd=2340314830&kikanKbn=2", "url2": "https://www.kuwahara-naika.info/" }, "geometry": { "type": "Point", "coordinates": [ 132.91131, 34.343385 ] } },
{ "type": "Feature", "properties": { "内容": "医療法人　山科内科医院【2:診療所】【診療科目:内科_呼吸器内科_循環器内科_消化器内科】広島県広島市佐伯区八幡２丁目２６番２５号", "url": "https://www.iryou.teikyouseido.mhlw.go.jp/znk-web/juminkanja/S2430/initialize?prefCd=34&kikanCd=2340315550&kikanKbn=2", "url2": null }, "geometry": { "type": "Point", "coordinates": [ 132.35612, 34.387649 ] } },
{ "type": "Feature", "properties": { "内容": "川岡内科クリニック【2:診療所】【診療科目:内科_循環器内科_消化器内科】広島県広島市佐伯区海老園２－３－８", "url": "https://www.iryou.teikyouseido.mhlw.go.jp/znk-web/juminkanja/S2430/initialize?prefCd=34&kikanCd=2340316140&kikanKbn=2", "url2": null }, "geometry": { "type": "Point", "coordinates": [ 132.360911, 34.366484 ] } },
{ "type": "Feature", "properties": { "内容": "瀬山備北内科【2:診療所】【診療科目:内科_呼吸器内科_アレルギー疾患内科_皮膚科_心療内科_アレルギー科_リハビリテーション科】広島県三次市十日市東四丁目３番７号", "url": "https://www.iryou.teikyouseido.mhlw.go.jp/znk-web/juminkanja/S2430/initialize?prefCd=34&kikanCd=2340316690&kikanKbn=2", "url2": null }, "geometry": { "type": "Point", "coordinates": [ 132.862013, 34.804684 ] } },
{ "type": "Feature", "properties": { "内容": "医療法人社団　回生会　永井医院【2:診療所】【診療科目:内科_外科】広島県尾道市瀬戸田町瀬戸田３４９－７", "url": "https://www.iryou.teikyouseido.mhlw.go.jp/znk-web/juminkanja/S2430/initialize?prefCd=34&kikanCd=2340317020&kikanKbn=2", "url2": null }, "geometry": { "type": "Point", "coordinates": [ 133.085749, 34.303055 ] } },
{ "type": "Feature", "properties": { "内容": "医療法人社団　住幸会　弓場医院【2:診療所】【診療科目:内科_外科_胃腸外科_肛門外科_整形外科】広島県尾道市因島土生町２０２３番５号", "url": "https://www.iryou.teikyouseido.mhlw.go.jp/znk-web/juminkanja/S2430/initialize?prefCd=34&kikanCd=2340317150&kikanKbn=2", "url2": null }, "geometry": { "type": "Point", "coordinates": [ 133.180596, 34.284312 ] } },
{ "type": "Feature", "properties": { "内容": "諫見内科眼科医院【2:診療所】【診療科目:内科_呼吸器内科_循環器内科_消化器内科_眼科_皮膚科_放射線科】広島県尾道市久保１丁目２番４号", "url": "https://www.iryou.teikyouseido.mhlw.go.jp/znk-web/juminkanja/S2430/initialize?prefCd=34&kikanCd=2340318030&kikanKbn=2", "url2": null }, "geometry": { "type": "Point", "coordinates": [ 133.202866, 34.41091 ] } },
{ "type": "Feature", "properties": { "内容": "医療法人社団　細田小児科医院【2:診療所】【診療科目:小児科】広島県安芸郡府中町浜田１－１－２８", "url": "https://www.iryou.teikyouseido.mhlw.go.jp/znk-web/juminkanja/S2430/initialize?prefCd=34&kikanCd=2340318450&kikanKbn=2", "url2": "http://www.hosoda-shonika.com/indexhtml" }, "geometry": { "type": "Point", "coordinates": [ 132.506819, 34.38842 ] } },
{ "type": "Feature", "properties": { "内容": "いぐち内科【2:診療所】【診療科目:内科_循環器内科_消化器内科】広島県福山市神辺町徳田８４６番地１号", "url": "https://www.iryou.teikyouseido.mhlw.go.jp/znk-web/juminkanja/S2430/initialize?prefCd=34&kikanCd=2340318580&kikanKbn=2", "url2": null }, "geometry": { "type": "Point", "coordinates": [ 133.371346, 34.550926 ] } },
{ "type": "Feature", "properties": { "内容": "医療法人　わかば会　岩本内科医院【2:診療所】【診療科目:内科_呼吸器内科_循環器内科_消化器内科】広島県広島市南区宇品西２丁目７－３１", "url": "https://www.iryou.teikyouseido.mhlw.go.jp/znk-web/juminkanja/S2430/initialize?prefCd=34&kikanCd=2340319200&kikanKbn=2", "url2": "http://iwamotoclinic.web.fc2.com/" }, "geometry": { "type": "Point", "coordinates": [ 132.459875, 34.365735 ] } },
{ "type": "Feature", "properties": { "内容": "医療法人社団　大井医院【2:診療所】【診療科目:内科_小児科_皮膚科】広島県江田島市大柿町大原５９０８－２", "url": "https://www.iryou.teikyouseido.mhlw.go.jp/znk-web/juminkanja/S2430/initialize?prefCd=34&kikanCd=2340320310&kikanKbn=2", "url2": null }, "geometry": { "type": "Point", "coordinates": [ 132.457727, 34.171942 ] } },
{ "type": "Feature", "properties": { "内容": "医療法人　中山整形外科医院【2:診療所】【診療科目:整形外科_リウマチ科_リハビリテーション科】広島県広島市東区中山東１丁目５－８", "url": "https://www.iryou.teikyouseido.mhlw.go.jp/znk-web/juminkanja/S2430/initialize?prefCd=34&kikanCd=2340320730&kikanKbn=2", "url2": null }, "geometry": { "type": "Point", "coordinates": [ 132.500703, 34.410231 ] } },
{ "type": "Feature", "properties": { "内容": "石原内科胃腸科【2:診療所】【診療科目:内科_胃腸内科】広島県福山市幕山台１－２０－２０", "url": "https://www.iryou.teikyouseido.mhlw.go.jp/znk-web/juminkanja/S2430/initialize?prefCd=34&kikanCd=2340321160&kikanKbn=2", "url2": null }, "geometry": { "type": "Point", "coordinates": [ 133.434037, 34.51332 ] } },
{ "type": "Feature", "properties": { "内容": "高橋歯科・整形外科【2:診療所】【診療科目:外科_肛門外科_整形外科_歯科_矯正歯科_歯科口腔外科_小児歯科_リハビリテーション科】広島県福山市新涯町三丁目１－２６", "url": "https://www.iryou.teikyouseido.mhlw.go.jp/znk-web/juminkanja/S2430/initialize?prefCd=34&kikanCd=2340321450&kikanKbn=2", "url2": "http://orthohigh.sakura.ne.jp/" }, "geometry": { "type": "Point", "coordinates": [ 133.387765, 34.462047 ] } },
{ "type": "Feature", "properties": { "内容": "三好医院【2:診療所】【診療科目:内科_消化器内科_胃腸内科_外科】広島県広島市中区東白島町１７番１号ロータリーマンション１階", "url": "https://www.iryou.teikyouseido.mhlw.go.jp/znk-web/juminkanja/S2430/initialize?prefCd=34&kikanCd=2340321870&kikanKbn=2", "url2": null }, "geometry": { "type": "Point", "coordinates": [ 132.46665, 34.404009 ] } },
{ "type": "Feature", "properties": { "内容": "医療法人社団俊幸会　中川外科胃腸科【2:診療所】【診療科目:消化器内科_外科_肛門外科】広島県広島市東区東蟹屋町１１番２３号", "url": "https://www.iryou.teikyouseido.mhlw.go.jp/znk-web/juminkanja/S2430/initialize?prefCd=34&kikanCd=2340321900&kikanKbn=2", "url2": "http://www.nakagawageka.jp" }, "geometry": { "type": "Point", "coordinates": [ 132.484054, 34.395933 ] } },
{ "type": "Feature", "properties": { "内容": "医療法人社団　平田耳鼻咽喉科【2:診療所】【診療科目:小児耳鼻いんこう科_耳鼻いんこう科_耳鼻いんこう科系その他】広島県福山市曙町五丁目２１－５０", "url": "https://www.iryou.teikyouseido.mhlw.go.jp/znk-web/juminkanja/S2430/initialize?prefCd=34&kikanCd=2340322330&kikanKbn=2", "url2": null }, "geometry": { "type": "Point", "coordinates": [ 133.394931, 34.467547 ] } },
{ "type": "Feature", "properties": { "内容": "さいとう小児科【2:診療所】【診療科目:小児科_アレルギー科】広島県福山市宝町５番２４号", "url": "https://www.iryou.teikyouseido.mhlw.go.jp/znk-web/juminkanja/S2430/initialize?prefCd=34&kikanCd=2340322590&kikanKbn=2", "url2": "http://saito-cl.org/index.html" }, "geometry": { "type": "Point", "coordinates": [ 133.366599, 34.489127 ] } },
{ "type": "Feature", "properties": { "内容": "医療法人社団　小田クリニック【2:診療所】【診療科目:内科_精神科_心療内科】広島県広島市中区鉄砲町６－１１", "url": "https://www.iryou.teikyouseido.mhlw.go.jp/znk-web/juminkanja/S2430/initialize?prefCd=34&kikanCd=2340322880&kikanKbn=2", "url2": "http://itp.ne.jp/info/0822232353/index.html" }, "geometry": { "type": "Point", "coordinates": [ 132.464651, 34.395482 ] } },
{ "type": "Feature", "properties": { "内容": "医療法人　ケーエスワイ　立町クリニック【2:診療所】【診療科目:内科_精神科_神経科_心療内科】広島県広島市中区立町２－２　立町中央ビル　６Ｆ", "url": "https://www.iryou.teikyouseido.mhlw.go.jp/znk-web/juminkanja/S2430/initialize?prefCd=34&kikanCd=2340323180&kikanKbn=2", "url2": "http://tatemachi-clinic.jp/" }, "geometry": { "type": "Point", "coordinates": [ 132.461068, 34.394149 ] } },
{ "type": "Feature", "properties": { "内容": "医療法人社団　ハイマート眼科クリニック【2:診療所】【診療科目:眼科】広島県広島市中区三川町３番１６号　ハイマートビル３階", "url": "https://www.iryou.teikyouseido.mhlw.go.jp/znk-web/juminkanja/S2430/initialize?prefCd=34&kikanCd=2340323500&kikanKbn=2", "url2": "http://www.heimat-eyeclinic.com" }, "geometry": { "type": "Point", "coordinates": [ 132.46139, 34.391077 ] } },
{ "type": "Feature", "properties": { "内容": "瀬戸ハイム内科【2:診療所】【診療科目:内科】広島県安芸郡府中町瀬戸ハイム１丁目２番２４号", "url": "https://www.iryou.teikyouseido.mhlw.go.jp/znk-web/juminkanja/S2430/initialize?prefCd=34&kikanCd=2340323890&kikanKbn=2", "url2": "http://www.seto816.com/home/" }, "geometry": { "type": "Point", "coordinates": [ 132.51598, 34.393511 ] } },
{ "type": "Feature", "properties": { "内容": "土橋内科医院【2:診療所】【診療科目:内科_呼吸器内科_循環器内科_消化器内科_胃腸内科】広島県尾道市美ノ郷町三成１０６５－１", "url": "https://www.iryou.teikyouseido.mhlw.go.jp/znk-web/juminkanja/S2430/initialize?prefCd=34&kikanCd=2340324190&kikanKbn=2", "url2": "http://www.seisaikai.or.jp" }, "geometry": { "type": "Point", "coordinates": [ 133.193254, 34.451239 ] } },
{ "type": "Feature", "properties": { "内容": "松村循環器・外科医院【2:診療所】【診療科目:内科_呼吸器内科_循環器内科_消化器内科_外科】広島県広島市佐伯区楽々園２丁目２－１９", "url": "https://www.iryou.teikyouseido.mhlw.go.jp/znk-web/juminkanja/S2430/initialize?prefCd=34&kikanCd=2340324480&kikanKbn=2", "url2": "http://www.matsumura-cc.jp/" }, "geometry": { "type": "Point", "coordinates": [ 132.350222, 34.363847 ] } },
{ "type": "Feature", "properties": { "内容": "医療法人　小園内科・循環器科【2:診療所】【診療科目:内科_呼吸器内科_循環器内科】広島県三原市城町二丁目２－１　第２勝原ビル２Ｆ", "url": "https://www.iryou.teikyouseido.mhlw.go.jp/znk-web/juminkanja/S2430/initialize?prefCd=34&kikanCd=2340324770&kikanKbn=2", "url2": "https://www.ozono-naika.com/" }, "geometry": { "type": "Point", "coordinates": [ 133.085932, 34.400187 ] } },
{ "type": "Feature", "properties": { "内容": "医療法人社団えとむ会　神人クリニック【2:診療所】【診療科目:内科_精神科_神経科】広島県広島市東区若草町１８－４６", "url": "https://www.iryou.teikyouseido.mhlw.go.jp/znk-web/juminkanja/S2430/initialize?prefCd=34&kikanCd=2340324930&kikanKbn=2", "url2": "http://www.jinnin-clinic.com/" }, "geometry": { "type": "Point", "coordinates": [ 132.480885, 34.396888 ] } },
{ "type": "Feature", "properties": { "内容": "医療法人　篠原医院【2:診療所】【診療科目:内科_循環器内科_消化器内科_肝臓内科】広島県広島市西区井口３丁目６－３５", "url": "https://www.iryou.teikyouseido.mhlw.go.jp/znk-web/juminkanja/S2430/initialize?prefCd=34&kikanCd=2340325520&kikanKbn=2", "url2": "www.shinohara-iin.net/" }, "geometry": { "type": "Point", "coordinates": [ 132.37627, 34.369678 ] } },
{ "type": "Feature", "properties": { "内容": "大瀬戸内科医院【2:診療所】【診療科目:内科_小児科】広島県安芸郡熊野町出来庭２丁目１８番１１号", "url": "https://www.iryou.teikyouseido.mhlw.go.jp/znk-web/juminkanja/S2430/initialize?prefCd=34&kikanCd=2340325780&kikanKbn=2", "url2": null }, "geometry": { "type": "Point", "coordinates": [ 132.575005, 34.332436 ] } },
{ "type": "Feature", "properties": { "内容": "山田整形外科医院【2:診療所】【診療科目:整形外科_リハビリテーション科】広島県三次市十日市西６－６－１０", "url": "https://www.iryou.teikyouseido.mhlw.go.jp/znk-web/juminkanja/S2430/initialize?prefCd=34&kikanCd=2340325940&kikanKbn=2", "url2": null }, "geometry": { "type": "Point", "coordinates": [ 132.844128, 34.80314 ] } },
{ "type": "Feature", "properties": { "内容": "平野内科医院【2:診療所】【診療科目:内科_循環器内科_小児科】広島県広島市安佐北区口田南７－１２－３１", "url": "https://www.iryou.teikyouseido.mhlw.go.jp/znk-web/juminkanja/S2430/initialize?prefCd=34&kikanCd=2340326660&kikanKbn=2", "url2": null }, "geometry": { "type": "Point", "coordinates": [ 132.497413, 34.461225 ] } },
{ "type": "Feature", "properties": { "内容": "馬場眼科【2:診療所】【診療科目:眼科】広島県広島市安佐南区相田１丁目１０番１７号", "url": "https://www.iryou.teikyouseido.mhlw.go.jp/znk-web/juminkanja/S2430/initialize?prefCd=34&kikanCd=2340326820&kikanKbn=2", "url2": null }, "geometry": { "type": "Point", "coordinates": [ 132.455842, 34.471502 ] } },
{ "type": "Feature", "properties": { "内容": "深江長坂医院【2:診療所】【診療科目:内科_呼吸器内科_循環器内科_小児科_耳鼻いんこう科_皮膚科】広島県江田島市大柿町深江９６３－１", "url": "https://www.iryou.teikyouseido.mhlw.go.jp/znk-web/juminkanja/S2430/initialize?prefCd=34&kikanCd=2340327090&kikanKbn=2", "url2": null }, "geometry": { "type": "Point", "coordinates": [ 132.454164, 34.1711 ] } },
{ "type": "Feature", "properties": { "内容": "松本内科医院【2:診療所】【診療科目:内科_糖尿病内科_代謝内科_脂質代謝内科_呼吸器内科_循環器内科_消化器内科】広島県呉市本通５丁目５番９号", "url": "https://www.iryou.teikyouseido.mhlw.go.jp/znk-web/juminkanja/S2430/initialize?prefCd=34&kikanCd=2340327700&kikanKbn=2", "url2": "http://www.naika-matsumoto.com" }, "geometry": { "type": "Point", "coordinates": [ 132.571621, 34.250389 ] } },
{ "type": "Feature", "properties": { "内容": "三次市国民健康保険作木診療所【2:診療所】【診療科目:内科_小児科】広島県三次市作木町下作木１５０３番地", "url": "https://www.iryou.teikyouseido.mhlw.go.jp/znk-web/juminkanja/S2430/initialize?prefCd=34&kikanCd=2340328130&kikanKbn=2", "url2": "https://www.city.miyoshi.hiroshima.jp/map/7665.html" }, "geometry": { "type": "Point", "coordinates": [ 132.709497, 34.879518 ] } },
{ "type": "Feature", "properties": { "内容": "医療法人社団　ひらた眼科【2:診療所】【診療科目:眼科】広島県広島市南区宇品御幸二丁目１６－５", "url": "https://www.iryou.teikyouseido.mhlw.go.jp/znk-web/juminkanja/S2430/initialize?prefCd=34&kikanCd=2340328680&kikanKbn=2", "url2": "http://www.hirata-eyeclinic.jp/" }, "geometry": { "type": "Point", "coordinates": [ 132.462476, 34.365097 ] } },
{ "type": "Feature", "properties": { "内容": "医療法人社団　緑雨会　高陽第一診療所【2:診療所】【診療科目:内科_神経内科_小児科_リハビリテーション科】広島県広島市安佐北区落合１丁目１４番９号", "url": "https://www.iryou.teikyouseido.mhlw.go.jp/znk-web/juminkanja/S2430/initialize?prefCd=34&kikanCd=2340328710&kikanKbn=2", "url2": "http://www.koyodaiichi.jp" }, "geometry": { "type": "Point", "coordinates": [ 132.510643, 34.472475 ] } },
{ "type": "Feature", "properties": { "内容": "医療法人　サカもみの木会　サカ整形外科【2:診療所】【診療科目:整形外科_リウマチ科_リハビリテーション科】広島県広島市安佐北区亀山７丁目５番１１号", "url": "https://www.iryou.teikyouseido.mhlw.go.jp/znk-web/juminkanja/S2430/initialize?prefCd=34&kikanCd=2340328970&kikanKbn=2", "url2": null }, "geometry": { "type": "Point", "coordinates": [ 132.493053, 34.527442 ] } },
{ "type": "Feature", "properties": { "内容": "医療法人社団　原田クリニック【2:診療所】【診療科目:内科_感染症内科_代謝内科_内分泌内科_糖尿病・内分泌内科_糖尿病・代謝内科_脳神経内科_アレルギー疾患内科_脳神経外科_アレルギー科_リハビリテーション科】広島県広島市中区三川町２－８　井手ビル３階", "url": "https://www.iryou.teikyouseido.mhlw.go.jp/znk-web/juminkanja/S2430/initialize?prefCd=34&kikanCd=2340329010&kikanKbn=2", "url2": null }, "geometry": { "type": "Point", "coordinates": [ 132.462138, 34.390278 ] } },
{ "type": "Feature", "properties": { "内容": "医療法人　晴生会　西山整形外科・胃腸科【2:診療所】【診療科目:内科_胃腸内科_整形外科_リウマチ科_リハビリテーション科】広島県広島市安佐北区白木町秋山２３２５－１", "url": "https://www.iryou.teikyouseido.mhlw.go.jp/znk-web/juminkanja/S2430/initialize?prefCd=34&kikanCd=2340330540&kikanKbn=2", "url2": "http://nishiyama-seikei.net/" }, "geometry": { "type": "Point", "coordinates": [ 132.507808, 34.518276 ] } },
{ "type": "Feature", "properties": { "内容": "医療法人社団　光会　中野内科医院【2:診療所】【診療科目:内科_呼吸器内科_循環器内科_消化器内科】広島県広島市安佐北区亀山７－１－６", "url": "https://www.iryou.teikyouseido.mhlw.go.jp/znk-web/juminkanja/S2430/initialize?prefCd=34&kikanCd=2340330670&kikanKbn=2", "url2": null }, "geometry": { "type": "Point", "coordinates": [ 132.493976, 34.525941 ] } },
{ "type": "Feature", "properties": { "内容": "医療法人社団　スガタ整形外科医院【2:診療所】【診療科目:整形外科_リハビリテーション科】広島県安芸郡府中町石井城１丁目５－３６", "url": "https://www.iryou.teikyouseido.mhlw.go.jp/znk-web/juminkanja/S2430/initialize?prefCd=34&kikanCd=2340331420&kikanKbn=2", "url2": "http://www.sugata-seikei.jp/" }, "geometry": { "type": "Point", "coordinates": [ 132.508091, 34.399511 ] } },
{ "type": "Feature", "properties": { "内容": "医療法人社団　細木小児科【2:診療所】【診療科目:小児科】広島県福山市港町２丁目１１－１", "url": "https://www.iryou.teikyouseido.mhlw.go.jp/znk-web/juminkanja/S2430/initialize?prefCd=34&kikanCd=2340333150&kikanKbn=2", "url2": "http://hosogi-pediatric.clinic/" }, "geometry": { "type": "Point", "coordinates": [ 133.38157, 34.484045 ] } },
{ "type": "Feature", "properties": { "内容": "徳永医院【2:診療所】【診療科目:内科_外科_整形外科_小児科_リハビリテーション科】広島県安芸高田市甲田町高田原１４１９－１", "url": "https://www.iryou.teikyouseido.mhlw.go.jp/znk-web/juminkanja/S2430/initialize?prefCd=34&kikanCd=2340333280&kikanKbn=2", "url2": null }, "geometry": { "type": "Point", "coordinates": [ 132.756511, 34.697085 ] } },
{ "type": "Feature", "properties": { "内容": "藤井脳神経外科【2:診療所】【診療科目:神経内科_脳神経外科】広島県東広島市西条町馬木２４５番地", "url": "https://www.iryou.teikyouseido.mhlw.go.jp/znk-web/juminkanja/S2430/initialize?prefCd=34&kikanCd=2340333570&kikanKbn=2", "url2": null }, "geometry": { "type": "Point", "coordinates": [ 132.720297, 34.358243 ] } },
{ "type": "Feature", "properties": { "内容": "よしはら内科外科リハビリテーションクリニック【2:診療所】【診療科目:内科_呼吸器内科_循環器内科_消化器内科_神経内科_外科_肛門外科_整形外科_リハビリテーション科_放射線科】広島県尾道市向東町８６８１－１", "url": "https://www.iryou.teikyouseido.mhlw.go.jp/znk-web/juminkanja/S2430/initialize?prefCd=34&kikanCd=2340333600&kikanKbn=2", "url2": "https://www.yoshiharamedicalgroup.com/" }, "geometry": { "type": "Point", "coordinates": [ 133.221174, 34.399735 ] } },
{ "type": "Feature", "properties": { "内容": "日傳医院【2:診療所】【診療科目:内科_消化器内科_外科_小児科】広島県庄原市東城町川西４９３－１", "url": "https://www.iryou.teikyouseido.mhlw.go.jp/znk-web/juminkanja/S2430/initialize?prefCd=34&kikanCd=2340333730&kikanKbn=2", "url2": null }, "geometry": { "type": "Point", "coordinates": [ 133.26981, 34.901248 ] } },
{ "type": "Feature", "properties": { "内容": "小林内科医院【2:診療所】【診療科目:内科_消化器内科】広島県広島市安佐北区可部３丁目１７番１８号", "url": "https://www.iryou.teikyouseido.mhlw.go.jp/znk-web/juminkanja/S2430/initialize?prefCd=34&kikanCd=2340333990&kikanKbn=2", "url2": "https://kobayashi-naika.org/index.html" }, "geometry": { "type": "Point", "coordinates": [ 132.513863, 34.520025 ] } },
{ "type": "Feature", "properties": { "内容": "医療法人ちゃたに胃腸科外科【2:診療所】【診療科目:内科_消化器内科_胃腸内科_外科_肛門外科_整形外科_リハビリテーション科_放射線科】広島県広島市中区榎町３－２４", "url": "https://www.iryou.teikyouseido.mhlw.go.jp/znk-web/juminkanja/S2430/initialize?prefCd=34&kikanCd=2340334030&kikanKbn=2", "url2": "http://www.chatani-cl.com/" }, "geometry": { "type": "Point", "coordinates": [ 132.443902, 34.397815 ] } },
{ "type": "Feature", "properties": { "内容": "医療法人社団　いぶき小児科【2:診療所】【診療科目:小児科_アレルギー科】広島県福山市城見町１丁目３－３", "url": "https://www.iryou.teikyouseido.mhlw.go.jp/znk-web/juminkanja/S2430/initialize?prefCd=34&kikanCd=2340334580&kikanKbn=2", "url2": "http://www.fukuyama.hiroshima.med.or.jp/kaiinhp/ibuki/" }, "geometry": { "type": "Point", "coordinates": [ 133.365432, 34.490566 ] } },
{ "type": "Feature", "properties": { "内容": "医療法人社団　平井外科胃腸科医院【2:診療所】【診療科目:内科_消化器内科_外科_肛門外科_整形外科】広島県福山市御幸町下岩成６４９－５", "url": "https://www.iryou.teikyouseido.mhlw.go.jp/znk-web/juminkanja/S2430/initialize?prefCd=34&kikanCd=2340334610&kikanKbn=2", "url2": "http://www.hirai.or.jp/" }, "geometry": { "type": "Point", "coordinates": [ 133.345821, 34.539316 ] } },
{ "type": "Feature", "properties": { "内容": "中村内科医院【2:診療所】【診療科目:内科_糖尿病内科_呼吸器内科_消化器内科_リハビリテーション科】広島県広島市佐伯区美鈴が丘西一丁目１番１号", "url": "https://www.iryou.teikyouseido.mhlw.go.jp/znk-web/juminkanja/S2430/initialize?prefCd=34&kikanCd=2340335170&kikanKbn=2", "url2": "http://www.nakamura-naika.biz" }, "geometry": { "type": "Point", "coordinates": [ 132.384657, 34.394231 ] } },
{ "type": "Feature", "properties": { "内容": "クリニック長坂【2:診療所】【診療科目:内科】広島県尾道市久保１丁目１３番１４号", "url": "https://www.iryou.teikyouseido.mhlw.go.jp/znk-web/juminkanja/S2430/initialize?prefCd=34&kikanCd=2340335200&kikanKbn=2", "url2": null }, "geometry": { "type": "Point", "coordinates": [ 133.20545, 34.409966 ] } },
{ "type": "Feature", "properties": { "内容": "医療法人社団杏善会　初鹿内科胃腸科医院【2:診療所】【診療科目:内科_消化器内科_胃腸内科】広島県三原市中之町１丁目２１－１０", "url": "https://www.iryou.teikyouseido.mhlw.go.jp/znk-web/juminkanja/S2430/initialize?prefCd=34&kikanCd=2340335330&kikanKbn=2", "url2": null }, "geometry": { "type": "Point", "coordinates": [ 133.091376, 34.40652 ] } },
{ "type": "Feature", "properties": { "内容": "細川医院【2:診療所】【診療科目:皮膚科_美容皮膚科】広島県庄原市東城町東城１３３番地１号", "url": "https://www.iryou.teikyouseido.mhlw.go.jp/znk-web/juminkanja/S2430/initialize?prefCd=34&kikanCd=2340335460&kikanKbn=2", "url2": null }, "geometry": { "type": "Point", "coordinates": [ 133.269144, 34.898721 ] } },
{ "type": "Feature", "properties": { "内容": "医療法人　秋本クリニック【2:診療所】【診療科目:内科_外科_乳腺外科】広島県安芸郡海田町稲荷町３番３４号", "url": "https://www.iryou.teikyouseido.mhlw.go.jp/znk-web/juminkanja/S2430/initialize?prefCd=34&kikanCd=2340337350&kikanKbn=2", "url2": "https://akimoto-clinic-k.com/" }, "geometry": { "type": "Point", "coordinates": [ 132.532257, 34.374236 ] } },
{ "type": "Feature", "properties": { "内容": "医療法人社団　小池消化器科外科内科【2:診療所】【診療科目:内科_消化器内科_漢方内科_内視鏡内科_外科_消化器外科_肛門外科】広島県広島市西区草津新町１丁目１７－１９", "url": "https://www.iryou.teikyouseido.mhlw.go.jp/znk-web/juminkanja/S2430/initialize?prefCd=34&kikanCd=2340337930&kikanKbn=2", "url2": null }, "geometry": { "type": "Point", "coordinates": [ 132.399801, 34.376681 ] } },
{ "type": "Feature", "properties": { "内容": "眼科日山医院【2:診療所】【診療科目:眼科】広島県東広島市西条町西条東１２４３－４", "url": "https://www.iryou.teikyouseido.mhlw.go.jp/znk-web/juminkanja/S2430/initialize?prefCd=34&kikanCd=2340338070&kikanKbn=2", "url2": null }, "geometry": { "type": "Point", "coordinates": [ 132.73933, 34.426143 ] } },
{ "type": "Feature", "properties": { "内容": "医療法人社団　久保田内科クリニック【2:診療所】【診療科目:内科_循環器内科_消化器内科_胃腸内科_小児科】広島県広島市西区井口台２丁目　２３－３２", "url": "https://www.iryou.teikyouseido.mhlw.go.jp/znk-web/juminkanja/S2430/initialize?prefCd=34&kikanCd=2340339370&kikanKbn=2", "url2": null }, "geometry": { "type": "Point", "coordinates": [ 132.379084, 34.37782 ] } },
{ "type": "Feature", "properties": { "内容": "末光産婦人科【2:診療所】【診療科目:産婦人科】広島県呉市本町３－４", "url": "https://www.iryou.teikyouseido.mhlw.go.jp/znk-web/juminkanja/S2430/initialize?prefCd=34&kikanCd=2340339400&kikanKbn=2", "url2": "https://www.suemitsu-sanhujinka.com/" }, "geometry": { "type": "Point", "coordinates": [ 132.568057, 34.245349 ] } },
{ "type": "Feature", "properties": { "内容": "医療法人社団　めぐみ会　森藤医院【2:診療所】【診療科目:内科_外科_小児科_リハビリテーション科】広島県江田島市江田島町切串２丁目１７－１０", "url": "https://www.iryou.teikyouseido.mhlw.go.jp/znk-web/juminkanja/S2430/initialize?prefCd=34&kikanCd=2340339660&kikanKbn=2", "url2": "http://morifuji-cl.com/" }, "geometry": { "type": "Point", "coordinates": [ 132.47974, 34.280832 ] } },
{ "type": "Feature", "properties": { "内容": "かとうクリニック【2:診療所】【診療科目:内科_外科_リハビリテーション科】広島県広島市安佐南区八木２丁目３番６号　かとうクリニック", "url": "https://www.iryou.teikyouseido.mhlw.go.jp/znk-web/juminkanja/S2430/initialize?prefCd=34&kikanCd=2340339950&kikanKbn=2", "url2": "https://www.kato-cli.jp/" }, "geometry": { "type": "Point", "coordinates": [ 132.497366, 34.480418 ] } },
{ "type": "Feature", "properties": { "内容": "医療法人社団　国原医院【2:診療所】【診療科目:内科_小児科_放射線科】広島県庄原市口和町永田４０２－４", "url": "https://www.iryou.teikyouseido.mhlw.go.jp/znk-web/juminkanja/S2430/initialize?prefCd=34&kikanCd=2340340510&kikanKbn=2", "url2": null }, "geometry": { "type": "Point", "coordinates": [ 132.919584, 34.887727 ] } },
{ "type": "Feature", "properties": { "内容": "今田眼科医院【2:診療所】【診療科目:眼科】広島県廿日市市阿品台４－１－１４", "url": "https://www.iryou.teikyouseido.mhlw.go.jp/znk-web/juminkanja/S2430/initialize?prefCd=34&kikanCd=2340340770&kikanKbn=2", "url2": null }, "geometry": { "type": "Point", "coordinates": [ 132.308861, 34.329098 ] } },
{ "type": "Feature", "properties": { "内容": "医療法人　石橋クリニック【2:診療所】【診療科目:内科_循環器内科】広島県広島市西区西観音町２３－１８", "url": "https://www.iryou.teikyouseido.mhlw.go.jp/znk-web/juminkanja/S2430/initialize?prefCd=34&kikanCd=2340341780&kikanKbn=2", "url2": "https://www.ishibashi-cl.com/" }, "geometry": { "type": "Point", "coordinates": [ 132.4361758, 34.3907911 ] } },
{ "type": "Feature", "properties": { "内容": "内科・外科鳴戸医院【2:診療所】【診療科目:内科_呼吸器内科_循環器内科_消化器内科_外科_肛門外科_リハビリテーション科_放射線科】広島県三次市十日市中４丁目６番１０号", "url": "https://www.iryou.teikyouseido.mhlw.go.jp/znk-web/juminkanja/S2430/initialize?prefCd=34&kikanCd=2340342240&kikanKbn=2", "url2": null }, "geometry": { "type": "Point", "coordinates": [ 132.853099, 34.807862 ] } },
{ "type": "Feature", "properties": { "内容": "みゆき橋内科医院【2:診療所】【診療科目:内科】広島県広島市中区東千田町２丁目１２番２０号", "url": "https://www.iryou.teikyouseido.mhlw.go.jp/znk-web/juminkanja/S2430/initialize?prefCd=34&kikanCd=2340343410&kikanKbn=2", "url2": null }, "geometry": { "type": "Point", "coordinates": [ 132.460263, 34.376818 ] } },
{ "type": "Feature", "properties": { "内容": "小田クリニック【2:診療所】【診療科目:胃腸内科_外科_ペインクリニック外科_整形外科_リハビリテーション科_麻酔科】広島県広島市安佐北区あさひが丘７丁目１５－３２", "url": "https://www.iryou.teikyouseido.mhlw.go.jp/znk-web/juminkanja/S2430/initialize?prefCd=34&kikanCd=2340343540&kikanKbn=2", "url2": "http://www.oda-painclinic.com" }, "geometry": { "type": "Point", "coordinates": [ 132.437759, 34.506998 ] } },
{ "type": "Feature", "properties": { "内容": "医療法人　いくた内科医院【2:診療所】【診療科目:内科_呼吸器内科_アレルギー科】広島県広島市佐伯区海老園一丁目８－２６", "url": "https://www.iryou.teikyouseido.mhlw.go.jp/znk-web/juminkanja/S2430/initialize?prefCd=34&kikanCd=2340343670&kikanKbn=2", "url2": null }, "geometry": { "type": "Point", "coordinates": [ 132.357517, 34.362492 ] } },
{ "type": "Feature", "properties": { "内容": "安芸高田市　川根診療所【2:診療所】【診療科目:内科_外科_整形外科_小児科】広島県安芸高田市高宮町川根２４３８－１番地", "url": "https://www.iryou.teikyouseido.mhlw.go.jp/znk-web/juminkanja/S2430/initialize?prefCd=34&kikanCd=2340344420&kikanKbn=2", "url2": null }, "geometry": { "type": "Point", "coordinates": [ 132.679755, 34.824647 ] } },
{ "type": "Feature", "properties": { "内容": "寺元医院【2:診療所】【診療科目:内科】広島県豊田郡大崎上島町中野１６０８－５", "url": "https://www.iryou.teikyouseido.mhlw.go.jp/znk-web/juminkanja/S2430/initialize?prefCd=34&kikanCd=2340344550&kikanKbn=2", "url2": null }, "geometry": { "type": "Point", "coordinates": [ 132.896177, 34.246117 ] } },
{ "type": "Feature", "properties": { "内容": "医療法人緑風会　邦友クリニック【2:診療所】【診療科目:耳鼻いんこう科_精神科_心療内科】広島県呉市中央１丁目４－２", "url": "https://www.iryou.teikyouseido.mhlw.go.jp/znk-web/juminkanja/S2430/initialize?prefCd=34&kikanCd=2340344710&kikanKbn=2", "url2": "http://www.hoyu-hp.com/clinic/index.html" }, "geometry": { "type": "Point", "coordinates": [ 132.559566, 34.245722 ] } },
{ "type": "Feature", "properties": { "内容": "むろもとクリニック【2:診療所】【診療科目:内科】広島県広島市中区大手町１丁目１－２０　相生橋ビル５Ｆ", "url": "https://www.iryou.teikyouseido.mhlw.go.jp/znk-web/juminkanja/S2430/initialize?prefCd=34&kikanCd=2340345140&kikanKbn=2", "url2": null }, "geometry": { "type": "Point", "coordinates": [ 132.455068, 34.395677 ] } },
{ "type": "Feature", "properties": { "内容": "医療法人大田クリニック　大田クリニック整形外科【2:診療所】【診療科目:整形外科_リウマチ科_リハビリテーション科】広島県広島市中区富士見町４－２７", "url": "https://www.iryou.teikyouseido.mhlw.go.jp/znk-web/juminkanja/S2430/initialize?prefCd=34&kikanCd=2340346020&kikanKbn=2", "url2": "http://www.oota-clinicseikei.com" }, "geometry": { "type": "Point", "coordinates": [ 132.460957, 34.387872 ] } },
{ "type": "Feature", "properties": { "内容": "住元皮ふ科クリニック【2:診療所】【診療科目:皮膚科】広島県広島市西区己斐本町１丁目１４－３　ＬＩＴ西広島駅前４Ｆ", "url": "https://www.iryou.teikyouseido.mhlw.go.jp/znk-web/juminkanja/S2430/initialize?prefCd=34&kikanCd=2340346310&kikanKbn=2", "url2": null }, "geometry": { "type": "Point", "coordinates": [ 132.429126, 34.397843 ] } },
{ "type": "Feature", "properties": { "内容": "医療法人社団潤会　宮崎胃腸科放射線科内科医院【2:診療所】【診療科目:内科_胃腸内科_放射線科】広島県福山市霞町２丁目４－３", "url": "https://www.iryou.teikyouseido.mhlw.go.jp/znk-web/juminkanja/S2430/initialize?prefCd=34&kikanCd=2340346990&kikanKbn=2", "url2": "https://www.uruoikai.jp/" }, "geometry": { "type": "Point", "coordinates": [ 133.364155, 34.483933 ] } },
{ "type": "Feature", "properties": { "内容": "医療法人社団千手会　瀬尾医院【2:診療所】【診療科目:内科_消化器内科_放射線科】広島県庄原市東城町川東１６３－７", "url": "https://www.iryou.teikyouseido.mhlw.go.jp/znk-web/juminkanja/S2430/initialize?prefCd=34&kikanCd=2340347030&kikanKbn=2", "url2": "http://www.seoiin.jp" }, "geometry": { "type": "Point", "coordinates": [ 133.274005, 34.90047 ] } },
{ "type": "Feature", "properties": { "内容": "池田皮膚科クリニック【2:診療所】【診療科目:皮膚科】広島県広島市西区井口台２－２３－３２", "url": "https://www.iryou.teikyouseido.mhlw.go.jp/znk-web/juminkanja/S2430/initialize?prefCd=34&kikanCd=2340347290&kikanKbn=2", "url2": null }, "geometry": { "type": "Point", "coordinates": [ 132.379096, 34.377821 ] } },
{ "type": "Feature", "properties": { "内容": "医療法人社団三浦内科医院【2:診療所】【診療科目:内科_小児科】広島県広島市中区千田町二丁目９－２１", "url": "https://www.iryou.teikyouseido.mhlw.go.jp/znk-web/juminkanja/S2430/initialize?prefCd=34&kikanCd=2340348170&kikanKbn=2", "url2": null }, "geometry": { "type": "Point", "coordinates": [ 132.456152, 34.378567 ] } },
{ "type": "Feature", "properties": { "内容": "佐野内科胃腸科医院【2:診療所】【診療科目:内科_胃腸内科】広島県福山市駅家町万能倉３４７", "url": "https://www.iryou.teikyouseido.mhlw.go.jp/znk-web/juminkanja/S2430/initialize?prefCd=34&kikanCd=2340349760&kikanKbn=2", "url2": null }, "geometry": { "type": "Point", "coordinates": [ 133.337821, 34.545593 ] } },
{ "type": "Feature", "properties": { "内容": "円山医院【2:診療所】【診療科目:内科】広島県豊田郡大崎上島町中野４３２２－３", "url": "https://www.iryou.teikyouseido.mhlw.go.jp/znk-web/juminkanja/S2430/initialize?prefCd=34&kikanCd=2340349890&kikanKbn=2", "url2": null }, "geometry": { "type": "Point", "coordinates": [ 132.880984, 34.242895 ] } },
{ "type": "Feature", "properties": { "内容": "医療法人　あずさ会　森整形外科【2:診療所】【診療科目:整形外科_リウマチ科_リハビリテーション科】広島県広島市東区光町１－３－１６", "url": "https://www.iryou.teikyouseido.mhlw.go.jp/znk-web/juminkanja/S2430/initialize?prefCd=34&kikanCd=2340349920&kikanKbn=2", "url2": "http://mori-seikei.net/" }, "geometry": { "type": "Point", "coordinates": [ 132.483121, 34.39876 ] } },
{ "type": "Feature", "properties": { "内容": "中尾医院【2:診療所】【診療科目:内科_循環器内科_消化器内科_小児科_放射線科】広島県廿日市市天神２番１７号", "url": "https://www.iryou.teikyouseido.mhlw.go.jp/znk-web/juminkanja/S2430/initialize?prefCd=34&kikanCd=2340350160&kikanKbn=2", "url2": "https://nakao-clinic.jp/" }, "geometry": { "type": "Point", "coordinates": [ 132.33833, 34.357734 ] } },
{ "type": "Feature", "properties": { "内容": "医療法人　汐仁会　橘高内科小児科医院【2:診療所】【診療科目:内科_呼吸器内科_循環器内科_消化器内科_小児科_アレルギー科_放射線科】広島県福山市柳津町一丁目２－３０", "url": "https://www.iryou.teikyouseido.mhlw.go.jp/znk-web/juminkanja/S2430/initialize?prefCd=34&kikanCd=2340350450&kikanKbn=2", "url2": "http://www.sekijinkai.com/" }, "geometry": { "type": "Point", "coordinates": [ 133.261693, 34.442353 ] } },
{ "type": "Feature", "properties": { "内容": "田村医院【2:診療所】【診療科目:内科_循環器内科_リハビリテーション科】広島県広島市安佐北区安佐町くすの木台６２番地１号", "url": "https://www.iryou.teikyouseido.mhlw.go.jp/znk-web/juminkanja/S2430/initialize?prefCd=34&kikanCd=2340350610&kikanKbn=2", "url2": null }, "geometry": { "type": "Point", "coordinates": [ 132.507808, 34.518276 ] } },
{ "type": "Feature", "properties": { "内容": "医療法人社団金尾医院【2:診療所】【診療科目:胃腸内科_外科_肛門外科】広島県広島市安佐南区上安二丁目２０－４４", "url": "https://www.iryou.teikyouseido.mhlw.go.jp/znk-web/juminkanja/S2430/initialize?prefCd=34&kikanCd=2340350740&kikanKbn=2", "url2": null }, "geometry": { "type": "Point", "coordinates": [ 132.445815, 34.475612 ] } },
{ "type": "Feature", "properties": { "内容": "医療法人社団造賀信原医院【2:診療所】【診療科目:内科_整形外科_小児科】広島県東広島市高屋町造賀７３７－２", "url": "https://www.iryou.teikyouseido.mhlw.go.jp/znk-web/juminkanja/S2430/initialize?prefCd=34&kikanCd=2340351330&kikanKbn=2", "url2": "https://zouka-nobuharaclinic.net/" }, "geometry": { "type": "Point", "coordinates": [ 132.769868, 34.499576 ] } },
{ "type": "Feature", "properties": { "内容": "小野耳鼻咽喉科医院【2:診療所】【診療科目:耳鼻いんこう科】広島県府中市中須町８－１", "url": "https://www.iryou.teikyouseido.mhlw.go.jp/znk-web/juminkanja/S2430/initialize?prefCd=34&kikanCd=2340351590&kikanKbn=2", "url2": null }, "geometry": { "type": "Point", "coordinates": [ 133.269932, 34.555752 ] } },
{ "type": "Feature", "properties": { "内容": "医療法人　仁光会　日谷眼科【2:診療所】【診療科目:眼科】広島県竹原市中央二丁目７－７", "url": "https://www.iryou.teikyouseido.mhlw.go.jp/znk-web/juminkanja/S2430/initialize?prefCd=34&kikanCd=2340351620&kikanKbn=2", "url2": "http://www.hitani-eye.or.jp" }, "geometry": { "type": "Point", "coordinates": [ 132.909452, 34.341294 ] } },
{ "type": "Feature", "properties": { "内容": "西村内科クリニック【2:診療所】【診療科目:内科_循環器内科_胃腸内科】広島県広島市中区袋町５－３８　山中ビル４階", "url": "https://www.iryou.teikyouseido.mhlw.go.jp/znk-web/juminkanja/S2430/initialize?prefCd=34&kikanCd=2340352050&kikanKbn=2", "url2": null }, "geometry": { "type": "Point", "coordinates": [ 132.457996, 34.391632 ] } },
{ "type": "Feature", "properties": { "内容": "医療法人社団みのりの会　田島医院【2:診療所】【診療科目:内科_糖尿病内科_内分泌内科】広島県広島市南区宇品東一丁目４－１９", "url": "https://www.iryou.teikyouseido.mhlw.go.jp/znk-web/juminkanja/S2430/initialize?prefCd=34&kikanCd=2340352340&kikanKbn=2", "url2": "http://tajima-clinic.jp/" }, "geometry": { "type": "Point", "coordinates": [ 132.468922, 34.364016 ] } },
{ "type": "Feature", "properties": { "内容": "医療法人社団　ワイ・エス・ケー心和会　重信医院【2:診療所】【診療科目:内科_循環器内科_小児科】広島県三次市下志和地町７１０－１２", "url": "https://www.iryou.teikyouseido.mhlw.go.jp/znk-web/juminkanja/S2430/initialize?prefCd=34&kikanCd=2340352470&kikanKbn=2", "url2": "https://shigenobu-iin.jp/" }, "geometry": { "type": "Point", "coordinates": [ 132.803773, 34.741007 ] } },
{ "type": "Feature", "properties": { "内容": "医療法人社団　瀬尾医院【2:診療所】【診療科目:内科_消化器内科_腫瘍内科_疼痛緩和内科_整形外科_小児科】広島県世羅郡世羅町本郷８２５番地１", "url": "https://www.iryou.teikyouseido.mhlw.go.jp/znk-web/juminkanja/S2430/initialize?prefCd=34&kikanCd=2340353480&kikanKbn=2", "url2": "https://seo-iin.com/" }, "geometry": { "type": "Point", "coordinates": [ 133.047538, 34.590888 ] } },
{ "type": "Feature", "properties": { "内容": "国家公務員共済組合連合会　広島合同庁舎診療所【2:診療所】【診療科目:内科_歯科】広島県広島市中区上八丁堀６番３０号", "url": "https://www.iryou.teikyouseido.mhlw.go.jp/znk-web/juminkanja/S2430/initialize?prefCd=34&kikanCd=2340353640&kikanKbn=2", "url2": null }, "geometry": { "type": "Point", "coordinates": [ 132.461956, 34.399593 ] } },
{ "type": "Feature", "properties": { "内容": "医療法人社団　砂堀医院【2:診療所】【診療科目:内科_小児科_放射線科】広島県江田島市能美町中町４９３０番地５号", "url": "https://www.iryou.teikyouseido.mhlw.go.jp/znk-web/juminkanja/S2430/initialize?prefCd=34&kikanCd=2340354650&kikanKbn=2", "url2": null }, "geometry": { "type": "Point", "coordinates": [ 132.441216, 34.221751 ] } },
{ "type": "Feature", "properties": { "内容": "医療法人社団　砂田内科【2:診療所】【診療科目:内科_糖尿病内科_呼吸器内科_循環器内科_消化器内科_内視鏡内科】広島県尾道市久保１丁目１番１５号", "url": "https://www.iryou.teikyouseido.mhlw.go.jp/znk-web/juminkanja/S2430/initialize?prefCd=34&kikanCd=2340355080&kikanKbn=2", "url2": "http://sunada.byoinnavi.jp/prepc/" }, "geometry": { "type": "Point", "coordinates": [ 133.203255, 34.410744 ] } },
{ "type": "Feature", "properties": { "内容": "三好眼科【2:診療所】【診療科目:眼科】広島県福山市大黒町２番３９号", "url": "https://www.iryou.teikyouseido.mhlw.go.jp/znk-web/juminkanja/S2430/initialize?prefCd=34&kikanCd=2340355110&kikanKbn=2", "url2": "http://www.miyoshi-eye-clinic.com/" }, "geometry": { "type": "Point", "coordinates": [ 133.367877, 34.490877 ] } },
{ "type": "Feature", "properties": { "内容": "黒木眼科医院【2:診療所】【診療科目:眼科】広島県福山市東深津町２丁目１１番２６号", "url": "https://www.iryou.teikyouseido.mhlw.go.jp/znk-web/juminkanja/S2430/initialize?prefCd=34&kikanCd=2340355240&kikanKbn=2", "url2": "http://kurokiiin.sakura.ne.jp/" }, "geometry": { "type": "Point", "coordinates": [ 133.390014, 34.494821 ] } },
{ "type": "Feature", "properties": { "内容": "高橋医院【2:診療所】【診療科目:内科】広島県呉市宮原３丁目９－１", "url": "https://www.iryou.teikyouseido.mhlw.go.jp/znk-web/juminkanja/S2430/initialize?prefCd=34&kikanCd=2340355660&kikanKbn=2", "url2": null }, "geometry": { "type": "Point", "coordinates": [ 132.564783, 34.234734 ] } },
{ "type": "Feature", "properties": { "内容": "ちくいえクリニック【2:診療所】【診療科目:内科_脳神経内科_脳神経外科_リハビリテーション科】広島県安芸郡府中町本町５丁目１－６", "url": "https://www.iryou.teikyouseido.mhlw.go.jp/znk-web/juminkanja/S2430/initialize?prefCd=34&kikanCd=2340355790&kikanKbn=2", "url2": null }, "geometry": { "type": "Point", "coordinates": [ 132.504268, 34.398608 ] } },
{ "type": "Feature", "properties": { "内容": "越智眼科【2:診療所】【診療科目:眼科】広島県三原市宮浦六丁目７－３９", "url": "https://www.iryou.teikyouseido.mhlw.go.jp/znk-web/juminkanja/S2430/initialize?prefCd=34&kikanCd=2340356090&kikanKbn=2", "url2": "http://www.ochi-ganka.gr.jp" }, "geometry": { "type": "Point", "coordinates": [ 133.061712, 34.394993 ] } },
{ "type": "Feature", "properties": { "内容": "住元整形外科医院【2:診療所】【診療科目:整形外科_リウマチ科_リハビリテーション科】広島県尾道市栗原西２丁目９番６号", "url": "https://www.iryou.teikyouseido.mhlw.go.jp/znk-web/juminkanja/S2430/initialize?prefCd=34&kikanCd=2340356120&kikanKbn=2", "url2": null }, "geometry": { "type": "Point", "coordinates": [ 133.188291, 34.414723 ] } },
{ "type": "Feature", "properties": { "内容": "小林医院【2:診療所】【診療科目:内科】広島県福山市水呑町２０３０－３", "url": "https://www.iryou.teikyouseido.mhlw.go.jp/znk-web/juminkanja/S2430/initialize?prefCd=34&kikanCd=2340356250&kikanKbn=2", "url2": null }, "geometry": { "type": "Point", "coordinates": [ 133.380767, 34.446826 ] } },
{ "type": "Feature", "properties": { "内容": "はやかわ小児クリニック【2:診療所】【診療科目:小児科_小児科系その他】広島県広島市中区袋町６番４６号", "url": "https://www.iryou.teikyouseido.mhlw.go.jp/znk-web/juminkanja/S2430/initialize?prefCd=34&kikanCd=2340356380&kikanKbn=2", "url2": null }, "geometry": { "type": "Point", "coordinates": [ 132.458735, 34.392149 ] } },
{ "type": "Feature", "properties": { "内容": "医療法人社団　誰故会　いいだ眼科【2:診療所】【診療科目:眼科】広島県広島市安芸区船越３丁目１０－６", "url": "https://www.iryou.teikyouseido.mhlw.go.jp/znk-web/juminkanja/S2430/initialize?prefCd=34&kikanCd=2340356700&kikanKbn=2", "url2": null }, "geometry": { "type": "Point", "coordinates": [ 132.520258, 34.375152 ] } },
{ "type": "Feature", "properties": { "内容": "中野東クリニック【2:診療所】【診療科目:内科】広島県広島市安芸区中野五丁目１７－１５", "url": "https://www.iryou.teikyouseido.mhlw.go.jp/znk-web/juminkanja/S2430/initialize?prefCd=34&kikanCd=2340356830&kikanKbn=2", "url2": null }, "geometry": { "type": "Point", "coordinates": [ 132.580173, 34.403331 ] } },
{ "type": "Feature", "properties": { "内容": "功野皮膚科医院【2:診療所】【診療科目:皮膚科】広島県広島市東区戸坂山根１丁目２番８号", "url": "https://www.iryou.teikyouseido.mhlw.go.jp/znk-web/juminkanja/S2430/initialize?prefCd=34&kikanCd=2340357260&kikanKbn=2", "url2": null }, "geometry": { "type": "Point", "coordinates": [ 132.488091, 34.435867 ] } },
{ "type": "Feature", "properties": { "内容": "むらい内科クリニック【2:診療所】【診療科目:内科_呼吸器内科_アレルギー科_リウマチ科】広島県呉市音戸町引地１－５－６０", "url": "https://www.iryou.teikyouseido.mhlw.go.jp/znk-web/juminkanja/S2430/initialize?prefCd=34&kikanCd=2340357840&kikanKbn=2", "url2": "https://www.murai-naikaclinic.com" }, "geometry": { "type": "Point", "coordinates": [ 132.536682, 34.196672 ] } },
{ "type": "Feature", "properties": { "内容": "医療法人社団　数佐整形外科医院【2:診療所】【診療科目:整形外科_リハビリテーション科】広島県東広島市八本松東七丁目８－１５", "url": "https://www.iryou.teikyouseido.mhlw.go.jp/znk-web/juminkanja/S2430/initialize?prefCd=34&kikanCd=2340357970&kikanKbn=2", "url2": "https://www.kazusa-seikei.com" }, "geometry": { "type": "Point", "coordinates": [ 132.700044, 34.447427 ] } },
{ "type": "Feature", "properties": { "内容": "たかば内科医院【2:診療所】【診療科目:内科_循環器内科_消化器内科】広島県三次市三良坂町三良坂１０９６番地３", "url": "https://www.iryou.teikyouseido.mhlw.go.jp/znk-web/juminkanja/S2430/initialize?prefCd=34&kikanCd=2340358270&kikanKbn=2", "url2": "http://takabanaika.byoinnavi.jp/prepc/" }, "geometry": { "type": "Point", "coordinates": [ 132.956926, 34.767951 ] } },
{ "type": "Feature", "properties": { "内容": "医療法人社団　前野医院【2:診療所】【診療科目:内科_感染症内科_呼吸器内科_小児科】広島県安芸郡府中町石井城２－１０－２０　マエノビル１０１", "url": "https://www.iryou.teikyouseido.mhlw.go.jp/znk-web/juminkanja/S2430/initialize?prefCd=34&kikanCd=2340358430&kikanKbn=2", "url2": null }, "geometry": { "type": "Point", "coordinates": [ 132.507786, 34.40026 ] } },
{ "type": "Feature", "properties": { "内容": "医療法人社団　杉野小児科医院【2:診療所】【診療科目:小児科】広島県広島市安佐北区亀山２丁目８－２６", "url": "https://www.iryou.teikyouseido.mhlw.go.jp/znk-web/juminkanja/S2430/initialize?prefCd=34&kikanCd=2340359020&kikanKbn=2", "url2": "sugino-pediatric-clinic.jp" }, "geometry": { "type": "Point", "coordinates": [ 132.501447, 34.520581 ] } },
{ "type": "Feature", "properties": { "内容": "医療法人　国政内科医院【2:診療所】【診療科目:内科】広島県広島市南区宇品神田４丁目９番２２号", "url": "https://www.iryou.teikyouseido.mhlw.go.jp/znk-web/juminkanja/S2430/initialize?prefCd=34&kikanCd=2340359730&kikanKbn=2", "url2": null }, "geometry": { "type": "Point", "coordinates": [ 132.46443, 34.361958 ] } },
{ "type": "Feature", "properties": { "内容": "医療法人　宮武医院【2:診療所】【診療科目:内科_消化器内科_胃腸内科_肝臓内科_リハビリテーション科】広島県広島市安佐南区東野３丁目７番１７号", "url": "https://www.iryou.teikyouseido.mhlw.go.jp/znk-web/juminkanja/S2430/initialize?prefCd=34&kikanCd=2340359860&kikanKbn=2", "url2": "https://www.miya-clin.com" }, "geometry": { "type": "Point", "coordinates": [ 132.481619, 34.454587 ] } },
{ "type": "Feature", "properties": { "内容": "医療法人社団　森本医院【2:診療所】【診療科目:内科_呼吸器内科_循環器内科_人工透析内科_整形外科_泌尿器科】広島県呉市倉橋町７３８２－２", "url": "https://www.iryou.teikyouseido.mhlw.go.jp/znk-web/juminkanja/S2430/initialize?prefCd=34&kikanCd=2340360390&kikanKbn=2", "url2": "http://www.morimotoiin.com/" }, "geometry": { "type": "Point", "coordinates": [ 132.509853, 34.144704 ] } },
{ "type": "Feature", "properties": { "内容": "医療法人　田渕皮膚科医院【2:診療所】【診療科目:皮膚科】広島県東広島市西条御条町４番１９号", "url": "https://www.iryou.teikyouseido.mhlw.go.jp/znk-web/juminkanja/S2430/initialize?prefCd=34&kikanCd=2340360420&kikanKbn=2", "url2": null }, "geometry": { "type": "Point", "coordinates": [ 132.744685, 34.423936 ] } },
{ "type": "Feature", "properties": { "内容": "宇田内科リウマチ科【2:診療所】【診療科目:内科_リウマチ科_リハビリテーション科_放射線科】広島県福山市東深津町二丁目８－３０", "url": "https://www.iryou.teikyouseido.mhlw.go.jp/znk-web/juminkanja/S2430/initialize?prefCd=34&kikanCd=2340360680&kikanKbn=2", "url2": "https://sakuta4.wixsite.com/website" }, "geometry": { "type": "Point", "coordinates": [ 133.391375, 34.496294 ] } },
{ "type": "Feature", "properties": { "内容": "医療法人　高橋眼科【2:診療所】【診療科目:眼科】広島県福山市野上町２－１０－２４", "url": "https://www.iryou.teikyouseido.mhlw.go.jp/znk-web/juminkanja/S2430/initialize?prefCd=34&kikanCd=2340360710&kikanKbn=2", "url2": "http://www.takahashi-eyeclinic.com/" }, "geometry": { "type": "Point", "coordinates": [ 133.363057, 34.477383 ] } },
{ "type": "Feature", "properties": { "内容": "医療法人社団　石川胃腸科医院【2:診療所】【診療科目:内科_胃腸内科_外科_放射線科】広島県広島市安佐南区緑井四丁目２５－７", "url": "https://www.iryou.teikyouseido.mhlw.go.jp/znk-web/juminkanja/S2430/initialize?prefCd=34&kikanCd=2340361720&kikanKbn=2", "url2": "http://ishikawaiin.byoinnavi.jp" }, "geometry": { "type": "Point", "coordinates": [ 132.473897, 34.467919 ] } },
{ "type": "Feature", "properties": { "内容": "医療法人社団　かねみつ整形外科医院【2:診療所】【診療科目:内科_循環器内科_外科_整形外科】広島県広島市佐伯区八幡東三丁目２５－１７", "url": "https://www.iryou.teikyouseido.mhlw.go.jp/znk-web/juminkanja/S2430/initialize?prefCd=34&kikanCd=2340361980&kikanKbn=2", "url2": null }, "geometry": { "type": "Point", "coordinates": [ 132.363983, 34.384677 ] } },
{ "type": "Feature", "properties": { "内容": "さとう内科循環器科【2:診療所】【診療科目:内科_循環器内科】広島県広島市安佐南区緑井五丁目９－９", "url": "https://www.iryou.teikyouseido.mhlw.go.jp/znk-web/juminkanja/S2430/initialize?prefCd=34&kikanCd=2340362570&kikanKbn=2", "url2": "https://www.sato-cli.com/" }, "geometry": { "type": "Point", "coordinates": [ 132.479202, 34.469641 ] } },
{ "type": "Feature", "properties": { "内容": "医療法人社団　妹尾内科【2:診療所】【診療科目:内科_消化器内科_神経内科】広島県広島市中区十日市町一丁目４－２５", "url": "https://www.iryou.teikyouseido.mhlw.go.jp/znk-web/juminkanja/S2430/initialize?prefCd=34&kikanCd=2340362730&kikanKbn=2", "url2": null }, "geometry": { "type": "Point", "coordinates": [ 132.448291, 34.396926 ] } },
{ "type": "Feature", "properties": { "内容": "佐伯クリニック【2:診療所】【診療科目:外科_形成外科_皮膚科_リハビリテーション科】広島県福山市霞町４丁目１番２１号", "url": "https://www.iryou.teikyouseido.mhlw.go.jp/znk-web/juminkanja/S2430/initialize?prefCd=34&kikanCd=2340363160&kikanKbn=2", "url2": null }, "geometry": { "type": "Point", "coordinates": [ 133.360072, 34.483711 ] } },
{ "type": "Feature", "properties": { "内容": "医療法人社団　おおもと会　大本整形外科【2:診療所】【診療科目:整形外科_リハビリテーション科】広島県呉市中央６丁目５番２号", "url": "https://www.iryou.teikyouseido.mhlw.go.jp/znk-web/juminkanja/S2430/initialize?prefCd=34&kikanCd=2340363290&kikanKbn=2", "url2": null }, "geometry": { "type": "Point", "coordinates": [ 132.567871, 34.251861 ] } },
{ "type": "Feature", "properties": { "内容": "医療法人社団　長谷川産婦人科【2:診療所】【診療科目:産婦人科】広島県尾道市久保１丁目１３番１８号", "url": "https://www.iryou.teikyouseido.mhlw.go.jp/znk-web/juminkanja/S2430/initialize?prefCd=34&kikanCd=2340363610&kikanKbn=2", "url2": null }, "geometry": { "type": "Point", "coordinates": [ 133.2052, 34.409966 ] } },
{ "type": "Feature", "properties": { "内容": "武井胃腸科内科【2:診療所】【診療科目:内科_胃腸内科】広島県三原市宮沖５－８－２０", "url": "https://www.iryou.teikyouseido.mhlw.go.jp/znk-web/juminkanja/S2430/initialize?prefCd=34&kikanCd=2340363870&kikanKbn=2", "url2": "https://takeiclinic.com/" }, "geometry": { "type": "Point", "coordinates": [ 133.074711, 34.390299 ] } },
{ "type": "Feature", "properties": { "内容": "医療法人正智会　小林外科胃腸科【2:診療所】【診療科目:胃腸内科_外科_放射線科】広島県福山市山手町２丁目１－１", "url": "https://www.iryou.teikyouseido.mhlw.go.jp/znk-web/juminkanja/S2430/initialize?prefCd=34&kikanCd=2340364750&kikanKbn=2", "url2": null }, "geometry": { "type": "Point", "coordinates": [ 133.334185, 34.492182 ] } },
{ "type": "Feature", "properties": { "内容": "医療法人　石田医院【2:診療所】【診療科目:内科_消化器内科_肝臓内科】広島県広島市東区戸坂出江２丁目１０番３１号", "url": "https://www.iryou.teikyouseido.mhlw.go.jp/znk-web/juminkanja/S2430/initialize?prefCd=34&kikanCd=2340364910&kikanKbn=2", "url2": "https://www.bing.com/search?q=%E7%9F%B3%E7%94%B0%E5%8C%BB%E9%99%A2&form=ANNTH1&refig=a7e4bef2d929479f926b04b86dea6fe4" }, "geometry": { "type": "Point", "coordinates": [ 132.488397, 34.433562 ] } },
{ "type": "Feature", "properties": { "内容": "高橋内科小児科医院【2:診療所】【診療科目:内科_糖尿病内科_代謝内科_呼吸器内科_循環器内科_消化器内科_小児科_リハビリテーション科】広島県広島市安佐南区緑井２丁目１２番２５号", "url": "https://www.iryou.teikyouseido.mhlw.go.jp/znk-web/juminkanja/S2430/initialize?prefCd=34&kikanCd=2340365050&kikanKbn=2", "url2": "http://www.asuka-net.or.jp" }, "geometry": { "type": "Point", "coordinates": [ 132.470199, 34.467508 ] } },
{ "type": "Feature", "properties": { "内容": "もりお内科【2:診療所】【診療科目:内科_消化器内科_胃腸内科_肝臓内科_内視鏡内科】広島県広島市中区舟入川口町６－８", "url": "https://www.iryou.teikyouseido.mhlw.go.jp/znk-web/juminkanja/S2430/initialize?prefCd=34&kikanCd=2340365500&kikanKbn=2", "url2": null }, "geometry": { "type": "Point", "coordinates": [ 132.442302, 34.38167 ] } },
{ "type": "Feature", "properties": { "内容": "こたち胃腸科・内科医院【2:診療所】【診療科目:内科】広島県呉市焼山中央１丁目１５番２５号", "url": "https://www.iryou.teikyouseido.mhlw.go.jp/znk-web/juminkanja/S2430/initialize?prefCd=34&kikanCd=2340366060&kikanKbn=2", "url2": null }, "geometry": { "type": "Point", "coordinates": [ 132.556898, 34.294856 ] } },
{ "type": "Feature", "properties": { "内容": "原医院【2:診療所】【診療科目:内科_循環器内科_小児科】広島県呉市吉浦東本町１丁目７－４", "url": "https://www.iryou.teikyouseido.mhlw.go.jp/znk-web/juminkanja/S2430/initialize?prefCd=34&kikanCd=2340366220&kikanKbn=2", "url2": null }, "geometry": { "type": "Point", "coordinates": [ 132.529596, 34.257915 ] } },
{ "type": "Feature", "properties": { "内容": "向井内科・訪問歯科クリニック【2:診療所】【診療科目:内科_胃腸内科_歯科_リハビリテーション科_放射線科】広島県呉市音戸町田原２－２－８", "url": "https://www.iryou.teikyouseido.mhlw.go.jp/znk-web/juminkanja/S2430/initialize?prefCd=34&kikanCd=2340366350&kikanKbn=2", "url2": "http://www.mukai-naika.jp/" }, "geometry": { "type": "Point", "coordinates": [ 132.49952, 34.177836 ] } },
{ "type": "Feature", "properties": { "内容": "門沢医院【2:診療所】【診療科目:内科_呼吸器内科_消化器内科_小児科】広島県東広島市西条下見六丁目１０番４号", "url": "https://www.iryou.teikyouseido.mhlw.go.jp/znk-web/juminkanja/S2430/initialize?prefCd=34&kikanCd=2340366480&kikanKbn=2", "url2": null }, "geometry": { "type": "Point", "coordinates": [ 132.714851, 34.408402 ] } },
{ "type": "Feature", "properties": { "内容": "医療法人社団　大井内科医院【2:診療所】【診療科目:内科_眼科_リウマチ科_リハビリテーション科】広島県江田島市大柿町飛渡瀬１５５３－３", "url": "https://www.iryou.teikyouseido.mhlw.go.jp/znk-web/juminkanja/S2430/initialize?prefCd=34&kikanCd=2340366510&kikanKbn=2", "url2": null }, "geometry": { "type": "Point", "coordinates": [ 132.472919, 34.201532 ] } },
{ "type": "Feature", "properties": { "内容": "本町医院【2:診療所】【診療科目:内科_消化器内科_胃腸内科】広島県大竹市本町２－１５－１７", "url": "https://www.iryou.teikyouseido.mhlw.go.jp/znk-web/juminkanja/S2430/initialize?prefCd=34&kikanCd=2340366770&kikanKbn=2", "url2": null }, "geometry": { "type": "Point", "coordinates": [ 132.216819, 34.209498 ] } },
{ "type": "Feature", "properties": { "内容": "医療法人社団啓仁会　中村外科胃腸科医院【2:診療所】【診療科目:内科_胃腸内科_外科_肛門外科_リハビリテーション科_放射線科】広島県福山市金江町金見２８７９－８", "url": "https://www.iryou.teikyouseido.mhlw.go.jp/znk-web/juminkanja/S2430/initialize?prefCd=34&kikanCd=2340366930&kikanKbn=2", "url2": null }, "geometry": { "type": "Point", "coordinates": [ 133.277137, 34.429326 ] } },
{ "type": "Feature", "properties": { "内容": "医療法人　大内耳鼻咽喉科医院【2:診療所】【診療科目:耳鼻いんこう科】広島県広島市佐伯区皆賀二丁目２番２７号", "url": "https://www.iryou.teikyouseido.mhlw.go.jp/znk-web/juminkanja/S2430/initialize?prefCd=34&kikanCd=2340367490&kikanKbn=2", "url2": "http://www.ouchi-jibi.jp/" }, "geometry": { "type": "Point", "coordinates": [ 132.367576, 34.374955 ] } },
{ "type": "Feature", "properties": { "内容": "医療法人社団　野間クリニック【2:診療所】【診療科目:内科_循環器内科_消化器内科】広島県呉市吉浦本町１丁目２－３", "url": "https://www.iryou.teikyouseido.mhlw.go.jp/znk-web/juminkanja/S2430/initialize?prefCd=34&kikanCd=2340367650&kikanKbn=2", "url2": "https://www.the-nomaclinic.com/" }, "geometry": { "type": "Point", "coordinates": [ 132.52718, 34.258359 ] } },
{ "type": "Feature", "properties": { "内容": "医療法人社団　三矢会　原田医院【2:診療所】【診療科目:内科_整形外科_小児科_リハビリテーション科】広島県広島市安佐南区川内四丁目１５番１８号", "url": "https://www.iryou.teikyouseido.mhlw.go.jp/znk-web/juminkanja/S2430/initialize?prefCd=34&kikanCd=2340367810&kikanKbn=2", "url2": "http://www.harada-hp.co.jp/" }, "geometry": { "type": "Point", "coordinates": [ 132.487007, 34.463975 ] } },
{ "type": "Feature", "properties": { "内容": "小山田内科医院【2:診療所】【診療科目:内科_循環器内科_胃腸内科_放射線科】広島県安芸郡府中町鹿籠二丁目１３－６", "url": "https://www.iryou.teikyouseido.mhlw.go.jp/znk-web/juminkanja/S2430/initialize?prefCd=34&kikanCd=2340368660&kikanKbn=2", "url2": null }, "geometry": { "type": "Point", "coordinates": [ 132.507898, 34.380124 ] } },
{ "type": "Feature", "properties": { "内容": "医療法人社団　藤本外科・胃腸科・肛門科クリニック【2:診療所】【診療科目:胃腸内科_外科_肛門外科】広島県福山市御門町３丁目９番２３号", "url": "https://www.iryou.teikyouseido.mhlw.go.jp/znk-web/juminkanja/S2430/initialize?prefCd=34&kikanCd=2340368820&kikanKbn=2", "url2": "https://www.fujimotocl.com/" }, "geometry": { "type": "Point", "coordinates": [ 133.370774, 34.477264 ] } },
{ "type": "Feature", "properties": { "内容": "広島原爆障害対策協議会　健康管理・増進センター【2:診療所】【診療科目:内科_糖尿病・代謝内科_呼吸器内科_循環器内科_消化器内科_乳腺外科_婦人科_放射線科】広島県広島市中区千田町三丁目８番６号", "url": "https://www.iryou.teikyouseido.mhlw.go.jp/znk-web/juminkanja/S2430/initialize?prefCd=34&kikanCd=2340369700&kikanKbn=2", "url2": "http://www.gentaikyo.or.jp" }, "geometry": { "type": "Point", "coordinates": [ 132.45718, 34.376318 ] } },
{ "type": "Feature", "properties": { "内容": "高橋内科【2:診療所】【診療科目:内科】広島県広島市南区猿猴橋町２番１１号　広島駅前クリニックビル３階", "url": "https://www.iryou.teikyouseido.mhlw.go.jp/znk-web/juminkanja/S2430/initialize?prefCd=34&kikanCd=2340370520&kikanKbn=2", "url2": null }, "geometry": { "type": "Point", "coordinates": [ 132.475955, 34.395594 ] } },
{ "type": "Feature", "properties": { "内容": "医療法人社団ひかり会　焼山木村眼科【2:診療所】【診療科目:眼科】広島県呉市焼山中央１丁目１０－９", "url": "https://www.iryou.teikyouseido.mhlw.go.jp/znk-web/juminkanja/S2430/initialize?prefCd=34&kikanCd=2340371530&kikanKbn=2", "url2": "http://www.kimura-eye.or.jp/" }, "geometry": { "type": "Point", "coordinates": [ 132.555203, 34.293967 ] } },
{ "type": "Feature", "properties": { "内容": "医療法人社団　山本内科循環器科【2:診療所】【診療科目:内科_呼吸器内科_循環器内科_消化器内科】広島県広島市西区高須一丁目５－２３", "url": "https://www.iryou.teikyouseido.mhlw.go.jp/znk-web/juminkanja/S2430/initialize?prefCd=34&kikanCd=2340372380&kikanKbn=2", "url2": "www.yamamotonaika.jp" }, "geometry": { "type": "Point", "coordinates": [ 132.418597, 34.393199 ] } },
{ "type": "Feature", "properties": { "内容": "後藤泌尿器科医院【2:診療所】【診療科目:泌尿器科】広島県福山市駅家町江良４２７番地の１", "url": "https://www.iryou.teikyouseido.mhlw.go.jp/znk-web/juminkanja/S2430/initialize?prefCd=34&kikanCd=2340372670&kikanKbn=2", "url2": null }, "geometry": { "type": "Point", "coordinates": [ 133.319462, 34.538899 ] } },
{ "type": "Feature", "properties": { "内容": "新本クリニック【2:診療所】【診療科目:内科_外科_整形外科】広島県広島市中区胡町６－２６　福屋１１Ｆ", "url": "https://www.iryou.teikyouseido.mhlw.go.jp/znk-web/juminkanja/S2430/initialize?prefCd=34&kikanCd=2340373000&kikanKbn=2", "url2": "https://www.niimotoclinic-hacchoubori.com" }, "geometry": { "type": "Point", "coordinates": [ 132.46279, 34.39351 ] } },
{ "type": "Feature", "properties": { "内容": "木ノ原内科小児科医院【2:診療所】【診療科目:内科_小児科】広島県広島市安佐北区亀崎一丁目２－３０", "url": "https://www.iryou.teikyouseido.mhlw.go.jp/znk-web/juminkanja/S2430/initialize?prefCd=34&kikanCd=2340373130&kikanKbn=2", "url2": "https://www.kinohara-naika-shonika.com/" }, "geometry": { "type": "Point", "coordinates": [ 132.524281, 34.481613 ] } },
{ "type": "Feature", "properties": { "内容": "森岡整形外科医院【2:診療所】【診療科目:整形外科】広島県呉市焼山中央２丁目９番３７号", "url": "https://www.iryou.teikyouseido.mhlw.go.jp/znk-web/juminkanja/S2430/initialize?prefCd=34&kikanCd=2340373390&kikanKbn=2", "url2": null }, "geometry": { "type": "Point", "coordinates": [ 132.55937, 34.296578 ] } },
{ "type": "Feature", "properties": { "内容": "田中皮ふ科医院【2:診療所】【診療科目:形成外科_皮膚科_アレルギー科】広島県福山市宝町４－１０", "url": "https://www.iryou.teikyouseido.mhlw.go.jp/znk-web/juminkanja/S2430/initialize?prefCd=34&kikanCd=2340373550&kikanKbn=2", "url2": "https://www.tanakahifu.jp/" }, "geometry": { "type": "Point", "coordinates": [ 133.366127, 34.489405 ] } },
{ "type": "Feature", "properties": { "内容": "唐川消化器・内科医院【2:診療所】【診療科目:内科_糖尿病内科_呼吸器内科_循環器内科_消化器内科_アレルギー科_リハビリテーション科】広島県広島市南区東霞町７番５号", "url": "https://www.iryou.teikyouseido.mhlw.go.jp/znk-web/juminkanja/S2430/initialize?prefCd=34&kikanCd=2340373710&kikanKbn=2", "url2": "http://www.enjoy.ne.jp/~karataku/" }, "geometry": { "type": "Point", "coordinates": [ 132.486011, 34.378151 ] } },
{ "type": "Feature", "properties": { "内容": "森岡医院【2:診療所】【診療科目:内科_胃腸内科_外科_肛門外科】広島県世羅郡世羅町西上原４８２－１３", "url": "https://www.iryou.teikyouseido.mhlw.go.jp/znk-web/juminkanja/S2430/initialize?prefCd=34&kikanCd=2340374140&kikanKbn=2", "url2": null }, "geometry": { "type": "Point", "coordinates": [ 133.060436, 34.588985 ] } },
{ "type": "Feature", "properties": { "内容": "医療法人　おち眼科医院【2:診療所】【診療科目:眼科】広島県広島市安佐南区山本１丁目５番１５号", "url": "https://www.iryou.teikyouseido.mhlw.go.jp/znk-web/juminkanja/S2430/initialize?prefCd=34&kikanCd=2340374720&kikanKbn=2", "url2": "www.ochi-ganka.com" }, "geometry": { "type": "Point", "coordinates": [ 132.456265, 34.435773 ] } },
{ "type": "Feature", "properties": { "内容": "医療法人　光恵会　おの眼科【2:診療所】【診療科目:眼科】広島県広島市安芸区矢野西４丁目１－２１メデイックスビル３階", "url": "https://www.iryou.teikyouseido.mhlw.go.jp/znk-web/juminkanja/S2430/initialize?prefCd=34&kikanCd=2340374850&kikanKbn=2", "url2": "https:www.onoeye.net" }, "geometry": { "type": "Point", "coordinates": [ 132.532703, 34.352349 ] } },
{ "type": "Feature", "properties": { "内容": "吉田内科循環器科【2:診療所】【診療科目:内科_循環器内科_放射線科】広島県広島市中区胡町４－２８ビル３Ｆ", "url": "https://www.iryou.teikyouseido.mhlw.go.jp/znk-web/juminkanja/S2430/initialize?prefCd=34&kikanCd=2340374980&kikanKbn=2", "url2": null }, "geometry": { "type": "Point", "coordinates": [ 132.465735, 34.392966 ] } },
{ "type": "Feature", "properties": { "内容": "健康倶楽部　健診クリニック【2:診療所】【診療科目:内科_消化器内科】広島県広島市中区大手町三丁目７－５", "url": "https://www.iryou.teikyouseido.mhlw.go.jp/znk-web/juminkanja/S2430/initialize?prefCd=34&kikanCd=2340375150&kikanKbn=2", "url2": "https://www.kenkouclub.or.jp" }, "geometry": { "type": "Point", "coordinates": [ 132.454707, 34.387983 ] } },
{ "type": "Feature", "properties": { "内容": "むとう内科・外科・胃腸科医院【2:診療所】【診療科目:内科_呼吸器内科_循環器内科_消化器内科_外科_肛門外科_整形外科】広島県広島市西区楠木町１丁目５－１２", "url": "https://www.iryou.teikyouseido.mhlw.go.jp/znk-web/juminkanja/S2430/initialize?prefCd=34&kikanCd=2340375310&kikanKbn=2", "url2": null }, "geometry": { "type": "Point", "coordinates": [ 132.45554, 34.409592 ] } },
{ "type": "Feature", "properties": { "内容": "冨士田循環器科内科【2:診療所】【診療科目:内科_循環器内科_リハビリテーション科】広島県広島市安佐南区中筋三丁目２７－１６", "url": "https://www.iryou.teikyouseido.mhlw.go.jp/znk-web/juminkanja/S2430/initialize?prefCd=34&kikanCd=2340375570&kikanKbn=2", "url2": null }, "geometry": { "type": "Point", "coordinates": [ 132.477666, 34.4526 ] } },
{ "type": "Feature", "properties": { "内容": "寄田医院【2:診療所】【診療科目:内科】広島県広島市佐伯区五日市中央二丁目２番１５号", "url": "https://www.iryou.teikyouseido.mhlw.go.jp/znk-web/juminkanja/S2430/initialize?prefCd=34&kikanCd=2340375600&kikanKbn=2", "url2": "http://www.yoritaiin.sakura.ne.jp/" }, "geometry": { "type": "Point", "coordinates": [ 132.355966, 34.370344 ] } },
{ "type": "Feature", "properties": { "内容": "一般社団法人　福山市医師会健康支援センター【2:診療所】【診療科目:小児科_病理診断科】広島県福山市三吉町南二丁目１１－２５", "url": "https://www.iryou.teikyouseido.mhlw.go.jp/znk-web/juminkanja/S2430/initialize?prefCd=34&kikanCd=2340376320&kikanKbn=2", "url2": "http://www.fmed.jp" }, "geometry": { "type": "Point", "coordinates": [ 133.379737, 34.489211 ] } },
{ "type": "Feature", "properties": { "内容": "医療法人社団　竹内クリニック【2:診療所】【診療科目:内科_胃腸内科_外科】広島県広島市南区出汐二丁目３－２８　ハイタウン出汐１Ｆ", "url": "https://www.iryou.teikyouseido.mhlw.go.jp/znk-web/juminkanja/S2430/initialize?prefCd=34&kikanCd=2340376900&kikanKbn=2", "url2": null }, "geometry": { "type": "Point", "coordinates": [ 132.475734, 34.377429 ] } },
{ "type": "Feature", "properties": { "内容": "医療法人いずみ会　藤井循環器内科【2:診療所】【診療科目:内科_呼吸器内科_循環器内科_消化器内科_放射線科】広島県広島市南区宇品神田二丁目１４－２４　サンシャインＯＤＡ２階", "url": "https://www.iryou.teikyouseido.mhlw.go.jp/znk-web/juminkanja/S2430/initialize?prefCd=34&kikanCd=2340377040&kikanKbn=2", "url2": "http://www.fujii-naika.jp/" }, "geometry": { "type": "Point", "coordinates": [ 132.464652, 34.364597 ] } },
{ "type": "Feature", "properties": { "内容": "福原内科クリニック【2:診療所】【診療科目:内科_呼吸器内科_循環器内科_胃腸内科_アレルギー科_リハビリテーション科_放射線科】広島県呉市本通七丁目１－２０", "url": "https://www.iryou.teikyouseido.mhlw.go.jp/znk-web/juminkanja/S2430/initialize?prefCd=34&kikanCd=2340377330&kikanKbn=2", "url2": "http://fukuharanaik.byoinnavi.jp" }, "geometry": { "type": "Point", "coordinates": [ 132.575659, 34.25066 ] } },
{ "type": "Feature", "properties": { "内容": "医療法人　山代眼科医院【2:診療所】【診療科目:眼科】広島県広島市中区舟入本町７－１５", "url": "https://www.iryou.teikyouseido.mhlw.go.jp/znk-web/juminkanja/S2430/initialize?prefCd=34&kikanCd=2340377750&kikanKbn=2", "url2": "http://www.yamashiro-eye.jp" }, "geometry": { "type": "Point", "coordinates": [ 132.441014, 34.3864 ] } },
{ "type": "Feature", "properties": { "内容": "細川・内藤医院【2:診療所】【診療科目:内科_小児科_皮膚科】広島県広島市中区江波東一丁目１３－２８", "url": "https://www.iryou.teikyouseido.mhlw.go.jp/znk-web/juminkanja/S2430/initialize?prefCd=34&kikanCd=2340377880&kikanKbn=2", "url2": null }, "geometry": { "type": "Point", "coordinates": [ 132.438001, 34.372846 ] } },
{ "type": "Feature", "properties": { "内容": "医療法人　つぼい医院【2:診療所】【診療科目:内科_糖尿病内科_消化器内科_外科_肛門外科_整形外科_皮膚科_リハビリテーション科】広島県三原市糸崎４丁目９番２４号", "url": "https://www.iryou.teikyouseido.mhlw.go.jp/znk-web/juminkanja/S2430/initialize?prefCd=34&kikanCd=2340378500&kikanKbn=2", "url2": "tsuboi-iin.com" }, "geometry": { "type": "Point", "coordinates": [ 133.104381, 34.393009 ] } },
{ "type": "Feature", "properties": { "内容": "広岡整形外科【2:診療所】【診療科目:整形外科_リハビリテーション科】広島県福山市南手城町一丁目９－２５", "url": "https://www.iryou.teikyouseido.mhlw.go.jp/znk-web/juminkanja/S2430/initialize?prefCd=34&kikanCd=2340378760&kikanKbn=2", "url2": "https://hirooka-seikei.com/" }, "geometry": { "type": "Point", "coordinates": [ 133.387267, 34.482316 ] } },
{ "type": "Feature", "properties": { "内容": "医療法人社団　稲垣内科【2:診療所】【診療科目:内科_糖尿病内科_糖尿病・内分泌内科_呼吸器内科】広島県広島市西区観音本町一丁目２２番地２６号", "url": "https://www.iryou.teikyouseido.mhlw.go.jp/znk-web/juminkanja/S2430/initialize?prefCd=34&kikanCd=2340379480&kikanKbn=2", "url2": "http://www.inagaki-naika.jp" }, "geometry": { "type": "Point", "coordinates": [ 132.435098, 34.388122 ] } },
{ "type": "Feature", "properties": { "内容": "せいこう胃腸科外科医院【2:診療所】【診療科目:内科_外科_肛門外科_リハビリテーション科】広島県廿日市市佐方５６２－２", "url": "https://www.iryou.teikyouseido.mhlw.go.jp/znk-web/juminkanja/S2430/initialize?prefCd=34&kikanCd=2340379640&kikanKbn=2", "url2": null }, "geometry": { "type": "Point", "coordinates": [ 132.336024, 34.364428 ] } },
{ "type": "Feature", "properties": { "内容": "医療法人社団寿会　永山医院【2:診療所】【診療科目:内科】広島県広島市中区白島北町１０－１", "url": "https://www.iryou.teikyouseido.mhlw.go.jp/znk-web/juminkanja/S2430/initialize?prefCd=34&kikanCd=2340379930&kikanKbn=2", "url2": "http://www.nagayama-cl.com/" }, "geometry": { "type": "Point", "coordinates": [ 132.463854, 34.409921 ] } },
{ "type": "Feature", "properties": { "内容": "医療法人社団　井原クリニック【2:診療所】【診療科目:産婦人科】広島県広島市中区基町６番２７号　アクア広島センター街９階", "url": "https://www.iryou.teikyouseido.mhlw.go.jp/znk-web/juminkanja/S2430/initialize?prefCd=34&kikanCd=2340380040&kikanKbn=2", "url2": "http://www.ihara-clinic.jp" }, "geometry": { "type": "Point", "coordinates": [ 132.457215, 34.396116 ] } },
{ "type": "Feature", "properties": { "内容": "医療法人　神経内科山中クリニック【2:診療所】【診療科目:心療内科_精神科系その他】広島県広島市南区比治山本町１６－３５", "url": "https://www.iryou.teikyouseido.mhlw.go.jp/znk-web/juminkanja/S2430/initialize?prefCd=34&kikanCd=2340380200&kikanKbn=2", "url2": null }, "geometry": { "type": "Point", "coordinates": [ 132.468845, 34.380651 ] } },
{ "type": "Feature", "properties": { "内容": "みなみ内科ライフケアクリニック【2:診療所】【診療科目:内科_糖尿病内科_糖尿病・内分泌内科】広島県広島市南区比治山本町１６－３５", "url": "https://www.iryou.teikyouseido.mhlw.go.jp/znk-web/juminkanja/S2430/initialize?prefCd=34&kikanCd=2340380330&kikanKbn=2", "url2": "http://www.minami-naika.com" }, "geometry": { "type": "Point", "coordinates": [ 132.468291, 34.380844 ] } },
{ "type": "Feature", "properties": { "内容": "医療法人社団わらび会　脇田医院【2:診療所】【診療科目:内科_外科_整形外科】広島県呉市焼山中央二丁目１－１", "url": "https://www.iryou.teikyouseido.mhlw.go.jp/znk-web/juminkanja/S2430/initialize?prefCd=34&kikanCd=2340380590&kikanKbn=2", "url2": "wakita-clinic.com" }, "geometry": { "type": "Point", "coordinates": [ 132.556453, 34.295411 ] } },
{ "type": "Feature", "properties": { "内容": "新井口内科循環器科【2:診療所】【診療科目:内科_循環器内科_消化器内科】広島県広島市西区草津新町２－８－１２", "url": "https://www.iryou.teikyouseido.mhlw.go.jp/znk-web/juminkanja/S2430/initialize?prefCd=34&kikanCd=2340381180&kikanKbn=2", "url2": "https://shininokuchi-naika.com/" }, "geometry": { "type": "Point", "coordinates": [ 132.393993, 34.374629 ] } },
{ "type": "Feature", "properties": { "内容": "医療法人社団　わだ内科医院【2:診療所】【診療科目:内科_呼吸器内科_循環器内科_消化器内科_腎臓内科】広島県広島市中区大手町五丁目７番１１号", "url": "https://www.iryou.teikyouseido.mhlw.go.jp/znk-web/juminkanja/S2430/initialize?prefCd=34&kikanCd=2340381920&kikanKbn=2", "url2": "https://www.wadanaika.com" }, "geometry": { "type": "Point", "coordinates": [ 132.453069, 34.382539 ] } },
{ "type": "Feature", "properties": { "内容": "医療法人社団山路会　山野上内科クリニック【2:診療所】【診療科目:内科_呼吸器内科_消化器内科】広島県安芸郡海田町稲荷町７－１５", "url": "https://www.iryou.teikyouseido.mhlw.go.jp/znk-web/juminkanja/S2430/initialize?prefCd=34&kikanCd=2340382350&kikanKbn=2", "url2": "http://www.yamanoue-naika.com" }, "geometry": { "type": "Point", "coordinates": [ 132.532786, 34.373048 ] } },
{ "type": "Feature", "properties": { "内容": "向田医院【2:診療所】【診療科目:内科_麻酔科】広島県福山市水呑町２３２９－７", "url": "https://www.iryou.teikyouseido.mhlw.go.jp/znk-web/juminkanja/S2430/initialize?prefCd=34&kikanCd=2340382510&kikanKbn=2", "url2": null }, "geometry": { "type": "Point", "coordinates": [ 133.383238, 34.444568 ] } },
{ "type": "Feature", "properties": { "内容": "柴田内科【2:診療所】【診療科目:内科_呼吸器内科_循環器内科_消化器内科】広島県福山市神辺町道上１－１７", "url": "https://www.iryou.teikyouseido.mhlw.go.jp/znk-web/juminkanja/S2430/initialize?prefCd=34&kikanCd=2340382640&kikanKbn=2", "url2": null }, "geometry": { "type": "Point", "coordinates": [ 133.357501, 34.551701 ] } },
{ "type": "Feature", "properties": { "内容": "森近内科【2:診療所】【診療科目:内科_呼吸器内科_循環器内科_消化器内科_肝臓内科_リハビリテーション科】広島県福山市西深津町４－２－５０", "url": "https://www.iryou.teikyouseido.mhlw.go.jp/znk-web/juminkanja/S2430/initialize?prefCd=34&kikanCd=2340382770&kikanKbn=2", "url2": "https://morichika.fmed.jp/" }, "geometry": { "type": "Point", "coordinates": [ 133.379264, 34.49746 ] } },
{ "type": "Feature", "properties": { "内容": "医療法人　福原内科胃腸科【2:診療所】【診療科目:内科_呼吸器内科_循環器内科_消化器内科_胃腸内科_神経内科_小児科_リハビリテーション科】広島県三次市十日市東２－３－１８", "url": "https://www.iryou.teikyouseido.mhlw.go.jp/znk-web/juminkanja/S2430/initialize?prefCd=34&kikanCd=2340382800&kikanKbn=2", "url2": null }, "geometry": { "type": "Point", "coordinates": [ 132.859154, 34.807667 ] } },
{ "type": "Feature", "properties": { "内容": "医療法人　すざわ小児科【2:診療所】【診療科目:小児科】広島県三次市畠敷町１５０３番地７号", "url": "https://www.iryou.teikyouseido.mhlw.go.jp/znk-web/juminkanja/S2430/initialize?prefCd=34&kikanCd=2340382930&kikanKbn=2", "url2": null }, "geometry": { "type": "Point", "coordinates": [ 132.88843, 34.811001 ] } },
{ "type": "Feature", "properties": { "内容": "医療法人　河野産婦人科クリニック【2:診療所】【診療科目:性感染症内科_女性内科_産婦人科_婦人科】広島県広島市中区紙屋町２丁目２番２５号", "url": "https://www.iryou.teikyouseido.mhlw.go.jp/znk-web/juminkanja/S2430/initialize?prefCd=34&kikanCd=2340383100&kikanKbn=2", "url2": "https://www.konosanfujinka.com/" }, "geometry": { "type": "Point", "coordinates": [ 132.456151, 34.394232 ] } },
{ "type": "Feature", "properties": { "内容": "戸田眼科的場医院【2:診療所】【診療科目:眼科】広島県広島市南区的場町二丁目３－２５", "url": "https://www.iryou.teikyouseido.mhlw.go.jp/znk-web/juminkanja/S2430/initialize?prefCd=34&kikanCd=2340383230&kikanKbn=2", "url2": "http://todaclinic.com/" }, "geometry": { "type": "Point", "coordinates": [ 132.474137, 34.392282 ] } },
{ "type": "Feature", "properties": { "内容": "佐竹医院【2:診療所】【診療科目:内科_眼科】広島県三次市和知町２８５２－１", "url": "https://www.iryou.teikyouseido.mhlw.go.jp/znk-web/juminkanja/S2430/initialize?prefCd=34&kikanCd=2340384080&kikanKbn=2", "url2": null }, "geometry": { "type": "Point", "coordinates": [ 132.921122, 34.798503 ] } },
{ "type": "Feature", "properties": { "内容": "医療法人社団　山岡産婦人科【2:診療所】【診療科目:産婦人科】広島県広島市中区羽衣町１６番４３号", "url": "https://www.iryou.teikyouseido.mhlw.go.jp/znk-web/juminkanja/S2430/initialize?prefCd=34&kikanCd=2340384370&kikanKbn=2", "url2": null }, "geometry": { "type": "Point", "coordinates": [ 132.449708, 34.37729 ] } },
{ "type": "Feature", "properties": { "内容": "仁愛内科医院【2:診療所】【診療科目:内科_循環器内科_消化器内科_胃腸内科_内視鏡内科】広島県廿日市市地御前三丁目１８－９", "url": "https://www.iryou.teikyouseido.mhlw.go.jp/znk-web/juminkanja/S2430/initialize?prefCd=34&kikanCd=2340384950&kikanKbn=2", "url2": "https://www.n-jinai.com/" }, "geometry": { "type": "Point", "coordinates": [ 132.316804, 34.340513 ] } },
{ "type": "Feature", "properties": { "内容": "藤原内科医院【2:診療所】【診療科目:内科_循環器内科_消化器内科_小児科】広島県東広島市西条町御薗宇２４２１－４", "url": "https://www.iryou.teikyouseido.mhlw.go.jp/znk-web/juminkanja/S2430/initialize?prefCd=34&kikanCd=2340385250&kikanKbn=2", "url2": "http://fmclinic.sakura.ne.jp/" }, "geometry": { "type": "Point", "coordinates": [ 132.740294, 34.405514 ] } },
{ "type": "Feature", "properties": { "内容": "中原クリニック【2:診療所】【診療科目:内科_精神科_心療内科】広島県広島市南区段原南２丁目１２番２８号", "url": "https://www.iryou.teikyouseido.mhlw.go.jp/znk-web/juminkanja/S2430/initialize?prefCd=34&kikanCd=2340386260&kikanKbn=2", "url2": null }, "geometry": { "type": "Point", "coordinates": [ 132.477622, 34.384067 ] } },
{ "type": "Feature", "properties": { "内容": "三登医院【2:診療所】【診療科目:内科】広島県安芸郡坂町坂西１丁目６番８号", "url": "https://www.iryou.teikyouseido.mhlw.go.jp/znk-web/juminkanja/S2430/initialize?prefCd=34&kikanCd=2340386970&kikanKbn=2", "url2": null }, "geometry": { "type": "Point", "coordinates": [ 132.508889, 34.337263 ] } },
{ "type": "Feature", "properties": { "内容": "医療法人　ほり整形外科【2:診療所】【診療科目:整形外科_リハビリテーション科】広島県広島市西区草津新町二丁目６－１０", "url": "https://www.iryou.teikyouseido.mhlw.go.jp/znk-web/juminkanja/S2430/initialize?prefCd=34&kikanCd=2340387140&kikanKbn=2", "url2": "https://hori-seikei.com/" }, "geometry": { "type": "Point", "coordinates": [ 132.394074, 34.375011 ] } },
{ "type": "Feature", "properties": { "内容": "医療法人社団　竹中クリニック【2:診療所】【診療科目:内科_胃腸内科_人工透析内科_外科_肛門外科_リハビリテーション科_放射線科】広島県広島市安芸区矢野西４丁目１番２１号", "url": "https://www.iryou.teikyouseido.mhlw.go.jp/znk-web/juminkanja/S2430/initialize?prefCd=34&kikanCd=2340387300&kikanKbn=2", "url2": null }, "geometry": { "type": "Point", "coordinates": [ 132.53273, 34.352322 ] } },
{ "type": "Feature", "properties": { "内容": "佐々木内科・呼吸器科クリニック【2:診療所】【診療科目:内科_呼吸器内科】広島県呉市本町４－１", "url": "https://www.iryou.teikyouseido.mhlw.go.jp/znk-web/juminkanja/S2430/initialize?prefCd=34&kikanCd=2340387560&kikanKbn=2", "url2": "http://sasakiclinic-kure.com/index.html" }, "geometry": { "type": "Point", "coordinates": [ 132.568232, 34.245556 ] } },
{ "type": "Feature", "properties": { "内容": "医療法人社団　田川内科医院【2:診療所】【診療科目:内科】広島県福山市高西町一丁目７番３０号", "url": "https://www.iryou.teikyouseido.mhlw.go.jp/znk-web/juminkanja/S2430/initialize?prefCd=34&kikanCd=2340388020&kikanKbn=2", "url2": null }, "geometry": { "type": "Point", "coordinates": [ 133.239811, 34.447316 ] } },
{ "type": "Feature", "properties": { "内容": "医療法人社団慶正会　奥野内科医院【2:診療所】【診療科目:内科_消化器内科_胃腸内科_小児科_放射線科】広島県府中市府川町３６８－１", "url": "https://www.iryou.teikyouseido.mhlw.go.jp/znk-web/juminkanja/S2430/initialize?prefCd=34&kikanCd=2340388150&kikanKbn=2", "url2": null }, "geometry": { "type": "Point", "coordinates": [ 133.238801, 34.566506 ] } },
{ "type": "Feature", "properties": { "内容": "医療法人　津谷内科　津谷内科呼吸器科クリニック【2:診療所】【診療科目:内科_呼吸器内科_リハビリテーション科_放射線科】広島県広島市東区牛田早稲田一丁目６－３", "url": "https://www.iryou.teikyouseido.mhlw.go.jp/znk-web/juminkanja/S2430/initialize?prefCd=34&kikanCd=2340388310&kikanKbn=2", "url2": "http://www.tsuyaclinic.net/" }, "geometry": { "type": "Point", "coordinates": [ 132.473649, 34.41237 ] } },
{ "type": "Feature", "properties": { "内容": "医療法人社団　たねもり内科クリニック【2:診療所】【診療科目:内科_呼吸器内科_消化器内科_放射線科】広島県広島市南区上東雲町２６－１７", "url": "https://www.iryou.teikyouseido.mhlw.go.jp/znk-web/juminkanja/S2430/initialize?prefCd=34&kikanCd=2340388570&kikanKbn=2", "url2": null }, "geometry": { "type": "Point", "coordinates": [ 132.487288, 34.38452 ] } },
{ "type": "Feature", "properties": { "内容": "たんきょう眼科【2:診療所】【診療科目:眼科】広島県安芸郡海田町新町１１－２０", "url": "https://www.iryou.teikyouseido.mhlw.go.jp/znk-web/juminkanja/S2430/initialize?prefCd=34&kikanCd=2340389160&kikanKbn=2", "url2": "https://byoinnavi.jp/clinic/94156" }, "geometry": { "type": "Point", "coordinates": [ 132.531063, 34.373347 ] } },
{ "type": "Feature", "properties": { "内容": "中村整形外科【2:診療所】【診療科目:整形外科_リウマチ科_リハビリテーション科】広島県福山市南蔵王町二丁目４－１１", "url": "https://www.iryou.teikyouseido.mhlw.go.jp/znk-web/juminkanja/S2430/initialize?prefCd=34&kikanCd=2340389610&kikanKbn=2", "url2": "http://www.nakamura-ortho.com/" }, "geometry": { "type": "Point", "coordinates": [ 133.39193, 34.503793 ] } },
{ "type": "Feature", "properties": { "内容": "本通水田内科クリニック【2:診療所】【診療科目:内科_循環器内科_消化器内科】広島県広島市中区袋町４ー３　滝口ビル５Ｆ", "url": "https://www.iryou.teikyouseido.mhlw.go.jp/znk-web/juminkanja/S2430/initialize?prefCd=34&kikanCd=2340389870&kikanKbn=2", "url2": "https://hondori-mizuta-clinic.jp/" }, "geometry": { "type": "Point", "coordinates": [ 132.458068, 34.392149 ] } },
{ "type": "Feature", "properties": { "内容": "医療法人　沖胃腸科クリニック【2:診療所】【診療科目:消化器内科_胃腸内科】広島県広島市中区上八丁堀８－２６　メープル八丁堀２０１", "url": "https://www.iryou.teikyouseido.mhlw.go.jp/znk-web/juminkanja/S2430/initialize?prefCd=34&kikanCd=2340389900&kikanKbn=2", "url2": "https://okiclinic.jp" }, "geometry": { "type": "Point", "coordinates": [ 132.464039, 34.398704 ] } },
{ "type": "Feature", "properties": { "内容": "滝口耳鼻咽喉科【2:診療所】【診療科目:耳鼻いんこう科_気管食道・耳鼻いんこう科_アレルギー科】広島県広島市中区袋町４番３号　滝口ビル６Ｆ", "url": "https://www.iryou.teikyouseido.mhlw.go.jp/znk-web/juminkanja/S2430/initialize?prefCd=34&kikanCd=2340390010&kikanKbn=2", "url2": "http://www.takiguchi-clinic.jp" }, "geometry": { "type": "Point", "coordinates": [ 132.458068, 34.392149 ] } },
{ "type": "Feature", "properties": { "内容": "武市クリニック【2:診療所】【診療科目:内科_精神科】広島県広島市南区西荒神町１－３３", "url": "https://www.iryou.teikyouseido.mhlw.go.jp/znk-web/juminkanja/S2430/initialize?prefCd=34&kikanCd=2340390300&kikanKbn=2", "url2": null }, "geometry": { "type": "Point", "coordinates": [ 132.476501, 34.393611 ] } },
{ "type": "Feature", "properties": { "内容": "医療法人　秀仁会　ないとう内科【2:診療所】【診療科目:内科_循環器内科_消化器内科】広島県広島市安佐北区可部五丁目４－２４", "url": "https://www.iryou.teikyouseido.mhlw.go.jp/znk-web/juminkanja/S2430/initialize?prefCd=34&kikanCd=2340390430&kikanKbn=2", "url2": "https://nanohana-kabe.com/naitou" }, "geometry": { "type": "Point", "coordinates": [ 132.509336, 34.521831 ] } },
{ "type": "Feature", "properties": { "内容": "医療法人　中丸クリニック【2:診療所】【診療科目:内科_循環器内科】広島県廿日市市宮島口一丁目７－１５", "url": "https://www.iryou.teikyouseido.mhlw.go.jp/znk-web/juminkanja/S2430/initialize?prefCd=34&kikanCd=2340390560&kikanKbn=2", "url2": "http://7799nakamax.byoinnavi.jp/prepc" }, "geometry": { "type": "Point", "coordinates": [ 132.304085, 34.310378 ] } },
{ "type": "Feature", "properties": { "内容": "小林内科泌尿器科医院【2:診療所】【診療科目:内科_泌尿器科】広島県廿日市市宮園３丁目１－１", "url": "https://www.iryou.teikyouseido.mhlw.go.jp/znk-web/juminkanja/S2430/initialize?prefCd=34&kikanCd=2340390690&kikanKbn=2", "url2": null }, "geometry": { "type": "Point", "coordinates": [ 132.303499, 34.354567 ] } },
{ "type": "Feature", "properties": { "内容": "原田リハビリ整形外科【2:診療所】【診療科目:整形外科_リハビリテーション科】広島県広島市安佐南区東野２－２１－２０", "url": "https://www.iryou.teikyouseido.mhlw.go.jp/znk-web/juminkanja/S2430/initialize?prefCd=34&kikanCd=2340391280&kikanKbn=2", "url2": null }, "geometry": { "type": "Point", "coordinates": [ 132.484702, 34.448755 ] } },
{ "type": "Feature", "properties": { "内容": "医療法人　中西内科【2:診療所】【診療科目:内科_呼吸器内科_循環器内科_消化器内科_胃腸内科_アレルギー科_放射線科】広島県広島市安佐北区亀山四丁目２０－８", "url": "https://www.iryou.teikyouseido.mhlw.go.jp/znk-web/juminkanja/S2430/initialize?prefCd=34&kikanCd=2340391310&kikanKbn=2", "url2": "http://www.nakanisi-naika.com/" }, "geometry": { "type": "Point", "coordinates": [ 132.498531, 34.522275 ] } },
{ "type": "Feature", "properties": { "内容": "小林内科クリニック【2:診療所】【診療科目:内科_循環器内科_リハビリテーション科】広島県三原市宮浦三丁目２８－１８", "url": "https://www.iryou.teikyouseido.mhlw.go.jp/znk-web/juminkanja/S2430/initialize?prefCd=34&kikanCd=2340391860&kikanKbn=2", "url2": null }, "geometry": { "type": "Point", "coordinates": [ 133.064434, 34.39902 ] } },
{ "type": "Feature", "properties": { "内容": "今福内科クリニック【2:診療所】【診療科目:内科_呼吸器内科_消化器内科】広島県福山市西町二丁目１４－１８", "url": "https://www.iryou.teikyouseido.mhlw.go.jp/znk-web/juminkanja/S2430/initialize?prefCd=34&kikanCd=2340391990&kikanKbn=2", "url2": null }, "geometry": { "type": "Point", "coordinates": [ 133.355711, 34.489294 ] } },
{ "type": "Feature", "properties": { "内容": "こいけ内科クリニック【2:診療所】【診療科目:内科_循環器内科】広島県福山市明治町１４番２６号", "url": "https://www.iryou.teikyouseido.mhlw.go.jp/znk-web/juminkanja/S2430/initialize?prefCd=34&kikanCd=2340392030&kikanKbn=2", "url2": "koike-naika-clinic.com" }, "geometry": { "type": "Point", "coordinates": [ 133.368933, 34.482295 ] } },
{ "type": "Feature", "properties": { "内容": "医療法人杉本会　杉本眼科医院【2:診療所】【診療科目:眼科】広島県広島市中区大手町３－１３－１４", "url": "https://www.iryou.teikyouseido.mhlw.go.jp/znk-web/juminkanja/S2430/initialize?prefCd=34&kikanCd=2340392290&kikanKbn=2", "url2": "http://www.sugimotoganka.jp/" }, "geometry": { "type": "Point", "coordinates": [ 132.453476, 34.386536 ] } },
{ "type": "Feature", "properties": { "内容": "北野泌尿器科医院【2:診療所】【診療科目:泌尿器科_男性泌尿器科】広島県広島市安佐北区口田１丁目８番１７号　小夫家ビル１Ｆ", "url": "https://www.iryou.teikyouseido.mhlw.go.jp/znk-web/juminkanja/S2430/initialize?prefCd=34&kikanCd=2340392580&kikanKbn=2", "url2": null }, "geometry": { "type": "Point", "coordinates": [ 132.496312, 34.461531 ] } },
{ "type": "Feature", "properties": { "内容": "幸田内科医院【2:診療所】【診療科目:内科】広島県広島市南区向洋新町二丁目１番５号", "url": "https://www.iryou.teikyouseido.mhlw.go.jp/znk-web/juminkanja/S2430/initialize?prefCd=34&kikanCd=2340393170&kikanKbn=2", "url2": null }, "geometry": { "type": "Point", "coordinates": [ 132.510648, 34.366097 ] } },
{ "type": "Feature", "properties": { "内容": "むれクリニック【2:診療所】【診療科目:内科_消化器内科_外科】広島県広島市安芸区船越南二丁目１－１１", "url": "https://www.iryou.teikyouseido.mhlw.go.jp/znk-web/juminkanja/S2430/initialize?prefCd=34&kikanCd=2340393330&kikanKbn=2", "url2": "https://www.tani-clinic.net/" }, "geometry": { "type": "Point", "coordinates": [ 132.524702, 34.372514 ] } },
{ "type": "Feature", "properties": { "内容": "佐藤脳神経外科【2:診療所】【診療科目:神経内科_脳神経外科_精神科_リハビリテーション科_放射線科】広島県福山市松永町５丁目２３番２３号", "url": "https://www.iryou.teikyouseido.mhlw.go.jp/znk-web/juminkanja/S2430/initialize?prefCd=34&kikanCd=2340393590&kikanKbn=2", "url2": "http://ryofukai.jp" }, "geometry": { "type": "Point", "coordinates": [ 133.260576, 34.446133 ] } },
{ "type": "Feature", "properties": { "内容": "医療法人　河野内科【2:診療所】【診療科目:内科】広島県広島市安佐北区安佐町飯室１４９８－１１", "url": "https://www.iryou.teikyouseido.mhlw.go.jp/znk-web/juminkanja/S2430/initialize?prefCd=34&kikanCd=2340393910&kikanKbn=2", "url2": null }, "geometry": { "type": "Point", "coordinates": [ 132.44645, 34.55241 ] } },
{ "type": "Feature", "properties": { "内容": "医療法人　宥善会　前田医院【2:診療所】【診療科目:内科_消化器内科】広島県東広島市黒瀬町国近３３５番地１号", "url": "https://www.iryou.teikyouseido.mhlw.go.jp/znk-web/juminkanja/S2430/initialize?prefCd=34&kikanCd=2340394050&kikanKbn=2", "url2": "www.maeda-cl.net" }, "geometry": { "type": "Point", "coordinates": [ 132.714882, 34.35113 ] } },
{ "type": "Feature", "properties": { "内容": "医療法人社団　石田内科・循環器科【2:診療所】【診療科目:内科_呼吸器内科_循環器内科_胃腸内科】広島県福山市東川口町四丁目９－１２", "url": "https://www.iryou.teikyouseido.mhlw.go.jp/znk-web/juminkanja/S2430/initialize?prefCd=34&kikanCd=2340394210&kikanKbn=2", "url2": "http://www.ishida.or.jp/" }, "geometry": { "type": "Point", "coordinates": [ 133.385737, 34.473629 ] } },
{ "type": "Feature", "properties": { "内容": "橘高クリニック【2:診療所】【診療科目:内科_小児科_アレルギー科】広島県福山市宮前町一丁目３－１５", "url": "https://www.iryou.teikyouseido.mhlw.go.jp/znk-web/juminkanja/S2430/initialize?prefCd=34&kikanCd=2340394470&kikanKbn=2", "url2": "http://www.kittaka-clinic.com/" }, "geometry": { "type": "Point", "coordinates": [ 133.260626, 34.453691 ] } },
{ "type": "Feature", "properties": { "内容": "医療法人社団　さえき医院【2:診療所】【診療科目:内科_外科_肛門外科_整形外科】広島県東広島市志和町志和東１１９９番地の４", "url": "https://www.iryou.teikyouseido.mhlw.go.jp/znk-web/juminkanja/S2430/initialize?prefCd=34&kikanCd=2340395350&kikanKbn=2", "url2": null }, "geometry": { "type": "Point", "coordinates": [ 132.679073, 34.48431 ] } },
{ "type": "Feature", "properties": { "内容": "医療法人社団明健会　冨永内科医院【2:診療所】【診療科目:内科_消化器内科_小児科】広島県福山市奈良津町三丁目１－１", "url": "https://www.iryou.teikyouseido.mhlw.go.jp/znk-web/juminkanja/S2430/initialize?prefCd=34&kikanCd=2340395640&kikanKbn=2", "url2": null }, "geometry": { "type": "Point", "coordinates": [ 133.373884, 34.499207 ] } },
{ "type": "Feature", "properties": { "内容": "松野内科医院【2:診療所】【診療科目:内科_呼吸器内科_循環器内科_消化器内科】広島県広島市中区幟町５－２１", "url": "https://www.iryou.teikyouseido.mhlw.go.jp/znk-web/juminkanja/S2430/initialize?prefCd=34&kikanCd=2340395800&kikanKbn=2", "url2": "http://www.m-naika.jp" }, "geometry": { "type": "Point", "coordinates": [ 132.467039, 34.395177 ] } },
{ "type": "Feature", "properties": { "内容": "医療法人社団　石田内科【2:診療所】【診療科目:内科_循環器内科_消化器内科】広島県広島市西区己斐上二丁目１１番３号", "url": "https://www.iryou.teikyouseido.mhlw.go.jp/znk-web/juminkanja/S2430/initialize?prefCd=34&kikanCd=2340395930&kikanKbn=2", "url2": "https://ishida-med.or.jp" }, "geometry": { "type": "Point", "coordinates": [ 132.419265, 34.405175 ] } },
{ "type": "Feature", "properties": { "内容": "松ケ丘医院【2:診療所】【診療科目:内科】広島県東広島市黒瀬松ケ丘１０－２１", "url": "https://www.iryou.teikyouseido.mhlw.go.jp/znk-web/juminkanja/S2430/initialize?prefCd=34&kikanCd=2340396100&kikanKbn=2", "url2": null }, "geometry": { "type": "Point", "coordinates": [ 132.65823, 34.333326 ] } },
{ "type": "Feature", "properties": { "内容": "外科胃腸科いとう医院【2:診療所】【診療科目:胃腸内科_外科_肛門外科_整形外科】広島県広島市東区牛田中一丁目１１番１２号", "url": "https://www.iryou.teikyouseido.mhlw.go.jp/znk-web/juminkanja/S2430/initialize?prefCd=34&kikanCd=2340396490&kikanKbn=2", "url2": "https://www.489map.com/helios/A8399697/reserve/syoshin" }, "geometry": { "type": "Point", "coordinates": [ 132.472705, 34.408481 ] } },
{ "type": "Feature", "properties": { "内容": "医療法人社団保志会　福永循環器・内科【2:診療所】【診療科目:内科_循環器内科】広島県広島市南区段原南２丁目３番２３号", "url": "https://www.iryou.teikyouseido.mhlw.go.jp/znk-web/juminkanja/S2430/initialize?prefCd=34&kikanCd=2340396520&kikanKbn=2", "url2": "http://www.fukunaga-jn-cl.jp/" }, "geometry": { "type": "Point", "coordinates": [ 132.476261, 34.387095 ] } },
{ "type": "Feature", "properties": { "内容": "東広島市休日診療所【2:診療所】【診療科目:内科_小児科_歯科】広島県東広島市西条町土与丸１１１３", "url": "https://www.iryou.teikyouseido.mhlw.go.jp/znk-web/juminkanja/S2430/initialize?prefCd=34&kikanCd=2340397080&kikanKbn=2", "url2": "http://www.city.higashihiroshima.lg.jp/kenko/iryo/1/6549.html" }, "geometry": { "type": "Point", "coordinates": [ 132.752995, 34.424289 ] } },
{ "type": "Feature", "properties": { "内容": "医療法人　大江内科医院【2:診療所】【診療科目:内科_呼吸器内科_循環器内科_胃腸内科_小児科_リハビリテーション科】広島県広島市佐伯区楽々園三丁目５－２７", "url": "https://www.iryou.teikyouseido.mhlw.go.jp/znk-web/juminkanja/S2430/initialize?prefCd=34&kikanCd=2340397530&kikanKbn=2", "url2": null }, "geometry": { "type": "Point", "coordinates": [ 132.354439, 34.363706 ] } },
{ "type": "Feature", "properties": { "内容": "医療法人社団　天野医院【2:診療所】【診療科目:内科_精神科】広島県広島市中区西白島町７－３１", "url": "https://www.iryou.teikyouseido.mhlw.go.jp/znk-web/juminkanja/S2430/initialize?prefCd=34&kikanCd=2340397790&kikanKbn=2", "url2": "http://m-amano.sakura.ne.jp" }, "geometry": { "type": "Point", "coordinates": [ 132.461067, 34.407703 ] } },
{ "type": "Feature", "properties": { "内容": "花田内科【2:診療所】【診療科目:内科_小児科】広島県広島市南区松川町３－２８", "url": "https://www.iryou.teikyouseido.mhlw.go.jp/znk-web/juminkanja/S2430/initialize?prefCd=34&kikanCd=2340397950&kikanKbn=2", "url2": null }, "geometry": { "type": "Point", "coordinates": [ 132.47165, 34.39065 ] } },
{ "type": "Feature", "properties": { "内容": "なんば内科クリニック【2:診療所】【診療科目:内科_呼吸器内科】広島県安芸郡府中町本町二丁目５－１３", "url": "https://www.iryou.teikyouseido.mhlw.go.jp/znk-web/juminkanja/S2430/initialize?prefCd=34&kikanCd=2340398410&kikanKbn=2", "url2": "https://nanba-medical-clinic.com/" }, "geometry": { "type": "Point", "coordinates": [ 132.505371, 34.396728 ] } },
{ "type": "Feature", "properties": { "内容": "明石内科クリニック【2:診療所】【診療科目:糖尿病内科_呼吸器内科_循環器内科_消化器内科_漢方内科_緩和ケア内科】広島県廿日市市山陽園８－１９", "url": "https://www.iryou.teikyouseido.mhlw.go.jp/znk-web/juminkanja/S2430/initialize?prefCd=34&kikanCd=2340398670&kikanKbn=2", "url2": null }, "geometry": { "type": "Point", "coordinates": [ 132.340728, 34.362093 ] } },
{ "type": "Feature", "properties": { "内容": "門川内科医院【2:診療所】【診療科目:内科_胃腸内科_小児科】広島県東広島市高屋町小谷２９４４番１０号", "url": "https://www.iryou.teikyouseido.mhlw.go.jp/znk-web/juminkanja/S2430/initialize?prefCd=34&kikanCd=2340398700&kikanKbn=2", "url2": null }, "geometry": { "type": "Point", "coordinates": [ 132.83884, 34.436429 ] } },
{ "type": "Feature", "properties": { "内容": "くさか整形外科【2:診療所】【診療科目:整形外科_リウマチ科_リハビリテーション科】広島県尾道市美ノ郷町三成２２６－５", "url": "https://www.iryou.teikyouseido.mhlw.go.jp/znk-web/juminkanja/S2430/initialize?prefCd=34&kikanCd=2340398830&kikanKbn=2", "url2": "kusaka-seikeigeka.com" }, "geometry": { "type": "Point", "coordinates": [ 133.196809, 34.452017 ] } },
{ "type": "Feature", "properties": { "内容": "森尾内科医院【2:診療所】【診療科目:内科_リハビリテーション科】広島県尾道市因島中庄町３３１４－３", "url": "https://www.iryou.teikyouseido.mhlw.go.jp/znk-web/juminkanja/S2430/initialize?prefCd=34&kikanCd=2340398960&kikanKbn=2", "url2": null }, "geometry": { "type": "Point", "coordinates": [ 133.172262, 34.327224 ] } },
{ "type": "Feature", "properties": { "内容": "備北眼科【2:診療所】【診療科目:眼科】広島県三次市十日市東１丁目１１－５", "url": "https://www.iryou.teikyouseido.mhlw.go.jp/znk-web/juminkanja/S2430/initialize?prefCd=34&kikanCd=2340399260&kikanKbn=2", "url2": "bihoku.ganka.com" }, "geometry": { "type": "Point", "coordinates": [ 132.856877, 34.806029 ] } },
{ "type": "Feature", "properties": { "内容": "医療法人社団　なんぶ内科医院【2:診療所】【診療科目:内科_呼吸器内科_胃腸内科_小児科_リハビリテーション科】広島県東広島市高屋町小谷３２５３－１", "url": "https://www.iryou.teikyouseido.mhlw.go.jp/znk-web/juminkanja/S2430/initialize?prefCd=34&kikanCd=2340399840&kikanKbn=2", "url2": "http://nambuiin.or.jp/" }, "geometry": { "type": "Point", "coordinates": [ 132.830306, 34.446441 ] } },
{ "type": "Feature", "properties": { "内容": "医療法人　向田内科医院【2:診療所】【診療科目:内科_呼吸器内科_循環器内科_消化器内科】広島県福山市加茂町中野４０３－３", "url": "https://www.iryou.teikyouseido.mhlw.go.jp/znk-web/juminkanja/S2430/initialize?prefCd=34&kikanCd=2340400270&kikanKbn=2", "url2": "http://www.mukouda-naika.com/" }, "geometry": { "type": "Point", "coordinates": [ 133.345347, 34.573173 ] } },
{ "type": "Feature", "properties": { "内容": "緑井皮ふ科クリニック【2:診療所】【診療科目:皮膚科】広島県広島市安佐南区緑井二丁目１１－１６", "url": "https://www.iryou.teikyouseido.mhlw.go.jp/znk-web/juminkanja/S2430/initialize?prefCd=34&kikanCd=2340400850&kikanKbn=2", "url2": null }, "geometry": { "type": "Point", "coordinates": [ 132.470313, 34.467919 ] } },
{ "type": "Feature", "properties": { "内容": "寺沢耳鼻咽喉科医院【2:診療所】【診療科目:耳鼻いんこう科】広島県安芸郡海田町窪町２－１４", "url": "https://www.iryou.teikyouseido.mhlw.go.jp/znk-web/juminkanja/S2430/initialize?prefCd=34&kikanCd=2340401280&kikanKbn=2", "url2": null }, "geometry": { "type": "Point", "coordinates": [ 132.529841, 34.371653 ] } },
{ "type": "Feature", "properties": { "内容": "高美ケ丘クリニック【2:診療所】【診療科目:内科_小児科_皮膚科_放射線科】広島県東広島市高屋高美が丘四丁目３３－１", "url": "https://www.iryou.teikyouseido.mhlw.go.jp/znk-web/juminkanja/S2430/initialize?prefCd=34&kikanCd=2340401440&kikanKbn=2", "url2": null }, "geometry": { "type": "Point", "coordinates": [ 132.792928, 34.460267 ] } },
{ "type": "Feature", "properties": { "内容": "医療法人社団　恵仁会　平岡内科医院【2:診療所】【診療科目:内科】広島県広島市中区舟入本町１５番１９号", "url": "https://www.iryou.teikyouseido.mhlw.go.jp/znk-web/juminkanja/S2430/initialize?prefCd=34&kikanCd=2340401730&kikanKbn=2", "url2": null }, "geometry": { "type": "Point", "coordinates": [ 132.443375, 34.385066 ] } },
{ "type": "Feature", "properties": { "内容": "医療法人　えんじゅ会　かわごえ循環器内科【2:診療所】【診療科目:内科_循環器内科_心臓内科】広島県広島市中区上幟町３－１１－１０１", "url": "https://www.iryou.teikyouseido.mhlw.go.jp/znk-web/juminkanja/S2430/initialize?prefCd=34&kikanCd=2340401990&kikanKbn=2", "url2": "http://www.kawagoe-clinic.jp" }, "geometry": { "type": "Point", "coordinates": [ 132.466178, 34.398954 ] } },
{ "type": "Feature", "properties": { "内容": "医療法人　優喜会　耳鼻咽喉科　佐藤クリニック【2:診療所】【診療科目:耳鼻いんこう科_アレルギー科】広島県広島市東区牛田早稲田一丁目３－２６", "url": "https://www.iryou.teikyouseido.mhlw.go.jp/znk-web/juminkanja/S2430/initialize?prefCd=34&kikanCd=2340402030&kikanKbn=2", "url2": null }, "geometry": { "type": "Point", "coordinates": [ 132.47526, 34.412175 ] } },
{ "type": "Feature", "properties": { "内容": "メディカルケア　さつき診療所【2:診療所】【診療科目:内科_外科】広島県広島市佐伯区五月が丘２丁目７番２５号", "url": "https://www.iryou.teikyouseido.mhlw.go.jp/znk-web/juminkanja/S2430/initialize?prefCd=34&kikanCd=2340402320&kikanKbn=2", "url2": null }, "geometry": { "type": "Point", "coordinates": [ 132.400683, 34.421145 ] } },
{ "type": "Feature", "properties": { "内容": "今井医院【2:診療所】【診療科目:内科_外科】広島県三次市三良坂町三良坂２６３３", "url": "https://www.iryou.teikyouseido.mhlw.go.jp/znk-web/juminkanja/S2430/initialize?prefCd=34&kikanCd=2340402580&kikanKbn=2", "url2": null }, "geometry": { "type": "Point", "coordinates": [ 132.961718, 34.763111 ] } },
{ "type": "Feature", "properties": { "内容": "公益財団法人　広島県地域保健医療推進機構（ＨｉＴＳ健診プラザ）【2:診療所】【診療科目:内科_呼吸器内科_放射線科】広島県広島市南区皆実町一丁目６番２９号", "url": "https://www.iryou.teikyouseido.mhlw.go.jp/znk-web/juminkanja/S2430/initialize?prefCd=34&kikanCd=2340402740&kikanKbn=2", "url2": "http://www.hiroshima-hm.or.jp/" }, "geometry": { "type": "Point", "coordinates": [ 132.468401, 34.379901 ] } },
{ "type": "Feature", "properties": { "内容": "医療法人　あべ内科小児科【2:診療所】【診療科目:内科_呼吸器内科_循環器内科_消化器内科_小児科_リハビリテーション科_放射線科】広島県広島市安佐南区伴東七丁目５９－１", "url": "https://www.iryou.teikyouseido.mhlw.go.jp/znk-web/juminkanja/S2430/initialize?prefCd=34&kikanCd=2340402870&kikanKbn=2", "url2": null }, "geometry": { "type": "Point", "coordinates": [ 132.41263, 34.463558 ] } },
{ "type": "Feature", "properties": { "内容": "医療法人社団　長寿会　はたのリハビリ整形外科【2:診療所】【診療科目:内科_整形外科_リハビリテーション科】広島県広島市安芸区中野５丁目１３－３０", "url": "https://www.iryou.teikyouseido.mhlw.go.jp/znk-web/juminkanja/S2430/initialize?prefCd=34&kikanCd=2340403200&kikanKbn=2", "url2": "http://hatano-group.jp/" }, "geometry": { "type": "Point", "coordinates": [ 132.580835, 34.402373 ] } },
{ "type": "Feature", "properties": { "内容": "加納内科消化器科【2:診療所】【診療科目:内科_消化器内科】広島県尾道市高須町字原田３６５９番１号", "url": "https://www.iryou.teikyouseido.mhlw.go.jp/znk-web/juminkanja/S2430/initialize?prefCd=34&kikanCd=2340403620&kikanKbn=2", "url2": null }, "geometry": { "type": "Point", "coordinates": [ 133.230946, 34.440463 ] } },
{ "type": "Feature", "properties": { "内容": "大和診療所【2:診療所】【診療科目:内科】広島県三原市大和町和木１５３８－１", "url": "https://www.iryou.teikyouseido.mhlw.go.jp/znk-web/juminkanja/S2430/initialize?prefCd=34&kikanCd=2340403910&kikanKbn=2", "url2": "http://www.city.mihara.hiroshima.jp/soshiki/16/114574.html" }, "geometry": { "type": "Point", "coordinates": [ 132.921558, 34.514098 ] } },
{ "type": "Feature", "properties": { "内容": "小川内科胃腸科【2:診療所】【診療科目:内科_呼吸器内科_循環器内科_胃腸内科_アレルギー科_リハビリテーション科】広島県福山市神辺町新徳田５４５－１", "url": "https://www.iryou.teikyouseido.mhlw.go.jp/znk-web/juminkanja/S2430/initialize?prefCd=34&kikanCd=2340404470&kikanKbn=2", "url2": "http://www.ogawanaika" }, "geometry": { "type": "Point", "coordinates": [ 133.364347, 34.54651 ] } },
{ "type": "Feature", "properties": { "内容": "びんごクリニック【2:診療所】【診療科目:内科_精神科_心療内科】広島県福山市丸之内１－３－９　鈴木第２ビル６階", "url": "https://www.iryou.teikyouseido.mhlw.go.jp/znk-web/juminkanja/S2430/initialize?prefCd=34&kikanCd=2340404630&kikanKbn=2", "url2": null }, "geometry": { "type": "Point", "coordinates": [ 133.362877, 34.491349 ] } },
{ "type": "Feature", "properties": { "内容": "野田耳鼻咽喉科医院【2:診療所】【診療科目:耳鼻いんこう科】広島県広島市安佐北区可部三丁目３８－１８", "url": "https://www.iryou.teikyouseido.mhlw.go.jp/znk-web/juminkanja/S2430/initialize?prefCd=34&kikanCd=2340405060&kikanKbn=2", "url2": null }, "geometry": { "type": "Point", "coordinates": [ 132.51102, 34.517135 ] } },
{ "type": "Feature", "properties": { "内容": "名草クリニック【2:診療所】【診療科目:内科_胃腸内科_外科_肛門外科_リハビリテーション科】広島県広島市佐伯区五日市中央三丁目９－５１", "url": "https://www.iryou.teikyouseido.mhlw.go.jp/znk-web/juminkanja/S2430/initialize?prefCd=34&kikanCd=2340405190&kikanKbn=2", "url2": null }, "geometry": { "type": "Point", "coordinates": [ 132.350993, 34.370317 ] } },
{ "type": "Feature", "properties": { "内容": "医療法人社団　松永クリニック【2:診療所】【診療科目:内科_消化器内科_内視鏡内科_外科_肛門外科_小児科】広島県広島市佐伯区皆賀二丁目２－３１　グリーンハイツ皆賀２Ｆ", "url": "https://www.iryou.teikyouseido.mhlw.go.jp/znk-web/juminkanja/S2430/initialize?prefCd=34&kikanCd=2340405220&kikanKbn=2", "url2": "http://www.matsunaga1131.com" }, "geometry": { "type": "Point", "coordinates": [ 132.367826, 34.375316 ] } },
{ "type": "Feature", "properties": { "内容": "久芳診療所【2:診療所】【診療科目:内科】広島県東広島市福富町久芳３７９７－１", "url": "https://www.iryou.teikyouseido.mhlw.go.jp/znk-web/juminkanja/S2430/initialize?prefCd=34&kikanCd=2340405350&kikanKbn=2", "url2": null }, "geometry": { "type": "Point", "coordinates": [ 132.780507, 34.538334 ] } },
{ "type": "Feature", "properties": { "内容": "医療法人　榎木内科・循環器科医院【2:診療所】【診療科目:内科_感染症内科_糖尿病内科_内分泌内科_脂質代謝内科_呼吸器内科_心臓内科_消化器内科_腎臓内科_老年内科_アレルギー疾患内科_リハビリテーション科】広島県広島市中区江波南１丁目３９－９", "url": "https://www.iryou.teikyouseido.mhlw.go.jp/znk-web/juminkanja/S2430/initialize?prefCd=34&kikanCd=2340405770&kikanKbn=2", "url2": "http://enoki-iin.webmedipro.jp/" }, "geometry": { "type": "Point", "coordinates": [ 132.433821, 34.365096 ] } },
{ "type": "Feature", "properties": { "内容": "医療法人黄内科医院【2:診療所】【診療科目:内科_糖尿病内科_脂質代謝内科_呼吸器内科_循環器内科_消化器内科_アレルギー疾患内科_アレルギー科_リハビリテーション科】広島県広島市佐伯区藤の木一丁目３１－１２", "url": "https://www.iryou.teikyouseido.mhlw.go.jp/znk-web/juminkanja/S2430/initialize?prefCd=34&kikanCd=2340406230&kikanKbn=2", "url2": null }, "geometry": { "type": "Point", "coordinates": [ 132.357454, 34.419546 ] } },
{ "type": "Feature", "properties": { "内容": "医療法人社団　敬友会　卜部耳鼻咽喉科医院【2:診療所】【診療科目:耳鼻いんこう科】広島県福山市霞町２丁目２番３号", "url": "https://www.iryou.teikyouseido.mhlw.go.jp/znk-web/juminkanja/S2430/initialize?prefCd=34&kikanCd=2340406520&kikanKbn=2", "url2": "https://www.urabeent.jp" }, "geometry": { "type": "Point", "coordinates": [ 133.363335, 34.48425 ] } },
{ "type": "Feature", "properties": { "内容": "中川内科医院【2:診療所】【診療科目:内科】広島県広島市安佐北区可部二丁目６－３", "url": "https://www.iryou.teikyouseido.mhlw.go.jp/znk-web/juminkanja/S2430/initialize?prefCd=34&kikanCd=2340406940&kikanKbn=2", "url2": null }, "geometry": { "type": "Point", "coordinates": [ 132.510725, 34.513359 ] } },
{ "type": "Feature", "properties": { "内容": "鈴木内科医院【2:診療所】【診療科目:内科】広島県尾道市因島土生町１８９９－２４", "url": "https://www.iryou.teikyouseido.mhlw.go.jp/znk-web/juminkanja/S2430/initialize?prefCd=34&kikanCd=2340407240&kikanKbn=2", "url2": "https://urban.ne.jp/home/toshi999/" }, "geometry": { "type": "Point", "coordinates": [ 133.178241, 34.284899 ] } },
{ "type": "Feature", "properties": { "内容": "医療法人　穣和会　藤田医院【2:診療所】【診療科目:内科_循環器内科】広島県福山市神辺町川北１３０番１号", "url": "https://www.iryou.teikyouseido.mhlw.go.jp/znk-web/juminkanja/S2430/initialize?prefCd=34&kikanCd=2340407370&kikanKbn=2", "url2": null }, "geometry": { "type": "Point", "coordinates": [ 133.383818, 34.540455 ] } },
{ "type": "Feature", "properties": { "内容": "平野眼科【2:診療所】【診療科目:眼科】広島県広島市安佐北区口田南七丁目１２－３１", "url": "https://www.iryou.teikyouseido.mhlw.go.jp/znk-web/juminkanja/S2430/initialize?prefCd=34&kikanCd=2340407950&kikanKbn=2", "url2": null }, "geometry": { "type": "Point", "coordinates": [ 132.497328, 34.461193 ] } },
{ "type": "Feature", "properties": { "内容": "倉掛のぞみ園診療所【2:診療所】【診療科目:内科】広島県広島市安佐北区倉掛３丁目５０番１号", "url": "https://www.iryou.teikyouseido.mhlw.go.jp/znk-web/juminkanja/S2430/initialize?prefCd=34&kikanCd=2340408090&kikanKbn=2", "url2": null }, "geometry": { "type": "Point", "coordinates": [ 132.532086, 34.474142 ] } },
{ "type": "Feature", "properties": { "内容": "よこやま産婦人科【2:診療所】【診療科目:産婦人科】広島県東広島市高屋町中島１６８番地", "url": "https://www.iryou.teikyouseido.mhlw.go.jp/znk-web/juminkanja/S2430/initialize?prefCd=34&kikanCd=2340408250&kikanKbn=2", "url2": null }, "geometry": { "type": "Point", "coordinates": [ 132.79276, 34.451343 ] } },
{ "type": "Feature", "properties": { "内容": "医療法人　翠幸会　大瀬戸リハビリ整形外科【2:診療所】【診療科目:内科_整形外科_リハビリテーション科】広島県広島市南区宇品御幸一丁目１７－１", "url": "https://www.iryou.teikyouseido.mhlw.go.jp/znk-web/juminkanja/S2430/initialize?prefCd=34&kikanCd=2340408540&kikanKbn=2", "url2": "http://www.ohseto.or.jp" }, "geometry": { "type": "Point", "coordinates": [ 132.464366, 34.368146 ] } },
{ "type": "Feature", "properties": { "内容": "白石眼科ペインクリニック【2:診療所】【診療科目:内科_ペインクリニック内科_眼科】広島県広島市安佐北区可部３丁目２１番２０号", "url": "https://www.iryou.teikyouseido.mhlw.go.jp/znk-web/juminkanja/S2430/initialize?prefCd=34&kikanCd=2340408700&kikanKbn=2", "url2": "http://shiraishi-eye.com/" }, "geometry": { "type": "Point", "coordinates": [ 132.512391, 34.519887 ] } },
{ "type": "Feature", "properties": { "内容": "酒井耳鼻咽喉科皮ふ科医院【2:診療所】【診療科目:耳鼻いんこう科_皮膚科_アレルギー科】広島県安芸郡熊野町萩原２－２－８", "url": "https://www.iryou.teikyouseido.mhlw.go.jp/znk-web/juminkanja/S2430/initialize?prefCd=34&kikanCd=2340408960&kikanKbn=2", "url2": "http://jijijijiji.web.fc2.com/" }, "geometry": { "type": "Point", "coordinates": [ 132.588337, 34.338657 ] } },
{ "type": "Feature", "properties": { "内容": "小川内科【2:診療所】【診療科目:内科_消化器内科】広島県広島市中区江波西二丁目３３－２０", "url": "https://www.iryou.teikyouseido.mhlw.go.jp/znk-web/juminkanja/S2430/initialize?prefCd=34&kikanCd=2340409420&kikanKbn=2", "url2": null }, "geometry": { "type": "Point", "coordinates": [ 132.430322, 34.365874 ] } },
{ "type": "Feature", "properties": { "内容": "広島市北部こども療育センター附属診療所【2:診療所】【診療科目:整形外科_小児科】広島県広島市安佐北区可部南五丁目８－７０", "url": "https://www.iryou.teikyouseido.mhlw.go.jp/znk-web/juminkanja/S2430/initialize?prefCd=34&kikanCd=2340409840&kikanKbn=2", "url2": "http://www.hsfj.city.hiroshima.jp" }, "geometry": { "type": "Point", "coordinates": [ 132.514225, 34.508749 ] } },
{ "type": "Feature", "properties": { "内容": "医療法人　社団　長生　郷原診療所【2:診療所】【診療科目:内科_呼吸器内科_循環器内科_消化器内科】広島県呉市郷原町１８２０－１", "url": "https://www.iryou.teikyouseido.mhlw.go.jp/znk-web/juminkanja/S2430/initialize?prefCd=34&kikanCd=2340410080&kikanKbn=2", "url2": null }, "geometry": { "type": "Point", "coordinates": [ 132.634085, 34.300607 ] } },
{ "type": "Feature", "properties": { "内容": "渡部耳鼻咽喉科医院【2:診療所】【診療科目:小児耳鼻いんこう科_耳鼻いんこう科_耳鼻いんこう科系その他_アレルギー科】広島県呉市中央二丁目５－３３", "url": "https://www.iryou.teikyouseido.mhlw.go.jp/znk-web/juminkanja/S2430/initialize?prefCd=34&kikanCd=2340410110&kikanKbn=2", "url2": "http://nttbj.itp.ne.jp/0823248733/" }, "geometry": { "type": "Point", "coordinates": [ 132.561633, 34.246263 ] } },
{ "type": "Feature", "properties": { "内容": "井上眼科【2:診療所】【診療科目:眼科】広島県三原市城町二丁目１３－１", "url": "https://www.iryou.teikyouseido.mhlw.go.jp/znk-web/juminkanja/S2430/initialize?prefCd=34&kikanCd=2340410400&kikanKbn=2", "url2": null }, "geometry": { "type": "Point", "coordinates": [ 133.08664, 34.39978 ] } },
{ "type": "Feature", "properties": { "内容": "医療法人社団藤本会　藤本医院【2:診療所】【診療科目:内科_小児科】広島県尾道市栗原町９６５０－４", "url": "https://www.iryou.teikyouseido.mhlw.go.jp/znk-web/juminkanja/S2430/initialize?prefCd=34&kikanCd=2340410530&kikanKbn=2", "url2": null }, "geometry": { "type": "Point", "coordinates": [ 133.191505, 34.43388 ] } },
{ "type": "Feature", "properties": { "内容": "広島市精神保健福祉センター【2:診療所】【診療科目:精神科】広島県広島市中区富士見町１１－２７", "url": "https://www.iryou.teikyouseido.mhlw.go.jp/znk-web/juminkanja/S2430/initialize?prefCd=34&kikanCd=2340410660&kikanKbn=2", "url2": "https://www.city.hiroshima.lg.jp/living/kenkou/1021217/1006072/1013551.html" }, "geometry": { "type": "Point", "coordinates": [ 132.46148, 34.385878 ] } },
{ "type": "Feature", "properties": { "内容": "医療法人　住田医院【2:診療所】【診療科目:小児科_アレルギー科】広島県広島市中区大手町五丁目６－２３", "url": "https://www.iryou.teikyouseido.mhlw.go.jp/znk-web/juminkanja/S2430/initialize?prefCd=34&kikanCd=2340410790&kikanKbn=2", "url2": "http://sakuranbo-sumida.jp/index.html" }, "geometry": { "type": "Point", "coordinates": [ 132.452525, 34.383975 ] } },
{ "type": "Feature", "properties": { "内容": "藤武眼科【2:診療所】【診療科目:眼科】広島県広島市安佐南区伴東七丁目５９－１　大原ビル２階", "url": "https://www.iryou.teikyouseido.mhlw.go.jp/znk-web/juminkanja/S2430/initialize?prefCd=34&kikanCd=2340410950&kikanKbn=2", "url2": "https://fujitake-ganka.com/" }, "geometry": { "type": "Point", "coordinates": [ 132.412745, 34.463531 ] } },
{ "type": "Feature", "properties": { "内容": "医療法人　本田内科クリニック【2:診療所】【診療科目:内科_呼吸器内科_小児科_アレルギー科】広島県呉市郷原町１６５０－１", "url": "https://www.iryou.teikyouseido.mhlw.go.jp/znk-web/juminkanja/S2430/initialize?prefCd=34&kikanCd=2340411090&kikanKbn=2", "url2": "https://www.kure-honda-naika.com/" }, "geometry": { "type": "Point", "coordinates": [ 132.635939, 34.299906 ] } },
{ "type": "Feature", "properties": { "内容": "医療法人社団　堀内医院【2:診療所】【診療科目:内科_消化器内科_小児科】広島県三原市本郷南６丁目２１番３号", "url": "https://www.iryou.teikyouseido.mhlw.go.jp/znk-web/juminkanja/S2430/initialize?prefCd=34&kikanCd=2340411380&kikanKbn=2", "url2": "https://horiuchi-clinic.com/" }, "geometry": { "type": "Point", "coordinates": [ 132.987134, 34.40899 ] } },
{ "type": "Feature", "properties": { "内容": "古市クリニック【2:診療所】【診療科目:内科_消化器内科_外科_肛門外科_リハビリテーション科】広島県広島市安佐南区古市１丁目３０番２５号", "url": "https://www.iryou.teikyouseido.mhlw.go.jp/znk-web/juminkanja/S2430/initialize?prefCd=34&kikanCd=2340411700&kikanKbn=2", "url2": null }, "geometry": { "type": "Point", "coordinates": [ 132.470314, 34.451782 ] } },
{ "type": "Feature", "properties": { "内容": "医療法人社団裕親会　増田内科医院【2:診療所】【診療科目:内科_小児科_心療内科】広島県広島市安佐南区毘沙門台二丁目４２－２３", "url": "https://www.iryou.teikyouseido.mhlw.go.jp/znk-web/juminkanja/S2430/initialize?prefCd=34&kikanCd=2340411830&kikanKbn=2", "url2": null }, "geometry": { "type": "Point", "coordinates": [ 132.462002, 34.477235 ] } },
{ "type": "Feature", "properties": { "内容": "医療法人　清和会　荒谷医院【2:診療所】【診療科目:内科_胃腸内科_外科_小児科_リハビリテーション科】広島県呉市焼山西２丁目１番３５号", "url": "https://www.iryou.teikyouseido.mhlw.go.jp/znk-web/juminkanja/S2430/initialize?prefCd=34&kikanCd=2340411960&kikanKbn=2", "url2": null }, "geometry": { "type": "Point", "coordinates": [ 132.554592, 34.291328 ] } },
{ "type": "Feature", "properties": { "内容": "医療法人社団あんず会　本田クリニック・東広島胃と腸内視鏡内科【2:診療所】【診療科目:内科_消化器内科_小児科】広島県東広島市高屋町杵原１２９２－１", "url": "https://www.iryou.teikyouseido.mhlw.go.jp/znk-web/juminkanja/S2430/initialize?prefCd=34&kikanCd=2340412000&kikanKbn=2", "url2": "https://www.anzukai.or.jp/" }, "geometry": { "type": "Point", "coordinates": [ 132.785955, 34.448955 ] } },
{ "type": "Feature", "properties": { "内容": "医療法人社団　村上クリニック【2:診療所】【診療科目:耳鼻いんこう科】広島県大竹市元町１丁目１１番２号", "url": "https://www.iryou.teikyouseido.mhlw.go.jp/znk-web/juminkanja/S2430/initialize?prefCd=34&kikanCd=2340412550&kikanKbn=2", "url2": null }, "geometry": { "type": "Point", "coordinates": [ 132.215735, 34.208942 ] } },
{ "type": "Feature", "properties": { "内容": "医療法人　恵風会　谷川脳神経外科【2:診療所】【診療科目:脳神経外科】広島県広島市安佐南区相田一丁目３番１６号", "url": "https://www.iryou.teikyouseido.mhlw.go.jp/znk-web/juminkanja/S2430/initialize?prefCd=34&kikanCd=2340412680&kikanKbn=2", "url2": "http://hbs.o.oo7.jp/" }, "geometry": { "type": "Point", "coordinates": [ 132.457203, 34.470085 ] } },
{ "type": "Feature", "properties": { "内容": "深坂内科循環器科医院【2:診療所】【診療科目:内科_呼吸器内科_循環器内科】広島県安芸郡海田町窪町２－１４　ハンドウビル２Ｆ", "url": "https://www.iryou.teikyouseido.mhlw.go.jp/znk-web/juminkanja/S2430/initialize?prefCd=34&kikanCd=2340412710&kikanKbn=2", "url2": null }, "geometry": { "type": "Point", "coordinates": [ 132.529952, 34.371681 ] } },
{ "type": "Feature", "properties": { "内容": "医療法人社団　小坂耳鼻咽喉科クリニック【2:診療所】【診療科目:小児耳鼻いんこう科_耳鼻いんこう科_アレルギー科】広島県尾道市向島町５８８３－７", "url": "https://www.iryou.teikyouseido.mhlw.go.jp/znk-web/juminkanja/S2430/initialize?prefCd=34&kikanCd=2340412840&kikanKbn=2", "url2": "https://www.kosaka-ent-clinic.com/" }, "geometry": { "type": "Point", "coordinates": [ 133.196701, 34.393523 ] } },
{ "type": "Feature", "properties": { "内容": "佐々木内科糖尿病クリニック【2:診療所】【診療科目:内科_糖尿病内科_脂質代謝内科_糖尿病・代謝内科_循環器内科_漢方内科_アレルギー疾患内科_アレルギー科】広島県福山市三之丸町１１番１１号", "url": "https://www.iryou.teikyouseido.mhlw.go.jp/znk-web/juminkanja/S2430/initialize?prefCd=34&kikanCd=2340414020&kikanKbn=2", "url2": "https://sasakinaika.jp" }, "geometry": { "type": "Point", "coordinates": [ 133.358322, 34.488849 ] } },
{ "type": "Feature", "properties": { "内容": "原田内科　神経内科　クリニック【2:診療所】【診療科目:内科_神経内科_精神科】広島県広島市中区舟入幸町１７－５", "url": "https://www.iryou.teikyouseido.mhlw.go.jp/znk-web/juminkanja/S2430/initialize?prefCd=34&kikanCd=2340414150&kikanKbn=2", "url2": null }, "geometry": { "type": "Point", "coordinates": [ 132.440264, 34.383983 ] } },
{ "type": "Feature", "properties": { "内容": "スサワ循環器科・内科【2:診療所】【診療科目:内科_循環器内科】広島県広島市中区基町１－２０　オプリビル２Ｆ", "url": "https://www.iryou.teikyouseido.mhlw.go.jp/znk-web/juminkanja/S2430/initialize?prefCd=34&kikanCd=2340414280&kikanKbn=2", "url2": "http://www.city.hiroshima.med.or.jp/" }, "geometry": { "type": "Point", "coordinates": [ 132.461572, 34.398154 ] } },
{ "type": "Feature", "properties": { "内容": "医療法人社団　ながたこどもクリニック【2:診療所】【診療科目:小児科】広島県広島市佐伯区海老園一丁目６－２２", "url": "https://www.iryou.teikyouseido.mhlw.go.jp/znk-web/juminkanja/S2430/initialize?prefCd=34&kikanCd=2340414440&kikanKbn=2", "url2": null }, "geometry": { "type": "Point", "coordinates": [ 132.35732, 34.363659 ] } },
{ "type": "Feature", "properties": { "内容": "医療法人ＴａｋｕＹｕ会　岸槌医院【2:診療所】【診療科目:内科_呼吸器内科_循環器内科】広島県呉市海岸二丁目１６－１２", "url": "https://www.iryou.teikyouseido.mhlw.go.jp/znk-web/juminkanja/S2430/initialize?prefCd=34&kikanCd=2340414570&kikanKbn=2", "url2": "https://www.kishiduchi-iin.jp/kishiduchi/" }, "geometry": { "type": "Point", "coordinates": [ 132.544487, 34.246432 ] } },
{ "type": "Feature", "properties": { "内容": "三次市国民健康保険甲奴診療所【2:診療所】【診療科目:内科】広島県三次市甲奴町本郷６４５番地１", "url": "https://www.iryou.teikyouseido.mhlw.go.jp/znk-web/juminkanja/S2430/initialize?prefCd=34&kikanCd=2340414730&kikanKbn=2", "url2": "https://www.city.miyoshi.hiroshima.jp/map/7666.html" }, "geometry": { "type": "Point", "coordinates": [ 133.081974, 34.704794 ] } },
{ "type": "Feature", "properties": { "内容": "井上眼科医院【2:診療所】【診療科目:眼科】広島県広島市東区牛田本町二丁目３－１", "url": "https://www.iryou.teikyouseido.mhlw.go.jp/znk-web/juminkanja/S2430/initialize?prefCd=34&kikanCd=2340415290&kikanKbn=2", "url2": "https://inoue-ganka-hiroshima.amebaownd.com/" }, "geometry": { "type": "Point", "coordinates": [ 132.471486, 34.41122 ] } },
{ "type": "Feature", "properties": { "内容": "こうち内科胃腸科【2:診療所】【診療科目:内科_糖尿病・内分泌内科_呼吸器内科_循環器内科_消化器内科_老年内科_放射線科】広島県広島市西区横川新町１３－２２", "url": "https://www.iryou.teikyouseido.mhlw.go.jp/znk-web/juminkanja/S2430/initialize?prefCd=34&kikanCd=2340415320&kikanKbn=2", "url2": null }, "geometry": { "type": "Point", "coordinates": [ 132.447179, 34.407036 ] } },
{ "type": "Feature", "properties": { "内容": "医療法人　ひいらぎ会　明海耳鼻咽喉科医院【2:診療所】【診療科目:耳鼻いんこう科】広島県広島市西区古江新町１３－３６－１０１", "url": "https://www.iryou.teikyouseido.mhlw.go.jp/znk-web/juminkanja/S2430/initialize?prefCd=34&kikanCd=2340415610&kikanKbn=2", "url2": "https://www.myokai-jibika.com" }, "geometry": { "type": "Point", "coordinates": [ 132.410829, 34.383141 ] } },
{ "type": "Feature", "properties": { "内容": "医療法人奏会　マキツボ整形外科・モモデンタルクリニック【2:診療所】【診療科目:整形外科_歯科_歯科口腔外科_小児歯科_リハビリテーション科】広島県広島市安佐南区緑井２丁目１７番５号", "url": "https://www.iryou.teikyouseido.mhlw.go.jp/znk-web/juminkanja/S2430/initialize?prefCd=34&kikanCd=2340415870&kikanKbn=2", "url2": "https://makitsubo-seikei.com/" }, "geometry": { "type": "Point", "coordinates": [ 132.472924, 34.466058 ] } },
{ "type": "Feature", "properties": { "内容": "かぎもと内科・皮フ科・形成外科【2:診療所】【診療科目:内科_消化器内科_形成外科_皮膚科_美容皮膚科】広島県廿日市市廿日市二丁目７－２６", "url": "https://www.iryou.teikyouseido.mhlw.go.jp/znk-web/juminkanja/S2430/initialize?prefCd=34&kikanCd=2340415900&kikanKbn=2", "url2": "https://www.hatsukaichi-kagimotoiin.com/" }, "geometry": { "type": "Point", "coordinates": [ 132.33631, 34.35481 ] } },
{ "type": "Feature", "properties": { "内容": "医療法人社団　竹内耳鼻咽喉科医院【2:診療所】【診療科目:耳鼻いんこう科_アレルギー科】広島県東広島市西条土与丸一丁目３番４０号", "url": "https://www.iryou.teikyouseido.mhlw.go.jp/znk-web/juminkanja/S2430/initialize?prefCd=34&kikanCd=2340416040&kikanKbn=2", "url2": "itp.ne.jp/ap/0824223351/" }, "geometry": { "type": "Point", "coordinates": [ 132.751403, 34.428317 ] } },
{ "type": "Feature", "properties": { "内容": "医療法人社団　稲垣胃腸科外科クリニック【2:診療所】【診療科目:呼吸器内科_循環器内科_消化器内科_胃腸内科_腎臓内科_人工透析内科_外科_肛門外科_放射線科】広島県広島市南区段原南二丁目３－１６", "url": "https://www.iryou.teikyouseido.mhlw.go.jp/znk-web/juminkanja/S2430/initialize?prefCd=34&kikanCd=2340416330&kikanKbn=2", "url2": "inagaki.byoinnavi.jp/" }, "geometry": { "type": "Point", "coordinates": [ 132.477567, 34.385206 ] } },
{ "type": "Feature", "properties": { "内容": "医療法人社団博栄会　津村耳鼻咽喉科【2:診療所】【診療科目:頭頸部・耳鼻いんこう科】広島県広島市安佐北区可部３丁目２４番２９号", "url": "https://www.iryou.teikyouseido.mhlw.go.jp/znk-web/juminkanja/S2430/initialize?prefCd=34&kikanCd=2340416460&kikanKbn=2", "url2": "https://tsumura-jibiinkou.com/" }, "geometry": { "type": "Point", "coordinates": [ 132.513558, 34.519664 ] } },
{ "type": "Feature", "properties": { "内容": "島内科医院【2:診療所】【診療科目:内科_消化器内科】広島県広島市中区大手町一丁目５－２５", "url": "https://www.iryou.teikyouseido.mhlw.go.jp/znk-web/juminkanja/S2430/initialize?prefCd=34&kikanCd=2340416910&kikanKbn=2", "url2": "http://www.shimagekanaika.jp" }, "geometry": { "type": "Point", "coordinates": [ 132.454818, 34.394816 ] } },
{ "type": "Feature", "properties": { "内容": "医療法人社団　しのはら小児クリニック【2:診療所】【診療科目:小児科_アレルギー科】広島県広島市西区井口三丁目１３－５", "url": "https://www.iryou.teikyouseido.mhlw.go.jp/znk-web/juminkanja/S2430/initialize?prefCd=34&kikanCd=2340417050&kikanKbn=2", "url2": "http://www.shinoped.com" }, "geometry": { "type": "Point", "coordinates": [ 132.376909, 34.370178 ] } },
{ "type": "Feature", "properties": { "内容": "医療法人　数佐内科胃腸科【2:診療所】【診療科目:内科_循環器内科_消化器内科】広島県広島市安佐南区山本四丁目２６－２３", "url": "https://www.iryou.teikyouseido.mhlw.go.jp/znk-web/juminkanja/S2430/initialize?prefCd=34&kikanCd=2340417210&kikanKbn=2", "url2": null }, "geometry": { "type": "Point", "coordinates": [ 132.450233, 34.43645 ] } },
{ "type": "Feature", "properties": { "内容": "渡辺小児科循環器科クリニック【2:診療所】【診療科目:循環器内科_小児科】広島県呉市東中央２丁目５番２２号", "url": "https://www.iryou.teikyouseido.mhlw.go.jp/znk-web/juminkanja/S2430/initialize?prefCd=34&kikanCd=2340417340&kikanKbn=2", "url2": null }, "geometry": { "type": "Point", "coordinates": [ 132.570871, 34.252055 ] } },
{ "type": "Feature", "properties": { "内容": "わたなべクリニック【2:診療所】【診療科目:内科_循環器内科_消化器内科】広島県呉市焼山中央二丁目９－４６", "url": "https://www.iryou.teikyouseido.mhlw.go.jp/znk-web/juminkanja/S2430/initialize?prefCd=34&kikanCd=2340418060&kikanKbn=2", "url2": null }, "geometry": { "type": "Point", "coordinates": [ 132.559783, 34.296603 ] } },
{ "type": "Feature", "properties": { "内容": "清川神経科内科クリニック【2:診療所】【診療科目:内科_精神科_神経科_心療内科_リハビリテーション科】広島県広島市中区八丁堀４－１５　アーバンビュー八丁堀３Ｆ", "url": "https://www.iryou.teikyouseido.mhlw.go.jp/znk-web/juminkanja/S2430/initialize?prefCd=34&kikanCd=2340418770&kikanKbn=2", "url2": null }, "geometry": { "type": "Point", "coordinates": [ 132.463623, 34.397149 ] } },
{ "type": "Feature", "properties": { "内容": "佐々木内科胃腸科【2:診療所】【診療科目:内科_消化器内科_胃腸内科】広島県広島市南区東本浦町４－５", "url": "https://www.iryou.teikyouseido.mhlw.go.jp/znk-web/juminkanja/S2430/initialize?prefCd=34&kikanCd=2340418800&kikanKbn=2", "url2": null }, "geometry": { "type": "Point", "coordinates": [ 132.488344, 34.37654 ] } },
{ "type": "Feature", "properties": { "内容": "吉田整形外科【2:診療所】【診療科目:整形外科】広島県広島市西区井口鈴が台三丁目１６番２１号", "url": "https://www.iryou.teikyouseido.mhlw.go.jp/znk-web/juminkanja/S2430/initialize?prefCd=34&kikanCd=2340419070&kikanKbn=2", "url2": null }, "geometry": { "type": "Point", "coordinates": [ 132.375349, 34.371722 ] } },
{ "type": "Feature", "properties": { "内容": "医療法人清水眼科【2:診療所】【診療科目:眼科】広島県広島市西区天満町１３－１－２Ｆ", "url": "https://www.iryou.teikyouseido.mhlw.go.jp/znk-web/juminkanja/S2430/initialize?prefCd=34&kikanCd=2340419230&kikanKbn=2", "url2": null }, "geometry": { "type": "Point", "coordinates": [ 132.440541, 34.396037 ] } },
{ "type": "Feature", "properties": { "内容": "医療法人千寿会　平林内科医院【2:診療所】【診療科目:内科_小児科_放射線科】広島県広島市西区南観音六丁目１－６　ドマーニ　タセイ", "url": "https://www.iryou.teikyouseido.mhlw.go.jp/znk-web/juminkanja/S2430/initialize?prefCd=34&kikanCd=2340419490&kikanKbn=2", "url2": "http://www.hirabayashi-clinic.com/" }, "geometry": { "type": "Point", "coordinates": [ 132.428543, 34.382566 ] } },
{ "type": "Feature", "properties": { "内容": "医療法人社団森川内科医院【2:診療所】【診療科目:内科_呼吸器内科_循環器内科_消化器内科】広島県呉市阿賀南五丁目２－１０", "url": "https://www.iryou.teikyouseido.mhlw.go.jp/znk-web/juminkanja/S2430/initialize?prefCd=34&kikanCd=2340419520&kikanKbn=2", "url2": null }, "geometry": { "type": "Point", "coordinates": [ 132.59538, 34.231363 ] } },
{ "type": "Feature", "properties": { "内容": "医療法人社団　おおくぼ内科【2:診療所】【診療科目:内科_胃腸内科_放射線科】広島県廿日市市永原１２３５－１", "url": "https://www.iryou.teikyouseido.mhlw.go.jp/znk-web/juminkanja/S2430/initialize?prefCd=34&kikanCd=2340419650&kikanKbn=2", "url2": null }, "geometry": { "type": "Point", "coordinates": [ 132.225589, 34.365343 ] } },
{ "type": "Feature", "properties": { "内容": "黒澤波多見診療所【2:診療所】【診療科目:内科】広島県呉市音戸町波多見５丁目１６番１２号", "url": "https://www.iryou.teikyouseido.mhlw.go.jp/znk-web/juminkanja/S2430/initialize?prefCd=34&kikanCd=2340420050&kikanKbn=2", "url2": null }, "geometry": { "type": "Point", "coordinates": [ 132.55282, 34.178563 ] } },
{ "type": "Feature", "properties": { "内容": "医療法人社団　中野皮ふ科泌尿器科医院【2:診療所】【診療科目:皮膚泌尿器科】東京都足立区伊興４－３－３", "url": "https://www.iryou.teikyouseido.mhlw.go.jp/znk-web/juminkanja/S2430/initialize?prefCd=34&kikanCd=2340420340&kikanKbn=2", "url2": null }, "geometry": { "type": "Point", "coordinates": [ 132.359626, 34.377614 ] } },
{ "type": "Feature", "properties": { "内容": "日下医院【2:診療所】【診療科目:内科_循環器内科】広島県呉市焼山中央１丁目２番２５号", "url": "https://www.iryou.teikyouseido.mhlw.go.jp/znk-web/juminkanja/S2430/initialize?prefCd=34&kikanCd=2340420500&kikanKbn=2", "url2": "http://kusakaiin.com/" }, "geometry": { "type": "Point", "coordinates": [ 132.555537, 34.291384 ] } },
{ "type": "Feature", "properties": { "内容": "医療法人社団　永田内科【2:診療所】【診療科目:内科_糖尿病内科_糖尿病・代謝内科_代謝・内分泌内科_呼吸器内科_循環器内科_心臓内科_心臓血管内科_消化器内科】広島県廿日市市塩屋一丁目１－６４", "url": "https://www.iryou.teikyouseido.mhlw.go.jp/znk-web/juminkanja/S2430/initialize?prefCd=34&kikanCd=2340421190&kikanKbn=2", "url2": null }, "geometry": { "type": "Point", "coordinates": [ 132.265851, 34.2854 ] } },
{ "type": "Feature", "properties": { "内容": "医療法人社団　青野整形外科【2:診療所】【診療科目:整形外科】広島県広島市中区八丁堀１１－１９　八丁堀坪井第ニビル", "url": "https://www.iryou.teikyouseido.mhlw.go.jp/znk-web/juminkanja/S2430/initialize?prefCd=34&kikanCd=2340421220&kikanKbn=2", "url2": null }, "geometry": { "type": "Point", "coordinates": [ 132.462234, 34.395121 ] } },
{ "type": "Feature", "properties": { "内容": "医療法人　坪井皮膚科泌尿科性病科医院【2:診療所】【診療科目:皮膚科_泌尿器科】広島県広島市中区八丁堀１１番１８号　坪井ビル１階", "url": "https://www.iryou.teikyouseido.mhlw.go.jp/znk-web/juminkanja/S2430/initialize?prefCd=34&kikanCd=2340421480&kikanKbn=2", "url2": null }, "geometry": { "type": "Point", "coordinates": [ 132.462123, 34.39501 ] } },
{ "type": "Feature", "properties": { "内容": "医療法人緑康会　山根クリニック【2:診療所】【診療科目:内科_呼吸器内科_消化器内科_腫瘍内科_内視鏡内科_外科_乳腺外科_肛門外科_リハビリテーション科】広島県廿日市市宮内三丁目１０番１５号", "url": "https://www.iryou.teikyouseido.mhlw.go.jp/znk-web/juminkanja/S2430/initialize?prefCd=34&kikanCd=2340421930&kikanKbn=2", "url2": null }, "geometry": { "type": "Point", "coordinates": [ 132.309775, 34.346562 ] } },
{ "type": "Feature", "properties": { "内容": "北広島町雄鹿原診療所【2:診療所】【診療科目:内科】広島県山県郡北広島町荒神原２００", "url": "https://www.iryou.teikyouseido.mhlw.go.jp/znk-web/juminkanja/S2430/initialize?prefCd=34&kikanCd=2340422100&kikanKbn=2", "url2": null }, "geometry": { "type": "Point", "coordinates": [ 132.250347, 34.729665 ] } },
{ "type": "Feature", "properties": { "内容": "笹尾クリニック【2:診療所】【診療科目:内科_胃腸内科_内視鏡内科】広島県広島市中区宝町４番７号　笹尾ビル２階", "url": "https://www.iryou.teikyouseido.mhlw.go.jp/znk-web/juminkanja/S2430/initialize?prefCd=34&kikanCd=2340422230&kikanKbn=2", "url2": "http://www.sasao-clinic.jp" }, "geometry": { "type": "Point", "coordinates": [ 132.463429, 34.385983 ] } },
{ "type": "Feature", "properties": { "内容": "医療法人　矢村皮ふ科クリニック【2:診療所】【診療科目:皮膚科_アレルギー科】広島県広島市安佐南区中筋二丁目５－２０", "url": "https://www.iryou.teikyouseido.mhlw.go.jp/znk-web/juminkanja/S2430/initialize?prefCd=34&kikanCd=2340422780&kikanKbn=2", "url2": "http://www.yamura-cl.com" }, "geometry": { "type": "Point", "coordinates": [ 132.477758, 34.450782 ] } },
{ "type": "Feature", "properties": { "内容": "医療法人社団樹良会　高亀医院【2:診療所】【診療科目:内科_循環器内科_外科_脳神経外科_心臓血管外科_整形外科_リハビリテーション科】広島県尾道市久保二丁目２４－１７", "url": "https://www.iryou.teikyouseido.mhlw.go.jp/znk-web/juminkanja/S2430/initialize?prefCd=34&kikanCd=2340422940&kikanKbn=2", "url2": "http://www.kougame.jp/pc" }, "geometry": { "type": "Point", "coordinates": [ 133.205866, 34.409827 ] } },
{ "type": "Feature", "properties": { "内容": "医療法人社団　佐々木整形外科クリニック【2:診療所】【診療科目:整形外科_リウマチ科_リハビリテーション科】広島県広島市安佐南区伴中央四丁目３番２０号", "url": "https://www.iryou.teikyouseido.mhlw.go.jp/znk-web/juminkanja/S2430/initialize?prefCd=34&kikanCd=2340423400&kikanKbn=2", "url2": null }, "geometry": { "type": "Point", "coordinates": [ 132.404785, 34.455334 ] } },
{ "type": "Feature", "properties": { "内容": "眼科　宍道医院【2:診療所】【診療科目:眼科】広島県呉市広中町１５番２５号", "url": "https://www.iryou.teikyouseido.mhlw.go.jp/znk-web/juminkanja/S2430/initialize?prefCd=34&kikanCd=2340423530&kikanKbn=2", "url2": "www.shinjiganka.jp" }, "geometry": { "type": "Point", "coordinates": [ 132.622653, 34.230882 ] } },
{ "type": "Feature", "properties": { "内容": "長谷川医院【2:診療所】【診療科目:内科_呼吸器内科_循環器内科_胃腸内科_リハビリテーション科】広島県廿日市市廿日市一丁目７－５", "url": "https://www.iryou.teikyouseido.mhlw.go.jp/znk-web/juminkanja/S2430/initialize?prefCd=34&kikanCd=2340423790&kikanKbn=2", "url2": null }, "geometry": { "type": "Point", "coordinates": [ 132.336024, 34.35404 ] } },
{ "type": "Feature", "properties": { "内容": "医療法人社団　みやの耳鼻咽喉科【2:診療所】【診療科目:小児耳鼻いんこう科_耳鼻いんこう科_気管食道・耳鼻いんこう科_アレルギー科】広島県尾道市高須町５７３７", "url": "https://www.iryou.teikyouseido.mhlw.go.jp/znk-web/juminkanja/S2430/initialize?prefCd=34&kikanCd=2340423950&kikanKbn=2", "url2": null }, "geometry": { "type": "Point", "coordinates": [ 133.23328, 34.429715 ] } },
{ "type": "Feature", "properties": { "内容": "医療法人　辻外科内科クリニック【2:診療所】【診療科目:内科_呼吸器内科_循環器内科_胃腸内科_外科_リハビリテーション科_放射線科】広島県広島市安佐南区川内六丁目２７－１６", "url": "https://www.iryou.teikyouseido.mhlw.go.jp/znk-web/juminkanja/S2430/initialize?prefCd=34&kikanCd=2340424250&kikanKbn=2", "url2": "http://www.tsuji-clinic.or.jp" }, "geometry": { "type": "Point", "coordinates": [ 132.487997, 34.471831 ] } },
{ "type": "Feature", "properties": { "内容": "八幡クリニック【2:診療所】【診療科目:内科_消化器内科_外科_リハビリテーション科】広島県廿日市市串戸４－１３－２４", "url": "https://www.iryou.teikyouseido.mhlw.go.jp/znk-web/juminkanja/S2430/initialize?prefCd=34&kikanCd=2340424540&kikanKbn=2", "url2": "http://hiroshimacl.net/yahatacl/" }, "geometry": { "type": "Point", "coordinates": [ 132.322387, 34.347902 ] } },
{ "type": "Feature", "properties": { "内容": "本城内科小児科【2:診療所】【診療科目:内科_小児科】広島県東広島市西条中央八丁目３－３", "url": "https://www.iryou.teikyouseido.mhlw.go.jp/znk-web/juminkanja/S2430/initialize?prefCd=34&kikanCd=2340424670&kikanKbn=2", "url2": null }, "geometry": { "type": "Point", "coordinates": [ 132.730433, 34.419235 ] } },
{ "type": "Feature", "properties": { "内容": "広島医療生活協同組合・あすなろ生協診療所【2:診療所】【診療科目:内科_小児科】広島県広島市安佐北区口田１丁目１０－１", "url": "https://www.iryou.teikyouseido.mhlw.go.jp/znk-web/juminkanja/S2430/initialize?prefCd=34&kikanCd=2340425260&kikanKbn=2", "url2": "http://www.hiroshimairyo.coop/asunaroshinryojo/" }, "geometry": { "type": "Point", "coordinates": [ 132.495312, 34.46092 ] } },
{ "type": "Feature", "properties": { "内容": "広島中央保健生活協同組合　コープ五日市診療所【2:診療所】【診療科目:内科】広島県広島市佐伯区千同一丁目２５－３６", "url": "https://www.iryou.teikyouseido.mhlw.go.jp/znk-web/juminkanja/S2430/initialize?prefCd=34&kikanCd=2340425390&kikanKbn=2", "url2": "http://www.hch.coop/" }, "geometry": { "type": "Point", "coordinates": [ 132.352355, 34.376399 ] } },
{ "type": "Feature", "properties": { "内容": "医療法人寿仁会　田原クリニック【2:診療所】【診療科目:内科_循環器内科_外科】広島県三原市大和町下徳良１９０１－８", "url": "https://www.iryou.teikyouseido.mhlw.go.jp/znk-web/juminkanja/S2430/initialize?prefCd=34&kikanCd=2340425550&kikanKbn=2", "url2": null }, "geometry": { "type": "Point", "coordinates": [ 132.949853, 34.545364 ] } },
{ "type": "Feature", "properties": { "内容": "医療法人　大森整形外科【2:診療所】【診療科目:整形外科_リハビリテーション科】広島県東広島市西条町寺家１６３３", "url": "https://www.iryou.teikyouseido.mhlw.go.jp/znk-web/juminkanja/S2430/initialize?prefCd=34&kikanCd=2340425680&kikanKbn=2", "url2": "http://www.omori-seikei.com/" }, "geometry": { "type": "Point", "coordinates": [ 132.721961, 34.422623 ] } },
{ "type": "Feature", "properties": { "内容": "山本内科クリニック【2:診療所】【診療科目:内科_呼吸器内科_循環器内科_消化器内科_リハビリテーション科】広島県広島市中区八丁堀１１－１８　坪井ビル３Ｆ", "url": "https://www.iryou.teikyouseido.mhlw.go.jp/znk-web/juminkanja/S2430/initialize?prefCd=34&kikanCd=2340426270&kikanKbn=2", "url2": null }, "geometry": { "type": "Point", "coordinates": [ 132.462123, 34.39501 ] } },
{ "type": "Feature", "properties": { "内容": "吉村整形外科【2:診療所】【診療科目:整形外科_リハビリテーション科】広島県広島市西区庚午中二丁目１９－２２", "url": "https://www.iryou.teikyouseido.mhlw.go.jp/znk-web/juminkanja/S2430/initialize?prefCd=34&kikanCd=2340426560&kikanKbn=2", "url2": "https://yoshimura.gr.jp/" }, "geometry": { "type": "Point", "coordinates": [ 132.41185, 34.386316 ] } },
{ "type": "Feature", "properties": { "内容": "医療法人　西廻クリニック【2:診療所】【診療科目:胃腸内科_外科_肛門外科_リハビリテーション科】広島県広島市安佐北区亀山二丁目６－２４", "url": "https://www.iryou.teikyouseido.mhlw.go.jp/znk-web/juminkanja/S2430/initialize?prefCd=34&kikanCd=2340426850&kikanKbn=2", "url2": null }, "geometry": { "type": "Point", "coordinates": [ 132.504786, 34.520056 ] } },
{ "type": "Feature", "properties": { "内容": "正岡クリニック【2:診療所】【診療科目:内科_循環器内科】広島県尾道市栗原町５９０１－１　ｏｆ－１ビル２Ｆ", "url": "https://www.iryou.teikyouseido.mhlw.go.jp/znk-web/juminkanja/S2430/initialize?prefCd=34&kikanCd=2340427020&kikanKbn=2", "url2": null }, "geometry": { "type": "Point", "coordinates": [ 133.187922, 34.426992 ] } },
{ "type": "Feature", "properties": { "内容": "市頭眼科医院【2:診療所】【診療科目:眼科】広島県山県郡北広島町蔵迫６６５－１", "url": "https://www.iryou.teikyouseido.mhlw.go.jp/znk-web/juminkanja/S2430/initialize?prefCd=34&kikanCd=2340427310&kikanKbn=2", "url2": null }, "geometry": { "type": "Point", "coordinates": [ 132.50255, 34.707394 ] } },
{ "type": "Feature", "properties": { "内容": "森石内科医院【2:診療所】【診療科目:内科_循環器内科_胃腸内科_放射線科】広島県広島市安芸区中野東１－１１－３１", "url": "https://www.iryou.teikyouseido.mhlw.go.jp/znk-web/juminkanja/S2430/initialize?prefCd=34&kikanCd=2340428030&kikanKbn=2", "url2": null }, "geometry": { "type": "Point", "coordinates": [ 132.561847, 34.386632 ] } },
{ "type": "Feature", "properties": { "内容": "畑川小児科【2:診療所】【診療科目:小児科】広島県広島市安芸区船越南三丁目５番３号", "url": "https://www.iryou.teikyouseido.mhlw.go.jp/znk-web/juminkanja/S2430/initialize?prefCd=34&kikanCd=2340428160&kikanKbn=2", "url2": "http://www.hatakawa.com/" }, "geometry": { "type": "Point", "coordinates": [ 132.524619, 34.371653 ] } },
{ "type": "Feature", "properties": { "内容": "医療法人　一心会　丸谷循環器科内科医院【2:診療所】【診療科目:内科_循環器内科_リハビリテーション科】広島県尾道市高須町１３８３番地２", "url": "https://www.iryou.teikyouseido.mhlw.go.jp/znk-web/juminkanja/S2430/initialize?prefCd=34&kikanCd=2340428290&kikanKbn=2", "url2": null }, "geometry": { "type": "Point", "coordinates": [ 133.226753, 34.426715 ] } },
{ "type": "Feature", "properties": { "内容": "庄原市口和診療所【2:診療所】【診療科目:内科_小児科】広島県庄原市口和町大月５６４－１１", "url": "https://www.iryou.teikyouseido.mhlw.go.jp/znk-web/juminkanja/S2430/initialize?prefCd=34&kikanCd=2340428450&kikanKbn=2", "url2": null }, "geometry": { "type": "Point", "coordinates": [ 132.882342, 34.910518 ] } },
{ "type": "Feature", "properties": { "内容": "医療法人社団光羅会　藤原眼科【2:診療所】【診療科目:美容外科_小児眼科_眼科_美容皮膚科】広島県世羅郡世羅町本郷１０２８", "url": "https://www.iryou.teikyouseido.mhlw.go.jp/znk-web/juminkanja/S2430/initialize?prefCd=34&kikanCd=2340429590&kikanKbn=2", "url2": "http://www.fujiwara-eye.com" }, "geometry": { "type": "Point", "coordinates": [ 133.041403, 34.588611 ] } },
{ "type": "Feature", "properties": { "内容": "医療法人社団　たなべ小児科内科【2:診療所】【診療科目:内科_小児科】広島県広島市安佐南区大町東二丁目７－２５－５", "url": "https://www.iryou.teikyouseido.mhlw.go.jp/znk-web/juminkanja/S2430/initialize?prefCd=34&kikanCd=2340430280&kikanKbn=2", "url2": null }, "geometry": { "type": "Point", "coordinates": [ 132.469453, 34.462031 ] } },
{ "type": "Feature", "properties": { "内容": "すみいクリニック【2:診療所】【診療科目:泌尿器科】広島県広島市佐伯区五日市駅前三丁目４－２１", "url": "https://www.iryou.teikyouseido.mhlw.go.jp/znk-web/juminkanja/S2430/initialize?prefCd=34&kikanCd=2340430440&kikanKbn=2", "url2": "http://sumii-clinic.com/" }, "geometry": { "type": "Point", "coordinates": [ 132.366397, 34.370454 ] } },
{ "type": "Feature", "properties": { "内容": "医療法人社団　裕仁会　斉藤脳外科クリニック【2:診療所】【診療科目:神経内科_脳神経外科_リハビリテーション科】広島県廿日市市串戸２丁目１７－５", "url": "https://www.iryou.teikyouseido.mhlw.go.jp/znk-web/juminkanja/S2430/initialize?prefCd=34&kikanCd=2340430730&kikanKbn=2", "url2": null }, "geometry": { "type": "Point", "coordinates": [ 132.323609, 34.353734 ] } },
{ "type": "Feature", "properties": { "内容": "医療法人社団　浜中皮ふ科クリニック【2:診療所】【診療科目:形成外科_皮膚科_アレルギー科】広島県尾道市栗原町５９０１－１　Ｏ・Ｆ・１ビル４Ｆ", "url": "https://www.iryou.teikyouseido.mhlw.go.jp/znk-web/juminkanja/S2430/initialize?prefCd=34&kikanCd=2340430990&kikanKbn=2", "url2": "http://ww5.enjoy.ne.jp/~nozominokai/hamanaka-hihuka/" }, "geometry": { "type": "Point", "coordinates": [ 133.188117, 34.42702 ] } },
{ "type": "Feature", "properties": { "内容": "たかはし小児科【2:診療所】【診療科目:小児科】広島県福山市三吉町三丁目１番１３号", "url": "https://www.iryou.teikyouseido.mhlw.go.jp/znk-web/juminkanja/S2430/initialize?prefCd=34&kikanCd=2340431290&kikanKbn=2", "url2": "http://takahashi-pediatrics.jp/" }, "geometry": { "type": "Point", "coordinates": [ 133.375015, 34.493155 ] } },
{ "type": "Feature", "properties": { "内容": "土橋眼科【2:診療所】【診療科目:眼科】広島県広島市中区小網町１番１６号", "url": "https://www.iryou.teikyouseido.mhlw.go.jp/znk-web/juminkanja/S2430/initialize?prefCd=34&kikanCd=2340431450&kikanKbn=2", "url2": null }, "geometry": { "type": "Point", "coordinates": [ 132.445817, 34.393958 ] } },
{ "type": "Feature", "properties": { "内容": "森田皮膚科医院【2:診療所】【診療科目:皮膚科】広島県広島市中区河原町１０－１", "url": "https://www.iryou.teikyouseido.mhlw.go.jp/znk-web/juminkanja/S2430/initialize?prefCd=34&kikanCd=2340431580&kikanKbn=2", "url2": "http://morita-hifukacom/" }, "geometry": { "type": "Point", "coordinates": [ 132.445892, 34.389716 ] } },
{ "type": "Feature", "properties": { "内容": "寛田クリニック【2:診療所】【診療科目:内科_整形外科_リウマチ科_リハビリテーション科】広島県広島市南区稲荷町３番２０号", "url": "https://www.iryou.teikyouseido.mhlw.go.jp/znk-web/juminkanja/S2430/initialize?prefCd=34&kikanCd=2340431740&kikanKbn=2", "url2": "http://www.hishokai.or.jp/" }, "geometry": { "type": "Point", "coordinates": [ 132.470407, 34.392108 ] } },
{ "type": "Feature", "properties": { "内容": "福島整形外科クリニック【2:診療所】【診療科目:整形外科】広島県広島市佐伯区海老園１丁目１３－９", "url": "https://www.iryou.teikyouseido.mhlw.go.jp/znk-web/juminkanja/S2430/initialize?prefCd=34&kikanCd=2340431870&kikanKbn=2", "url2": null }, "geometry": { "type": "Point", "coordinates": [ 132.35705, 34.361623 ] } },
{ "type": "Feature", "properties": { "内容": "まつなが眼科【2:診療所】【診療科目:眼科】広島県尾道市向東町３５６９－１", "url": "https://www.iryou.teikyouseido.mhlw.go.jp/znk-web/juminkanja/S2430/initialize?prefCd=34&kikanCd=2340431900&kikanKbn=2", "url2": null }, "geometry": { "type": "Point", "coordinates": [ 133.217639, 34.398388 ] } },
{ "type": "Feature", "properties": { "内容": "三浦クリニック【2:診療所】【診療科目:内科_胃腸内科】広島県三次市吉舎町吉舎７７０番地", "url": "https://www.iryou.teikyouseido.mhlw.go.jp/znk-web/juminkanja/S2430/initialize?prefCd=34&kikanCd=2340432200&kikanKbn=2", "url2": "http://miura-clinic.byoinnavi.jp/pc/" }, "geometry": { "type": "Point", "coordinates": [ 132.993873, 34.71739 ] } },
{ "type": "Feature", "properties": { "内容": "医療法人社団花水木会　鈴張クリニック【2:診療所】【診療科目:内科_糖尿病内科_呼吸器内科_循環器内科_消化器内科_外科_整形外科_精神科】広島県広島市安佐北区安佐町鈴張２０１３－１", "url": "https://www.iryou.teikyouseido.mhlw.go.jp/znk-web/juminkanja/S2430/initialize?prefCd=34&kikanCd=2340432880&kikanKbn=2", "url2": "http://www.hanamizukikai.jp/clinic.html" }, "geometry": { "type": "Point", "coordinates": [ 132.456032, 34.581796 ] } },
{ "type": "Feature", "properties": { "内容": "古島整形外科【2:診療所】【診療科目:整形外科_リウマチ科_リハビリテーション科】広島県尾道市高須町４７８８－４", "url": "https://www.iryou.teikyouseido.mhlw.go.jp/znk-web/juminkanja/S2430/initialize?prefCd=34&kikanCd=2340433050&kikanKbn=2", "url2": null }, "geometry": { "type": "Point", "coordinates": [ 133.236543, 34.432454 ] } },
{ "type": "Feature", "properties": { "内容": "三次市国民健康保険君田診療所【2:診療所】【診療科目:内科】広島県三次市君田町東入君７１８番地６", "url": "https://www.iryou.teikyouseido.mhlw.go.jp/znk-web/juminkanja/S2430/initialize?prefCd=34&kikanCd=2340433210&kikanKbn=2", "url2": "https://www.city.miyoshi.hiroshima.jp/map/7664.html" }, "geometry": { "type": "Point", "coordinates": [ 132.85354, 34.880354 ] } },
{ "type": "Feature", "properties": { "内容": "うすい皮フ科クリニック【2:診療所】【診療科目:皮膚科】広島県広島市南区段原南２丁目３番２４号　川本ビル２階", "url": "https://www.iryou.teikyouseido.mhlw.go.jp/znk-web/juminkanja/S2430/initialize?prefCd=34&kikanCd=2340433470&kikanKbn=2", "url2": null }, "geometry": { "type": "Point", "coordinates": [ 132.477678, 34.385873 ] } },
{ "type": "Feature", "properties": { "内容": "医療法人社団　浅野内科医院【2:診療所】【診療科目:内科】広島県竹原市忠海中町二丁目１０－１０", "url": "https://www.iryou.teikyouseido.mhlw.go.jp/znk-web/juminkanja/S2430/initialize?prefCd=34&kikanCd=2340433890&kikanKbn=2", "url2": null }, "geometry": { "type": "Point", "coordinates": [ 132.989961, 34.337187 ] } },
{ "type": "Feature", "properties": { "内容": "福原リハビリテーション整形外科・内科医院【2:診療所】【診療科目:内科_呼吸器内科_循環器内科_消化器内科_整形外科_アレルギー科_リウマチ科_リハビリテーション科】広島県広島市佐伯区海老園２丁目９番２２号", "url": "https://www.iryou.teikyouseido.mhlw.go.jp/znk-web/juminkanja/S2430/initialize?prefCd=34&kikanCd=2340434350&kikanKbn=2", "url2": "https://www.29clinic.com/" }, "geometry": { "type": "Point", "coordinates": [ 132.362549, 34.364345 ] } },
{ "type": "Feature", "properties": { "内容": "医療法人社団　二階堂眼科【2:診療所】【診療科目:眼科】広島県東広島市西条中央三丁目５－３８", "url": "https://www.iryou.teikyouseido.mhlw.go.jp/znk-web/juminkanja/S2430/initialize?prefCd=34&kikanCd=2340435360&kikanKbn=2", "url2": "http://nikaido-ganka.com" }, "geometry": { "type": "Point", "coordinates": [ 132.743349, 34.418513 ] } },
{ "type": "Feature", "properties": { "内容": "医療法人社団　みやもり医院【2:診療所】【診療科目:内科_呼吸器内科_循環器内科_胃腸内科_腎臓内科_小児科_アレルギー科_リハビリテーション科】広島県三原市宗郷３丁目３番３号", "url": "https://www.iryou.teikyouseido.mhlw.go.jp/znk-web/juminkanja/S2430/initialize?prefCd=34&kikanCd=2340435490&kikanKbn=2", "url2": null }, "geometry": { "type": "Point", "coordinates": [ 133.061629, 34.386272 ] } },
{ "type": "Feature", "properties": { "内容": "青景医院【2:診療所】【診療科目:内科_小児科】広島県福山市津之郷町津之郷４８４番５号", "url": "https://www.iryou.teikyouseido.mhlw.go.jp/znk-web/juminkanja/S2430/initialize?prefCd=34&kikanCd=2340435520&kikanKbn=2", "url2": null }, "geometry": { "type": "Point", "coordinates": [ 133.314909, 34.482683 ] } },
{ "type": "Feature", "properties": { "内容": "医療法人社団　朋仁会　広島中央健診所【2:診療所】【診療科目:内科_呼吸器内科_循環器内科_消化器内科_脳神経外科_乳腺外科_婦人科_放射線科】広島県広島市中区八丁堀１０番１０号", "url": "https://www.iryou.teikyouseido.mhlw.go.jp/znk-web/juminkanja/S2430/initialize?prefCd=34&kikanCd=2340435650&kikanKbn=2", "url2": "http://www.h-chuuken.or.jp/" }, "geometry": { "type": "Point", "coordinates": [ 132.461818, 34.395189 ] } },
{ "type": "Feature", "properties": { "内容": "大竹市休日診療所【2:診療所】【診療科目:内科_外科】広島県大竹市立戸二丁目１－１６", "url": "https://www.iryou.teikyouseido.mhlw.go.jp/znk-web/juminkanja/S2430/initialize?prefCd=34&kikanCd=2340436400&kikanKbn=2", "url2": "https://www.city.otake.hiroshima.jp/soshiki/kenkofukushi/hokeniryou/gyomu/2/1454223910360.html" }, "geometry": { "type": "Point", "coordinates": [ 132.220765, 34.22534 ] } },
{ "type": "Feature", "properties": { "内容": "医療法人静悠会　コム・クリニック佐藤【2:診療所】【診療科目:内科_呼吸器内科_循環器内科_消化器内科_外科_整形外科_眼科_アレルギー科_放射線科】広島県福山市引野町二丁目２０－１７", "url": "https://www.iryou.teikyouseido.mhlw.go.jp/znk-web/juminkanja/S2430/initialize?prefCd=34&kikanCd=2340437380&kikanKbn=2", "url2": "https://comclinicsato.my.canva.site/" }, "geometry": { "type": "Point", "coordinates": [ 133.417344, 34.499321 ] } },
{ "type": "Feature", "properties": { "内容": "広島県公立大学法人県立広島大学保健福祉学部附属診療所【2:診療所】【診療科目:内科_神経内科_脳神経外科_整形外科_小児科_耳鼻いんこう科_精神科_リハビリテーション科】広島県三原市学園町１－１", "url": "https://www.iryou.teikyouseido.mhlw.go.jp/znk-web/juminkanja/S2430/initialize?prefCd=34&kikanCd=2340437960&kikanKbn=2", "url2": "https://www.pu-hiroshima.ac.jp/soshiki/diagnosis/" }, "geometry": { "type": "Point", "coordinates": [ 133.056324, 34.39116 ] } },
{ "type": "Feature", "properties": { "内容": "片山整形外科医院【2:診療所】【診療科目:整形外科_リウマチ科】広島県福山市神辺町川南１３７３－５", "url": "https://www.iryou.teikyouseido.mhlw.go.jp/znk-web/juminkanja/S2430/initialize?prefCd=34&kikanCd=2340438000&kikanKbn=2", "url2": null }, "geometry": { "type": "Point", "coordinates": [ 133.38004, 34.535067 ] } },
{ "type": "Feature", "properties": { "内容": "桑原循環器内科クリニック【2:診療所】【診療科目:内科_循環器内科_消化器内科】広島県広島市安佐南区祇園二丁目２６番８号", "url": "https://www.iryou.teikyouseido.mhlw.go.jp/znk-web/juminkanja/S2430/initialize?prefCd=34&kikanCd=2340438390&kikanKbn=2", "url2": null }, "geometry": { "type": "Point", "coordinates": [ 132.46737, 34.441783 ] } },
{ "type": "Feature", "properties": { "内容": "医療法人社団　幸伸会　おかはた小児科クリニック【2:診療所】【診療科目:小児科_小児循環器科_アレルギー科】広島県広島市南区段原南１丁目１－２２", "url": "https://www.iryou.teikyouseido.mhlw.go.jp/znk-web/juminkanja/S2430/initialize?prefCd=34&kikanCd=2340438680&kikanKbn=2", "url2": "http://www.okahata-cl.com" }, "geometry": { "type": "Point", "coordinates": [ 132.476761, 34.385595 ] } },
{ "type": "Feature", "properties": { "内容": "医療法人社団　誠風会　高橋内科呼吸器クリニック【2:診療所】【診療科目:内科_呼吸器内科_アレルギー科】広島県広島市南区段原三丁目３－２７　段原メディカルビル２Ｆ", "url": "https://www.iryou.teikyouseido.mhlw.go.jp/znk-web/juminkanja/S2430/initialize?prefCd=34&kikanCd=2340438710&kikanKbn=2", "url2": "http://www.clinic-takahashi.com" }, "geometry": { "type": "Point", "coordinates": [ 132.47729, 34.389093 ] } },
{ "type": "Feature", "properties": { "内容": "医療法人社団　一陽会　一陽会クリニック【2:診療所】【診療科目:内科_腎臓内科】広島県広島市佐伯区旭園１０－３", "url": "https://www.iryou.teikyouseido.mhlw.go.jp/znk-web/juminkanja/S2430/initialize?prefCd=34&kikanCd=2340438840&kikanKbn=2", "url2": "http://www.icy.or.jp/ichiyokaiclinic/index.html" }, "geometry": { "type": "Point", "coordinates": [ 132.367286, 34.364328 ] } },
{ "type": "Feature", "properties": { "内容": "医療法人　婦人科・内科小松クリニック【2:診療所】【診療科目:内科_産婦人科】広島県広島市中区鉄砲町１０－１８　八丁堀栗村ビル７Ｆ", "url": "https://www.iryou.teikyouseido.mhlw.go.jp/znk-web/juminkanja/S2430/initialize?prefCd=34&kikanCd=2340439560&kikanKbn=2", "url2": "http://www.komatu.org" }, "geometry": { "type": "Point", "coordinates": [ 132.463817, 34.394121 ] } },
{ "type": "Feature", "properties": { "内容": "吉本脳神経外科内科医院【2:診療所】【診療科目:内科_脳神経内科_脳神経外科】広島県広島市東区牛田中１丁目６番１２号", "url": "https://www.iryou.teikyouseido.mhlw.go.jp/znk-web/juminkanja/S2430/initialize?prefCd=34&kikanCd=2340439850&kikanKbn=2", "url2": "http://www.yoshimoto-nougeka.com/" }, "geometry": { "type": "Point", "coordinates": [ 132.472649, 34.410037 ] } },
{ "type": "Feature", "properties": { "内容": "医療法人　網岡内科医院【2:診療所】【診療科目:内科_胃腸内科_放射線科】広島県広島市西区草津東一丁目７－２０", "url": "https://www.iryou.teikyouseido.mhlw.go.jp/znk-web/juminkanja/S2430/initialize?prefCd=34&kikanCd=2340440090&kikanKbn=2", "url2": "http://amioka-clinic.com" }, "geometry": { "type": "Point", "coordinates": [ 132.406545, 34.380177 ] } },
{ "type": "Feature", "properties": { "内容": "にしだ耳鼻咽喉科【2:診療所】【診療科目:耳鼻いんこう科】広島県広島市安佐南区高取北一丁目４－２５ジョイパレス高取駅前２階", "url": "https://www.iryou.teikyouseido.mhlw.go.jp/znk-web/juminkanja/S2430/initialize?prefCd=34&kikanCd=2340440380&kikanKbn=2", "url2": null }, "geometry": { "type": "Point", "coordinates": [ 132.437483, 34.474779 ] } },
{ "type": "Feature", "properties": { "内容": "医療法人ひまわり会　桐陽台医院【2:診療所】【診療科目:内科】広島県広島市安佐北区三入東１丁目３０番２１号", "url": "https://www.iryou.teikyouseido.mhlw.go.jp/znk-web/juminkanja/S2430/initialize?prefCd=34&kikanCd=2340440410&kikanKbn=2", "url2": null }, "geometry": { "type": "Point", "coordinates": [ 132.541721, 34.534858 ] } },
{ "type": "Feature", "properties": { "内容": "医療法人社団一陽会　長尾クリニック【2:診療所】【診療科目:内科_リハビリテーション科】広島県広島市佐伯区藤垂園１－１６", "url": "https://www.iryou.teikyouseido.mhlw.go.jp/znk-web/juminkanja/S2430/initialize?prefCd=34&kikanCd=2340440670&kikanKbn=2", "url2": null }, "geometry": { "type": "Point", "coordinates": [ 132.372132, 34.367234 ] } },
{ "type": "Feature", "properties": { "内容": "五日市やまもと眼科【2:診療所】【診療科目:眼科】広島県広島市佐伯区五日市駅前２丁目１８番３２号", "url": "https://www.iryou.teikyouseido.mhlw.go.jp/znk-web/juminkanja/S2430/initialize?prefCd=34&kikanCd=2340440700&kikanKbn=2", "url2": null }, "geometry": { "type": "Point", "coordinates": [ 132.366216, 34.369539 ] } },
{ "type": "Feature", "properties": { "内容": "医療法人社団　小池皮フ科医院【2:診療所】【診療科目:小児皮膚科_皮膚科_美容皮膚科_アレルギー科】広島県廿日市市宮内１０５７－１　アーバンモール宮内", "url": "https://www.iryou.teikyouseido.mhlw.go.jp/znk-web/juminkanja/S2430/initialize?prefCd=34&kikanCd=2340440960&kikanKbn=2", "url2": null }, "geometry": { "type": "Point", "coordinates": [ 132.309886, 34.348118 ] } },
{ "type": "Feature", "properties": { "内容": "高屋整形外科【2:診療所】【診療科目:整形外科_リハビリテーション科】広島県東広島市高屋町杵原１７７１－１", "url": "https://www.iryou.teikyouseido.mhlw.go.jp/znk-web/juminkanja/S2430/initialize?prefCd=34&kikanCd=2340441130&kikanKbn=2", "url2": null }, "geometry": { "type": "Point", "coordinates": [ 132.787427, 34.452815 ] } },
{ "type": "Feature", "properties": { "内容": "医療法人社団　川中皮フ科形成外科【2:診療所】【診療科目:形成外科_皮膚科】広島県東広島市西条大坪町２－１５　東広島ビル１階", "url": "https://www.iryou.teikyouseido.mhlw.go.jp/znk-web/juminkanja/S2430/initialize?prefCd=34&kikanCd=2340441260&kikanKbn=2", "url2": "https://kawanaka.amebaownd.com/" }, "geometry": { "type": "Point", "coordinates": [ 132.749709, 34.424845 ] } },
{ "type": "Feature", "properties": { "内容": "佐藤内科クリニック【2:診療所】【診療科目:内科_呼吸器内科_消化器内科_小児科】広島県尾道市浦崎町２７２３", "url": "https://www.iryou.teikyouseido.mhlw.go.jp/znk-web/juminkanja/S2430/initialize?prefCd=34&kikanCd=2340441390&kikanKbn=2", "url2": null }, "geometry": { "type": "Point", "coordinates": [ 133.273861, 34.406384 ] } },
{ "type": "Feature", "properties": { "内容": "のりかわ眼科クリニック【2:診療所】【診療科目:眼科】広島県安芸高田市吉田町吉田１８５３－８", "url": "https://www.iryou.teikyouseido.mhlw.go.jp/znk-web/juminkanja/S2430/initialize?prefCd=34&kikanCd=2340441680&kikanKbn=2", "url2": null }, "geometry": { "type": "Point", "coordinates": [ 132.710479, 34.666097 ] } },
{ "type": "Feature", "properties": { "内容": "医療法人財団　愛和会広島クリニック【2:診療所】【診療科目:内科】広島県広島市中区住吉町５－７", "url": "https://www.iryou.teikyouseido.mhlw.go.jp/znk-web/juminkanja/S2430/initialize?prefCd=34&kikanCd=2340441840&kikanKbn=2", "url2": null }, "geometry": { "type": "Point", "coordinates": [ 132.447541, 34.384955 ] } },
{ "type": "Feature", "properties": { "内容": "堀田医院【2:診療所】【診療科目:内科_小児科_泌尿器科】広島県呉市宮原６丁目３－１１", "url": "https://www.iryou.teikyouseido.mhlw.go.jp/znk-web/juminkanja/S2430/initialize?prefCd=34&kikanCd=2340442270&kikanKbn=2", "url2": null }, "geometry": { "type": "Point", "coordinates": [ 132.561706, 34.231779 ] } },
{ "type": "Feature", "properties": { "内容": "医療法人社団　芸南クリニック【2:診療所】【診療科目:内科_消化器内科_人工透析内科_外科】広島県江田島市大柿町柿浦９９１－１", "url": "https://www.iryou.teikyouseido.mhlw.go.jp/znk-web/juminkanja/S2430/initialize?prefCd=34&kikanCd=2340442720&kikanKbn=2", "url2": null }, "geometry": { "type": "Point", "coordinates": [ 132.472576, 34.186783 ] } },
{ "type": "Feature", "properties": { "内容": "小田耳鼻咽喉科【2:診療所】【診療科目:耳鼻いんこう科】広島県広島市中区白島中町１－１７　小田ビル２階", "url": "https://www.iryou.teikyouseido.mhlw.go.jp/znk-web/juminkanja/S2430/initialize?prefCd=34&kikanCd=2340442980&kikanKbn=2", "url2": null }, "geometry": { "type": "Point", "coordinates": [ 132.465622, 34.410231 ] } },
{ "type": "Feature", "properties": { "内容": "医療法人　つばさ　廣本クリニック【2:診療所】【診療科目:内科_胃腸内科_外科_肛門外科_リハビリテーション科】広島県広島市安芸区矢野南３－１－２", "url": "https://www.iryou.teikyouseido.mhlw.go.jp/znk-web/juminkanja/S2430/initialize?prefCd=34&kikanCd=2340443150&kikanKbn=2", "url2": null }, "geometry": { "type": "Point", "coordinates": [ 132.528675, 34.345239 ] } },
{ "type": "Feature", "properties": { "内容": "社会福祉法人　あと会　あと・クリニック【2:診療所】【診療科目:内科_胃腸内科_外科_リハビリテーション科】広島県広島市安芸区阿戸町４８５－１", "url": "https://www.iryou.teikyouseido.mhlw.go.jp/znk-web/juminkanja/S2430/initialize?prefCd=34&kikanCd=2340443990&kikanKbn=2", "url2": null }, "geometry": { "type": "Point", "coordinates": [ 132.624166, 34.373988 ] } },
{ "type": "Feature", "properties": { "内容": "医療法人社団　にしだ眼科医院【2:診療所】【診療科目:眼科】広島県東広島市高屋町杵原１３４７－８", "url": "https://www.iryou.teikyouseido.mhlw.go.jp/znk-web/juminkanja/S2430/initialize?prefCd=34&kikanCd=2340444030&kikanKbn=2", "url2": null }, "geometry": { "type": "Point", "coordinates": [ 132.776177, 34.462231 ] } },
{ "type": "Feature", "properties": { "内容": "医療法人社団　ばんぶ会　たけもとクリニック【2:診療所】【診療科目:内科_呼吸器内科_消化器内科_整形外科_小児科_アレルギー科_リウマチ科_リハビリテーション科】広島県広島市中区鶴見町１４－６", "url": "https://www.iryou.teikyouseido.mhlw.go.jp/znk-web/juminkanja/S2430/initialize?prefCd=34&kikanCd=2340444290&kikanKbn=2", "url2": "http://website2.infomity.net/8080000088/" }, "geometry": { "type": "Point", "coordinates": [ 132.465346, 34.384123 ] } },
{ "type": "Feature", "properties": { "内容": "洪内科・消化器科医院【2:診療所】【診療科目:内科_消化器内科】広島県広島市西区都町２３－１４", "url": "https://www.iryou.teikyouseido.mhlw.go.jp/znk-web/juminkanja/S2430/initialize?prefCd=34&kikanCd=2340444450&kikanKbn=2", "url2": "https://www.kohclinic.org" }, "geometry": { "type": "Point", "coordinates": [ 132.437542, 34.397037 ] } },
{ "type": "Feature", "properties": { "内容": "わたなべ耳鼻咽喉科医院【2:診療所】【診療科目:耳鼻いんこう科】広島県東広島市西条昭和町７－１６", "url": "https://www.iryou.teikyouseido.mhlw.go.jp/znk-web/juminkanja/S2430/initialize?prefCd=34&kikanCd=2340444740&kikanKbn=2", "url2": null }, "geometry": { "type": "Point", "coordinates": [ 132.739365, 34.423556 ] } },
{ "type": "Feature", "properties": { "内容": "医療法人社団杏善会　初鹿内科医院分院【2:診療所】【診療科目:内科】広島県三原市中之町３丁目３－１１", "url": "https://www.iryou.teikyouseido.mhlw.go.jp/znk-web/juminkanja/S2430/initialize?prefCd=34&kikanCd=2340444870&kikanKbn=2", "url2": null }, "geometry": { "type": "Point", "coordinates": [ 133.100903, 34.411909 ] } },
{ "type": "Feature", "properties": { "内容": "神原こうじクリニック【2:診療所】【診療科目:内科】広島県尾道市浦崎町２７４６", "url": "https://www.iryou.teikyouseido.mhlw.go.jp/znk-web/juminkanja/S2430/initialize?prefCd=34&kikanCd=2340444900&kikanKbn=2", "url2": null }, "geometry": { "type": "Point", "coordinates": [ 133.274813, 34.404275 ] } },
{ "type": "Feature", "properties": { "内容": "医療法人　妙好会　ときや内科【2:診療所】【診療科目:内科_消化器内科_放射線科】広島県豊田郡大崎上島町沖浦１００１", "url": "https://www.iryou.teikyouseido.mhlw.go.jp/znk-web/juminkanja/S2430/initialize?prefCd=34&kikanCd=2340445170&kikanKbn=2", "url2": null }, "geometry": { "type": "Point", "coordinates": [ 132.894012, 34.213593 ] } },
{ "type": "Feature", "properties": { "内容": "くすのき眼科【2:診療所】【診療科目:眼科】広島県広島市安芸区中野東一丁目１１－３１", "url": "https://www.iryou.teikyouseido.mhlw.go.jp/znk-web/juminkanja/S2430/initialize?prefCd=34&kikanCd=2340445460&kikanKbn=2", "url2": null }, "geometry": { "type": "Point", "coordinates": [ 132.561843, 34.386644 ] } },
{ "type": "Feature", "properties": { "内容": "医療法人産婦人科よしはらクリニック【2:診療所】【診療科目:産婦人科】広島県尾道市山波町５５１－１", "url": "https://www.iryou.teikyouseido.mhlw.go.jp/znk-web/juminkanja/S2430/initialize?prefCd=34&kikanCd=2340445750&kikanKbn=2", "url2": "http://www.yoshihara-clinic.com" }, "geometry": { "type": "Point", "coordinates": [ 133.230679, 34.41768 ] } },
{ "type": "Feature", "properties": { "内容": "医療法人社団松原クリニック　まつばらクリニック【2:診療所】【診療科目:胃腸内科_外科_整形外科_リハビリテーション科_麻酔科】広島県広島市東区温品７丁目１１番３５号", "url": "https://www.iryou.teikyouseido.mhlw.go.jp/znk-web/juminkanja/S2430/initialize?prefCd=34&kikanCd=2340445910&kikanKbn=2", "url2": null }, "geometry": { "type": "Point", "coordinates": [ 132.508674, 34.414564 ] } },
{ "type": "Feature", "properties": { "内容": "医療法人　おかもと整形外科クリニック【2:診療所】【診療科目:整形外科_リウマチ科_リハビリテーション科】広島県広島市東区温品七丁目５－２６", "url": "https://www.iryou.teikyouseido.mhlw.go.jp/znk-web/juminkanja/S2430/initialize?prefCd=34&kikanCd=2340446050&kikanKbn=2", "url2": "hittps://okamoto-seikei.jp/" }, "geometry": { "type": "Point", "coordinates": [ 132.509396, 34.416148 ] } },
{ "type": "Feature", "properties": { "内容": "鈴が台クリニック【2:診療所】【診療科目:内科_皮膚科_美容皮膚科_アレルギー科_放射線科】広島県広島市西区井口鈴が台３－５－２", "url": "https://www.iryou.teikyouseido.mhlw.go.jp/znk-web/juminkanja/S2430/initialize?prefCd=34&kikanCd=2340446210&kikanKbn=2", "url2": null }, "geometry": { "type": "Point", "coordinates": [ 132.378881, 34.375455 ] } },
{ "type": "Feature", "properties": { "内容": "医療法人社団　しみずクリニック【2:診療所】【診療科目:内科_循環器内科_胃腸内科_外科_リハビリテーション科】広島県広島市安佐北区白木町小越１９３", "url": "https://www.iryou.teikyouseido.mhlw.go.jp/znk-web/juminkanja/S2430/initialize?prefCd=34&kikanCd=2340446340&kikanKbn=2", "url2": "www.shimizuclinics.com" }, "geometry": { "type": "Point", "coordinates": [ 132.663821, 34.55458 ] } },
{ "type": "Feature", "properties": { "内容": "庵谷内科循環器科【2:診療所】【診療科目:内科_呼吸器内科_循環器内科_消化器内科_小児科_リハビリテーション科】広島県福山市御幸町上岩成２３４－１", "url": "https://www.iryou.teikyouseido.mhlw.go.jp/znk-web/juminkanja/S2430/initialize?prefCd=34&kikanCd=2340446630&kikanKbn=2", "url2": null }, "geometry": { "type": "Point", "coordinates": [ 133.362405, 34.485905 ] } },
{ "type": "Feature", "properties": { "内容": "医療法人社団　越智医院【2:診療所】【診療科目:内科】広島県呉市豊町大長４９７６－２", "url": "https://www.iryou.teikyouseido.mhlw.go.jp/znk-web/juminkanja/S2430/initialize?prefCd=34&kikanCd=2340447480&kikanKbn=2", "url2": null }, "geometry": { "type": "Point", "coordinates": [ 132.855434, 34.181596 ] } },
{ "type": "Feature", "properties": { "内容": "かくれんぼ小児科・アレルギー科【2:診療所】【診療科目:小児科_アレルギー科】広島県広島市南区東雲本町２丁目６番３２号", "url": "https://www.iryou.teikyouseido.mhlw.go.jp/znk-web/juminkanja/S2430/initialize?prefCd=34&kikanCd=2340447510&kikanKbn=2", "url2": "http://www.shiraoclinic.com/" }, "geometry": { "type": "Point", "coordinates": [ 132.486987, 34.382948 ] } },
{ "type": "Feature", "properties": { "内容": "たなべ小児科【2:診療所】【診療科目:小児科】広島県廿日市市平良山手１１番１１号", "url": "https://www.iryou.teikyouseido.mhlw.go.jp/znk-web/juminkanja/S2430/initialize?prefCd=34&kikanCd=2340447770&kikanKbn=2", "url2": null }, "geometry": { "type": "Point", "coordinates": [ 132.335024, 34.357929 ] } },
{ "type": "Feature", "properties": { "内容": "田辺クリニック【2:診療所】【診療科目:内科_糖尿病内科_呼吸器内科_消化器内科_漢方内科_内視鏡内科_小児科_皮膚科_精神科_心療内科_アレルギー科_リハビリテーション科】広島県尾道市古浜町６番２０号", "url": "https://www.iryou.teikyouseido.mhlw.go.jp/znk-web/juminkanja/S2430/initialize?prefCd=34&kikanCd=2340447930&kikanKbn=2", "url2": "http://www.tanabecl.or.jp/" }, "geometry": { "type": "Point", "coordinates": [ 133.174203, 34.399133 ] } },
{ "type": "Feature", "properties": { "内容": "医療法人社団　有地医院【2:診療所】【診療科目:呼吸器内科_胃腸内科_外科】広島県府中市府中町６６０－３", "url": "https://www.iryou.teikyouseido.mhlw.go.jp/znk-web/juminkanja/S2430/initialize?prefCd=34&kikanCd=2340448230&kikanKbn=2", "url2": null }, "geometry": { "type": "Point", "coordinates": [ 133.229854, 34.576015 ] } },
{ "type": "Feature", "properties": { "内容": "常石医院【2:診療所】【診療科目:内科_外科_整形外科_小児科】広島県福山市沼隈町常石１０８３", "url": "https://www.iryou.teikyouseido.mhlw.go.jp/znk-web/juminkanja/S2430/initialize?prefCd=34&kikanCd=2340448360&kikanKbn=2", "url2": "http://www.shounankai.or.jp" }, "geometry": { "type": "Point", "coordinates": [ 133.300454, 34.387009 ] } },
{ "type": "Feature", "properties": { "内容": "藤田内科医院【2:診療所】【診療科目:内科_呼吸器内科_循環器内科_消化器内科】広島県尾道市長江一丁目２３－８", "url": "https://www.iryou.teikyouseido.mhlw.go.jp/znk-web/juminkanja/S2430/initialize?prefCd=34&kikanCd=2340448520&kikanKbn=2", "url2": "http://fimc.or.jp/" }, "geometry": { "type": "Point", "coordinates": [ 133.200616, 34.413466 ] } },
{ "type": "Feature", "properties": { "内容": "医療法人社団　リード　島本内科循環器科・皮フ科【2:診療所】【診療科目:内科_呼吸器内科_循環器内科_消化器内科_心臓血管外科_皮膚科】広島県広島市安佐南区山本１丁目１５番１２号", "url": "https://www.iryou.teikyouseido.mhlw.go.jp/znk-web/juminkanja/S2430/initialize?prefCd=34&kikanCd=2340448940&kikanKbn=2", "url2": null }, "geometry": { "type": "Point", "coordinates": [ 132.450971, 34.438031 ] } },
{ "type": "Feature", "properties": { "内容": "奈良井眼科【2:診療所】【診療科目:眼科】広島県呉市阿賀中央６丁目２番１１号　あがプラザ２階", "url": "https://www.iryou.teikyouseido.mhlw.go.jp/znk-web/juminkanja/S2430/initialize?prefCd=34&kikanCd=2340449080&kikanKbn=2", "url2": "http://www.narai-eye-clinic.com" }, "geometry": { "type": "Point", "coordinates": [ 132.600536, 34.236557 ] } },
{ "type": "Feature", "properties": { "内容": "井村眼科医院【2:診療所】【診療科目:眼科】広島県廿日市市天神５－１２", "url": "https://www.iryou.teikyouseido.mhlw.go.jp/znk-web/juminkanja/S2430/initialize?prefCd=34&kikanCd=2340449370&kikanKbn=2", "url2": null }, "geometry": { "type": "Point", "coordinates": [ 132.33841, 34.355788 ] } },
{ "type": "Feature", "properties": { "内容": "医療法人社団恵正会　二宮内科【2:診療所】【診療科目:内科_循環器内科_消化器内科_放射線科_麻酔科】広島県広島市安佐北区可部五丁目１４－１６", "url": "https://www.iryou.teikyouseido.mhlw.go.jp/znk-web/juminkanja/S2430/initialize?prefCd=34&kikanCd=2340449400&kikanKbn=2", "url2": "https://www.keiseikai-nmn.net/wp3" }, "geometry": { "type": "Point", "coordinates": [ 132.51012, 34.519926 ] } },
{ "type": "Feature", "properties": { "内容": "医療法人社団　伸寿会　高須クリニック【2:診療所】【診療科目:内科_人工透析内科_外科_乳腺外科_外科系その他】広島県福山市南蔵王町１－７－１４", "url": "https://www.iryou.teikyouseido.mhlw.go.jp/znk-web/juminkanja/S2430/initialize?prefCd=34&kikanCd=2340449820&kikanKbn=2", "url2": "https://takasu-toseki.com/" }, "geometry": { "type": "Point", "coordinates": [ 133.389958, 34.502071 ] } },
{ "type": "Feature", "properties": { "内容": "医療法人　社団　雅会　わかさ整形外科【2:診療所】【診療科目:整形外科_リウマチ科_リハビリテーション科】広島県広島市安芸区船越一丁目５０番１８号", "url": "https://www.iryou.teikyouseido.mhlw.go.jp/znk-web/juminkanja/S2430/initialize?prefCd=34&kikanCd=2340450060&kikanKbn=2", "url2": null }, "geometry": { "type": "Point", "coordinates": [ 132.516119, 34.376013 ] } },
{ "type": "Feature", "properties": { "内容": "医療法人社団　幸の鳥レディスクリニック【2:診療所】【診療科目:産婦人科】広島県福山市春日町一丁目７－１４", "url": "https://www.iryou.teikyouseido.mhlw.go.jp/znk-web/juminkanja/S2430/initialize?prefCd=34&kikanCd=2340451490&kikanKbn=2", "url2": "http://www.kohnotori.com" }, "geometry": { "type": "Point", "coordinates": [ 133.401484, 34.506678 ] } },
{ "type": "Feature", "properties": { "内容": "かわぐち胃腸科【2:診療所】【診療科目:内科_消化器内科_胃腸内科】広島県呉市川尻町西１丁目３５番２５号", "url": "https://www.iryou.teikyouseido.mhlw.go.jp/znk-web/juminkanja/S2430/initialize?prefCd=34&kikanCd=2340451940&kikanKbn=2", "url2": null }, "geometry": { "type": "Point", "coordinates": [ 132.694528, 34.230587 ] } },
{ "type": "Feature", "properties": { "内容": "もみじクリニック【2:診療所】【診療科目:内科_循環器内科_泌尿器科_リハビリテーション科】広島県広島市中区白島北町１７－２", "url": "https://www.iryou.teikyouseido.mhlw.go.jp/znk-web/juminkanja/S2430/initialize?prefCd=34&kikanCd=2340452240&kikanKbn=2", "url2": "www.daijinatokoro.com" }, "geometry": { "type": "Point", "coordinates": [ 132.461789, 34.408509 ] } },
{ "type": "Feature", "properties": { "内容": "医療法人社団　岡野皮ふ科クリニック【2:診療所】【診療科目:形成外科_皮膚科】広島県広島市安佐北区可部５丁目１４－１６　可部中央クリニックビル２階", "url": "https://www.iryou.teikyouseido.mhlw.go.jp/znk-web/juminkanja/S2430/initialize?prefCd=34&kikanCd=2340452370&kikanKbn=2", "url2": null }, "geometry": { "type": "Point", "coordinates": [ 132.510113, 34.519887 ] } },
{ "type": "Feature", "properties": { "内容": "すずき内科胃腸科クリニック【2:診療所】【診療科目:内科_胃腸内科】広島県三原市本町一丁目９－１２", "url": "https://www.iryou.teikyouseido.mhlw.go.jp/znk-web/juminkanja/S2430/initialize?prefCd=34&kikanCd=2340452790&kikanKbn=2", "url2": null }, "geometry": { "type": "Point", "coordinates": [ 133.076866, 34.401058 ] } },
{ "type": "Feature", "properties": { "内容": "西原在宅検診クリニック【2:診療所】【診療科目:内科_循環器内科_消化器内科_胃腸内科】広島県広島市安佐南区西原７－５－４", "url": "https://www.iryou.teikyouseido.mhlw.go.jp/znk-web/juminkanja/S2430/initialize?prefCd=34&kikanCd=2340453120&kikanKbn=2", "url2": "https://isii-ni.com/facility.html" }, "geometry": { "type": "Point", "coordinates": [ 132.475703, 34.442589 ] } },
{ "type": "Feature", "properties": { "内容": "中山内科医院【2:診療所】【診療科目:内科_呼吸器内科_循環器内科_消化器内科】広島県広島市安芸区中野３－９－６", "url": "https://www.iryou.teikyouseido.mhlw.go.jp/znk-web/juminkanja/S2430/initialize?prefCd=34&kikanCd=2340453380&kikanKbn=2", "url2": "http://prodoc2000.byoinnavi.jp/pc/" }, "geometry": { "type": "Point", "coordinates": [ 132.564873, 34.392691 ] } },
{ "type": "Feature", "properties": { "内容": "医療法人ふるもと眼科【2:診療所】【診療科目:眼科】広島県広島市安佐南区緑井二丁目１２番２６号", "url": "https://www.iryou.teikyouseido.mhlw.go.jp/znk-web/juminkanja/S2430/initialize?prefCd=34&kikanCd=2340453410&kikanKbn=2", "url2": null }, "geometry": { "type": "Point", "coordinates": [ 132.470341, 34.467586 ] } },
{ "type": "Feature", "properties": { "内容": "菅田内科医院【2:診療所】【診療科目:内科】広島県呉市焼山桜ケ丘三丁目３－２５", "url": "https://www.iryou.teikyouseido.mhlw.go.jp/znk-web/juminkanja/S2430/initialize?prefCd=34&kikanCd=2340453540&kikanKbn=2", "url2": null }, "geometry": { "type": "Point", "coordinates": [ 132.55327, 34.287379 ] } },
{ "type": "Feature", "properties": { "内容": "医療法人社団　にし小児科【2:診療所】【診療科目:小児科】広島県広島市安佐北区可部５－１４－１６", "url": "https://www.iryou.teikyouseido.mhlw.go.jp/znk-web/juminkanja/S2430/initialize?prefCd=34&kikanCd=2340454000&kikanKbn=2", "url2": "http://nisisyounika.jp/" }, "geometry": { "type": "Point", "coordinates": [ 132.510113, 34.519887 ] } },
{ "type": "Feature", "properties": { "内容": "ふじた消化器内科クリニック【2:診療所】【診療科目:内科_内分泌内科_呼吸器内科_気管食道内科_循環器内科_消化器内科_胃腸内科_内視鏡内科_心療内科_リハビリテーション科】広島県広島市安佐南区中筋４丁目１３－１５　レジデンス西宮１階", "url": "https://www.iryou.teikyouseido.mhlw.go.jp/znk-web/juminkanja/S2430/initialize?prefCd=34&kikanCd=2340454130&kikanKbn=2", "url2": "http://www2s.biglobe.ne.jp/~na22xafb/" }, "geometry": { "type": "Point", "coordinates": [ 132.47935, 34.455059 ] } },
{ "type": "Feature", "properties": { "内容": "医療法人社団親心会　小西脳外科内科医院【2:診療所】【診療科目:内科_脳神経外科】広島県東広島市高屋町造賀２９５７－１", "url": "https://www.iryou.teikyouseido.mhlw.go.jp/znk-web/juminkanja/S2430/initialize?prefCd=34&kikanCd=2340454260&kikanKbn=2", "url2": null }, "geometry": { "type": "Point", "coordinates": [ 132.764038, 34.484867 ] } },
{ "type": "Feature", "properties": { "内容": "中村医院【2:診療所】【診療科目:循環器内科_消化器内科_外科_リハビリテーション科】広島県安芸高田市向原町戸島小字八東戸２８４６－５", "url": "https://www.iryou.teikyouseido.mhlw.go.jp/znk-web/juminkanja/S2430/initialize?prefCd=34&kikanCd=2340454390&kikanKbn=2", "url2": null }, "geometry": { "type": "Point", "coordinates": [ 132.721758, 34.618907 ] } },
{ "type": "Feature", "properties": { "内容": "医療法人社団たけなお会　たにぐち小児クリニック【2:診療所】【診療科目:小児科_小児皮膚科_アレルギー科】広島県広島市東区中山東二丁目２－９", "url": "https://www.iryou.teikyouseido.mhlw.go.jp/znk-web/juminkanja/S2430/initialize?prefCd=34&kikanCd=2340454710&kikanKbn=2", "url2": "https://www.taniguchi-cl.or.jp/" }, "geometry": { "type": "Point", "coordinates": [ 132.504747, 34.410456 ] } },
{ "type": "Feature", "properties": { "内容": "医療法人社団つばさ会　横山内科クリニック【2:診療所】【診療科目:内科_呼吸器内科_循環器内科_消化器内科_精神科_心療内科】広島県広島市中区西十日市町１－５", "url": "https://www.iryou.teikyouseido.mhlw.go.jp/znk-web/juminkanja/S2430/initialize?prefCd=34&kikanCd=2340454970&kikanKbn=2", "url2": null }, "geometry": { "type": "Point", "coordinates": [ 132.447067, 34.398538 ] } },
{ "type": "Feature", "properties": { "内容": "田辺医院【2:診療所】【診療科目:内科_小児科】広島県呉市阿賀中央３丁目５番６号", "url": "https://www.iryou.teikyouseido.mhlw.go.jp/znk-web/juminkanja/S2430/initialize?prefCd=34&kikanCd=2340455010&kikanKbn=2", "url2": "http//website2.infomity.net/8080272/" }, "geometry": { "type": "Point", "coordinates": [ 132.598202, 34.239418 ] } },
{ "type": "Feature", "properties": { "内容": "木山産婦人科クリニック【2:診療所】【診療科目:産婦人科】広島県広島市中区袋町４－３　滝口ビル３階", "url": "https://www.iryou.teikyouseido.mhlw.go.jp/znk-web/juminkanja/S2430/initialize?prefCd=34&kikanCd=2340455270&kikanKbn=2", "url2": "https://kiyama-c.com" }, "geometry": { "type": "Point", "coordinates": [ 132.458124, 34.392122 ] } },
{ "type": "Feature", "properties": { "内容": "村上外科内科【2:診療所】【診療科目:内科_呼吸器内科_循環器内科_消化器内科_外科_整形外科_アレルギー科_リハビリテーション科】広島県広島市南区東雲２－１８－１５", "url": "https://www.iryou.teikyouseido.mhlw.go.jp/znk-web/juminkanja/S2430/initialize?prefCd=34&kikanCd=2340455300&kikanKbn=2", "url2": null }, "geometry": { "type": "Point", "coordinates": [ 132.490816, 34.379068 ] } },
{ "type": "Feature", "properties": { "内容": "医療法人　秋本外科クリニック【2:診療所】【診療科目:胃腸内科_外科_整形外科】広島県広島市南区東本浦町５番２２号", "url": "https://www.iryou.teikyouseido.mhlw.go.jp/znk-web/juminkanja/S2430/initialize?prefCd=34&kikanCd=2340455560&kikanKbn=2", "url2": "akimoto-geka.byoinnavi.jp" }, "geometry": { "type": "Point", "coordinates": [ 132.487761, 34.375596 ] } },
{ "type": "Feature", "properties": { "内容": "むねの眼科医院【2:診療所】【診療科目:眼科】広島県広島市安佐北区亀崎一丁目２番２６号　第２タウンセンタービル３Ｆ", "url": "https://www.iryou.teikyouseido.mhlw.go.jp/znk-web/juminkanja/S2430/initialize?prefCd=34&kikanCd=2340455690&kikanKbn=2", "url2": null }, "geometry": { "type": "Point", "coordinates": [ 132.524086, 34.481558 ] } },
{ "type": "Feature", "properties": { "内容": "町田内科・神経内科クリニック【2:診療所】【診療科目:内科_脳神経内科】広島県広島市佐伯区隅の浜二丁目９－７", "url": "https://www.iryou.teikyouseido.mhlw.go.jp/znk-web/juminkanja/S2430/initialize?prefCd=34&kikanCd=2340455720&kikanKbn=2", "url2": null }, "geometry": { "type": "Point", "coordinates": [ 132.345744, 34.362384 ] } },
{ "type": "Feature", "properties": { "内容": "おかもと小児科クリニック【2:診療所】【診療科目:小児科】広島県呉市中央１丁目２番３号　多摩川呉ビル３階", "url": "https://www.iryou.teikyouseido.mhlw.go.jp/znk-web/juminkanja/S2430/initialize?prefCd=34&kikanCd=2340455850&kikanKbn=2", "url2": null }, "geometry": { "type": "Point", "coordinates": [ 132.559289, 34.245861 ] } },
{ "type": "Feature", "properties": { "内容": "小松内科クリニック【2:診療所】【診療科目:内科_消化器内科】広島県広島市佐伯区八幡東３－２８－１７　クロスロード４Ｆ", "url": "https://www.iryou.teikyouseido.mhlw.go.jp/znk-web/juminkanja/S2430/initialize?prefCd=34&kikanCd=2340456310&kikanKbn=2", "url2": "komatsuclinic.com" }, "geometry": { "type": "Point", "coordinates": [ 132.361655, 34.38403 ] } },
{ "type": "Feature", "properties": { "内容": "医療法人社団　清康会　宮地クリニック【2:診療所】【診療科目:内科_呼吸器内科_循環器内科_アレルギー科】広島県福山市松永町３５０", "url": "https://www.iryou.teikyouseido.mhlw.go.jp/znk-web/juminkanja/S2430/initialize?prefCd=34&kikanCd=2340456440&kikanKbn=2", "url2": null }, "geometry": { "type": "Point", "coordinates": [ 133.259904, 34.452694 ] } },
{ "type": "Feature", "properties": { "内容": "医療法人　似島診療所【2:診療所】【診療科目:内科_形成外科_歯科】広島県広島市南区似島町字家下７５２－７４", "url": "https://www.iryou.teikyouseido.mhlw.go.jp/znk-web/juminkanja/S2430/initialize?prefCd=34&kikanCd=2340456860&kikanKbn=2", "url2": null }, "geometry": { "type": "Point", "coordinates": [ 132.432352, 34.312324 ] } },
{ "type": "Feature", "properties": { "内容": "医療法人　エム・エム会　クリニック　広島健診【2:診療所】【診療科目:内科_乳腺外科】広島県呉市本通一丁目１－１", "url": "https://www.iryou.teikyouseido.mhlw.go.jp/znk-web/juminkanja/S2430/initialize?prefCd=34&kikanCd=2340457030&kikanKbn=2", "url2": "www.matterhorn-hospital.jp/hiroshima/" }, "geometry": { "type": "Point", "coordinates": [ 132.562827, 34.241997 ] } },
{ "type": "Feature", "properties": { "内容": "木村耳鼻咽喉科【2:診療所】【診療科目:耳鼻いんこう科】広島県福山市今津町二丁目１－２４", "url": "https://www.iryou.teikyouseido.mhlw.go.jp/znk-web/juminkanja/S2430/initialize?prefCd=34&kikanCd=2340457160&kikanKbn=2", "url2": null }, "geometry": { "type": "Point", "coordinates": [ 133.256221, 34.451268 ] } },
{ "type": "Feature", "properties": { "内容": "医療法人こどもクリニックはぐくみ【2:診療所】【診療科目:小児科】広島県福山市駅家町万能倉９１０－１５", "url": "https://www.iryou.teikyouseido.mhlw.go.jp/znk-web/juminkanja/S2430/initialize?prefCd=34&kikanCd=2340457610&kikanKbn=2", "url2": "https://kids-hagukumi.jp/" }, "geometry": { "type": "Point", "coordinates": [ 133.332961, 34.544515 ] } },
{ "type": "Feature", "properties": { "内容": "中村医院【2:診療所】【診療科目:内科】広島県三次市布野町上布野１４８５番地１", "url": "https://www.iryou.teikyouseido.mhlw.go.jp/znk-web/juminkanja/S2430/initialize?prefCd=34&kikanCd=2340457740&kikanKbn=2", "url2": null }, "geometry": { "type": "Point", "coordinates": [ 132.782741, 34.88338 ] } },
{ "type": "Feature", "properties": { "内容": "医療法人社団　池田整形外科【2:診療所】【診療科目:整形外科_リウマチ科_リハビリテーション科】広島県広島市南区仁保新町二丁目４－５", "url": "https://www.iryou.teikyouseido.mhlw.go.jp/znk-web/juminkanja/S2430/initialize?prefCd=34&kikanCd=2340458170&kikanKbn=2", "url2": "https://www.ikeda-seikei3350.com/" }, "geometry": { "type": "Point", "coordinates": [ 132.495093, 34.376485 ] } },
{ "type": "Feature", "properties": { "内容": "さなだ内科クリニック【2:診療所】【診療科目:内科_糖尿病内科_呼吸器内科_循環器内科_消化器内科_リハビリテーション科】広島県広島市安芸区瀬野二丁目１２－１１", "url": "https://www.iryou.teikyouseido.mhlw.go.jp/znk-web/juminkanja/S2430/initialize?prefCd=34&kikanCd=2340458460&kikanKbn=2", "url2": "http://sanadanaika.jp/" }, "geometry": { "type": "Point", "coordinates": [ 132.595241, 34.422629 ] } },
{ "type": "Feature", "properties": { "内容": "ふるかど眼科【2:診療所】【診療科目:眼科】広島県福山市駅家町倉光３５－１", "url": "https://www.iryou.teikyouseido.mhlw.go.jp/znk-web/juminkanja/S2430/initialize?prefCd=34&kikanCd=2340458750&kikanKbn=2", "url2": null }, "geometry": { "type": "Point", "coordinates": [ 133.328239, 34.545148 ] } },
{ "type": "Feature", "properties": { "内容": "一般財団法人広島結核予防協会　住吉浜病院附属大浦診療所【2:診療所】【診療科目:内科】広島県呉市蒲刈町大浦７９３", "url": "https://www.iryou.teikyouseido.mhlw.go.jp/znk-web/juminkanja/S2430/initialize?prefCd=34&kikanCd=2340458910&kikanKbn=2", "url2": null }, "geometry": { "type": "Point", "coordinates": [ 132.752692, 34.179761 ] } },
{ "type": "Feature", "properties": { "内容": "おか内科循環器科【2:診療所】【診療科目:内科_循環器内科】広島県広島市東区光町二丁目４－６", "url": "https://www.iryou.teikyouseido.mhlw.go.jp/znk-web/juminkanja/S2430/initialize?prefCd=34&kikanCd=2340459050&kikanKbn=2", "url2": null }, "geometry": { "type": "Point", "coordinates": [ 132.479871, 34.402121 ] } },
{ "type": "Feature", "properties": { "内容": "バスセンター佐々木内科【2:診療所】【診療科目:内科_循環器内科_消化器内科】広島県広島市中区基町６番２７号　広島センタービル８Ｆ", "url": "https://www.iryou.teikyouseido.mhlw.go.jp/znk-web/juminkanja/S2430/initialize?prefCd=34&kikanCd=2340459470&kikanKbn=2", "url2": "https://www.aqa-hc.com/shops/page.php?id=76" }, "geometry": { "type": "Point", "coordinates": [ 132.457012, 34.396954 ] } },
{ "type": "Feature", "properties": { "内容": "松野クリニック【2:診療所】【診療科目:内科_呼吸器内科_循環器内科_胃腸内科_外科_肛門外科】広島県広島市東区中山東２丁目２番３３号", "url": "https://www.iryou.teikyouseido.mhlw.go.jp/znk-web/juminkanja/S2430/initialize?prefCd=34&kikanCd=2340459500&kikanKbn=2", "url2": "https://matsunoclinic.info" }, "geometry": { "type": "Point", "coordinates": [ 132.502758, 34.412453 ] } },
{ "type": "Feature", "properties": { "内容": "松浦内科医院【2:診療所】【診療科目:内科】広島県広島市南区翠３丁目１８番６号", "url": "https://www.iryou.teikyouseido.mhlw.go.jp/znk-web/juminkanja/S2430/initialize?prefCd=34&kikanCd=2340459630&kikanKbn=2", "url2": null }, "geometry": { "type": "Point", "coordinates": [ 132.471094, 34.369934 ] } },
{ "type": "Feature", "properties": { "内容": "医療法人　ふじい内科循環器科【2:診療所】【診療科目:内科_呼吸器内科_循環器内科_胃腸内科_アレルギー科_リハビリテーション科_放射線科】広島県広島市安佐南区西原一丁目２５－１３－１", "url": "https://www.iryou.teikyouseido.mhlw.go.jp/znk-web/juminkanja/S2430/initialize?prefCd=34&kikanCd=2340459920&kikanKbn=2", "url2": "https//www.fujii-junkanki2513.com" }, "geometry": { "type": "Point", "coordinates": [ 132.462574, 34.43272 ] } },
{ "type": "Feature", "properties": { "内容": "医療法人豊田レディースクリニック【2:診療所】【診療科目:女性内科_産婦人科】広島県安芸郡熊野町川角四丁目３０番１号", "url": "https://www.iryou.teikyouseido.mhlw.go.jp/znk-web/juminkanja/S2430/initialize?prefCd=34&kikanCd=2340460580&kikanKbn=2", "url2": "https://www.toyota-lc.jp/" }, "geometry": { "type": "Point", "coordinates": [ 132.574408, 34.323548 ] } },
{ "type": "Feature", "properties": { "内容": "宮島クリニック【2:診療所】【診療科目:内科_外科】広島県廿日市市宮島町１１８５－１", "url": "https://www.iryou.teikyouseido.mhlw.go.jp/znk-web/juminkanja/S2430/initialize?prefCd=34&kikanCd=2340460740&kikanKbn=2", "url2": "https://www.miyajima-clinic.com" }, "geometry": { "type": "Point", "coordinates": [ 132.32134, 34.299086 ] } },
{ "type": "Feature", "properties": { "内容": "医療法人　優心会　心石形成外科【2:診療所】【診療科目:形成外科_美容外科】広島県広島市中区基町６－２７　アクア広島センター街９階", "url": "https://www.iryou.teikyouseido.mhlw.go.jp/znk-web/juminkanja/S2430/initialize?prefCd=34&kikanCd=2340461040&kikanKbn=2", "url2": "http://www.kokoroishi.jp" }, "geometry": { "type": "Point", "coordinates": [ 132.457012, 34.396954 ] } },
{ "type": "Feature", "properties": { "内容": "平賀内科クリニック【2:診療所】【診療科目:内科_循環器内科】広島県広島市南区皆実町６－１４－４", "url": "https://www.iryou.teikyouseido.mhlw.go.jp/znk-web/juminkanja/S2430/initialize?prefCd=34&kikanCd=2340461200&kikanKbn=2", "url2": "http://www.hiraganaika.jp" }, "geometry": { "type": "Point", "coordinates": [ 132.464207, 34.372874 ] } },
{ "type": "Feature", "properties": { "内容": "かわもと眼科クリニック【2:診療所】【診療科目:眼科】広島県広島市西区三篠北町１９番２７号　イケダビル２階", "url": "https://www.iryou.teikyouseido.mhlw.go.jp/znk-web/juminkanja/S2430/initialize?prefCd=34&kikanCd=2340461460&kikanKbn=2", "url2": null }, "geometry": { "type": "Point", "coordinates": [ 132.456067, 34.417341 ] } },
{ "type": "Feature", "properties": { "内容": "奥本皮膚科クリニック【2:診療所】【診療科目:皮膚科】広島県広島市西区三篠北町１９－２７　イケダビル２Ｆ", "url": "https://www.iryou.teikyouseido.mhlw.go.jp/znk-web/juminkanja/S2430/initialize?prefCd=34&kikanCd=2340461590&kikanKbn=2", "url2": null }, "geometry": { "type": "Point", "coordinates": [ 132.456067, 34.417369 ] } },
{ "type": "Feature", "properties": { "内容": "石井医院【2:診療所】【診療科目:内科_循環器内科_消化器内科_外科_リハビリテーション科】広島県東広島市八本松町正力２１４７－２", "url": "https://www.iryou.teikyouseido.mhlw.go.jp/znk-web/juminkanja/S2430/initialize?prefCd=34&kikanCd=2340462210&kikanKbn=2", "url2": null }, "geometry": { "type": "Point", "coordinates": [ 132.714405, 34.45673 ] } },
{ "type": "Feature", "properties": { "内容": "医療法人社団　中郷クリニック　東生口診療所【2:診療所】【診療科目:内科_外科_産婦人科】広島県尾道市因島原町６６８－１８", "url": "https://www.iryou.teikyouseido.mhlw.go.jp/znk-web/juminkanja/S2430/initialize?prefCd=34&kikanCd=2340462340&kikanKbn=2", "url2": null }, "geometry": { "type": "Point", "coordinates": [ 133.131489, 34.280423 ] } },
{ "type": "Feature", "properties": { "内容": "三次市休日夜間急患センター【2:診療所】【診療科目:内科】広島県三次市十日市東三丁目１６－１", "url": "https://www.iryou.teikyouseido.mhlw.go.jp/znk-web/juminkanja/S2430/initialize?prefCd=34&kikanCd=2340462500&kikanKbn=2", "url2": "https://miyoshi-med.or.jp/" }, "geometry": { "type": "Point", "coordinates": [ 132.860404, 34.810223 ] } },
{ "type": "Feature", "properties": { "内容": "やすらぎクリニック【2:診療所】【診療科目:内科_神経内科_リウマチ科】広島県広島市中区袋町３－１１", "url": "https://www.iryou.teikyouseido.mhlw.go.jp/znk-web/juminkanja/S2430/initialize?prefCd=34&kikanCd=2340462920&kikanKbn=2", "url2": null }, "geometry": { "type": "Point", "coordinates": [ 132.457568, 34.392705 ] } },
{ "type": "Feature", "properties": { "内容": "貞岡耳鼻咽喉科クリニック【2:診療所】【診療科目:耳鼻いんこう科】広島県広島市中区基町６－２７　広島センタービル８階", "url": "https://www.iryou.teikyouseido.mhlw.go.jp/znk-web/juminkanja/S2430/initialize?prefCd=34&kikanCd=2340463190&kikanKbn=2", "url2": null }, "geometry": { "type": "Point", "coordinates": [ 132.457096, 34.396038 ] } },
{ "type": "Feature", "properties": { "内容": "医療法人社団たくみ会　きむらクリニック【2:診療所】【診療科目:内科_呼吸器内科_循環器内科_消化器内科_漢方内科_心療内科_リハビリテーション科_放射線科_放射線診断科】広島県広島市安芸区船越南２－１７－１", "url": "https://www.iryou.teikyouseido.mhlw.go.jp/znk-web/juminkanja/S2430/initialize?prefCd=34&kikanCd=2340463350&kikanKbn=2", "url2": "http://www.kimuclihp.jp/index.html" }, "geometry": { "type": "Point", "coordinates": [ 132.522283, 34.372917 ] } },
{ "type": "Feature", "properties": { "内容": "大下皮膚科泌尿器科医院【2:診療所】【診療科目:皮膚科_泌尿器科】広島県呉市広本町　１－３－１", "url": "https://www.iryou.teikyouseido.mhlw.go.jp/znk-web/juminkanja/S2430/initialize?prefCd=34&kikanCd=2340463510&kikanKbn=2", "url2": null }, "geometry": { "type": "Point", "coordinates": [ 132.62084, 34.231419 ] } },
{ "type": "Feature", "properties": { "内容": "立川整形外科リハビリリウマチクリニック【2:診療所】【診療科目:整形外科_リウマチ科_リハビリテーション科】広島県大竹市西栄１丁目１２番１号", "url": "https://www.iryou.teikyouseido.mhlw.go.jp/znk-web/juminkanja/S2430/initialize?prefCd=34&kikanCd=2340463800&kikanKbn=2", "url2": null }, "geometry": { "type": "Point", "coordinates": [ 132.225207, 34.21647 ] } },
{ "type": "Feature", "properties": { "内容": "さくま眼科【2:診療所】【診療科目:眼科】広島県広島市南区段原１丁目３－１１啓愛プラザビル４Ｆ", "url": "https://www.iryou.teikyouseido.mhlw.go.jp/znk-web/juminkanja/S2430/initialize?prefCd=34&kikanCd=2340464100&kikanKbn=2", "url2": "http://sakuma-eyeclinic.com" }, "geometry": { "type": "Point", "coordinates": [ 132.474706, 34.390539 ] } },
{ "type": "Feature", "properties": { "内容": "クリニックたなべ整形外科【2:診療所】【診療科目:整形外科_リウマチ科_リハビリテーション科】広島県安芸郡坂町平成ケ浜１丁目８－３３", "url": "https://www.iryou.teikyouseido.mhlw.go.jp/znk-web/juminkanja/S2430/initialize?prefCd=34&kikanCd=2340464520&kikanKbn=2", "url2": null }, "geometry": { "type": "Point", "coordinates": [ 132.5155, 34.342373 ] } },
{ "type": "Feature", "properties": { "内容": "医療法人　瑠璃光会　山田脳神経外科【2:診療所】【診療科目:神経内科_脳神経外科_リハビリテーション科】広島県東広島市八本松町飯田１１１番地１", "url": "https://www.iryou.teikyouseido.mhlw.go.jp/znk-web/juminkanja/S2430/initialize?prefCd=34&kikanCd=2340464650&kikanKbn=2", "url2": "https://www.yamada-nougeka.jp/" }, "geometry": { "type": "Point", "coordinates": [ 132.689453, 34.444061 ] } },
{ "type": "Feature", "properties": { "内容": "中西医院【2:診療所】【診療科目:外科_胃腸外科_肛門外科】広島県広島市南区段原四丁目１９－９", "url": "https://www.iryou.teikyouseido.mhlw.go.jp/znk-web/juminkanja/S2430/initialize?prefCd=34&kikanCd=2340465240&kikanKbn=2", "url2": "http://www.enkou.com" }, "geometry": { "type": "Point", "coordinates": [ 132.480024, 34.387041 ] } },
{ "type": "Feature", "properties": { "内容": "益田眼科【2:診療所】【診療科目:眼科】広島県安芸郡府中町大須１－１６－２", "url": "https://www.iryou.teikyouseido.mhlw.go.jp/znk-web/juminkanja/S2430/initialize?prefCd=34&kikanCd=2340465400&kikanKbn=2", "url2": "http://masuda.atat.jp" }, "geometry": { "type": "Point", "coordinates": [ 132.501453, 34.391789 ] } },
{ "type": "Feature", "properties": { "内容": "庄原市高野診療所【2:診療所】【診療科目:内科_外科】広島県庄原市高野町新市１１５０－１", "url": "https://www.iryou.teikyouseido.mhlw.go.jp/znk-web/juminkanja/S2430/initialize?prefCd=34&kikanCd=2340465530&kikanKbn=2", "url2": null }, "geometry": { "type": "Point", "coordinates": [ 132.907362, 35.032644 ] } },
{ "type": "Feature", "properties": { "内容": "大木クリニック【2:診療所】【診療科目:内科】広島県広島市安芸区船越３丁目１４番４１号", "url": "https://www.iryou.teikyouseido.mhlw.go.jp/znk-web/juminkanja/S2430/initialize?prefCd=34&kikanCd=2340465820&kikanKbn=2", "url2": null }, "geometry": { "type": "Point", "coordinates": [ 132.522036, 34.374958 ] } },
{ "type": "Feature", "properties": { "内容": "医療法人社団　おおうち総合健診所　くにき内科【2:診療所】【診療科目:内科】広島県広島市中区大手町３－６－１２", "url": "https://www.iryou.teikyouseido.mhlw.go.jp/znk-web/juminkanja/S2430/initialize?prefCd=34&kikanCd=2340466120&kikanKbn=2", "url2": "http://www.oouchi-kenshin.jp/" }, "geometry": { "type": "Point", "coordinates": [ 132.454152, 34.387705 ] } },
{ "type": "Feature", "properties": { "内容": "シルククリニック【2:診療所】【診療科目:内科_婦人科】広島県大竹市本町１丁目５番６号", "url": "https://www.iryou.teikyouseido.mhlw.go.jp/znk-web/juminkanja/S2430/initialize?prefCd=34&kikanCd=2340466540&kikanKbn=2", "url2": null }, "geometry": { "type": "Point", "coordinates": [ 132.218791, 34.210415 ] } },
{ "type": "Feature", "properties": { "内容": "医療法人　光耀会　岩崎整形外科【2:診療所】【診療科目:内科_整形外科_精神科_心療内科_リウマチ科_リハビリテーション科】広島県福山市木之庄町二丁目７－５", "url": "https://www.iryou.teikyouseido.mhlw.go.jp/znk-web/juminkanja/S2430/initialize?prefCd=34&kikanCd=2340466960&kikanKbn=2", "url2": "http://www.iwasaki-seikeigeka.com" }, "geometry": { "type": "Point", "coordinates": [ 133.354182, 34.497907 ] } },
{ "type": "Feature", "properties": { "内容": "アソカの園　武島医院【2:診療所】【診療科目:内科_呼吸器内科_消化器内科_神経内科_整形外科_アレルギー科】広島県東広島市西条西本町２５－２９", "url": "https://www.iryou.teikyouseido.mhlw.go.jp/znk-web/juminkanja/S2430/initialize?prefCd=34&kikanCd=2340467000&kikanKbn=2", "url2": "http://www.asoka.or.jp" }, "geometry": { "type": "Point", "coordinates": [ 132.739265, 34.4284 ] } },
{ "type": "Feature", "properties": { "内容": "はたの小児科【2:診療所】【診療科目:小児科】広島県東広島市黒瀬町兼広５－１", "url": "https://www.iryou.teikyouseido.mhlw.go.jp/znk-web/juminkanja/S2430/initialize?prefCd=34&kikanCd=2340467390&kikanKbn=2", "url2": null }, "geometry": { "type": "Point", "coordinates": [ 132.663554, 34.32341 ] } },
{ "type": "Feature", "properties": { "内容": "木下メディカルクリニック【2:診療所】【診療科目:胃腸内科_外科_整形外科】広島県福山市沼隈町草深１７１１", "url": "https://www.iryou.teikyouseido.mhlw.go.jp/znk-web/juminkanja/S2430/initialize?prefCd=34&kikanCd=2340467680&kikanKbn=2", "url2": null }, "geometry": { "type": "Point", "coordinates": [ 133.321774, 34.39097 ] } },
{ "type": "Feature", "properties": { "内容": "広島医療生活協同組合　沼田診療所【2:診療所】【診療科目:内科】広島県広島市安佐南区伴東七丁目３８番１０号", "url": "https://www.iryou.teikyouseido.mhlw.go.jp/znk-web/juminkanja/S2430/initialize?prefCd=34&kikanCd=2340467840&kikanKbn=2", "url2": "http://www.hiroshimairyo.coop/numatashinryojo/" }, "geometry": { "type": "Point", "coordinates": [ 132.415448, 34.463887 ] } },
{ "type": "Feature", "properties": { "内容": "広兼眼科【2:診療所】【診療科目:眼科】広島県広島市佐伯区八幡東三丁目２８－１７クロスロードビル２０２", "url": "https://www.iryou.teikyouseido.mhlw.go.jp/znk-web/juminkanja/S2430/initialize?prefCd=34&kikanCd=2340467970&kikanKbn=2", "url2": "http://tt77.g1.xrea.com" }, "geometry": { "type": "Point", "coordinates": [ 132.361648, 34.384025 ] } },
{ "type": "Feature", "properties": { "内容": "木原耳鼻咽喉科医院【2:診療所】【診療科目:耳鼻いんこう科】広島県広島市東区戸坂千足一丁目４－２０", "url": "https://www.iryou.teikyouseido.mhlw.go.jp/znk-web/juminkanja/S2430/initialize?prefCd=34&kikanCd=2340468430&kikanKbn=2", "url2": null }, "geometry": { "type": "Point", "coordinates": [ 132.483257, 34.437812 ] } },
{ "type": "Feature", "properties": { "内容": "東雲クリニック【2:診療所】【診療科目:内科_呼吸器内科_循環器内科_消化器内科_胃腸内科_内視鏡内科_肛門外科】広島県広島市南区上東雲町３０番　２０号", "url": "https://www.iryou.teikyouseido.mhlw.go.jp/znk-web/juminkanja/S2430/initialize?prefCd=34&kikanCd=2340468560&kikanKbn=2", "url2": "https://www.shinonomeclinic.com" }, "geometry": { "type": "Point", "coordinates": [ 132.484733, 34.384651 ] } },
{ "type": "Feature", "properties": { "内容": "高上クリニック【2:診療所】【診療科目:内科_胃腸内科_外科_肛門外科_リハビリテーション科】広島県安芸郡府中町浜田三丁目９－３　メディスンビル　一階", "url": "https://www.iryou.teikyouseido.mhlw.go.jp/znk-web/juminkanja/S2430/initialize?prefCd=34&kikanCd=2340468720&kikanKbn=2", "url2": null }, "geometry": { "type": "Point", "coordinates": [ 132.510703, 34.385623 ] } },
{ "type": "Feature", "properties": { "内容": "田中医院【2:診療所】【診療科目:内科_外科】広島県三次市吉舎町吉舎４９３番地", "url": "https://www.iryou.teikyouseido.mhlw.go.jp/znk-web/juminkanja/S2430/initialize?prefCd=34&kikanCd=2340468980&kikanKbn=2", "url2": null }, "geometry": { "type": "Point", "coordinates": [ 132.991486, 34.716825 ] } },
{ "type": "Feature", "properties": { "内容": "澤崎産婦人科【2:診療所】【診療科目:産婦人科】広島県広島市南区的場町二丁目２－１５", "url": "https://www.iryou.teikyouseido.mhlw.go.jp/znk-web/juminkanja/S2430/initialize?prefCd=34&kikanCd=2340469020&kikanKbn=2", "url2": "http://sawasaki-sanfujinka.com/" }, "geometry": { "type": "Point", "coordinates": [ 132.474594, 34.392122 ] } },
{ "type": "Feature", "properties": { "内容": "医療法人社団　ＩＧＬ医療会　クリニック　アルペンローゼ【2:診療所】【診療科目:内科_外科】広島県広島市安佐南区上安六丁目３１番１号", "url": "https://www.iryou.teikyouseido.mhlw.go.jp/znk-web/juminkanja/S2430/initialize?prefCd=34&kikanCd=2340469280&kikanKbn=2", "url2": "http://www.igl.or.jp/c05iryo/alpen.html" }, "geometry": { "type": "Point", "coordinates": [ 132.444704, 34.482723 ] } },
{ "type": "Feature", "properties": { "内容": "さかの小児科【2:診療所】【診療科目:小児科】広島県安芸郡府中町鹿籠２丁目１３－２　カトウビル　１Ｆ", "url": "https://www.iryou.teikyouseido.mhlw.go.jp/znk-web/juminkanja/S2430/initialize?prefCd=34&kikanCd=2340470680&kikanKbn=2", "url2": null }, "geometry": { "type": "Point", "coordinates": [ 132.508064, 34.379846 ] } },
{ "type": "Feature", "properties": { "内容": "巻幡内科医院【2:診療所】【診療科目:内科】広島県尾道市因島土生町１６８６－１", "url": "https://www.iryou.teikyouseido.mhlw.go.jp/znk-web/juminkanja/S2430/initialize?prefCd=34&kikanCd=2340470840&kikanKbn=2", "url2": null }, "geometry": { "type": "Point", "coordinates": [ 133.175874, 34.290951 ] } },
{ "type": "Feature", "properties": { "内容": "医療法人　さくら眼科クリニック【2:診療所】【診療科目:眼科】広島県三原市円一町１－１－７フジグラン三原２Ｆ", "url": "https://www.iryou.teikyouseido.mhlw.go.jp/znk-web/juminkanja/S2430/initialize?prefCd=34&kikanCd=2340470970&kikanKbn=2", "url2": null }, "geometry": { "type": "Point", "coordinates": [ 133.079155, 34.394743 ] } },
{ "type": "Feature", "properties": { "内容": "えもり内科クリニック【2:診療所】【診療科目:内科_消化器内科】広島県広島市西区庚午南二丁目３５－２３", "url": "https://www.iryou.teikyouseido.mhlw.go.jp/znk-web/juminkanja/S2430/initialize?prefCd=34&kikanCd=2340471430&kikanKbn=2", "url2": null }, "geometry": { "type": "Point", "coordinates": [ 132.409989, 34.38015 ] } },
{ "type": "Feature", "properties": { "内容": "村尾皮ふ科クリニック【2:診療所】【診療科目:皮膚科】広島県広島市安芸区中野３丁目９番６号", "url": "https://www.iryou.teikyouseido.mhlw.go.jp/znk-web/juminkanja/S2430/initialize?prefCd=34&kikanCd=2340471560&kikanKbn=2", "url2": "murao-hifuka.com" }, "geometry": { "type": "Point", "coordinates": [ 132.564911, 34.392689 ] } },
{ "type": "Feature", "properties": { "内容": "呉中央クリニック整形外科【2:診療所】【診療科目:内科_消化器内科_漢方内科_アレルギー疾患内科_緩和ケア内科_整形外科_リウマチ科_リハビリテーション科】広島県呉市中央１－５－２１", "url": "https://www.iryou.teikyouseido.mhlw.go.jp/znk-web/juminkanja/S2430/initialize?prefCd=34&kikanCd=2340471720&kikanKbn=2", "url2": null }, "geometry": { "type": "Point", "coordinates": [ 132.560952, 34.244835 ] } },
{ "type": "Feature", "properties": { "内容": "こじょう内科【2:診療所】【診療科目:内科_循環器内科_消化器内科】広島県福山市南手城町１－１５－３", "url": "https://www.iryou.teikyouseido.mhlw.go.jp/znk-web/juminkanja/S2430/initialize?prefCd=34&kikanCd=2340471850&kikanKbn=2", "url2": "http://www.kojo.jp/" }, "geometry": { "type": "Point", "coordinates": [ 133.386115, 34.481741 ] } },
{ "type": "Feature", "properties": { "内容": "柳津にしきおり眼科【2:診療所】【診療科目:眼科】広島県福山市柳津町４丁目２番５号", "url": "https://www.iryou.teikyouseido.mhlw.go.jp/znk-web/juminkanja/S2430/initialize?prefCd=34&kikanCd=2340471980&kikanKbn=2", "url2": "http://www.nishikiori-cl.com/" }, "geometry": { "type": "Point", "coordinates": [ 133.265971, 34.43727 ] } },
{ "type": "Feature", "properties": { "内容": "くぼにし小児科・内科クリニック【2:診療所】【診療科目:内科_小児科_アレルギー科】広島県東広島市西条町大沢９８－１", "url": "https://www.iryou.teikyouseido.mhlw.go.jp/znk-web/juminkanja/S2430/initialize?prefCd=34&kikanCd=2340472150&kikanKbn=2", "url2": null }, "geometry": { "type": "Point", "coordinates": [ 132.735046, 34.380489 ] } },
{ "type": "Feature", "properties": { "内容": "医療法人芳仁会　ひとみ眼科【2:診療所】【診療科目:眼科】広島県福山市柳津町一丁目２－２６", "url": "https://www.iryou.teikyouseido.mhlw.go.jp/znk-web/juminkanja/S2430/initialize?prefCd=34&kikanCd=2340472310&kikanKbn=2", "url2": "http://www.hitomi-ganka.com" }, "geometry": { "type": "Point", "coordinates": [ 133.261999, 34.441964 ] } },
{ "type": "Feature", "properties": { "内容": "日下耳鼻咽喉科医院【2:診療所】【診療科目:耳鼻いんこう科_アレルギー科】広島県呉市東片山町１０番１８号", "url": "https://www.iryou.teikyouseido.mhlw.go.jp/znk-web/juminkanja/S2430/initialize?prefCd=34&kikanCd=2340472570&kikanKbn=2", "url2": null }, "geometry": { "type": "Point", "coordinates": [ 132.567593, 34.253027 ] } },
{ "type": "Feature", "properties": { "内容": "じごぜんクリニック【2:診療所】【診療科目:内科_呼吸器内科_循環器内科_消化器内科_アレルギー疾患内科_外科_リハビリテーション科】広島県廿日市市地御前３－１６－２０", "url": "https://www.iryou.teikyouseido.mhlw.go.jp/znk-web/juminkanja/S2430/initialize?prefCd=34&kikanCd=2340473030&kikanKbn=2", "url2": "http://www3.kyosai.or.jp/~jigocli/" }, "geometry": { "type": "Point", "coordinates": [ 132.316166, 34.338764 ] } },
{ "type": "Feature", "properties": { "内容": "はしもと眼科【2:診療所】【診療科目:眼科】広島県広島市安佐北区深川五丁目２３－８", "url": "https://www.iryou.teikyouseido.mhlw.go.jp/znk-web/juminkanja/S2430/initialize?prefCd=34&kikanCd=2340473740&kikanKbn=2", "url2": "http://www.fureai-ch.ne.jp/roisin/" }, "geometry": { "type": "Point", "coordinates": [ 132.533287, 34.481322 ] } },
{ "type": "Feature", "properties": { "内容": "豊田内科医院【2:診療所】【診療科目:内科】広島県安芸郡坂町坂西１丁目４－１０", "url": "https://www.iryou.teikyouseido.mhlw.go.jp/znk-web/juminkanja/S2430/initialize?prefCd=34&kikanCd=2340474040&kikanKbn=2", "url2": null }, "geometry": { "type": "Point", "coordinates": [ 132.51176, 34.339017 ] } },
{ "type": "Feature", "properties": { "内容": "ふるさとクリニック【2:診療所】【診療科目:内科_消化器内科_小児科】広島県呉市中央四丁目３－１", "url": "https://www.iryou.teikyouseido.mhlw.go.jp/znk-web/juminkanja/S2430/initialize?prefCd=34&kikanCd=2340474330&kikanKbn=2", "url2": null }, "geometry": { "type": "Point", "coordinates": [ 132.566593, 34.248361 ] } },
{ "type": "Feature", "properties": { "内容": "医療法人　すくすく会　木村小児科【2:診療所】【診療科目:小児科_アレルギー科】広島県福山市南蔵王町６－２０－１０", "url": "https://www.iryou.teikyouseido.mhlw.go.jp/znk-web/juminkanja/S2430/initialize?prefCd=34&kikanCd=2340474590&kikanKbn=2", "url2": "https://kimura-kodomoclinic.com/" }, "geometry": { "type": "Point", "coordinates": [ 133.403596, 34.500599 ] } },
{ "type": "Feature", "properties": { "内容": "宮河小児科医院【2:診療所】【診療科目:小児科】広島県廿日市市本町５－１２", "url": "https://www.iryou.teikyouseido.mhlw.go.jp/znk-web/juminkanja/S2430/initialize?prefCd=34&kikanCd=2340474620&kikanKbn=2", "url2": "http://miyagawashounika.jp" }, "geometry": { "type": "Point", "coordinates": [ 132.334249, 34.351016 ] } },
{ "type": "Feature", "properties": { "内容": "医療法人社団　吉岡整形外科【2:診療所】【診療科目:整形外科_リハビリテーション科】広島県広島市南区皆実町四丁目１８番１４号", "url": "https://www.iryou.teikyouseido.mhlw.go.jp/znk-web/juminkanja/S2430/initialize?prefCd=34&kikanCd=2340475470&kikanKbn=2", "url2": "www.yoshioka-seikei.com" }, "geometry": { "type": "Point", "coordinates": [ 132.471957, 34.374985 ] } },
{ "type": "Feature", "properties": { "内容": "たがしらクリニック【2:診療所】【診療科目:内科_胃腸内科_外科_肛門外科_リハビリテーション科_麻酔科】広島県広島市西区中広町二丁目２２－２１", "url": "https://www.iryou.teikyouseido.mhlw.go.jp/znk-web/juminkanja/S2430/initialize?prefCd=34&kikanCd=2340475500&kikanKbn=2", "url2": "https://www.tagashira-cli.com/" }, "geometry": { "type": "Point", "coordinates": [ 132.443723, 34.403473 ] } },
{ "type": "Feature", "properties": { "内容": "石橋クリニック【2:診療所】【診療科目:糖尿病内科_内分泌内科】広島県廿日市市串戸１丁目９番４１－２号", "url": "https://www.iryou.teikyouseido.mhlw.go.jp/znk-web/juminkanja/S2430/initialize?prefCd=34&kikanCd=2340476220&kikanKbn=2", "url2": "http://www.urban.ne.jp/home/ishiclic/" }, "geometry": { "type": "Point", "coordinates": [ 132.32747, 34.34618 ] } },
{ "type": "Feature", "properties": { "内容": "多田耳鼻咽喉科クリニック【2:診療所】【診療科目:小児耳鼻いんこう科_耳鼻いんこう科_頭頸部・耳鼻いんこう科】広島県広島市南区東雲本町二丁目１３番３０号", "url": "https://www.iryou.teikyouseido.mhlw.go.jp/znk-web/juminkanja/S2430/initialize?prefCd=34&kikanCd=2340476350&kikanKbn=2", "url2": "http://www.tadajibika-clinic.com/" }, "geometry": { "type": "Point", "coordinates": [ 132.486122, 34.380845 ] } },
{ "type": "Feature", "properties": { "内容": "医療法人叡幸会　岡本耳鼻咽喉科医院【2:診療所】【診療科目:耳鼻いんこう科】広島県福山市御幸町下岩成中町３１６－１", "url": "https://www.iryou.teikyouseido.mhlw.go.jp/znk-web/juminkanja/S2430/initialize?prefCd=34&kikanCd=2340476480&kikanKbn=2", "url2": null }, "geometry": { "type": "Point", "coordinates": [ 133.34907, 34.540339 ] } },
{ "type": "Feature", "properties": { "内容": "医療法人社団　春陽会　竹内耳鼻咽喉科【2:診療所】【診療科目:気管食道・耳鼻いんこう科_アレルギー科】広島県福山市春日町７丁目１４番２６号", "url": "https://www.iryou.teikyouseido.mhlw.go.jp/znk-web/juminkanja/S2430/initialize?prefCd=34&kikanCd=2340476640&kikanKbn=2", "url2": null }, "geometry": { "type": "Point", "coordinates": [ 133.415789, 34.509265 ] } },
{ "type": "Feature", "properties": { "内容": "日野内科小児科クリニック【2:診療所】【診療科目:内科_呼吸器内科_小児科】広島県福山市新涯町一丁目５－３８", "url": "https://www.iryou.teikyouseido.mhlw.go.jp/znk-web/juminkanja/S2430/initialize?prefCd=34&kikanCd=2340476770&kikanKbn=2", "url2": "https://park.paa.jp/park2/clinics/1275/businesses/01" }, "geometry": { "type": "Point", "coordinates": [ 133.389393, 34.463204 ] } },
{ "type": "Feature", "properties": { "内容": "医療法人社団親愛会　高橋脳神経外科循環器内科【2:診療所】【診療科目:内科_循環器内科_脳神経外科_放射線科】広島県福山市神辺町道上３００４", "url": "https://www.iryou.teikyouseido.mhlw.go.jp/znk-web/juminkanja/S2430/initialize?prefCd=34&kikanCd=2340476930&kikanKbn=2", "url2": "http://www.takahashi-nouge.jp/" }, "geometry": { "type": "Point", "coordinates": [ 133.354486, 34.550843 ] } },
{ "type": "Feature", "properties": { "内容": "岡本内科消化器科【2:診療所】【診療科目:内科_消化器内科】広島県東広島市黒瀬町兼広１３８", "url": "https://www.iryou.teikyouseido.mhlw.go.jp/znk-web/juminkanja/S2430/initialize?prefCd=34&kikanCd=2340477780&kikanKbn=2", "url2": null }, "geometry": { "type": "Point", "coordinates": [ 132.660999, 34.325688 ] } },
{ "type": "Feature", "properties": { "内容": "医療法人社団有信会呉記念クリニック【2:診療所】【診療科目:内科_外科_整形外科_リハビリテーション科】広島県呉市阿賀北３丁目４－１１", "url": "https://www.iryou.teikyouseido.mhlw.go.jp/znk-web/juminkanja/S2430/initialize?prefCd=34&kikanCd=2340478080&kikanKbn=2", "url2": "http://1221.byoinnavi.jp/" }, "geometry": { "type": "Point", "coordinates": [ 132.591394, 34.251796 ] } },
{ "type": "Feature", "properties": { "内容": "医療法人社団　聖愛会　ぎおん牛田病院附属　牛田クリニック【2:診療所】【診療科目:内科_呼吸器内科_循環器内科_胃腸内科_外科_整形外科_美容皮膚科_リハビリテーション科】広島県広島市東区牛田本町一丁目５－１４", "url": "https://www.iryou.teikyouseido.mhlw.go.jp/znk-web/juminkanja/S2430/initialize?prefCd=34&kikanCd=2340478530&kikanKbn=2", "url2": "http://www.smile-seiaikai.com/" }, "geometry": { "type": "Point", "coordinates": [ 132.471474, 34.409098 ] } },
{ "type": "Feature", "properties": { "内容": "医療法人　広翔会　こうの脳神経外科クリニック【2:診療所】【診療科目:内科_神経内科_脳神経外科_精神科_心療内科_リハビリテーション科_放射線科】広島県広島市中区西白島町１６番１７号", "url": "https://www.iryou.teikyouseido.mhlw.go.jp/znk-web/juminkanja/S2430/initialize?prefCd=34&kikanCd=2340478820&kikanKbn=2", "url2": "http://www.kouno-nsc.or.jp/" }, "geometry": { "type": "Point", "coordinates": [ 132.460039, 34.406342 ] } },
{ "type": "Feature", "properties": { "内容": "リバーサイド内科クリニック【2:診療所】【診療科目:内科_消化器内科_小児科_アレルギー科_放射線科】広島県広島市東区牛田南一丁目７－８", "url": "https://www.iryou.teikyouseido.mhlw.go.jp/znk-web/juminkanja/S2430/initialize?prefCd=34&kikanCd=2340478950&kikanKbn=2", "url2": null }, "geometry": { "type": "Point", "coordinates": [ 132.470757, 34.406603 ] } },
{ "type": "Feature", "properties": { "内容": "やの皮ふ科【2:診療所】【診療科目:皮膚科_アレルギー科】広島県広島市安佐北区可部南四丁目９－４１", "url": "https://www.iryou.teikyouseido.mhlw.go.jp/znk-web/juminkanja/S2430/initialize?prefCd=34&kikanCd=2340479250&kikanKbn=2", "url2": "http://yanohifuka.net" }, "geometry": { "type": "Point", "coordinates": [ 132.511614, 34.508027 ] } },
{ "type": "Feature", "properties": { "内容": "医療法人　みつだ循環器科内科【2:診療所】【診療科目:内科_循環器内科】広島県広島市安佐北区可部南４丁目９番４１号", "url": "https://www.iryou.teikyouseido.mhlw.go.jp/znk-web/juminkanja/S2430/initialize?prefCd=34&kikanCd=2340479380&kikanKbn=2", "url2": null }, "geometry": { "type": "Point", "coordinates": [ 132.511614, 34.508027 ] } },
{ "type": "Feature", "properties": { "内容": "わたえだ皮膚科クリニック【2:診療所】【診療科目:皮膚科_アレルギー科】広島県安芸郡府中町浜田３丁目９番３－２０１号", "url": "https://www.iryou.teikyouseido.mhlw.go.jp/znk-web/juminkanja/S2430/initialize?prefCd=34&kikanCd=2340479700&kikanKbn=2", "url2": null }, "geometry": { "type": "Point", "coordinates": [ 132.510703, 34.385623 ] } },
{ "type": "Feature", "properties": { "内容": "松田整形外科【2:診療所】【診療科目:整形外科】広島県廿日市市串戸二丁目１７－４", "url": "https://www.iryou.teikyouseido.mhlw.go.jp/znk-web/juminkanja/S2430/initialize?prefCd=34&kikanCd=2340479960&kikanKbn=2", "url2": null }, "geometry": { "type": "Point", "coordinates": [ 132.326645, 34.346547 ] } },
{ "type": "Feature", "properties": { "内容": "堀田レディースクリニック【2:診療所】【診療科目:産婦人科_婦人科】広島県尾道市西則末町９－１６", "url": "https://www.iryou.teikyouseido.mhlw.go.jp/znk-web/juminkanja/S2430/initialize?prefCd=34&kikanCd=2340480490&kikanKbn=2", "url2": "http://hotta-ladies.jp" }, "geometry": { "type": "Point", "coordinates": [ 133.187006, 34.420798 ] } },
{ "type": "Feature", "properties": { "内容": "竹本内科・眼科医院【2:診療所】【診療科目:内科_眼科】広島県広島市南区丹那町６－１５", "url": "https://www.iryou.teikyouseido.mhlw.go.jp/znk-web/juminkanja/S2430/initialize?prefCd=34&kikanCd=2340480940&kikanKbn=2", "url2": null }, "geometry": { "type": "Point", "coordinates": [ 132.48004, 34.364153 ] } },
{ "type": "Feature", "properties": { "内容": "三浦医院【2:診療所】【診療科目:内科_呼吸器内科_循環器内科_消化器内科_胃腸内科_内視鏡内科_小児科】広島県東広島市西条西本町２７－２８", "url": "https://www.iryou.teikyouseido.mhlw.go.jp/znk-web/juminkanja/S2430/initialize?prefCd=34&kikanCd=2340482090&kikanKbn=2", "url2": "www.miura-iin.net" }, "geometry": { "type": "Point", "coordinates": [ 132.738793, 34.426789 ] } },
{ "type": "Feature", "properties": { "内容": "こだま整形外科医院【2:診療所】【診療科目:外科_整形外科_リウマチ科_リハビリテーション科】広島県安芸高田市吉田町常友３４１－１", "url": "https://www.iryou.teikyouseido.mhlw.go.jp/znk-web/juminkanja/S2430/initialize?prefCd=34&kikanCd=2340482380&kikanKbn=2", "url2": "http://aratamakai.web.fc2.com/" }, "geometry": { "type": "Point", "coordinates": [ 132.683204, 34.654264 ] } },
{ "type": "Feature", "properties": { "内容": "医療法人社団　田丸整形外科【2:診療所】【診療科目:整形外科_リウマチ科_リハビリテーション科】広島県広島市中区羽衣町２－１５", "url": "https://www.iryou.teikyouseido.mhlw.go.jp/znk-web/juminkanja/S2430/initialize?prefCd=34&kikanCd=2340482830&kikanKbn=2", "url2": "http://www.tamaruseikei.com/" }, "geometry": { "type": "Point", "coordinates": [ 132.449097, 34.380289 ] } },
{ "type": "Feature", "properties": { "内容": "医療法人　野村脳神経外科クリニック【2:診療所】【診療科目:脳神経外科_リハビリテーション科】広島県東広島市黒瀬町兼広１３７番地", "url": "https://www.iryou.teikyouseido.mhlw.go.jp/znk-web/juminkanja/S2430/initialize?prefCd=34&kikanCd=2340483130&kikanKbn=2", "url2": null }, "geometry": { "type": "Point", "coordinates": [ 132.663054, 34.322605 ] } },
{ "type": "Feature", "properties": { "内容": "ふじわら医院【2:診療所】【診療科目:内科_泌尿器科_心療内科】広島県広島市南区段原１丁目３番１１号　啓愛プラザビル　３階", "url": "https://www.iryou.teikyouseido.mhlw.go.jp/znk-web/juminkanja/S2430/initialize?prefCd=34&kikanCd=2340484010&kikanKbn=2", "url2": "https://www.489map.com/helios/medical/login" }, "geometry": { "type": "Point", "coordinates": [ 132.474817, 34.390566 ] } },
{ "type": "Feature", "properties": { "内容": "土本ファミリークリニック【2:診療所】【診療科目:内科_小児科_心療内科】広島県尾道市向島町５９００", "url": "https://www.iryou.teikyouseido.mhlw.go.jp/znk-web/juminkanja/S2430/initialize?prefCd=34&kikanCd=2340484300&kikanKbn=2", "url2": "http://www.tsuchimoto-fcl.com/pc/" }, "geometry": { "type": "Point", "coordinates": [ 133.195784, 34.392607 ] } },
{ "type": "Feature", "properties": { "内容": "浜村耳鼻咽喉科【2:診療所】【診療科目:耳鼻いんこう科】広島県広島市東区曙１－８－９", "url": "https://www.iryou.teikyouseido.mhlw.go.jp/znk-web/juminkanja/S2430/initialize?prefCd=34&kikanCd=2340484560&kikanKbn=2", "url2": "hamamura-ent.jp" }, "geometry": { "type": "Point", "coordinates": [ 132.488482, 34.395622 ] } },
{ "type": "Feature", "properties": { "内容": "医療法人たちばな会　斉藤内科医院【2:診療所】【診療科目:内科_呼吸器内科_消化器内科_小児科_リハビリテーション科】広島県広島市安佐南区大塚西４番８－３１号", "url": "https://www.iryou.teikyouseido.mhlw.go.jp/znk-web/juminkanja/S2430/initialize?prefCd=34&kikanCd=2340484720&kikanKbn=2", "url2": null }, "geometry": { "type": "Point", "coordinates": [ 132.398793, 34.434588 ] } },
{ "type": "Feature", "properties": { "内容": "医療法人　あいクリニック【2:診療所】【診療科目:内科_呼吸器内科_消化器内科_外科_肛門外科】広島県広島市安芸区船越南２丁目１８番１９号", "url": "https://www.iryou.teikyouseido.mhlw.go.jp/znk-web/juminkanja/S2430/initialize?prefCd=34&kikanCd=2340484850&kikanKbn=2", "url2": null }, "geometry": { "type": "Point", "coordinates": [ 132.522864, 34.372676 ] } },
{ "type": "Feature", "properties": { "内容": "医療法人社団淳愛会　きだに小児科【2:診療所】【診療科目:小児科】広島県広島市佐伯区五日市一丁目３－１４", "url": "https://www.iryou.teikyouseido.mhlw.go.jp/znk-web/juminkanja/S2430/initialize?prefCd=34&kikanCd=2340484980&kikanKbn=2", "url2": null }, "geometry": { "type": "Point", "coordinates": [ 132.360705, 34.366327 ] } },
{ "type": "Feature", "properties": { "内容": "板阪整形外科クリニック【2:診療所】【診療科目:整形外科】広島県尾道市高須町４７５６－３１", "url": "https://www.iryou.teikyouseido.mhlw.go.jp/znk-web/juminkanja/S2430/initialize?prefCd=34&kikanCd=2340485730&kikanKbn=2", "url2": null }, "geometry": { "type": "Point", "coordinates": [ 133.23618, 34.436295 ] } },
{ "type": "Feature", "properties": { "内容": "医療法人　原田会　原田内科医院【2:診療所】【診療科目:内科】広島県広島市中区堺町二丁目６－２２", "url": "https://www.iryou.teikyouseido.mhlw.go.jp/znk-web/juminkanja/S2430/initialize?prefCd=34&kikanCd=2340485860&kikanKbn=2", "url2": null }, "geometry": { "type": "Point", "coordinates": [ 132.445874, 34.394649 ] } },
{ "type": "Feature", "properties": { "内容": "小川胃腸内科　産婦人科　医院【2:診療所】【診療科目:内科_消化器内科_胃腸内科_婦人科】広島県福山市松永町６－１９－９", "url": "https://www.iryou.teikyouseido.mhlw.go.jp/znk-web/juminkanja/S2430/initialize?prefCd=34&kikanCd=2340486290&kikanKbn=2", "url2": null }, "geometry": { "type": "Point", "coordinates": [ 133.253416, 34.442047 ] } },
{ "type": "Feature", "properties": { "内容": "医療法人　杏林堂　河原クリニック【2:診療所】【診療科目:内科】広島県安芸郡坂町横浜中央１丁目３番５号", "url": "https://www.iryou.teikyouseido.mhlw.go.jp/znk-web/juminkanja/S2430/initialize?prefCd=34&kikanCd=2340486320&kikanKbn=2", "url2": null }, "geometry": { "type": "Point", "coordinates": [ 132.507622, 34.338212 ] } },
{ "type": "Feature", "properties": { "内容": "重河眼科御薗クリニック【2:診療所】【診療科目:眼科】広島県東広島市西条町御薗宇４４０５　フジグラン東広島１Ｆ", "url": "https://www.iryou.teikyouseido.mhlw.go.jp/znk-web/juminkanja/S2430/initialize?prefCd=34&kikanCd=2340486610&kikanKbn=2", "url2": "www.tsumamoto.com/misono.html" }, "geometry": { "type": "Point", "coordinates": [ 132.749376, 34.408292 ] } },
{ "type": "Feature", "properties": { "内容": "医療法人　舛田内科・消化器科【2:診療所】【診療科目:内科_消化器内科】広島県広島市佐伯区五日市中央５丁目８番１７号", "url": "https://www.iryou.teikyouseido.mhlw.go.jp/znk-web/juminkanja/S2430/initialize?prefCd=34&kikanCd=2340487170&kikanKbn=2", "url2": "http://www.masuda-cl.jp" }, "geometry": { "type": "Point", "coordinates": [ 132.353689, 34.375621 ] } },
{ "type": "Feature", "properties": { "内容": "医療法人エフシー　ふじい内科循環器科【2:診療所】【診療科目:内科_循環器内科】広島県呉市広本町三丁目１７－２１", "url": "https://www.iryou.teikyouseido.mhlw.go.jp/znk-web/juminkanja/S2430/initialize?prefCd=34&kikanCd=2340487590&kikanKbn=2", "url2": null }, "geometry": { "type": "Point", "coordinates": [ 132.622295, 34.23782 ] } },
{ "type": "Feature", "properties": { "内容": "ほそや内科クリニック【2:診療所】【診療科目:内科_呼吸器内科_循環器内科_消化器内科】広島県府中市中須町１６９４－１", "url": "https://www.iryou.teikyouseido.mhlw.go.jp/znk-web/juminkanja/S2430/initialize?prefCd=34&kikanCd=2340487620&kikanKbn=2", "url2": null }, "geometry": { "type": "Point", "coordinates": [ 133.254798, 34.561073 ] } },
{ "type": "Feature", "properties": { "内容": "久保整形外科内科【2:診療所】【診療科目:内科_消化器内科_外科_整形外科_リハビリテーション科】広島県呉市警固屋四丁目２－２８", "url": "https://www.iryou.teikyouseido.mhlw.go.jp/znk-web/juminkanja/S2430/initialize?prefCd=34&kikanCd=2340487910&kikanKbn=2", "url2": null }, "geometry": { "type": "Point", "coordinates": [ 132.545446, 34.212408 ] } },
{ "type": "Feature", "properties": { "内容": "医療法人社団　古吉眼科医院【2:診療所】【診療科目:眼科】広島県大竹市新町２－７－１", "url": "https://www.iryou.teikyouseido.mhlw.go.jp/znk-web/juminkanja/S2430/initialize?prefCd=34&kikanCd=2340488470&kikanKbn=2", "url2": null }, "geometry": { "type": "Point", "coordinates": [ 132.222507, 34.214541 ] } },
{ "type": "Feature", "properties": { "内容": "医療法人　社団成恵会　やまてクリニック【2:診療所】【診療科目:内科_循環器内科_泌尿器科】広島県福山市神辺町川南１０４４－４", "url": "https://www.iryou.teikyouseido.mhlw.go.jp/znk-web/juminkanja/S2430/initialize?prefCd=34&kikanCd=2340488630&kikanKbn=2", "url2": null }, "geometry": { "type": "Point", "coordinates": [ 133.379546, 34.535522 ] } },
{ "type": "Feature", "properties": { "内容": "医療法人社団　遼悠会　住井内科【2:診療所】【診療科目:内科_呼吸器内科_循環器内科_消化器内科_小児科】広島県福山市新市町新市３８８番４号", "url": "https://www.iryou.teikyouseido.mhlw.go.jp/znk-web/juminkanja/S2430/initialize?prefCd=34&kikanCd=2340488760&kikanKbn=2", "url2": null }, "geometry": { "type": "Point", "coordinates": [ 133.273243, 34.554369 ] } },
{ "type": "Feature", "properties": { "内容": "医療法人大和会　西条ときわクリニック【2:診療所】【診療科目:内科_糖尿病・代謝内科_消化器内科_漢方内科_外科_乳腺外科_肛門外科_産婦人科】広島県東広島市西条中央５丁目４－１", "url": "https://www.iryou.teikyouseido.mhlw.go.jp/znk-web/juminkanja/S2430/initialize?prefCd=34&kikanCd=2340488890&kikanKbn=2", "url2": "https://tokiwa-higashihiroshima-japan.jp/" }, "geometry": { "type": "Point", "coordinates": [ 132.741627, 34.41543 ] } },
{ "type": "Feature", "properties": { "内容": "医療法人　あやめ会　押尾クリニック【2:診療所】【診療科目:内科_精神科_神経科_心療内科】広島県三原市城町１－１２－２３－１", "url": "https://www.iryou.teikyouseido.mhlw.go.jp/znk-web/juminkanja/S2430/initialize?prefCd=34&kikanCd=2340488920&kikanKbn=2", "url2": "https://www.oshio-clinic.com/" }, "geometry": { "type": "Point", "coordinates": [ 133.083599, 34.398604 ] } },
{ "type": "Feature", "properties": { "内容": "医療法人　ささき皮膚科【2:診療所】【診療科目:皮膚科_美容皮膚科】広島県尾道市高須町４７８８番地１０", "url": "https://www.iryou.teikyouseido.mhlw.go.jp/znk-web/juminkanja/S2430/initialize?prefCd=34&kikanCd=2340489190&kikanKbn=2", "url2": "http://www.sasaki-hifuka.com" }, "geometry": { "type": "Point", "coordinates": [ 133.236897, 34.431633 ] } },
{ "type": "Feature", "properties": { "内容": "大宇根内科呼吸器科クリニック【2:診療所】【診療科目:内科_呼吸器内科_リハビリテーション科_放射線科】広島県呉市広古新開一丁目１－３１", "url": "https://www.iryou.teikyouseido.mhlw.go.jp/znk-web/juminkanja/S2430/initialize?prefCd=34&kikanCd=2340489350&kikanKbn=2", "url2": "http://www.ohuneclinic.com/" }, "geometry": { "type": "Point", "coordinates": [ 132.617448, 34.232154 ] } },
{ "type": "Feature", "properties": { "内容": "よしみつこどもクリニック【2:診療所】【診療科目:小児科_アレルギー科】広島県広島市安佐南区大町東一丁目８－２５　カサグランデ１－３０１", "url": "https://www.iryou.teikyouseido.mhlw.go.jp/znk-web/juminkanja/S2430/initialize?prefCd=34&kikanCd=2340489480&kikanKbn=2", "url2": "https://yoshimiz-kodomo.jp/" }, "geometry": { "type": "Point", "coordinates": [ 132.467536, 34.45667 ] } },
{ "type": "Feature", "properties": { "内容": "医療法人社団　三上脳神経外科【2:診療所】【診療科目:神経内科_脳神経外科_リハビリテーション科_放射線科】広島県広島市安佐北区可部５丁目１４番１６号", "url": "https://www.iryou.teikyouseido.mhlw.go.jp/znk-web/juminkanja/S2430/initialize?prefCd=34&kikanCd=2340489510&kikanKbn=2", "url2": "http://www.mikami-geka.com" }, "geometry": { "type": "Point", "coordinates": [ 132.509752, 34.520025 ] } },
{ "type": "Feature", "properties": { "内容": "吉本クリニック【2:診療所】【診療科目:外科_皮膚科_アレルギー科】広島県広島市安芸区船越南二丁目１７番１号安芸メディカルサービスビル５階", "url": "https://www.iryou.teikyouseido.mhlw.go.jp/znk-web/juminkanja/S2430/initialize?prefCd=34&kikanCd=2340489640&kikanKbn=2", "url2": null }, "geometry": { "type": "Point", "coordinates": [ 132.522294, 34.372909 ] } },
{ "type": "Feature", "properties": { "内容": "医療法人社団大安会　大道内科【2:診療所】【診療科目:内科_呼吸器内科_循環器内科_アレルギー科_放射線科】広島県広島市南区東雲本町二丁目１７－５", "url": "https://www.iryou.teikyouseido.mhlw.go.jp/znk-web/juminkanja/S2430/initialize?prefCd=34&kikanCd=2340489800&kikanKbn=2", "url2": null }, "geometry": { "type": "Point", "coordinates": [ 132.488622, 34.380318 ] } },
{ "type": "Feature", "properties": { "内容": "大田整形外科おおた内科【2:診療所】【診療科目:内科_消化器内科_整形外科_リハビリテーション科】広島県竹原市中央４丁目４－２５", "url": "https://www.iryou.teikyouseido.mhlw.go.jp/znk-web/juminkanja/S2430/initialize?prefCd=34&kikanCd=2340490040&kikanKbn=2", "url2": "http://www.ohta-cl.jp/top.htm" }, "geometry": { "type": "Point", "coordinates": [ 132.908357, 34.340447 ] } },
{ "type": "Feature", "properties": { "内容": "折田クリニック【2:診療所】【診療科目:内科_胃腸内科_外科】広島県三次市江田川之内町１３６３番地１", "url": "https://www.iryou.teikyouseido.mhlw.go.jp/znk-web/juminkanja/S2430/initialize?prefCd=34&kikanCd=2340490170&kikanKbn=2", "url2": null }, "geometry": { "type": "Point", "coordinates": [ 132.907722, 34.777287 ] } },
{ "type": "Feature", "properties": { "内容": "福山医療生活協同組合　ふれあい診療所【2:診療所】【診療科目:内科】広島県福山市駅家町万能倉９６－３", "url": "https://www.iryou.teikyouseido.mhlw.go.jp/znk-web/juminkanja/S2430/initialize?prefCd=34&kikanCd=2340490200&kikanKbn=2", "url2": "http://www.fico-op.jp/" }, "geometry": { "type": "Point", "coordinates": [ 133.340654, 34.544093 ] } },
{ "type": "Feature", "properties": { "内容": "医療法人仁康会　港町クリニック【2:診療所】【診療科目:精神科_心療内科】広島県三原市港町三丁目１９番６号", "url": "https://www.iryou.teikyouseido.mhlw.go.jp/znk-web/juminkanja/S2430/initialize?prefCd=34&kikanCd=2340490460&kikanKbn=2", "url2": "http://www.jinkokai.jp/minato/" }, "geometry": { "type": "Point", "coordinates": [ 133.077433, 34.398382 ] } },
{ "type": "Feature", "properties": { "内容": "原田内科クリニック【2:診療所】【診療科目:内科】広島県尾道市高須町４７５５番７", "url": "https://www.iryou.teikyouseido.mhlw.go.jp/znk-web/juminkanja/S2430/initialize?prefCd=34&kikanCd=2340490590&kikanKbn=2", "url2": null }, "geometry": { "type": "Point", "coordinates": [ 133.236264, 34.437204 ] } },
{ "type": "Feature", "properties": { "内容": "米田小児科医院【2:診療所】【診療科目:内科_小児科】広島県竹原市中央二丁目１８－１５", "url": "https://www.iryou.teikyouseido.mhlw.go.jp/znk-web/juminkanja/S2430/initialize?prefCd=34&kikanCd=2340491180&kikanKbn=2", "url2": "https://epark.jp" }, "geometry": { "type": "Point", "coordinates": [ 132.912157, 34.342292 ] } },
{ "type": "Feature", "properties": { "内容": "きむら内科消化器科クリニック【2:診療所】【診療科目:内科_消化器内科_胃腸内科_放射線科】広島県呉市広大新開３丁目３－５０", "url": "https://www.iryou.teikyouseido.mhlw.go.jp/znk-web/juminkanja/S2430/initialize?prefCd=34&kikanCd=2340491210&kikanKbn=2", "url2": null }, "geometry": { "type": "Point", "coordinates": [ 132.629811, 34.233419 ] } },
{ "type": "Feature", "properties": { "内容": "藤原整形外科クリニック【2:診療所】【診療科目:整形外科_リハビリテーション科】広島県広島市安佐南区緑井５－９－１５", "url": "https://www.iryou.teikyouseido.mhlw.go.jp/znk-web/juminkanja/S2430/initialize?prefCd=34&kikanCd=2340491470&kikanKbn=2", "url2": null }, "geometry": { "type": "Point", "coordinates": [ 132.47909, 34.469086 ] } },
{ "type": "Feature", "properties": { "内容": "くしろ外科胃腸科クリニック【2:診療所】【診療科目:胃腸内科_外科_肛門外科_整形外科_リハビリテーション科】広島県広島市西区三篠北町１９－２７　イケダビル５階", "url": "https://www.iryou.teikyouseido.mhlw.go.jp/znk-web/juminkanja/S2430/initialize?prefCd=34&kikanCd=2340491760&kikanKbn=2", "url2": null }, "geometry": { "type": "Point", "coordinates": [ 132.456067, 34.417341 ] } },
{ "type": "Feature", "properties": { "内容": "医療法人社団リード　島本内科循環器科・皮フ科分院【2:診療所】【診療科目:内科_循環器内科】広島県広島市安佐南区山本１丁目１５番８号", "url": "https://www.iryou.teikyouseido.mhlw.go.jp/znk-web/juminkanja/S2430/initialize?prefCd=34&kikanCd=2340491890&kikanKbn=2", "url2": null }, "geometry": { "type": "Point", "coordinates": [ 132.451152, 34.437794 ] } },
{ "type": "Feature", "properties": { "内容": "松尾胃腸科内科医院【2:診療所】【診療科目:内科_胃腸内科】広島県広島市西区井口明神２丁目７番１５号", "url": "https://www.iryou.teikyouseido.mhlw.go.jp/znk-web/juminkanja/S2430/initialize?prefCd=34&kikanCd=2340491920&kikanKbn=2", "url2": null }, "geometry": { "type": "Point", "coordinates": [ 132.388269, 34.371261 ] } },
{ "type": "Feature", "properties": { "内容": "みささ内科・消化器科クリニック【2:診療所】【診療科目:内科_消化器内科_小児科】広島県広島市西区三篠北町１９番２７号", "url": "https://www.iryou.teikyouseido.mhlw.go.jp/znk-web/juminkanja/S2430/initialize?prefCd=34&kikanCd=2340492060&kikanKbn=2", "url2": null }, "geometry": { "type": "Point", "coordinates": [ 132.456096, 34.417341 ] } },
{ "type": "Feature", "properties": { "内容": "医療法人社団　こにしこどもクリニック【2:診療所】【診療科目:小児科】広島県広島市佐伯区城山２丁目２－４　水戸第３ビル　１Ｆ", "url": "https://www.iryou.teikyouseido.mhlw.go.jp/znk-web/juminkanja/S2430/initialize?prefCd=34&kikanCd=2340492190&kikanKbn=2", "url2": null }, "geometry": { "type": "Point", "coordinates": [ 132.35541, 34.387759 ] } },
{ "type": "Feature", "properties": { "内容": "瀬尾医院【2:診療所】【診療科目:内科_消化器内科_小児科】広島県福山市新市町新市８０９－２", "url": "https://www.iryou.teikyouseido.mhlw.go.jp/znk-web/juminkanja/S2430/initialize?prefCd=34&kikanCd=2340492350&kikanKbn=2", "url2": null }, "geometry": { "type": "Point", "coordinates": [ 133.275493, 34.55573 ] } },
{ "type": "Feature", "properties": { "内容": "こどもクリニックさとう【2:診療所】【診療科目:小児科】広島県尾道市久保一丁目２番１２号", "url": "https://www.iryou.teikyouseido.mhlw.go.jp/znk-web/juminkanja/S2430/initialize?prefCd=34&kikanCd=2340492480&kikanKbn=2", "url2": null }, "geometry": { "type": "Point", "coordinates": [ 133.203089, 34.411355 ] } },
{ "type": "Feature", "properties": { "内容": "医療法人社団　松本内科胃腸科医院【2:診療所】【診療科目:内科_呼吸器内科_循環器内科_消化器内科_放射線科】広島県尾道市向東町３５７０－５", "url": "https://www.iryou.teikyouseido.mhlw.go.jp/znk-web/juminkanja/S2430/initialize?prefCd=34&kikanCd=2340492510&kikanKbn=2", "url2": "https://matsumoto-naika.jp/" }, "geometry": { "type": "Point", "coordinates": [ 133.217745, 34.397849 ] } },
{ "type": "Feature", "properties": { "内容": "なぎさ医院【2:診療所】【診療科目:内科_皮膚科】広島県三原市須波町２－２２－３２", "url": "https://www.iryou.teikyouseido.mhlw.go.jp/znk-web/juminkanja/S2430/initialize?prefCd=34&kikanCd=2340492640&kikanKbn=2", "url2": null }, "geometry": { "type": "Point", "coordinates": [ 133.082656, 34.364941 ] } },
{ "type": "Feature", "properties": { "内容": "向井クリニック【2:診療所】【診療科目:内科_消化器内科】広島県廿日市市前空５丁目３－１６", "url": "https://www.iryou.teikyouseido.mhlw.go.jp/znk-web/juminkanja/S2430/initialize?prefCd=34&kikanCd=2340492770&kikanKbn=2", "url2": null }, "geometry": { "type": "Point", "coordinates": [ 132.289857, 34.301851 ] } },
{ "type": "Feature", "properties": { "内容": "医療法人あかね会　中島土谷クリニック【2:診療所】【診療科目:内科_脳神経内科_婦人科_放射線科】広島県広島市中区中島町６－１", "url": "https://www.iryou.teikyouseido.mhlw.go.jp/znk-web/juminkanja/S2430/initialize?prefCd=34&kikanCd=2340492800&kikanKbn=2", "url2": "http://www.tsuchiya-hp.jp" }, "geometry": { "type": "Point", "coordinates": [ 132.451342, 34.389708 ] } },
{ "type": "Feature", "properties": { "内容": "かなたクリニック【2:診療所】【診療科目:精神科_心療内科】広島県東広島市西条町御薗宇２０４９－１", "url": "https://www.iryou.teikyouseido.mhlw.go.jp/znk-web/juminkanja/S2430/initialize?prefCd=34&kikanCd=2340493100&kikanKbn=2", "url2": null }, "geometry": { "type": "Point", "coordinates": [ 132.734016, 34.41018 ] } },
{ "type": "Feature", "properties": { "内容": "医療法人社団　あいあい会　石岡内科クリニック【2:診療所】【診療科目:内科_呼吸器内科_アレルギー科_リウマチ科】広島県広島市中区紙屋町２－２－６　紙屋町イワミビル　５階", "url": "https://www.iryou.teikyouseido.mhlw.go.jp/znk-web/juminkanja/S2430/initialize?prefCd=34&kikanCd=2340493360&kikanKbn=2", "url2": "http://ishioka-clinic.com/" }, "geometry": { "type": "Point", "coordinates": [ 132.45692, 34.394426 ] } },
{ "type": "Feature", "properties": { "内容": "医療法人　おきた内科クリニック【2:診療所】【診療科目:内科_糖尿病内科_呼吸器内科_循環器内科_消化器内科_漢方内科_老年内科_内視鏡内科_リウマチ科_リハビリテーション科】広島県広島市安佐北区落合南１丁目１１番１５号", "url": "https://www.iryou.teikyouseido.mhlw.go.jp/znk-web/juminkanja/S2430/initialize?prefCd=34&kikanCd=2340493520&kikanKbn=2", "url2": "http://www.okita-naika.com" }, "geometry": { "type": "Point", "coordinates": [ 132.507116, 34.467225 ] } },
{ "type": "Feature", "properties": { "内容": "岡山形成外科【2:診療所】【診療科目:形成外科_美容外科】広島県広島市中区八丁堀１１番１８号　八丁堀坪井ビル４階", "url": "https://www.iryou.teikyouseido.mhlw.go.jp/znk-web/juminkanja/S2430/initialize?prefCd=34&kikanCd=2340493650&kikanKbn=2", "url2": "http://www.okayamakeisei.com" }, "geometry": { "type": "Point", "coordinates": [ 132.462119, 34.395002 ] } },
{ "type": "Feature", "properties": { "内容": "医療法人　まが医院【2:診療所】【診療科目:内科】広島県福山市神辺町平野１２１番地５", "url": "https://www.iryou.teikyouseido.mhlw.go.jp/znk-web/juminkanja/S2430/initialize?prefCd=34&kikanCd=2340493810&kikanKbn=2", "url2": "https://www.magaiin.jp" }, "geometry": { "type": "Point", "coordinates": [ 133.390872, 34.547205 ] } },
{ "type": "Feature", "properties": { "内容": "出口内科クリニック【2:診療所】【診療科目:内科_消化器内科_放射線科】広島県広島市南区金屋町８－７", "url": "https://www.iryou.teikyouseido.mhlw.go.jp/znk-web/juminkanja/S2430/initialize?prefCd=34&kikanCd=2340494110&kikanKbn=2", "url2": null }, "geometry": { "type": "Point", "coordinates": [ 132.473928, 34.390566 ] } },
{ "type": "Feature", "properties": { "内容": "サザンクリニック整形外科・内科【2:診療所】【診療科目:内科_整形外科_小児科_リハビリテーション科】広島県広島市中区江波本町５番２８号", "url": "https://www.iryou.teikyouseido.mhlw.go.jp/znk-web/juminkanja/S2430/initialize?prefCd=34&kikanCd=2340494370&kikanKbn=2", "url2": "https://sites.google.com/view/southern-clinic" }, "geometry": { "type": "Point", "coordinates": [ 132.435543, 34.369957 ] } },
{ "type": "Feature", "properties": { "内容": "医療法人　木曽胃腸科内科【2:診療所】【診療科目:内科_胃腸内科】広島県三原市明神２丁目１１－７", "url": "https://www.iryou.teikyouseido.mhlw.go.jp/znk-web/juminkanja/S2430/initialize?prefCd=34&kikanCd=2340494400&kikanKbn=2", "url2": null }, "geometry": { "type": "Point", "coordinates": [ 133.050575, 34.387382 ] } },
{ "type": "Feature", "properties": { "内容": "医療法人　和会　山村クリニック【2:診療所】【診療科目:脳神経外科】広島県広島市中区紙屋町二丁目２番６号　カミヤチョウイワミビル３Ｆ", "url": "https://www.iryou.teikyouseido.mhlw.go.jp/znk-web/juminkanja/S2430/initialize?prefCd=34&kikanCd=2340494820&kikanKbn=2", "url2": "http://www.yamamura-clinic.net" }, "geometry": { "type": "Point", "coordinates": [ 132.45704, 34.394371 ] } },
{ "type": "Feature", "properties": { "内容": "内藤クリニック【2:診療所】【診療科目:内科_循環器内科_消化器内科_外科_アレルギー科】広島県福山市駅家町万能倉９２５－３", "url": "https://www.iryou.teikyouseido.mhlw.go.jp/znk-web/juminkanja/S2430/initialize?prefCd=34&kikanCd=2340495120&kikanKbn=2", "url2": "http://www.naito-clinic.net/" }, "geometry": { "type": "Point", "coordinates": [ 133.331822, 34.544537 ] } },
{ "type": "Feature", "properties": { "内容": "医療法人社団ライフアスリート高陽整形外科クリニック【2:診療所】【診療科目:整形外科】広島県広島市安佐北区口田南８丁目１４番１３号", "url": "https://www.iryou.teikyouseido.mhlw.go.jp/znk-web/juminkanja/S2430/initialize?prefCd=34&kikanCd=2340495380&kikanKbn=2", "url2": "https://lifeathlete.or.jp" }, "geometry": { "type": "Point", "coordinates": [ 132.504488, 34.465036 ] } },
{ "type": "Feature", "properties": { "内容": "医療法人社団　沼田皮膚科クリニック【2:診療所】【診療科目:皮膚科_アレルギー科】広島県広島市中区幟町１３－１４　マツダビル２階", "url": "https://www.iryou.teikyouseido.mhlw.go.jp/znk-web/juminkanja/S2430/initialize?prefCd=34&kikanCd=2340495410&kikanKbn=2", "url2": "http://www.numata-hifuka.or.jp" }, "geometry": { "type": "Point", "coordinates": [ 132.466073, 34.39366 ] } },
{ "type": "Feature", "properties": { "内容": "みはら眼科【2:診療所】【診療科目:眼科】広島県福山市神辺町新徳田二丁目３０９番地", "url": "https://www.iryou.teikyouseido.mhlw.go.jp/znk-web/juminkanja/S2430/initialize?prefCd=34&kikanCd=2340495670&kikanKbn=2", "url2": "https://www.miharaganka.info" }, "geometry": { "type": "Point", "coordinates": [ 133.371013, 34.547066 ] } },
{ "type": "Feature", "properties": { "内容": "医療法人　秀陽会　こもりクリニック【2:診療所】【診療科目:形成外科_眼科】広島県広島市安佐北区安佐町飯室１５６９番地１", "url": "https://www.iryou.teikyouseido.mhlw.go.jp/znk-web/juminkanja/S2430/initialize?prefCd=34&kikanCd=2340496130&kikanKbn=2", "url2": "http://www.komoriclinic.jp/" }, "geometry": { "type": "Point", "coordinates": [ 132.445201, 34.550938 ] } },
{ "type": "Feature", "properties": { "内容": "金沢内科・循環器科【2:診療所】【診療科目:内科_循環器内科】広島県広島市安芸区矢野西四丁目１０－１８　ジーニアルビル２Ｆ", "url": "https://www.iryou.teikyouseido.mhlw.go.jp/znk-web/juminkanja/S2430/initialize?prefCd=34&kikanCd=2340496260&kikanKbn=2", "url2": null }, "geometry": { "type": "Point", "coordinates": [ 132.530759, 34.351059 ] } },
{ "type": "Feature", "properties": { "内容": "藤田小児科内科医院【2:診療所】【診療科目:内科_小児科_精神科_アレルギー科】広島県福山市春日町３丁目１０－２５", "url": "https://www.iryou.teikyouseido.mhlw.go.jp/znk-web/juminkanja/S2430/initialize?prefCd=34&kikanCd=2340496420&kikanKbn=2", "url2": "http://fujitashomikanaika.wixsite.com/garden2nd" }, "geometry": { "type": "Point", "coordinates": [ 133.4143, 34.511564 ] } },
{ "type": "Feature", "properties": { "内容": "武皮膚科医院【2:診療所】【診療科目:皮膚科】広島県福山市東川口町５－１７－１８", "url": "https://www.iryou.teikyouseido.mhlw.go.jp/znk-web/juminkanja/S2430/initialize?prefCd=34&kikanCd=2340496840&kikanKbn=2", "url2": null }, "geometry": { "type": "Point", "coordinates": [ 133.390959, 34.471935 ] } },
{ "type": "Feature", "properties": { "内容": "医療法人社団三康会　得能クリニック【2:診療所】【診療科目:内科_呼吸器内科_外科_整形外科_アレルギー科_リハビリテーション科】広島県三原市宗郷一丁目３－１２", "url": "https://www.iryou.teikyouseido.mhlw.go.jp/znk-web/juminkanja/S2430/initialize?prefCd=34&kikanCd=2340497270&kikanKbn=2", "url2": null }, "geometry": { "type": "Point", "coordinates": [ 133.066212, 34.386022 ] } },
{ "type": "Feature", "properties": { "内容": "ゆみば子どもクリニック【2:診療所】【診療科目:小児科】広島県呉市焼山北１丁目７番８号", "url": "https://www.iryou.teikyouseido.mhlw.go.jp/znk-web/juminkanja/S2430/initialize?prefCd=34&kikanCd=2340497300&kikanKbn=2", "url2": null }, "geometry": { "type": "Point", "coordinates": [ 132.558164, 34.298978 ] } },
{ "type": "Feature", "properties": { "内容": "医療法人社団　仁正会　ざおう眼科【2:診療所】【診療科目:眼科】広島県福山市南蔵王町５丁目９番１８号", "url": "https://www.iryou.teikyouseido.mhlw.go.jp/znk-web/juminkanja/S2430/initialize?prefCd=34&kikanCd=2340497980&kikanKbn=2", "url2": null }, "geometry": { "type": "Point", "coordinates": [ 133.399873, 34.504598 ] } },
{ "type": "Feature", "properties": { "内容": "上原内科クリニック【2:診療所】【診療科目:内科_呼吸器内科_循環器内科_消化器内科】広島県広島市安佐南区八木八丁目１１番１０号", "url": "https://www.iryou.teikyouseido.mhlw.go.jp/znk-web/juminkanja/S2430/initialize?prefCd=34&kikanCd=2340498020&kikanKbn=2", "url2": null }, "geometry": { "type": "Point", "coordinates": [ 132.50632, 34.491148 ] } },
{ "type": "Feature", "properties": { "内容": "医療法人　はまさきこどもクリニック【2:診療所】【診療科目:小児科】広島県広島市西区庚午中三丁目５－１３", "url": "https://www.iryou.teikyouseido.mhlw.go.jp/znk-web/juminkanja/S2430/initialize?prefCd=34&kikanCd=2340498280&kikanKbn=2", "url2": "http://hamacli.sakura.ne.jp/" }, "geometry": { "type": "Point", "coordinates": [ 132.411422, 34.3835 ] } },
{ "type": "Feature", "properties": { "内容": "医療法人社団はつき会　井槌産婦人科【2:診療所】【診療科目:内科_産婦人科】広島県広島市中区鉄砲町９番２４号", "url": "https://www.iryou.teikyouseido.mhlw.go.jp/znk-web/juminkanja/S2430/initialize?prefCd=34&kikanCd=2340498440&kikanKbn=2", "url2": "www.izuchi-clinic.jp" }, "geometry": { "type": "Point", "coordinates": [ 132.464992, 34.394666 ] } },
{ "type": "Feature", "properties": { "内容": "医療法人　ふじえ小児科【2:診療所】【診療科目:小児科】広島県広島市佐伯区八幡東三丁目２８－１７", "url": "https://www.iryou.teikyouseido.mhlw.go.jp/znk-web/juminkanja/S2430/initialize?prefCd=34&kikanCd=2340498730&kikanKbn=2", "url2": null }, "geometry": { "type": "Point", "coordinates": [ 132.36166, 34.384019 ] } },
{ "type": "Feature", "properties": { "内容": "藪田耳鼻咽喉科医院【2:診療所】【診療科目:耳鼻咽喉科_耳鼻いんこう科】広島県広島市西区井口鈴が台三丁目５番２０号", "url": "https://www.iryou.teikyouseido.mhlw.go.jp/znk-web/juminkanja/S2430/initialize?prefCd=34&kikanCd=2340498990&kikanKbn=2", "url2": null }, "geometry": { "type": "Point", "coordinates": [ 132.37866, 34.375523 ] } },
{ "type": "Feature", "properties": { "内容": "うさがわクリニック【2:診療所】【診療科目:内科_放射線診断科】広島県広島市中区幟町１４番１６号", "url": "https://www.iryou.teikyouseido.mhlw.go.jp/znk-web/juminkanja/S2430/initialize?prefCd=34&kikanCd=2340499290&kikanKbn=2", "url2": null }, "geometry": { "type": "Point", "coordinates": [ 132.466553, 34.393746 ] } },
{ "type": "Feature", "properties": { "内容": "せきとう内科消化器科クリニック【2:診療所】【診療科目:内科_呼吸器内科_消化器内科_小児科】広島県東広島市西条町御薗宇５４８９－５", "url": "https://www.iryou.teikyouseido.mhlw.go.jp/znk-web/juminkanja/S2430/initialize?prefCd=34&kikanCd=2340499610&kikanKbn=2", "url2": null }, "geometry": { "type": "Point", "coordinates": [ 132.751079, 34.412377 ] } },
{ "type": "Feature", "properties": { "内容": "医療法人社団　こね森内科医院【2:診療所】【診療科目:内科_呼吸器内科_循環器内科_消化器内科】広島県三次市十日市東四丁目１番１号", "url": "https://www.iryou.teikyouseido.mhlw.go.jp/znk-web/juminkanja/S2430/initialize?prefCd=34&kikanCd=2340499740&kikanKbn=2", "url2": "http://www.pionet.ne.jp/~konemori/" }, "geometry": { "type": "Point", "coordinates": [ 132.858599, 34.803779 ] } },
{ "type": "Feature", "properties": { "内容": "山中眼科医院【2:診療所】【診療科目:眼科】広島県広島市東区戸坂千足１丁目１番２１号　吉興ビル２階", "url": "https://www.iryou.teikyouseido.mhlw.go.jp/znk-web/juminkanja/S2430/initialize?prefCd=34&kikanCd=2340500200&kikanKbn=2", "url2": null }, "geometry": { "type": "Point", "coordinates": [ 132.481731, 34.437728 ] } },
{ "type": "Feature", "properties": { "内容": "医療法人　小畑内科クリニック【2:診療所】【診療科目:内科_呼吸器内科_循環器内科_消化器内科_腎臓内科_人工透析内科_小児科】広島県広島市東区曙町五丁目３－２６", "url": "https://www.iryou.teikyouseido.mhlw.go.jp/znk-web/juminkanja/S2430/initialize?prefCd=34&kikanCd=2340500330&kikanKbn=2", "url2": null }, "geometry": { "type": "Point", "coordinates": [ 132.491539, 34.394321 ] } },
{ "type": "Feature", "properties": { "内容": "竹内医院【2:診療所】【診療科目:内科_消化器内科_放射線科】広島県広島市南区宇品神田四丁目７－８", "url": "https://www.iryou.teikyouseido.mhlw.go.jp/znk-web/juminkanja/S2430/initialize?prefCd=34&kikanCd=2340500460&kikanKbn=2", "url2": "https://mtythtkt2015.jimdofree.com/" }, "geometry": { "type": "Point", "coordinates": [ 132.465152, 34.361375 ] } },
{ "type": "Feature", "properties": { "内容": "いとう耳鼻咽喉科クリニック【2:診療所】【診療科目:耳鼻いんこう科】広島県呉市三条３丁目２－７", "url": "https://www.iryou.teikyouseido.mhlw.go.jp/znk-web/juminkanja/S2430/initialize?prefCd=34&kikanCd=2340500750&kikanKbn=2", "url2": "www.pweit.jp/ito/" }, "geometry": { "type": "Point", "coordinates": [ 132.554463, 34.248221 ] } },
{ "type": "Feature", "properties": { "内容": "寺岡内科・呼吸器科【2:診療所】【診療科目:内科_呼吸器内科_小児科_アレルギー科】広島県呉市本通５丁目６－１２", "url": "https://www.iryou.teikyouseido.mhlw.go.jp/znk-web/juminkanja/S2430/initialize?prefCd=34&kikanCd=2340500880&kikanKbn=2", "url2": null }, "geometry": { "type": "Point", "coordinates": [ 132.571976, 34.24976 ] } },
{ "type": "Feature", "properties": { "内容": "医療法人　能宗クリニック【2:診療所】【診療科目:形成外科_皮膚科_アレルギー科】広島県尾道市土堂２丁目６－１７", "url": "https://www.iryou.teikyouseido.mhlw.go.jp/znk-web/juminkanja/S2430/initialize?prefCd=34&kikanCd=2340501050&kikanKbn=2", "url2": null }, "geometry": { "type": "Point", "coordinates": [ 133.201311, 34.408077 ] } },
{ "type": "Feature", "properties": { "内容": "高橋医院【2:診療所】【診療科目:内科_胃腸内科_外科】広島県福山市沼隈町草深４２８－１", "url": "https://www.iryou.teikyouseido.mhlw.go.jp/znk-web/juminkanja/S2430/initialize?prefCd=34&kikanCd=2340502060&kikanKbn=2", "url2": null }, "geometry": { "type": "Point", "coordinates": [ 133.320469, 34.39397 ] } },
{ "type": "Feature", "properties": { "内容": "黒瀬クリニック【2:診療所】【診療科目:内科_糖尿病内科_外科】広島県福山市三吉町南一丁目１１番１５号", "url": "https://www.iryou.teikyouseido.mhlw.go.jp/znk-web/juminkanja/S2430/initialize?prefCd=34&kikanCd=2340502480&kikanKbn=2", "url2": null }, "geometry": { "type": "Point", "coordinates": [ 133.379098, 34.491849 ] } },
{ "type": "Feature", "properties": { "内容": "佐々木眼科【2:診療所】【診療科目:眼科】広島県広島市西区己斐本町三丁目４－５", "url": "https://www.iryou.teikyouseido.mhlw.go.jp/znk-web/juminkanja/S2430/initialize?prefCd=34&kikanCd=2340502800&kikanKbn=2", "url2": "http://miyagawaganka.jp" }, "geometry": { "type": "Point", "coordinates": [ 132.426839, 34.395752 ] } },
{ "type": "Feature", "properties": { "内容": "医療法人社団　まきだクリニック【2:診療所】【診療科目:内科_呼吸器内科_循環器内科_消化器内科_小児科_アレルギー科】広島県東広島市高屋町中島３１－１７", "url": "https://www.iryou.teikyouseido.mhlw.go.jp/znk-web/juminkanja/S2430/initialize?prefCd=34&kikanCd=2340503100&kikanKbn=2", "url2": null }, "geometry": { "type": "Point", "coordinates": [ 132.793565, 34.4454 ] } },
{ "type": "Feature", "properties": { "内容": "土本内科消化器科医院【2:診療所】【診療科目:内科】広島県呉市伏原１丁目３番１８号", "url": "https://www.iryou.teikyouseido.mhlw.go.jp/znk-web/juminkanja/S2430/initialize?prefCd=34&kikanCd=2340503230&kikanKbn=2", "url2": null }, "geometry": { "type": "Point", "coordinates": [ 132.574481, 34.253916 ] } },
{ "type": "Feature", "properties": { "内容": "小川眼科【2:診療所】【診療科目:眼科】広島県三次市南畑敷町７７番１号", "url": "https://www.iryou.teikyouseido.mhlw.go.jp/znk-web/juminkanja/S2430/initialize?prefCd=34&kikanCd=2340503360&kikanKbn=2", "url2": "http://ogawa-eye.byoinnavi.jp" }, "geometry": { "type": "Point", "coordinates": [ 132.868633, 34.805164 ] } },
{ "type": "Feature", "properties": { "内容": "中島クリニック【2:診療所】【診療科目:内科_精神科_心療内科】広島県広島市佐伯区旭園４番２９号　山根ビル一階", "url": "https://www.iryou.teikyouseido.mhlw.go.jp/znk-web/juminkanja/S2430/initialize?prefCd=34&kikanCd=2340503810&kikanKbn=2", "url2": null }, "geometry": { "type": "Point", "coordinates": [ 132.367438, 34.365632 ] } },
{ "type": "Feature", "properties": { "内容": "医療法人社団　いけだ小児科【2:診療所】【診療科目:小児科_アレルギー科】広島県福山市南蔵王町三丁目７番４２号", "url": "https://www.iryou.teikyouseido.mhlw.go.jp/znk-web/juminkanja/S2430/initialize?prefCd=34&kikanCd=2340504080&kikanKbn=2", "url2": null }, "geometry": { "type": "Point", "coordinates": [ 133.393513, 34.500599 ] } },
{ "type": "Feature", "properties": { "内容": "みやび皮膚科クリニック【2:診療所】【診療科目:皮膚科】広島県呉市西中央一丁目３番１０号　メディカルスクエアビル３階", "url": "https://www.iryou.teikyouseido.mhlw.go.jp/znk-web/juminkanja/S2430/initialize?prefCd=34&kikanCd=2340504110&kikanKbn=2", "url2": null }, "geometry": { "type": "Point", "coordinates": [ 132.555928, 34.246778 ] } },
{ "type": "Feature", "properties": { "内容": "下原循環器内科クリニック【2:診療所】【診療科目:内科_感染症内科_代謝内科_内分泌内科_脂質代謝内科_呼吸器内科_循環器内科_心臓内科_消化器内科_胃腸内科_腎臓内科_老年内科_アレルギー疾患内科】広島県呉市西中央１丁目３－１０　４Ｆ", "url": "https://www.iryou.teikyouseido.mhlw.go.jp/znk-web/juminkanja/S2430/initialize?prefCd=34&kikanCd=2340504240&kikanKbn=2", "url2": null }, "geometry": { "type": "Point", "coordinates": [ 132.555972, 34.246804 ] } },
{ "type": "Feature", "properties": { "内容": "東広島整形外科クリニック【2:診療所】【診療科目:整形外科_リウマチ科_リハビリテーション科】広島県東広島市西条町御薗宇４２８１－１", "url": "https://www.iryou.teikyouseido.mhlw.go.jp/znk-web/juminkanja/S2430/initialize?prefCd=34&kikanCd=2340504790&kikanKbn=2", "url2": "http://www.hmh.or.jp/seikei/" }, "geometry": { "type": "Point", "coordinates": [ 132.751182, 34.406792 ] } },
{ "type": "Feature", "properties": { "内容": "むぎ耳鼻咽喉科医院【2:診療所】【診療科目:耳鼻いんこう科_気管食道・耳鼻いんこう科_頭頸部・耳鼻いんこう科】広島県東広島市黒瀬町兼広１４０", "url": "https://www.iryou.teikyouseido.mhlw.go.jp/znk-web/juminkanja/S2430/initialize?prefCd=34&kikanCd=2340504820&kikanKbn=2", "url2": "https://mugi-ent.com" }, "geometry": { "type": "Point", "coordinates": [ 132.663387, 34.322827 ] } },
{ "type": "Feature", "properties": { "内容": "おおたクリニック【2:診療所】【診療科目:整形外科_リハビリテーション科】広島県三次市三和町敷名１１４６１－５", "url": "https://www.iryou.teikyouseido.mhlw.go.jp/znk-web/juminkanja/S2430/initialize?prefCd=34&kikanCd=2340504950&kikanKbn=2", "url2": null }, "geometry": { "type": "Point", "coordinates": [ 132.846551, 34.664127 ] } },
{ "type": "Feature", "properties": { "内容": "佐々木内科クリニック【2:診療所】【診療科目:内科_胃腸内科_小児科】広島県福山市沼隈町草深１９６４－１", "url": "https://www.iryou.teikyouseido.mhlw.go.jp/znk-web/juminkanja/S2430/initialize?prefCd=34&kikanCd=2340505120&kikanKbn=2", "url2": null }, "geometry": { "type": "Point", "coordinates": [ 133.323468, 34.38897 ] } },
{ "type": "Feature", "properties": { "内容": "医療法人　朝日会　おむら耳鼻咽喉科【2:診療所】【診療科目:耳鼻いんこう科】広島県広島市安佐南区大町東１丁目８番２５号", "url": "https://www.iryou.teikyouseido.mhlw.go.jp/znk-web/juminkanja/S2430/initialize?prefCd=34&kikanCd=2340505670&kikanKbn=2", "url2": null }, "geometry": { "type": "Point", "coordinates": [ 132.467641, 34.456791 ] } },
{ "type": "Feature", "properties": { "内容": "リハビリテーション礼和クリニック広島【2:診療所】【診療科目:内科_神経内科_整形外科_精神科_リハビリテーション科】広島県広島市西区上天満町７－１３井口家具西館４階", "url": "https://www.iryou.teikyouseido.mhlw.go.jp/znk-web/juminkanja/S2430/initialize?prefCd=34&kikanCd=2340505830&kikanKbn=2", "url2": null }, "geometry": { "type": "Point", "coordinates": [ 132.438875, 34.398176 ] } },
{ "type": "Feature", "properties": { "内容": "医療法人　慈光会　森眼科【2:診療所】【診療科目:眼科】広島県広島市中区紙屋町２丁目２番１５号　友田ビル２階", "url": "https://www.iryou.teikyouseido.mhlw.go.jp/znk-web/juminkanja/S2430/initialize?prefCd=34&kikanCd=2340506390&kikanKbn=2", "url2": "http://www.moriganka.jp/" }, "geometry": { "type": "Point", "coordinates": [ 132.456679, 34.393899 ] } },
{ "type": "Feature", "properties": { "内容": "医療法人社団　たかた外科・整形外科【2:診療所】【診療科目:外科_整形外科】広島県広島市佐伯区海老園１丁目６番１８号", "url": "https://www.iryou.teikyouseido.mhlw.go.jp/znk-web/juminkanja/S2430/initialize?prefCd=34&kikanCd=2340506420&kikanKbn=2", "url2": null }, "geometry": { "type": "Point", "coordinates": [ 132.357312, 34.363482 ] } },
{ "type": "Feature", "properties": { "内容": "山本クリニック【2:診療所】【診療科目:内科_糖尿病・内分泌内科】広島県福山市駅家町坊寺５８－１", "url": "https://www.iryou.teikyouseido.mhlw.go.jp/znk-web/juminkanja/S2430/initialize?prefCd=34&kikanCd=2340506550&kikanKbn=2", "url2": "http://www.yamacl.com" }, "geometry": { "type": "Point", "coordinates": [ 133.32505, 34.535794 ] } },
{ "type": "Feature", "properties": { "内容": "医療法人社団　ねじはし小児科【2:診療所】【診療科目:小児科】広島県広島市東区牛田旭一丁目１３－１８", "url": "https://www.iryou.teikyouseido.mhlw.go.jp/znk-web/juminkanja/S2430/initialize?prefCd=34&kikanCd=2340506710&kikanKbn=2", "url2": "http://nejihashi-ped.com" }, "geometry": { "type": "Point", "coordinates": [ 132.46964, 34.413067 ] } },
{ "type": "Feature", "properties": { "内容": "医療法人　英仁会　荒木医院【2:診療所】【診療科目:皮膚科_美容皮膚科】広島県福山市笠岡町１番１号", "url": "https://www.iryou.teikyouseido.mhlw.go.jp/znk-web/juminkanja/S2430/initialize?prefCd=34&kikanCd=2340506970&kikanKbn=2", "url2": "araki-cl.com" }, "geometry": { "type": "Point", "coordinates": [ 133.367349, 34.488711 ] } },
{ "type": "Feature", "properties": { "内容": "板崎外科整形外科【2:診療所】【診療科目:外科_整形外科_リウマチ科_リハビリテーション科】広島県福山市港町２丁目５番２５号", "url": "https://www.iryou.teikyouseido.mhlw.go.jp/znk-web/juminkanja/S2430/initialize?prefCd=34&kikanCd=2340507010&kikanKbn=2", "url2": null }, "geometry": { "type": "Point", "coordinates": [ 133.382765, 34.485156 ] } },
{ "type": "Feature", "properties": { "内容": "医療法人社団ＨＡＲＧ　広島アレルギー呼吸器クリニック【2:診療所】【診療科目:内科_呼吸器内科_アレルギー科】広島県広島市東区光町１丁目９番２８号　第１寺岡ビル６Ｆ", "url": "https://www.iryou.teikyouseido.mhlw.go.jp/znk-web/juminkanja/S2430/initialize?prefCd=34&kikanCd=2340507270&kikanKbn=2", "url2": "http://www.0825681167.com/" }, "geometry": { "type": "Point", "coordinates": [ 132.479816, 34.399954 ] } },
{ "type": "Feature", "properties": { "内容": "医療法人こまざわ小児科【2:診療所】【診療科目:小児科_アレルギー科】広島県東広島市西条町寺家７３７７", "url": "https://www.iryou.teikyouseido.mhlw.go.jp/znk-web/juminkanja/S2430/initialize?prefCd=34&kikanCd=2340507690&kikanKbn=2", "url2": "https://b.inet489.jp/koma6566/" }, "geometry": { "type": "Point", "coordinates": [ 132.727128, 34.42079 ] } },
{ "type": "Feature", "properties": { "内容": "わかみやメンタルクリニック【2:診療所】【診療科目:精神科_神経科_心療内科】広島県東広島市西条上市町５番５号　総合不動産ビル３Ｆ", "url": "https://www.iryou.teikyouseido.mhlw.go.jp/znk-web/juminkanja/S2430/initialize?prefCd=34&kikanCd=2340507850&kikanKbn=2", "url2": "http://www.wakamiya.org" }, "geometry": { "type": "Point", "coordinates": [ 132.749027, 34.427675 ] } },
{ "type": "Feature", "properties": { "内容": "医療法人社団　上原医院【2:診療所】【診療科目:内科_循環器内科_外科_小児科】広島県福山市幕山台一丁目１番１号", "url": "https://www.iryou.teikyouseido.mhlw.go.jp/znk-web/juminkanja/S2430/initialize?prefCd=34&kikanCd=2340508150&kikanKbn=2", "url2": null }, "geometry": { "type": "Point", "coordinates": [ 133.429204, 34.511261 ] } },
{ "type": "Feature", "properties": { "内容": "医療法人うだクリニック　うだ胃腸科内科外科クリニック【2:診療所】【診療科目:内科_胃腸内科_外科_乳腺外科_肛門外科_リハビリテーション科_放射線科】広島県福山市沖野上町四丁目３番２６号", "url": "https://www.iryou.teikyouseido.mhlw.go.jp/znk-web/juminkanja/S2430/initialize?prefCd=34&kikanCd=2340508280&kikanKbn=2", "url2": "https://uda-clinic.fmed.jp/" }, "geometry": { "type": "Point", "coordinates": [ 133.368155, 34.473157 ] } },
{ "type": "Feature", "properties": { "内容": "松田脳神経外科【2:診療所】【診療科目:神経内科_脳神経外科_放射線科】広島県呉市焼山中央１丁目２－１６", "url": "https://www.iryou.teikyouseido.mhlw.go.jp/znk-web/juminkanja/S2430/initialize?prefCd=34&kikanCd=2340508570&kikanKbn=2", "url2": "http://matsudabrain.byoinnavi.jp/" }, "geometry": { "type": "Point", "coordinates": [ 132.555419, 34.291531 ] } },
{ "type": "Feature", "properties": { "内容": "医療法人　片岡内科クリニック【2:診療所】【診療科目:内科_糖尿病内科】広島県広島市安佐南区緑井一丁目５－１－３０３", "url": "https://www.iryou.teikyouseido.mhlw.go.jp/znk-web/juminkanja/S2430/initialize?prefCd=34&kikanCd=2340508860&kikanKbn=2", "url2": "http://www.kataokanaika.com" }, "geometry": { "type": "Point", "coordinates": [ 132.475279, 34.465906 ] } },
{ "type": "Feature", "properties": { "内容": "髙山眼科【2:診療所】【診療科目:眼科】広島県広島市南区東雲本町２－３－１５", "url": "https://www.iryou.teikyouseido.mhlw.go.jp/znk-web/juminkanja/S2430/initialize?prefCd=34&kikanCd=2340508990&kikanKbn=2", "url2": "www1.megaegg.ne.jp/~takayama/" }, "geometry": { "type": "Point", "coordinates": [ 132.485902, 34.383022 ] } },
{ "type": "Feature", "properties": { "内容": "さち皮ふ科クリニック【2:診療所】【診療科目:皮膚科】広島県広島市中区大手町五丁目２－２２", "url": "https://www.iryou.teikyouseido.mhlw.go.jp/znk-web/juminkanja/S2430/initialize?prefCd=34&kikanCd=2340509030&kikanKbn=2", "url2": "http://www11.plala.or.jp/sachi-clinic/" }, "geometry": { "type": "Point", "coordinates": [ 132.452301, 34.384628 ] } },
{ "type": "Feature", "properties": { "内容": "みやもとクリニック【2:診療所】【診療科目:精神科_心療内科_精神科系その他】広島県尾道市西御所町３－５", "url": "https://www.iryou.teikyouseido.mhlw.go.jp/znk-web/juminkanja/S2430/initialize?prefCd=34&kikanCd=2340509160&kikanKbn=2", "url2": null }, "geometry": { "type": "Point", "coordinates": [ 133.190284, 34.407188 ] } },
{ "type": "Feature", "properties": { "内容": "松井内科【2:診療所】【診療科目:内科_神経内科】広島県福山市駅家町向永谷６６６－３", "url": "https://www.iryou.teikyouseido.mhlw.go.jp/znk-web/juminkanja/S2430/initialize?prefCd=34&kikanCd=2340509580&kikanKbn=2", "url2": null }, "geometry": { "type": "Point", "coordinates": [ 133.297853, 34.535427 ] } },
{ "type": "Feature", "properties": { "内容": "福山市民病院附属山野診療所【2:診療所】【診療科目:内科】広島県福山市山野町山野３７９０番地の１", "url": "https://www.iryou.teikyouseido.mhlw.go.jp/znk-web/juminkanja/S2430/initialize?prefCd=34&kikanCd=2340509610&kikanKbn=2", "url2": null }, "geometry": { "type": "Point", "coordinates": [ 133.390622, 34.653345 ] } },
{ "type": "Feature", "properties": { "内容": "東川耳鼻咽喉科医院【2:診療所】【診療科目:耳鼻いんこう科】広島県福山市御門町三丁目２番８号", "url": "https://www.iryou.teikyouseido.mhlw.go.jp/znk-web/juminkanja/S2430/initialize?prefCd=34&kikanCd=2340509740&kikanKbn=2", "url2": null }, "geometry": { "type": "Point", "coordinates": [ 133.371674, 34.478939 ] } },
{ "type": "Feature", "properties": { "内容": "だて耳鼻咽喉科クリニック【2:診療所】【診療科目:耳鼻いんこう科】広島県安芸郡坂町坂西１丁目１６番３５号", "url": "https://www.iryou.teikyouseido.mhlw.go.jp/znk-web/juminkanja/S2430/initialize?prefCd=34&kikanCd=2340509900&kikanKbn=2", "url2": "https://www.date-jibika.com" }, "geometry": { "type": "Point", "coordinates": [ 132.512455, 34.338989 ] } },
{ "type": "Feature", "properties": { "内容": "三滝参道クリニック【2:診療所】【診療科目:内科_神経内科_精神科_心療内科_放射線科】広島県広島市西区三滝本町二丁目１３番３４－１号", "url": "https://www.iryou.teikyouseido.mhlw.go.jp/znk-web/juminkanja/S2430/initialize?prefCd=34&kikanCd=2340510430&kikanKbn=2", "url2": "http://www.miyauchi.or.jp/mitaki/index.html" }, "geometry": { "type": "Point", "coordinates": [ 132.444211, 34.417342 ] } },
{ "type": "Feature", "properties": { "内容": "医療法人　ふくだクリニック【2:診療所】【診療科目:内科_外科_脳神経外科_リハビリテーション科】広島県広島市東区福田五丁目１１７５番地の１", "url": "https://www.iryou.teikyouseido.mhlw.go.jp/znk-web/juminkanja/S2430/initialize?prefCd=34&kikanCd=2340510560&kikanKbn=2", "url2": null }, "geometry": { "type": "Point", "coordinates": [ 132.542956, 34.454675 ] } },
{ "type": "Feature", "properties": { "内容": "医療法人竹生会　いくたに内科クリニック【2:診療所】【診療科目:内科_循環器内科】広島県広島市東区戸坂山根一丁目２４－２３", "url": "https://www.iryou.teikyouseido.mhlw.go.jp/znk-web/juminkanja/S2430/initialize?prefCd=34&kikanCd=2340510690&kikanKbn=2", "url2": null }, "geometry": { "type": "Point", "coordinates": [ 132.489573, 34.433596 ] } },
{ "type": "Feature", "properties": { "内容": "青木耳鼻咽喉科クリニック【2:診療所】【診療科目:耳鼻いんこう科_頭頸部・耳鼻いんこう科_アレルギー科】広島県広島市佐伯区五日市４丁目４番２７号　ストリート２１ビル３階", "url": "https://www.iryou.teikyouseido.mhlw.go.jp/znk-web/juminkanja/S2430/initialize?prefCd=34&kikanCd=2340510850&kikanKbn=2", "url2": null }, "geometry": { "type": "Point", "coordinates": [ 132.356966, 34.370289 ] } },
{ "type": "Feature", "properties": { "内容": "おおや耳鼻咽喉科【2:診療所】【診療科目:耳鼻いんこう科】広島県安芸郡海田町西浜４－２２－４　サンフラワークリニックビル３階", "url": "https://www.iryou.teikyouseido.mhlw.go.jp/znk-web/juminkanja/S2430/initialize?prefCd=34&kikanCd=2340510980&kikanKbn=2", "url2": "ooya-ent.com" }, "geometry": { "type": "Point", "coordinates": [ 132.544173, 34.369903 ] } },
{ "type": "Feature", "properties": { "内容": "もんぜんクリニック【2:診療所】【診療科目:外科_整形外科_歯科_リハビリテーション科】広島県福山市駅家町倉光３０６－４", "url": "https://www.iryou.teikyouseido.mhlw.go.jp/znk-web/juminkanja/S2430/initialize?prefCd=34&kikanCd=2340511020&kikanKbn=2", "url2": null }, "geometry": { "type": "Point", "coordinates": [ 133.325961, 34.543815 ] } },
{ "type": "Feature", "properties": { "内容": "おおいし耳鼻咽喉科【2:診療所】【診療科目:耳鼻いんこう科】広島県江田島市能美町高田間所１５１９番１３号", "url": "https://www.iryou.teikyouseido.mhlw.go.jp/znk-web/juminkanja/S2430/initialize?prefCd=34&kikanCd=2340511150&kikanKbn=2", "url2": null }, "geometry": { "type": "Point", "coordinates": [ 132.433772, 34.234194 ] } },
{ "type": "Feature", "properties": { "内容": "医療法人　かいせいクリニック【2:診療所】【診療科目:内科_消化器内科_胃腸内科】広島県広島市中区鉄砲町５－７　広島偕成ビル７階", "url": "https://www.iryou.teikyouseido.mhlw.go.jp/znk-web/juminkanja/S2430/initialize?prefCd=34&kikanCd=2340511440&kikanKbn=2", "url2": "https://www.kaiseiclinic.com/" }, "geometry": { "type": "Point", "coordinates": [ 132.464527, 34.39595 ] } },
{ "type": "Feature", "properties": { "内容": "医療法人　凜りしき手　真田整形外科リハビリ科【2:診療所】【診療科目:内科_整形外科_リウマチ科_リハビリテーション科】広島県広島市南区翠一丁目２－２６", "url": "https://www.iryou.teikyouseido.mhlw.go.jp/znk-web/juminkanja/S2430/initialize?prefCd=34&kikanCd=2340511570&kikanKbn=2", "url2": "http://www.sanada-seikei.com" }, "geometry": { "type": "Point", "coordinates": [ 132.464763, 34.371318 ] } },
{ "type": "Feature", "properties": { "内容": "医療法人社団　一陽会　横川クリニック【2:診療所】【診療科目:内科_腎臓内科】広島県広島市西区横川町二丁目７番１９号横川メディカルプラザ３Ｆ", "url": "https://www.iryou.teikyouseido.mhlw.go.jp/znk-web/juminkanja/S2430/initialize?prefCd=34&kikanCd=2340511600&kikanKbn=2", "url2": "http://www.icy.or.jp/" }, "geometry": { "type": "Point", "coordinates": [ 132.44904, 34.40887 ] } },
{ "type": "Feature", "properties": { "内容": "医療法人繁桂会　中川産科婦人科医院【2:診療所】【診療科目:産婦人科】広島県広島市中区本川町二丁目１番１６号", "url": "https://www.iryou.teikyouseido.mhlw.go.jp/znk-web/juminkanja/S2430/initialize?prefCd=34&kikanCd=2340511990&kikanKbn=2", "url2": "https://www.nakagawa.or.jp/" }, "geometry": { "type": "Point", "coordinates": [ 132.451633, 34.397541 ] } },
{ "type": "Feature", "properties": { "内容": "医療法人千草会　すやま眼科クリニック【2:診療所】【診療科目:眼科】広島県広島市西区横川町二丁目７－１９　横川メディカルプラザ５Ｆ", "url": "https://www.iryou.teikyouseido.mhlw.go.jp/znk-web/juminkanja/S2430/initialize?prefCd=34&kikanCd=2340512290&kikanKbn=2", "url2": "http://suyama-eye.com/" }, "geometry": { "type": "Point", "coordinates": [ 132.449061, 34.408843 ] } },
{ "type": "Feature", "properties": { "内容": "コスモクリニック【2:診療所】【診療科目:眼科系その他】広島県広島市西区天満町１８－５－１", "url": "https://www.iryou.teikyouseido.mhlw.go.jp/znk-web/juminkanja/S2430/initialize?prefCd=34&kikanCd=2340512320&kikanKbn=2", "url2": null }, "geometry": { "type": "Point", "coordinates": [ 132.440458, 34.395371 ] } },
{ "type": "Feature", "properties": { "内容": "よこがわ駅前クリニック【2:診療所】【診療科目:内科_循環器内科_精神科_心療内科】広島県広島市西区横川町二丁目７－１９", "url": "https://www.iryou.teikyouseido.mhlw.go.jp/znk-web/juminkanja/S2430/initialize?prefCd=34&kikanCd=2340512450&kikanKbn=2", "url2": "http://www.senoriver.com/facilities/yokogawanaika/index.html" }, "geometry": { "type": "Point", "coordinates": [ 132.44904, 34.40887 ] } },
{ "type": "Feature", "properties": { "内容": "中岡内科【2:診療所】【診療科目:内科_呼吸器内科_循環器内科_消化器内科_放射線科】広島県広島市安佐北区可部南二丁目１４－１４", "url": "https://www.iryou.teikyouseido.mhlw.go.jp/znk-web/juminkanja/S2430/initialize?prefCd=34&kikanCd=2340512580&kikanKbn=2", "url2": "https://www.keiseikai-nmn.net/wp3" }, "geometry": { "type": "Point", "coordinates": [ 132.51763, 34.503287 ] } },
{ "type": "Feature", "properties": { "内容": "医療法人社団　聡志会　耳鼻咽喉科セラクリニック【2:診療所】【診療科目:耳鼻いんこう科】広島県広島市安芸区船越南３丁目２７番２３号", "url": "https://www.iryou.teikyouseido.mhlw.go.jp/znk-web/juminkanja/S2430/initialize?prefCd=34&kikanCd=2340512740&kikanKbn=2", "url2": null }, "geometry": { "type": "Point", "coordinates": [ 132.526573, 34.371612 ] } },
{ "type": "Feature", "properties": { "内容": "医療法人社団誠友会　セントラルクリニック【2:診療所】【診療科目:内科_呼吸器内科_循環器内科_消化器内科_放射線科】広島県広島市佐伯区五日市駅前三丁目５番１６号", "url": "https://www.iryou.teikyouseido.mhlw.go.jp/znk-web/juminkanja/S2430/initialize?prefCd=34&kikanCd=2340512870&kikanKbn=2", "url2": "http://www.centralcl.com/" }, "geometry": { "type": "Point", "coordinates": [ 132.367215, 34.368928 ] } },
{ "type": "Feature", "properties": { "内容": "土井内科神経内科クリニック【2:診療所】【診療科目:内科_神経内科】広島県広島市中区紙屋町１－１－１７広島ミッドタウンビル", "url": "https://www.iryou.teikyouseido.mhlw.go.jp/znk-web/juminkanja/S2430/initialize?prefCd=34&kikanCd=2340512900&kikanKbn=2", "url2": "http://www.doi-naika.com/" }, "geometry": { "type": "Point", "coordinates": [ 132.459318, 34.394621 ] } },
{ "type": "Feature", "properties": { "内容": "よしだ内科呼吸器科【2:診療所】【診療科目:内科_呼吸器内科_消化器内科】広島県安芸郡海田町西浜４番２２ー４号　サンフラワービル３階", "url": "https://www.iryou.teikyouseido.mhlw.go.jp/znk-web/juminkanja/S2430/initialize?prefCd=34&kikanCd=2340513040&kikanKbn=2", "url2": null }, "geometry": { "type": "Point", "coordinates": [ 132.544117, 34.369875 ] } },
{ "type": "Feature", "properties": { "内容": "医療法人　福徳永会　さいきじんクリニック【2:診療所】【診療科目:内科_糖尿病内科_代謝内科_循環器内科_腎臓内科_人工透析内科_外科_リハビリテーション科】広島県福山市瀬戸町山北４５０－１", "url": "https://www.iryou.teikyouseido.mhlw.go.jp/znk-web/juminkanja/S2430/initialize?prefCd=34&kikanCd=2340513590&kikanKbn=2", "url2": "https://www.saiki-cl.com/" }, "geometry": { "type": "Point", "coordinates": [ 133.313688, 34.473517 ] } },
{ "type": "Feature", "properties": { "内容": "医療法人社団　慈恵会　いまだクリニック【2:診療所】【診療科目:内科_眼科_リハビリテーション科】広島県広島市西区三篠町１丁目３番１７号", "url": "https://www.iryou.teikyouseido.mhlw.go.jp/znk-web/juminkanja/S2430/initialize?prefCd=34&kikanCd=2340513750&kikanKbn=2", "url2": null }, "geometry": { "type": "Point", "coordinates": [ 132.453429, 34.411092 ] } },
{ "type": "Feature", "properties": { "内容": "医療法人こころ　本通くらもと心療内科【2:診療所】【診療科目:神経内科_精神科_心療内科】広島県広島市中区本通３番１０号　本通サザン３０１号", "url": "https://www.iryou.teikyouseido.mhlw.go.jp/znk-web/juminkanja/S2430/initialize?prefCd=34&kikanCd=2340513880&kikanKbn=2", "url2": "http://www.megaegg.ne.jp/~i-kokoro/" }, "geometry": { "type": "Point", "coordinates": [ 132.460068, 34.392955 ] } },
{ "type": "Feature", "properties": { "内容": "いいだこどもクリニック【2:診療所】【診療科目:内科_小児科】広島県広島市南区皆実町四丁目２２番８号", "url": "https://www.iryou.teikyouseido.mhlw.go.jp/znk-web/juminkanja/S2430/initialize?prefCd=34&kikanCd=2340513910&kikanKbn=2", "url2": null }, "geometry": { "type": "Point", "coordinates": [ 132.471207, 34.374624 ] } },
{ "type": "Feature", "properties": { "内容": "なかむら神経内科・メンタルクリニック【2:診療所】【診療科目:内科_神経内科_精神科_心療内科】広島県広島市中区基町１２番３号４０１", "url": "https://www.iryou.teikyouseido.mhlw.go.jp/znk-web/juminkanja/S2430/initialize?prefCd=34&kikanCd=2340514050&kikanKbn=2", "url2": null }, "geometry": { "type": "Point", "coordinates": [ 132.460012, 34.395038 ] } },
{ "type": "Feature", "properties": { "内容": "医療法人　川口クリニック【2:診療所】【診療科目:内科_糖尿病内科_内分泌内科_呼吸器内科_循環器内科_消化器内科_外科_肛門外科_甲状腺科_心療内科_リハビリテーション科】広島県広島市西区庚午中３丁目６番１１号", "url": "https://www.iryou.teikyouseido.mhlw.go.jp/znk-web/juminkanja/S2430/initialize?prefCd=34&kikanCd=2340514180&kikanKbn=2", "url2": "https://www.kawaguchi-cln.jp/" }, "geometry": { "type": "Point", "coordinates": [ 132.411545, 34.382899 ] } },
{ "type": "Feature", "properties": { "内容": "医療法人社団　幸誠会　かなはら医院【2:診療所】【診療科目:内科_呼吸器内科_循環器内科_腎臓内科_小児科_アレルギー科】広島県広島市安佐南区大町西一丁目１番１０号", "url": "https://www.iryou.teikyouseido.mhlw.go.jp/znk-web/juminkanja/S2430/initialize?prefCd=34&kikanCd=2340514340&kikanKbn=2", "url2": "https://www.kanahara-clinic.com/" }, "geometry": { "type": "Point", "coordinates": [ 132.466208, 34.459879 ] } },
{ "type": "Feature", "properties": { "内容": "医療法人社団　田中医院【2:診療所】【診療科目:内科】広島県広島市安佐南区長束五丁目３２－２－２", "url": "https://www.iryou.teikyouseido.mhlw.go.jp/znk-web/juminkanja/S2430/initialize?prefCd=34&kikanCd=2340514470&kikanKbn=2", "url2": null }, "geometry": { "type": "Point", "coordinates": [ 132.456121, 34.429046 ] } },
{ "type": "Feature", "properties": { "内容": "医療法人　紹応会　河田産婦人科医院【2:診療所】【診療科目:産婦人科】広島県広島市佐伯区海老園一丁目２番１３号", "url": "https://www.iryou.teikyouseido.mhlw.go.jp/znk-web/juminkanja/S2430/initialize?prefCd=34&kikanCd=2340514500&kikanKbn=2", "url2": "http://kawata-obgy.com" }, "geometry": { "type": "Point", "coordinates": [ 132.356604, 34.364996 ] } },
{ "type": "Feature", "properties": { "内容": "医療法人社団　高陽耳鼻咽喉科【2:診療所】【診療科目:耳鼻いんこう科_気管食道・耳鼻いんこう科_頭頸部・耳鼻いんこう科_補聴器相談_アレルギー科】広島県広島市安佐北区亀崎一丁目２番４号　タウンセンタービル１Ｆ", "url": "https://www.iryou.teikyouseido.mhlw.go.jp/znk-web/juminkanja/S2430/initialize?prefCd=34&kikanCd=2340514630&kikanKbn=2", "url2": "http://jibika.gr.jp/koyo/" }, "geometry": { "type": "Point", "coordinates": [ 132.522364, 34.481391 ] } },
{ "type": "Feature", "properties": { "内容": "谷医院【2:診療所】【診療科目:内科_循環器内科_胃腸内科】広島県府中市府川町１７１－１", "url": "https://www.iryou.teikyouseido.mhlw.go.jp/znk-web/juminkanja/S2430/initialize?prefCd=34&kikanCd=2340514760&kikanKbn=2", "url2": null }, "geometry": { "type": "Point", "coordinates": [ 133.23769, 34.568894 ] } },
{ "type": "Feature", "properties": { "内容": "藤原脳神経外科クリニック【2:診療所】【診療科目:神経内科_脳神経外科_心療内科】広島県呉市中通２丁目１番２４号", "url": "https://www.iryou.teikyouseido.mhlw.go.jp/znk-web/juminkanja/S2430/initialize?prefCd=34&kikanCd=2340514920&kikanKbn=2", "url2": "http://www.fnclinic.jp" }, "geometry": { "type": "Point", "coordinates": [ 132.563091, 34.244113 ] } },
{ "type": "Feature", "properties": { "内容": "医療法人　己斐杉本クリニック【2:診療所】【診療科目:内科_胃腸内科_肝臓内科_外科_皮膚科_リハビリテーション科】広島県広島市西区己斐本町一丁目２５番６号", "url": "https://www.iryou.teikyouseido.mhlw.go.jp/znk-web/juminkanja/S2430/initialize?prefCd=34&kikanCd=2340515060&kikanKbn=2", "url2": null }, "geometry": { "type": "Point", "coordinates": [ 132.427431, 34.397009 ] } },
{ "type": "Feature", "properties": { "内容": "城本内科医院【2:診療所】【診療科目:内科_呼吸器内科_循環器内科_消化器内科_神経科】広島県呉市警固屋５丁目４番１４号", "url": "https://www.iryou.teikyouseido.mhlw.go.jp/znk-web/juminkanja/S2430/initialize?prefCd=34&kikanCd=2340515220&kikanKbn=2", "url2": null }, "geometry": { "type": "Point", "coordinates": [ 132.544597, 34.207893 ] } },
{ "type": "Feature", "properties": { "内容": "おかだ眼科【2:診療所】【診療科目:眼科】広島県安芸郡熊野町萩原２－２－１２", "url": "https://www.iryou.teikyouseido.mhlw.go.jp/znk-web/juminkanja/S2430/initialize?prefCd=34&kikanCd=2340515350&kikanKbn=2", "url2": "https://www.okadaeye-clinic.com" }, "geometry": { "type": "Point", "coordinates": [ 132.588962, 34.338806 ] } },
{ "type": "Feature", "properties": { "内容": "おぎ皮膚科アレルギー科クリニック【2:診療所】【診療科目:アレルギー疾患内科_内科系その他_形成外科_小児皮膚科_皮膚科_アレルギー科】広島県竹原市下野町小井手３２７０－１", "url": "https://www.iryou.teikyouseido.mhlw.go.jp/znk-web/juminkanja/S2430/initialize?prefCd=34&kikanCd=2340515640&kikanKbn=2", "url2": "http://www.web-clover.net/ogihifuka/" }, "geometry": { "type": "Point", "coordinates": [ 132.902544, 34.349879 ] } },
{ "type": "Feature", "properties": { "内容": "広島市西部こども療育センター附属診療所【2:診療所】【診療科目:整形外科_小児科_精神科】広島県広島市佐伯区海老山南二丁目２番１８号", "url": "https://www.iryou.teikyouseido.mhlw.go.jp/znk-web/juminkanja/S2430/initialize?prefCd=34&kikanCd=2340516070&kikanKbn=2", "url2": "http://www.hsfj.city.hiroshima.jp/02020130000seibutop.html" }, "geometry": { "type": "Point", "coordinates": [ 132.369577, 34.359873 ] } },
{ "type": "Feature", "properties": { "内容": "河村内科【2:診療所】【診療科目:内科_循環器内科_消化器内科_胃腸内科_内視鏡内科_小児科】広島県府中市府中町８３８－３", "url": "https://www.iryou.teikyouseido.mhlw.go.jp/znk-web/juminkanja/S2430/initialize?prefCd=34&kikanCd=2340516100&kikanKbn=2", "url2": "http://www.6300.jp" }, "geometry": { "type": "Point", "coordinates": [ 133.229523, 34.574671 ] } },
{ "type": "Feature", "properties": { "内容": "わんぱくキッズクリニック【2:診療所】【診療科目:小児科】広島県広島市安佐南区東原１丁目１番２号", "url": "https://www.iryou.teikyouseido.mhlw.go.jp/znk-web/juminkanja/S2430/initialize?prefCd=34&kikanCd=2340516940&kikanKbn=2", "url2": null }, "geometry": { "type": "Point", "coordinates": [ 132.480286, 34.444005 ] } },
{ "type": "Feature", "properties": { "内容": "菊地内科【2:診療所】【診療科目:内科_消化器内科】広島県福山市千田町二丁目４７－６", "url": "https://www.iryou.teikyouseido.mhlw.go.jp/znk-web/juminkanja/S2430/initialize?prefCd=34&kikanCd=2340517110&kikanKbn=2", "url2": null }, "geometry": { "type": "Point", "coordinates": [ 133.383624, 34.520263 ] } },
{ "type": "Feature", "properties": { "内容": "岡本麻酔科クリニック【2:診療所】【診療科目:麻酔科】広島県福山市曙町５－１－１－２０２", "url": "https://www.iryou.teikyouseido.mhlw.go.jp/znk-web/juminkanja/S2430/initialize?prefCd=34&kikanCd=2340517240&kikanKbn=2", "url2": null }, "geometry": { "type": "Point", "coordinates": [ 133.391487, 34.471324 ] } },
{ "type": "Feature", "properties": { "内容": "医療法人社団　喜真会　弘田内科クリニック【2:診療所】【診療科目:内科_呼吸器内科_循環器内科_消化器内科】広島県尾道市栗原西２丁目３番１１号", "url": "https://www.iryou.teikyouseido.mhlw.go.jp/znk-web/juminkanja/S2430/initialize?prefCd=34&kikanCd=2340517370&kikanKbn=2", "url2": "hirota-clinic.or.jp" }, "geometry": { "type": "Point", "coordinates": [ 133.187701, 34.411355 ] } },
{ "type": "Feature", "properties": { "内容": "すぎた皮ふ科アレルギー科【2:診療所】【診療科目:皮膚科_アレルギー科】広島県東広島市西条中央７丁目３－４５", "url": "https://www.iryou.teikyouseido.mhlw.go.jp/znk-web/juminkanja/S2430/initialize?prefCd=34&kikanCd=2340517400&kikanKbn=2", "url2": "http://www.sugitaderma.jp" }, "geometry": { "type": "Point", "coordinates": [ 132.737369, 34.416595 ] } },
{ "type": "Feature", "properties": { "内容": "医療法人社団　石井外科診療所【2:診療所】【診療科目:内科_外科_整形外科】広島県呉市仁方西神町６番１３号", "url": "https://www.iryou.teikyouseido.mhlw.go.jp/znk-web/juminkanja/S2430/initialize?prefCd=34&kikanCd=2340517790&kikanKbn=2", "url2": null }, "geometry": { "type": "Point", "coordinates": [ 132.650976, 34.224921 ] } },
{ "type": "Feature", "properties": { "内容": "医療法人社団追風会　大本内科医院【2:診療所】【診療科目:内科_胃腸内科_小児科_麻酔科】広島県広島市安佐南区上安二丁目４番３６号", "url": "https://www.iryou.teikyouseido.mhlw.go.jp/znk-web/juminkanja/S2430/initialize?prefCd=34&kikanCd=2340517950&kikanKbn=2", "url2": "https://www.oomotoiin.com" }, "geometry": { "type": "Point", "coordinates": [ 132.445843, 34.472696 ] } },
{ "type": "Feature", "properties": { "内容": "医療法人　青葉会　しらたきクリニック【2:診療所】【診療科目:内科_呼吸器内科_循環器内科_消化器内科】広島県広島市佐伯区八幡二丁目６番１６号", "url": "https://www.iryou.teikyouseido.mhlw.go.jp/znk-web/juminkanja/S2430/initialize?prefCd=34&kikanCd=2340518120&kikanKbn=2", "url2": "https://www.shirataki-cl.com/" }, "geometry": { "type": "Point", "coordinates": [ 132.3608, 34.364456 ] } },
{ "type": "Feature", "properties": { "内容": "なんば麻酔科・リウマチ科【2:診療所】【診療科目:内科_リウマチ科_麻酔科】広島県三原市宮浦五丁目１－３８", "url": "https://www.iryou.teikyouseido.mhlw.go.jp/znk-web/juminkanja/S2430/initialize?prefCd=34&kikanCd=2340518380&kikanKbn=2", "url2": null }, "geometry": { "type": "Point", "coordinates": [ 133.060884, 34.397844 ] } },
{ "type": "Feature", "properties": { "内容": "青葉レディスクリニック【2:診療所】【診療科目:内科_産婦人科】広島県廿日市市福面２－１－１１", "url": "https://www.iryou.teikyouseido.mhlw.go.jp/znk-web/juminkanja/S2430/initialize?prefCd=34&kikanCd=2340518410&kikanKbn=2", "url2": null }, "geometry": { "type": "Point", "coordinates": [ 132.298115, 34.319119 ] } },
{ "type": "Feature", "properties": { "内容": "たくまファミリークリニック【2:診療所】【診療科目:内科_糖尿病内科_糖尿病・代謝内科_胃腸内科_肝臓内科_漢方内科_内視鏡内科_アレルギー疾患内科】広島県広島市中区西白島町２０－１５　メディカルプラザ西白島３Ｆ", "url": "https://www.iryou.teikyouseido.mhlw.go.jp/znk-web/juminkanja/S2430/initialize?prefCd=34&kikanCd=2340519390&kikanKbn=2", "url2": null }, "geometry": { "type": "Point", "coordinates": [ 132.437846, 34.427145 ] } },
{ "type": "Feature", "properties": { "内容": "岸眼科【2:診療所】【診療科目:眼科】広島県広島市南区翠２－２５－１１", "url": "https://www.iryou.teikyouseido.mhlw.go.jp/znk-web/juminkanja/S2430/initialize?prefCd=34&kikanCd=2340519420&kikanKbn=2", "url2": "https://www.kishi-ganka-clinic.com" }, "geometry": { "type": "Point", "coordinates": [ 132.470683, 34.371513 ] } },
{ "type": "Feature", "properties": { "内容": "医療法人社団佐々木内科クリニック【2:診療所】【診療科目:内科_消化器内科】広島県広島市南区京橋町１番２－２０１", "url": "https://www.iryou.teikyouseido.mhlw.go.jp/znk-web/juminkanja/S2430/initialize?prefCd=34&kikanCd=2340519550&kikanKbn=2", "url2": null }, "geometry": { "type": "Point", "coordinates": [ 132.473158, 34.394969 ] } },
{ "type": "Feature", "properties": { "内容": "みわこどもクリニック【2:診療所】【診療科目:小児科_アレルギー科】広島県東広島市西条町西条東１０５１　丸ビル２階", "url": "https://www.iryou.teikyouseido.mhlw.go.jp/znk-web/juminkanja/S2430/initialize?prefCd=34&kikanCd=2340519710&kikanKbn=2", "url2": "http://www.miwa-cl.com/" }, "geometry": { "type": "Point", "coordinates": [ 132.736932, 34.425984 ] } },
{ "type": "Feature", "properties": { "内容": "のぞみ整形外科クリニック西条【2:診療所】【診療科目:内科_整形外科_リハビリテーション科】広島県東広島市西条町助実１１８２－１", "url": "https://www.iryou.teikyouseido.mhlw.go.jp/znk-web/juminkanja/S2430/initialize?prefCd=34&kikanCd=2340519970&kikanKbn=2", "url2": "https://www.nozomi-clinic.jp/saijo/" }, "geometry": { "type": "Point", "coordinates": [ 132.755458, 34.424984 ] } },
{ "type": "Feature", "properties": { "内容": "つるが眼科【2:診療所】【診療科目:眼科】広島県呉市安浦町中央五丁目２番３７号", "url": "https://www.iryou.teikyouseido.mhlw.go.jp/znk-web/juminkanja/S2430/initialize?prefCd=34&kikanCd=2340520080&kikanKbn=2", "url2": "https://tsuruga-eye-clinic.com/" }, "geometry": { "type": "Point", "coordinates": [ 132.747049, 34.282916 ] } },
{ "type": "Feature", "properties": { "内容": "医療法人　よしたかクリニック【2:診療所】【診療科目:内科_胃腸内科_外科_大腸外科_乳腺外科_肛門外科】広島県福山市神辺町川北１３４５－１１", "url": "https://www.iryou.teikyouseido.mhlw.go.jp/znk-web/juminkanja/S2430/initialize?prefCd=34&kikanCd=2340520370&kikanKbn=2", "url2": "https://yoshitakacl.com/" }, "geometry": { "type": "Point", "coordinates": [ 133.371107, 34.546424 ] } },
{ "type": "Feature", "properties": { "内容": "今井整形外科クリニック【2:診療所】【診療科目:整形外科_リウマチ科_リハビリテーション科】広島県広島市安佐南区安東２－１１－２７", "url": "https://www.iryou.teikyouseido.mhlw.go.jp/znk-web/juminkanja/S2430/initialize?prefCd=34&kikanCd=2340520660&kikanKbn=2", "url2": null }, "geometry": { "type": "Point", "coordinates": [ 132.453159, 34.475813 ] } },
{ "type": "Feature", "properties": { "内容": "耳鼻咽喉科　くにもと医院【2:診療所】【診療科目:気管食道・耳鼻いんこう科_アレルギー科】広島県広島市安佐南区伴東七丁目５９－２８", "url": "https://www.iryou.teikyouseido.mhlw.go.jp/znk-web/juminkanja/S2430/initialize?prefCd=34&kikanCd=2340520790&kikanKbn=2", "url2": "https://www.kunimoto-clinic.jp/" }, "geometry": { "type": "Point", "coordinates": [ 132.41093, 34.462169 ] } },
{ "type": "Feature", "properties": { "内容": "つまもと眼科【2:診療所】【診療科目:眼科】広島県東広島市西条岡町３－２５", "url": "https://www.iryou.teikyouseido.mhlw.go.jp/znk-web/juminkanja/S2430/initialize?prefCd=34&kikanCd=2340521090&kikanKbn=2", "url2": "www.tsumamoto.com" }, "geometry": { "type": "Point", "coordinates": [ 132.742681, 34.430567 ] } },
{ "type": "Feature", "properties": { "内容": "山尾医院【2:診療所】【診療科目:内科】広島県呉市東畑１丁目１－２２", "url": "https://www.iryou.teikyouseido.mhlw.go.jp/znk-web/juminkanja/S2430/initialize?prefCd=34&kikanCd=2340521120&kikanKbn=2", "url2": null }, "geometry": { "type": "Point", "coordinates": [ 132.583162, 34.251948 ] } },
{ "type": "Feature", "properties": { "内容": "吉田医院【2:診療所】【診療科目:内科】広島県広島市中区江波二本松１－１３－２０", "url": "https://www.iryou.teikyouseido.mhlw.go.jp/znk-web/juminkanja/S2430/initialize?prefCd=34&kikanCd=2340521380&kikanKbn=2", "url2": null }, "geometry": { "type": "Point", "coordinates": [ 132.431494, 34.368807 ] } },
{ "type": "Feature", "properties": { "内容": "京橋心療クリニック【2:診療所】【診療科目:精神科_心療内科】広島県広島市南区京橋町１番２号　新京橋ビル８階", "url": "https://www.iryou.teikyouseido.mhlw.go.jp/znk-web/juminkanja/S2430/initialize?prefCd=34&kikanCd=2340521410&kikanKbn=2", "url2": "http://www.kyoubashi.jp" }, "geometry": { "type": "Point", "coordinates": [ 132.47315, 34.394927 ] } },
{ "type": "Feature", "properties": { "内容": "医療法人社団　河内会　河内クリニック【2:診療所】【診療科目:内科_整形外科_小児科_皮膚科_アレルギー科_リハビリテーション科】広島県東広島市河内町中河内１１９７番地１号", "url": "https://www.iryou.teikyouseido.mhlw.go.jp/znk-web/juminkanja/S2430/initialize?prefCd=34&kikanCd=2340521670&kikanKbn=2", "url2": null }, "geometry": { "type": "Point", "coordinates": [ 132.889056, 34.471176 ] } },
{ "type": "Feature", "properties": { "内容": "ソレイユ眼科・矯正歯科【2:診療所】【診療科目:眼科_矯正歯科】広島県安芸郡府中町大須２丁目１－１－２０１５", "url": "https://www.iryou.teikyouseido.mhlw.go.jp/znk-web/juminkanja/S2430/initialize?prefCd=34&kikanCd=2340521830&kikanKbn=2", "url2": "http://www.eye-dental.com/" }, "geometry": { "type": "Point", "coordinates": [ 132.498592, 34.39515 ] } },
{ "type": "Feature", "properties": { "内容": "かとうレディースクリニック【2:診療所】【診療科目:産婦人科】広島県廿日市市阿品３丁目１－６", "url": "https://www.iryou.teikyouseido.mhlw.go.jp/znk-web/juminkanja/S2430/initialize?prefCd=34&kikanCd=2340522000&kikanKbn=2", "url2": "http://www.kato-lc.jp/" }, "geometry": { "type": "Point", "coordinates": [ 132.316972, 34.323432 ] } },
{ "type": "Feature", "properties": { "内容": "庄原眼科【2:診療所】【診療科目:眼科】広島県庄原市板橋町１６５－６", "url": "https://www.iryou.teikyouseido.mhlw.go.jp/znk-web/juminkanja/S2430/initialize?prefCd=34&kikanCd=2340522130&kikanKbn=2", "url2": "http://www.shobaraganka.com" }, "geometry": { "type": "Point", "coordinates": [ 133.018195, 34.849721 ] } },
{ "type": "Feature", "properties": { "内容": "しげの整形外科スポーツクリニック【2:診療所】【診療科目:整形外科_リウマチ科_リハビリテーション科】広島県廿日市市阿品三丁目１番６号　ナタリーもみじビル３階", "url": "https://www.iryou.teikyouseido.mhlw.go.jp/znk-web/juminkanja/S2430/initialize?prefCd=34&kikanCd=2340522710&kikanKbn=2", "url2": "http://www.shigenoseikei.com" }, "geometry": { "type": "Point", "coordinates": [ 132.31525, 34.321099 ] } },
{ "type": "Feature", "properties": { "内容": "ひらやま眼科【2:診療所】【診療科目:眼科】広島県広島市中区白島北町３番２０号　ＫＡＴＯビル２０１", "url": "https://www.iryou.teikyouseido.mhlw.go.jp/znk-web/juminkanja/S2430/initialize?prefCd=34&kikanCd=2340523140&kikanKbn=2", "url2": "http://www.hirayama-eye.com/" }, "geometry": { "type": "Point", "coordinates": [ 132.46315, 34.411286 ] } },
{ "type": "Feature", "properties": { "内容": "田中整形外科クリニック【2:診療所】【診療科目:整形外科_リハビリテーション科】広島県広島市中区西白島町２０－１５　メディカルプラザ西白島２Ｆ", "url": "https://www.iryou.teikyouseido.mhlw.go.jp/znk-web/juminkanja/S2430/initialize?prefCd=34&kikanCd=2340523430&kikanKbn=2", "url2": null }, "geometry": { "type": "Point", "coordinates": [ 132.459289, 34.406037 ] } },
{ "type": "Feature", "properties": { "内容": "ひがき眼科【2:診療所】【診療科目:眼科】広島県広島市東区牛田本町４－２－１４", "url": "https://www.iryou.teikyouseido.mhlw.go.jp/znk-web/juminkanja/S2430/initialize?prefCd=34&kikanCd=2340523560&kikanKbn=2", "url2": "http://higaki-eye.com/" }, "geometry": { "type": "Point", "coordinates": [ 132.469725, 34.412164 ] } },
{ "type": "Feature", "properties": { "内容": "やない心療内科クリニック【2:診療所】【診療科目:精神科_心療内科】広島県広島市佐伯区楽々園２－２－２", "url": "https://www.iryou.teikyouseido.mhlw.go.jp/znk-web/juminkanja/S2430/initialize?prefCd=34&kikanCd=2340523850&kikanKbn=2", "url2": "https://www.yanai-shinryonaika-clinic.com/" }, "geometry": { "type": "Point", "coordinates": [ 132.351911, 34.364123 ] } },
{ "type": "Feature", "properties": { "内容": "メディカルカウンセリングルーム　本田クリニック【2:診療所】【診療科目:精神科_心療内科】広島県尾道市高須町４７５４－５", "url": "https://www.iryou.teikyouseido.mhlw.go.jp/znk-web/juminkanja/S2430/initialize?prefCd=34&kikanCd=2340524020&kikanKbn=2", "url2": "https://www.happiness-hondaclinic.com/" }, "geometry": { "type": "Point", "coordinates": [ 133.238668, 34.434686 ] } },
{ "type": "Feature", "properties": { "内容": "岡田クリニック【2:診療所】【診療科目:内科_胃腸内科_外科_肛門外科_整形外科】広島県福山市水呑町三新田２丁目２３３", "url": "https://www.iryou.teikyouseido.mhlw.go.jp/znk-web/juminkanja/S2430/initialize?prefCd=34&kikanCd=2340524440&kikanKbn=2", "url2": "http://www.okadaclinic.net/" }, "geometry": { "type": "Point", "coordinates": [ 133.385933, 34.443938 ] } },
{ "type": "Feature", "properties": { "内容": "医療法人社団おると会　浜脇整形外科リハビリセンター【2:診療所】【診療科目:整形外科_リウマチ科_リハビリテーション科】広島県広島市中区舟入中町１１－７", "url": "https://www.iryou.teikyouseido.mhlw.go.jp/znk-web/juminkanja/S2430/initialize?prefCd=34&kikanCd=2340524730&kikanKbn=2", "url2": "http://www.hamawaki.or.jp" }, "geometry": { "type": "Point", "coordinates": [ 132.444347, 34.38615 ] } },
{ "type": "Feature", "properties": { "内容": "医療法人　薫風会　はだ脳神経外科【2:診療所】【診療科目:脳神経外科】広島県広島市安佐北区口田３丁目２６－５", "url": "https://www.iryou.teikyouseido.mhlw.go.jp/znk-web/juminkanja/S2430/initialize?prefCd=34&kikanCd=2340524860&kikanKbn=2", "url2": null }, "geometry": { "type": "Point", "coordinates": [ 132.504366, 34.46567 ] } },
{ "type": "Feature", "properties": { "内容": "糸谷整形外科医院【2:診療所】【診療科目:整形外科】広島県大竹市油見１丁目９－１２", "url": "https://www.iryou.teikyouseido.mhlw.go.jp/znk-web/juminkanja/S2430/initialize?prefCd=34&kikanCd=2340524990&kikanKbn=2", "url2": "itotaniseikei.com" }, "geometry": { "type": "Point", "coordinates": [ 132.218763, 34.216692 ] } },
{ "type": "Feature", "properties": { "内容": "さとう皮ふ科【2:診療所】【診療科目:皮膚科】広島県尾道市栗原西２丁目５番９号", "url": "https://www.iryou.teikyouseido.mhlw.go.jp/znk-web/juminkanja/S2430/initialize?prefCd=34&kikanCd=2340525030&kikanKbn=2", "url2": null }, "geometry": { "type": "Point", "coordinates": [ 133.188712, 34.412697 ] } },
{ "type": "Feature", "properties": { "内容": "どんぐり小児科【2:診療所】【診療科目:小児科_アレルギー科】広島県広島市西区南観音２－７－２１　平野ビル１階", "url": "https://www.iryou.teikyouseido.mhlw.go.jp/znk-web/juminkanja/S2430/initialize?prefCd=34&kikanCd=2340525320&kikanKbn=2", "url2": "http://www15.plala.or.jp/donguricl/" }, "geometry": { "type": "Point", "coordinates": [ 132.429978, 34.384029 ] } },
{ "type": "Feature", "properties": { "内容": "村上泌尿器科内科医院【2:診療所】【診療科目:内科_泌尿器科】広島県福山市沼隈町常石２６３５", "url": "https://www.iryou.teikyouseido.mhlw.go.jp/znk-web/juminkanja/S2430/initialize?prefCd=34&kikanCd=2340525580&kikanKbn=2", "url2": null }, "geometry": { "type": "Point", "coordinates": [ 133.322598, 34.377551 ] } },
{ "type": "Feature", "properties": { "内容": "なかた内科医院【2:診療所】【診療科目:内科】広島県東広島市八本松南５丁目９番１４号", "url": "https://www.iryou.teikyouseido.mhlw.go.jp/znk-web/juminkanja/S2430/initialize?prefCd=34&kikanCd=2340525610&kikanKbn=2", "url2": "http://www.nakata-c.jp" }, "geometry": { "type": "Point", "coordinates": [ 132.696935, 34.437732 ] } },
{ "type": "Feature", "properties": { "内容": "谷口クリニック【2:診療所】【診療科目:内科_消化器内科_外科_リハビリテーション科】広島県呉市東中央２丁目８番１８号", "url": "https://www.iryou.teikyouseido.mhlw.go.jp/znk-web/juminkanja/S2430/initialize?prefCd=34&kikanCd=2340525740&kikanKbn=2", "url2": "http://www.taniguchi-clinic.jp/" }, "geometry": { "type": "Point", "coordinates": [ 132.571371, 34.251305 ] } },
{ "type": "Feature", "properties": { "内容": "アイビー眼科【2:診療所】【診療科目:眼科】広島県廿日市市宮内４３１１－５", "url": "https://www.iryou.teikyouseido.mhlw.go.jp/znk-web/juminkanja/S2430/initialize?prefCd=34&kikanCd=2340525870&kikanKbn=2", "url2": "http://www.ivy-eye.jp/" }, "geometry": { "type": "Point", "coordinates": [ 132.304416, 34.344707 ] } },
{ "type": "Feature", "properties": { "内容": "医療法人社団恵正会　三田クリニック【2:診療所】【診療科目:内科_循環器内科】広島県広島市安佐北区白木町三田７００５－１", "url": "https://www.iryou.teikyouseido.mhlw.go.jp/znk-web/juminkanja/S2430/initialize?prefCd=34&kikanCd=2340526200&kikanKbn=2", "url2": "https://www.keiseikai-nmn.net/wp3" }, "geometry": { "type": "Point", "coordinates": [ 132.607495, 34.512084 ] } },
{ "type": "Feature", "properties": { "内容": "医療法人社団　谷本小児科【2:診療所】【診療科目:小児科】広島県広島市佐伯区五日市４－３－１　谷本小児科ビル", "url": "https://www.iryou.teikyouseido.mhlw.go.jp/znk-web/juminkanja/S2430/initialize?prefCd=34&kikanCd=2340526330&kikanKbn=2", "url2": "http://tanimoto-syounika.jp" }, "geometry": { "type": "Point", "coordinates": [ 132.357327, 34.370205 ] } },
{ "type": "Feature", "properties": { "内容": "早川クリニック【2:診療所】【診療科目:精神科_心療内科】広島県呉市広大広２丁目７－４", "url": "https://www.iryou.teikyouseido.mhlw.go.jp/znk-web/juminkanja/S2430/initialize?prefCd=34&kikanCd=2340526750&kikanKbn=2", "url2": "http://hayakawa-c.jp/index.html" }, "geometry": { "type": "Point", "coordinates": [ 132.620783, 34.251362 ] } },
{ "type": "Feature", "properties": { "内容": "さだもりレディースクリニック【2:診療所】【診療科目:産婦人科】広島県広島市中区大手町２丁目７番２号　Ｂａｌｃｏｍ大手町ビル　４Ｆ", "url": "https://www.iryou.teikyouseido.mhlw.go.jp/znk-web/juminkanja/S2430/initialize?prefCd=34&kikanCd=2340526910&kikanKbn=2", "url2": "https://www.sadalc.cc" }, "geometry": { "type": "Point", "coordinates": [ 132.45635, 34.392419 ] } },
{ "type": "Feature", "properties": { "内容": "医療法人みやた眼科【2:診療所】【診療科目:眼科】広島県広島市西区井口　四丁目２－３４", "url": "https://www.iryou.teikyouseido.mhlw.go.jp/znk-web/juminkanja/S2430/initialize?prefCd=34&kikanCd=2340527050&kikanKbn=2", "url2": "https://www.miyata-ganka.com" }, "geometry": { "type": "Point", "coordinates": [ 132.374437, 34.368761 ] } },
{ "type": "Feature", "properties": { "内容": "福山元町眼科【2:診療所】【診療科目:眼科】広島県福山市元町７番３号　横井ビル３階", "url": "https://www.iryou.teikyouseido.mhlw.go.jp/znk-web/juminkanja/S2430/initialize?prefCd=34&kikanCd=2340527210&kikanKbn=2", "url2": null }, "geometry": { "type": "Point", "coordinates": [ 133.364328, 34.487224 ] } },
{ "type": "Feature", "properties": { "内容": "むつかど内科呼吸器科【2:診療所】【診療科目:内科_呼吸器内科_循環器内科_リウマチ科】広島県廿日市市阿品３丁目１番６号", "url": "https://www.iryou.teikyouseido.mhlw.go.jp/znk-web/juminkanja/S2430/initialize?prefCd=34&kikanCd=2340527500&kikanKbn=2", "url2": null }, "geometry": { "type": "Point", "coordinates": [ 132.316972, 34.323432 ] } },
{ "type": "Feature", "properties": { "内容": "みよしクリニック【2:診療所】【診療科目:内科_精神科_心療内科】広島県庄原市西本町２丁目１５－４７", "url": "https://www.iryou.teikyouseido.mhlw.go.jp/znk-web/juminkanja/S2430/initialize?prefCd=34&kikanCd=2340527630&kikanKbn=2", "url2": null }, "geometry": { "type": "Point", "coordinates": [ 133.010778, 34.856415 ] } },
{ "type": "Feature", "properties": { "内容": "庄原市国民健康保険総領診療所【2:診療所】【診療科目:内科】広島県庄原市総領町下領家７１", "url": "https://www.iryou.teikyouseido.mhlw.go.jp/znk-web/juminkanja/S2430/initialize?prefCd=34&kikanCd=2340527760&kikanKbn=2", "url2": "http://www.city.shobara.hiroshima.jp/" }, "geometry": { "type": "Point", "coordinates": [ 133.073888, 34.783507 ] } },
{ "type": "Feature", "properties": { "内容": "医療法人社団　やまさき整形外科【2:診療所】【診療科目:整形外科_リウマチ科_リハビリテーション科】広島県広島市安佐北区可部南二丁目１４－１４", "url": "https://www.iryou.teikyouseido.mhlw.go.jp/znk-web/juminkanja/S2430/initialize?prefCd=34&kikanCd=2340527920&kikanKbn=2", "url2": "http://www.yamasaki-c.com" }, "geometry": { "type": "Point", "coordinates": [ 132.517558, 34.503305 ] } },
{ "type": "Feature", "properties": { "内容": "医療法人　耕仁会　村上産婦人科クリニック【2:診療所】【診療科目:産婦人科】広島県広島市安佐北区亀山二丁目６－２０", "url": "https://www.iryou.teikyouseido.mhlw.go.jp/znk-web/juminkanja/S2430/initialize?prefCd=34&kikanCd=2340528060&kikanKbn=2", "url2": "http://www.murakami-clinic.jp" }, "geometry": { "type": "Point", "coordinates": [ 132.504514, 34.520115 ] } },
{ "type": "Feature", "properties": { "内容": "緑井レディースクリニック【2:診療所】【診療科目:婦人科】広島県広島市安佐南区緑井一丁目５－１　　３０２", "url": "https://www.iryou.teikyouseido.mhlw.go.jp/znk-web/juminkanja/S2430/initialize?prefCd=34&kikanCd=2340528220&kikanKbn=2", "url2": "http://www.midorii-clinic.jp/" }, "geometry": { "type": "Point", "coordinates": [ 132.47523, 34.466003 ] } },
{ "type": "Feature", "properties": { "内容": "山本醫院【2:診療所】【診療科目:消化器内科_外科_肛門外科_麻酔科】広島県福山市引野町北２丁目８番２８号", "url": "https://www.iryou.teikyouseido.mhlw.go.jp/znk-web/juminkanja/S2430/initialize?prefCd=34&kikanCd=2340528930&kikanKbn=2", "url2": "http://www.0849432777.com" }, "geometry": { "type": "Point", "coordinates": [ 133.408151, 34.502043 ] } },
{ "type": "Feature", "properties": { "内容": "なんば医院【2:診療所】【診療科目:内科_整形外科_形成外科_皮膚科_泌尿器科_リウマチ科_リハビリテーション科】広島県府中市土生町１５７２－２", "url": "https://www.iryou.teikyouseido.mhlw.go.jp/znk-web/juminkanja/S2430/initialize?prefCd=34&kikanCd=2340529070&kikanKbn=2", "url2": "https://namba-iin.com/" }, "geometry": { "type": "Point", "coordinates": [ 133.230634, 34.571172 ] } },
{ "type": "Feature", "properties": { "内容": "医療法人　あかね会　大町土谷クリニック【2:診療所】【診療科目:内科_放射線科】広島県広島市安佐南区大町東２丁目８番３５号", "url": "https://www.iryou.teikyouseido.mhlw.go.jp/znk-web/juminkanja/S2430/initialize?prefCd=34&kikanCd=2340529360&kikanKbn=2", "url2": "http://www.tsuchiya-hp.jp/hpt/oty/index.htm" }, "geometry": { "type": "Point", "coordinates": [ 132.468897, 34.461781 ] } },
{ "type": "Feature", "properties": { "内容": "医療法人　至誠会　石井整形外科リハビリクリニック【2:診療所】【診療科目:整形外科_リウマチ科_リハビリテーション科】広島県広島市安佐南区山本１－９－２６クリニックモール祇園１Ｆ", "url": "https://www.iryou.teikyouseido.mhlw.go.jp/znk-web/juminkanja/S2430/initialize?prefCd=34&kikanCd=2340529520&kikanKbn=2", "url2": "https://www.ishiiseikei-clinic.com" }, "geometry": { "type": "Point", "coordinates": [ 132.453844, 34.436894 ] } },
{ "type": "Feature", "properties": { "内容": "森原内科胃腸科医院【2:診療所】【診療科目:内科_胃腸内科】広島県安芸郡海田町蟹原一丁目１３－１１", "url": "https://www.iryou.teikyouseido.mhlw.go.jp/znk-web/juminkanja/S2430/initialize?prefCd=34&kikanCd=2340529810&kikanKbn=2", "url2": "http://www.morihara-cl.com/" }, "geometry": { "type": "Point", "coordinates": [ 132.543591, 34.370712 ] } },
{ "type": "Feature", "properties": { "内容": "かわもと皮ふ科【2:診療所】【診療科目:形成外科_皮膚科_アレルギー科】広島県安芸郡海田町窪町２－１４　はんどうビル４Ｆ", "url": "https://www.iryou.teikyouseido.mhlw.go.jp/znk-web/juminkanja/S2430/initialize?prefCd=34&kikanCd=2340529940&kikanKbn=2", "url2": "http://www.kawamotohifuka.com" }, "geometry": { "type": "Point", "coordinates": [ 132.529943, 34.371638 ] } },
{ "type": "Feature", "properties": { "内容": "医療法人　翠蘭会　加川内科【2:診療所】【診療科目:内科】広島県広島市安佐北区口田３丁目２６－５　ＭＤＲビル　４階", "url": "https://www.iryou.teikyouseido.mhlw.go.jp/znk-web/juminkanja/S2430/initialize?prefCd=34&kikanCd=2340530180&kikanKbn=2", "url2": null }, "geometry": { "type": "Point", "coordinates": [ 132.504422, 34.465642 ] } },
{ "type": "Feature", "properties": { "内容": "山東クリニック【2:診療所】【診療科目:内科_糖尿病内科_脂質代謝内科_糖尿病・代謝内科_呼吸器内科_消化器内科_肝臓内科_内視鏡内科_アレルギー疾患内科_美容皮膚科_アレルギー科】広島県広島市安佐南区緑井３－１４－８", "url": "https://www.iryou.teikyouseido.mhlw.go.jp/znk-web/juminkanja/S2430/initialize?prefCd=34&kikanCd=2340530210&kikanKbn=2", "url2": "http://santoclinic.com" }, "geometry": { "type": "Point", "coordinates": [ 132.467508, 34.468836 ] } },
{ "type": "Feature", "properties": { "内容": "医療法人　西山皮ふ科　アレルギー科【2:診療所】【診療科目:形成外科_皮膚科_アレルギー科】広島県広島市安佐南区山本一丁目９－２６　クリニックモール祇園３階", "url": "https://www.iryou.teikyouseido.mhlw.go.jp/znk-web/juminkanja/S2430/initialize?prefCd=34&kikanCd=2340530760&kikanKbn=2", "url2": null }, "geometry": { "type": "Point", "coordinates": [ 132.45385, 34.436733 ] } },
{ "type": "Feature", "properties": { "内容": "医療法人社団　きらら友正会　勝木台クリニック【2:診療所】【診療科目:内科_消化器内科_腎臓内科_人工透析内科】広島県広島市安佐北区亀山西１丁目２番１号", "url": "https://www.iryou.teikyouseido.mhlw.go.jp/znk-web/juminkanja/S2430/initialize?prefCd=34&kikanCd=2340530890&kikanKbn=2", "url2": "http://www.katsugidai-clinic.jp" }, "geometry": { "type": "Point", "coordinates": [ 132.475782, 34.534551 ] } },
{ "type": "Feature", "properties": { "内容": "広島平和クリニック【2:診療所】【診療科目:放射線科】広島県広島市中区河原町１－３１", "url": "https://www.iryou.teikyouseido.mhlw.go.jp/znk-web/juminkanja/S2430/initialize?prefCd=34&kikanCd=2340530920&kikanKbn=2", "url2": "http://www.aoikai.jp/h-heiwa/" }, "geometry": { "type": "Point", "coordinates": [ 132.447736, 34.391233 ] } },
{ "type": "Feature", "properties": { "内容": "医療法人社団秋月会　香月産婦人科【2:診療所】【診療科目:産婦人科_産婦人科（生殖医療）】広島県広島市西区己斐本町２丁目１４番２４号", "url": "https://www.iryou.teikyouseido.mhlw.go.jp/znk-web/juminkanja/S2430/initialize?prefCd=34&kikanCd=2340531060&kikanKbn=2", "url2": "http://www.katsuki-clinic.com" }, "geometry": { "type": "Point", "coordinates": [ 132.42574, 34.392811 ] } },
{ "type": "Feature", "properties": { "内容": "こばたけ医院【2:診療所】【診療科目:内科_循環器内科_消化器内科_胃腸内科】広島県福山市松浜町四丁目５－２５", "url": "https://www.iryou.teikyouseido.mhlw.go.jp/znk-web/juminkanja/S2430/initialize?prefCd=34&kikanCd=2340531800&kikanKbn=2", "url2": "http://www.kobatake-cli.jp" }, "geometry": { "type": "Point", "coordinates": [ 133.377036, 34.477994 ] } },
{ "type": "Feature", "properties": { "内容": "医療法人社団　育伸会　なかよし小児科【2:診療所】【診療科目:小児科_アレルギー科】広島県福山市引野町四丁目２２－１９", "url": "https://www.iryou.teikyouseido.mhlw.go.jp/znk-web/juminkanja/S2430/initialize?prefCd=34&kikanCd=2340531930&kikanKbn=2", "url2": "http://www.nakayoshi-web.com/" }, "geometry": { "type": "Point", "coordinates": [ 133.41004, 34.4906 ] } },
{ "type": "Feature", "properties": { "内容": "重政レディスクリニック【2:診療所】【診療科目:内科_婦人科】広島県福山市沖野上町五丁目６－２３", "url": "https://www.iryou.teikyouseido.mhlw.go.jp/znk-web/juminkanja/S2430/initialize?prefCd=34&kikanCd=2340532070&kikanKbn=2", "url2": "http://kaiinhp.fmed.jp/shigemasa-clinic/" }, "geometry": { "type": "Point", "coordinates": [ 133.364517, 34.473462 ] } },
{ "type": "Feature", "properties": { "内容": "河村小児科【2:診療所】【診療科目:小児科_小児科系その他】広島県廿日市市上平良３５８－１", "url": "https://www.iryou.teikyouseido.mhlw.go.jp/znk-web/juminkanja/S2430/initialize?prefCd=34&kikanCd=2340532100&kikanKbn=2", "url2": "http://kawamura-kids.com" }, "geometry": { "type": "Point", "coordinates": [ 132.312915, 34.35715 ] } },
{ "type": "Feature", "properties": { "内容": "きぬた小児科【2:診療所】【診療科目:小児科】広島県福山市神辺町川南９６０－３", "url": "https://www.iryou.teikyouseido.mhlw.go.jp/znk-web/juminkanja/S2430/initialize?prefCd=34&kikanCd=2340532230&kikanKbn=2", "url2": null }, "geometry": { "type": "Point", "coordinates": [ 133.370539, 34.534567 ] } },
{ "type": "Feature", "properties": { "内容": "医療法人　　木下循環器・内科【2:診療所】【診療科目:内科_循環器内科】広島県広島市南区東雲本町２－７－１０", "url": "https://www.iryou.teikyouseido.mhlw.go.jp/znk-web/juminkanja/S2430/initialize?prefCd=34&kikanCd=2340532490&kikanKbn=2", "url2": null }, "geometry": { "type": "Point", "coordinates": [ 132.486751, 34.382299 ] } },
{ "type": "Feature", "properties": { "内容": "まゆみ眼科クリニック【2:診療所】【診療科目:眼科】広島県広島市安佐南区東原１丁目１番２号　シーブリーズ東原７番館　３Ｆ", "url": "https://www.iryou.teikyouseido.mhlw.go.jp/znk-web/juminkanja/S2430/initialize?prefCd=34&kikanCd=2340532520&kikanKbn=2", "url2": null }, "geometry": { "type": "Point", "coordinates": [ 132.480064, 34.443894 ] } },
{ "type": "Feature", "properties": { "内容": "呉整形外科クリニック【2:診療所】【診療科目:整形外科_リウマチ科_リハビリテーション科】広島県呉市宝町２番５０号　レクレ４階", "url": "https://www.iryou.teikyouseido.mhlw.go.jp/znk-web/juminkanja/S2430/initialize?prefCd=34&kikanCd=2340532780&kikanKbn=2", "url2": "http://www.hishokai.or.jp/" }, "geometry": { "type": "Point", "coordinates": [ 132.557854, 34.243785 ] } },
{ "type": "Feature", "properties": { "内容": "医療法人和光　和光整形外科クリニック【2:診療所】【診療科目:整形外科_リハビリテーション科】広島県広島市佐伯区八幡東２丁目２８－８－７", "url": "https://www.iryou.teikyouseido.mhlw.go.jp/znk-web/juminkanja/S2430/initialize?prefCd=34&kikanCd=2340533080&kikanKbn=2", "url2": "wakoseikei.com" }, "geometry": { "type": "Point", "coordinates": [ 132.359799, 34.383898 ] } },
{ "type": "Feature", "properties": { "内容": "矢野脳神経外科・やのこどもクリニック【2:診療所】【診療科目:神経内科_脳神経外科_小児科_リハビリテーション科】広島県広島市安佐南区大塚西１丁目２４－１２", "url": "https://www.iryou.teikyouseido.mhlw.go.jp/znk-web/juminkanja/S2430/initialize?prefCd=34&kikanCd=2340533370&kikanKbn=2", "url2": "http://www.duopfeil.com" }, "geometry": { "type": "Point", "coordinates": [ 132.404403, 34.444671 ] } },
{ "type": "Feature", "properties": { "内容": "山下内科・消化器科クリニック【2:診療所】【診療科目:内科_消化器内科_胃腸内科】広島県広島市東区戸坂出江一丁目１－１０", "url": "https://www.iryou.teikyouseido.mhlw.go.jp/znk-web/juminkanja/S2430/initialize?prefCd=34&kikanCd=2340533530&kikanKbn=2", "url2": "https://www.hesaka-yamashitanaika.com/" }, "geometry": { "type": "Point", "coordinates": [ 132.488897, 34.431757 ] } },
{ "type": "Feature", "properties": { "内容": "医療法人さくら美容クリニックさくら美容クリニック【2:診療所】【診療科目:形成外科_美容外科_皮膚科_美容皮膚科】広島県広島市中区幟町１４番１４号　広島教販ビル４Ｆ", "url": "https://www.iryou.teikyouseido.mhlw.go.jp/znk-web/juminkanja/S2430/initialize?prefCd=34&kikanCd=2340533660&kikanKbn=2", "url2": "https://www.sakurabiyou.com/" }, "geometry": { "type": "Point", "coordinates": [ 132.466345, 34.393538 ] } },
{ "type": "Feature", "properties": { "内容": "いわもとメンタルクリニック【2:診療所】【診療科目:精神科_精神科系その他】広島県広島市中区胡町４－２４　クリタ胡町ビル２Ｆ", "url": "https://www.iryou.teikyouseido.mhlw.go.jp/znk-web/juminkanja/S2430/initialize?prefCd=34&kikanCd=2340533790&kikanKbn=2", "url2": "http://iwamoto-m-c.com" }, "geometry": { "type": "Point", "coordinates": [ 132.46529, 34.393149 ] } },
{ "type": "Feature", "properties": { "内容": "グランドタワーメディカルコートライフケアクリニック【2:診療所】【診療科目:内科_糖尿病・代謝内科_循環器内科_放射線科】広島県広島市中区上八丁堀４－１　アーバンビューグランドタワー４Ｆ", "url": "https://www.iryou.teikyouseido.mhlw.go.jp/znk-web/juminkanja/S2430/initialize?prefCd=34&kikanCd=2340533820&kikanKbn=2", "url2": "http://www.uvgt-medical.com/" }, "geometry": { "type": "Point", "coordinates": [ 132.464701, 34.399383 ] } },
{ "type": "Feature", "properties": { "内容": "医療法人　藤井レディースクリニック【2:診療所】【診療科目:内科_産婦人科】広島県広島市中区紙屋町２丁目２番６号　紙屋町イワミビル４階", "url": "https://www.iryou.teikyouseido.mhlw.go.jp/znk-web/juminkanja/S2430/initialize?prefCd=34&kikanCd=2340534090&kikanKbn=2", "url2": "http://www.fujii-ladies-clinic.jp" }, "geometry": { "type": "Point", "coordinates": [ 132.456938, 34.394364 ] } },
{ "type": "Feature", "properties": { "内容": "なかしお内科クリニック【2:診療所】【診療科目:内科_消化器内科】広島県呉市広駅前一丁目１－１０", "url": "https://www.iryou.teikyouseido.mhlw.go.jp/znk-web/juminkanja/S2430/initialize?prefCd=34&kikanCd=2340534120&kikanKbn=2", "url2": "http://www.citydo.com/prf/hiroshima/guide/sg/450001946.html" }, "geometry": { "type": "Point", "coordinates": [ 132.627256, 34.230892 ] } },
{ "type": "Feature", "properties": { "内容": "ひらた耳鼻咽喉科アレルギー科【2:診療所】【診療科目:小児耳鼻いんこう科_耳鼻いんこう科_頭頸部・耳鼻いんこう科_アレルギー科】広島県廿日市市天神１２－７　クレアーレヴェント天神ビル２Ｆ", "url": "https://www.iryou.teikyouseido.mhlw.go.jp/znk-web/juminkanja/S2430/initialize?prefCd=34&kikanCd=2340534380&kikanKbn=2", "url2": "http://www.hirata-ent.jp" }, "geometry": { "type": "Point", "coordinates": [ 132.33808, 34.354485 ] } },
{ "type": "Feature", "properties": { "内容": "医療法人　かとう小児科アレルギー科【2:診療所】【診療科目:小児科_アレルギー科】広島県東広島市西条土与丸五丁目９番６号", "url": "https://www.iryou.teikyouseido.mhlw.go.jp/znk-web/juminkanja/S2430/initialize?prefCd=34&kikanCd=2340534540&kikanKbn=2", "url2": "http://www.kato-kidsclinic.or.jp/" }, "geometry": { "type": "Point", "coordinates": [ 132.753042, 34.428345 ] } },
{ "type": "Feature", "properties": { "内容": "医療法人社団　はやしクリニック【2:診療所】【診療科目:内科_循環器内科】広島県広島市佐伯区八幡一丁目２２－１", "url": "https://www.iryou.teikyouseido.mhlw.go.jp/znk-web/juminkanja/S2430/initialize?prefCd=34&kikanCd=2340534960&kikanKbn=2", "url2": "http://www.hayashi3.com/" }, "geometry": { "type": "Point", "coordinates": [ 132.357465, 34.386954 ] } },
{ "type": "Feature", "properties": { "内容": "あさだ内科【2:診療所】【診療科目:内科_呼吸器内科_消化器内科】広島県三原市宮浦５丁目１６－２３", "url": "https://www.iryou.teikyouseido.mhlw.go.jp/znk-web/juminkanja/S2430/initialize?prefCd=34&kikanCd=2340535390&kikanKbn=2", "url2": "https://www.nasada060202.jp" }, "geometry": { "type": "Point", "coordinates": [ 133.060907, 34.394826 ] } },
{ "type": "Feature", "properties": { "内容": "さくら内科・循環器内科【2:診療所】【診療科目:内科_呼吸器内科_循環器内科_消化器内科】広島県広島市中区本川町１丁目１番２６号　山根ビル２Ｆ", "url": "https://www.iryou.teikyouseido.mhlw.go.jp/znk-web/juminkanja/S2430/initialize?prefCd=34&kikanCd=2340535680&kikanKbn=2", "url2": "https://sakuranaika.sunnyday.jp" }, "geometry": { "type": "Point", "coordinates": [ 132.450929, 34.39651 ] } },
{ "type": "Feature", "properties": { "内容": "おおひら内科クリニック【2:診療所】【診療科目:内科_呼吸器内科_循環器内科】広島県広島市西区己斐上１－１１－３６", "url": "https://www.iryou.teikyouseido.mhlw.go.jp/znk-web/juminkanja/S2430/initialize?prefCd=34&kikanCd=2340535710&kikanKbn=2", "url2": "http://www.ccv.ne.jp/home/oohira/" }, "geometry": { "type": "Point", "coordinates": [ 132.419821, 34.406092 ] } },
{ "type": "Feature", "properties": { "内容": "湯来まつむらクリニック【2:診療所】【診療科目:内科_呼吸器内科_循環器内科_消化器内科_外科】広島県広島市佐伯区湯来町白砂５９０番地", "url": "https://www.iryou.teikyouseido.mhlw.go.jp/znk-web/juminkanja/S2430/initialize?prefCd=34&kikanCd=2340535840&kikanKbn=2", "url2": "http://www.matsumura-cc.jp/" }, "geometry": { "type": "Point", "coordinates": [ 132.288857, 34.421628 ] } },
{ "type": "Feature", "properties": { "内容": "医療法人　児玉医院【2:診療所】【診療科目:内科_消化器内科_外科】広島県尾道市瀬戸田町瀬戸田３４６", "url": "https://www.iryou.teikyouseido.mhlw.go.jp/znk-web/juminkanja/S2430/initialize?prefCd=34&kikanCd=2340536720&kikanKbn=2", "url2": null }, "geometry": { "type": "Point", "coordinates": [ 133.091658, 34.302448 ] } },
{ "type": "Feature", "properties": { "内容": "かじまクリニック【2:診療所】【診療科目:内科_神経内科_小児科_放射線科】広島県呉市宮原２－６－６", "url": "https://www.iryou.teikyouseido.mhlw.go.jp/znk-web/juminkanja/S2430/initialize?prefCd=34&kikanCd=2340536850&kikanKbn=2", "url2": "http://www.hospitalbank.com/kajima/" }, "geometry": { "type": "Point", "coordinates": [ 132.565677, 34.235251 ] } },
{ "type": "Feature", "properties": { "内容": "はまもと皮ふ科【2:診療所】【診療科目:形成外科_皮膚科_アレルギー科】広島県安芸郡熊野町出来庭１０丁目４－４", "url": "https://www.iryou.teikyouseido.mhlw.go.jp/znk-web/juminkanja/S2430/initialize?prefCd=34&kikanCd=2340536980&kikanKbn=2", "url2": null }, "geometry": { "type": "Point", "coordinates": [ 132.567728, 34.332991 ] } },
{ "type": "Feature", "properties": { "内容": "こさこ皮ふ科クリニック【2:診療所】【診療科目:皮膚科】広島県三次市十日市東四丁目１番３０号", "url": "https://www.iryou.teikyouseido.mhlw.go.jp/znk-web/juminkanja/S2430/initialize?prefCd=34&kikanCd=2340537150&kikanKbn=2", "url2": null }, "geometry": { "type": "Point", "coordinates": [ 132.860155, 34.804418 ] } },
{ "type": "Feature", "properties": { "内容": "河本内科クリニック【2:診療所】【診療科目:内科_胃腸内科】広島県庄原市板橋町１６４－４", "url": "https://www.iryou.teikyouseido.mhlw.go.jp/znk-web/juminkanja/S2430/initialize?prefCd=34&kikanCd=2340537280&kikanKbn=2", "url2": "http://www.citydo.com/sp/0824-75-0311" }, "geometry": { "type": "Point", "coordinates": [ 133.018441, 34.849863 ] } },
{ "type": "Feature", "properties": { "内容": "高山内科クリニック【2:診療所】【診療科目:内科_糖尿病内科_内分泌内科_糖尿病・代謝内科】広島県広島市中区吉島東１丁目２３番１０の５", "url": "https://www.iryou.teikyouseido.mhlw.go.jp/znk-web/juminkanja/S2430/initialize?prefCd=34&kikanCd=2340537310&kikanKbn=2", "url2": null }, "geometry": { "type": "Point", "coordinates": [ 132.450431, 34.372735 ] } },
{ "type": "Feature", "properties": { "内容": "医療法人むらき小児科【2:診療所】【診療科目:小児科】広島県広島市西区庚午北２丁目２２－４　サンフラワービル　２Ｆ", "url": "https://www.iryou.teikyouseido.mhlw.go.jp/znk-web/juminkanja/S2430/initialize?prefCd=34&kikanCd=2340537440&kikanKbn=2", "url2": "https://muraki-kids-clinic.com" }, "geometry": { "type": "Point", "coordinates": [ 132.417544, 34.389843 ] } },
{ "type": "Feature", "properties": { "内容": "医療法人　新緑会　かわした泌尿器科クリニック【2:診療所】【診療科目:泌尿器科】広島県広島市安佐南区東原１－１－２　シーブリーズ７番館３０１号", "url": "https://www.iryou.teikyouseido.mhlw.go.jp/znk-web/juminkanja/S2430/initialize?prefCd=34&kikanCd=2340537600&kikanKbn=2", "url2": null }, "geometry": { "type": "Point", "coordinates": [ 132.480314, 34.443922 ] } },
{ "type": "Feature", "properties": { "内容": "医療法人つぐお会　フジハラレディースクリニック【2:診療所】【診療科目:産婦人科】広島県広島市安佐南区祇園５－２－１", "url": "https://www.iryou.teikyouseido.mhlw.go.jp/znk-web/juminkanja/S2430/initialize?prefCd=34&kikanCd=2340537730&kikanKbn=2", "url2": "http://www.fujihara-lc.jp" }, "geometry": { "type": "Point", "coordinates": [ 132.460843, 34.446727 ] } },
{ "type": "Feature", "properties": { "内容": "三上クリニック【2:診療所】【診療科目:内科_呼吸器内科_循環器内科_胃腸内科_アレルギー疾患内科_放射線科】広島県庄原市東城町東城３７５－５", "url": "https://www.iryou.teikyouseido.mhlw.go.jp/znk-web/juminkanja/S2430/initialize?prefCd=34&kikanCd=2340537860&kikanKbn=2", "url2": null }, "geometry": { "type": "Point", "coordinates": [ 133.271515, 34.89778 ] } },
{ "type": "Feature", "properties": { "内容": "船町ふじおかクリニック【2:診療所】【診療科目:内科_消化器内科_外科_放射線科】広島県福山市船町３－４", "url": "https://www.iryou.teikyouseido.mhlw.go.jp/znk-web/juminkanja/S2430/initialize?prefCd=34&kikanCd=2340537990&kikanKbn=2", "url2": "http://kaiinhp.fmed.jp/funamachicl/" }, "geometry": { "type": "Point", "coordinates": [ 133.368571, 34.487155 ] } },
{ "type": "Feature", "properties": { "内容": "森田内科クリニック【2:診療所】【診療科目:内科_呼吸器内科_循環器内科_消化器内科_漢方内科_内視鏡内科_疼痛緩和内科_アレルギー疾患内科_アレルギー科】広島県福山市南蔵王町六丁目４－１３", "url": "https://www.iryou.teikyouseido.mhlw.go.jp/znk-web/juminkanja/S2430/initialize?prefCd=34&kikanCd=2340538030&kikanKbn=2", "url2": "http://kaiinhp.fmed.jp/moritacl/" }, "geometry": { "type": "Point", "coordinates": [ 133.401121, 34.499145 ] } },
{ "type": "Feature", "properties": { "内容": "大崎上島町耳鼻咽喉科診療所【2:診療所】【診療科目:耳鼻いんこう科】広島県豊田郡大崎上島町東野６６２５－１", "url": "https://www.iryou.teikyouseido.mhlw.go.jp/znk-web/juminkanja/S2430/initialize?prefCd=34&kikanCd=2340538290&kikanKbn=2", "url2": null }, "geometry": { "type": "Point", "coordinates": [ 132.914619, 34.269865 ] } },
{ "type": "Feature", "properties": { "内容": "医療法人社団スマイル　クレア焼山クリニック【2:診療所】【診療科目:内科_循環器内科_消化器内科_腎臓内科_人工透析内科】広島県呉市神山３丁目３番３号", "url": "https://www.iryou.teikyouseido.mhlw.go.jp/znk-web/juminkanja/S2430/initialize?prefCd=34&kikanCd=2340538580&kikanKbn=2", "url2": "http://d-smile.or.jp/cyc/" }, "geometry": { "type": "Point", "coordinates": [ 132.567758, 34.287412 ] } },
{ "type": "Feature", "properties": { "内容": "焼山中央内科クリニック【2:診療所】【診療科目:内科_代謝内科_内分泌内科_循環器内科_消化器内科】広島県呉市焼山中央２丁目５番地７号クリニックモールリフレ１Ｆ", "url": "https://www.iryou.teikyouseido.mhlw.go.jp/znk-web/juminkanja/S2430/initialize?prefCd=34&kikanCd=2340538740&kikanKbn=2", "url2": null }, "geometry": { "type": "Point", "coordinates": [ 132.557064, 34.29587 ] } },
{ "type": "Feature", "properties": { "内容": "みなもと眼科【2:診療所】【診療科目:眼科】広島県広島市南区東本浦町１７－１２－１０１", "url": "https://www.iryou.teikyouseido.mhlw.go.jp/znk-web/juminkanja/S2430/initialize?prefCd=34&kikanCd=2340538900&kikanKbn=2", "url2": "http://www.minamoto-eye.jp/" }, "geometry": { "type": "Point", "coordinates": [ 132.492267, 34.375444 ] } },
{ "type": "Feature", "properties": { "内容": "まつもりファミリークリニック【2:診療所】【診療科目:内科_消化器内科_外科_整形外科】広島県福山市本庄町中一丁目２－１３", "url": "https://www.iryou.teikyouseido.mhlw.go.jp/znk-web/juminkanja/S2430/initialize?prefCd=34&kikanCd=2340539170&kikanKbn=2", "url2": "https://family-c.fmed.jp/" }, "geometry": { "type": "Point", "coordinates": [ 133.352711, 34.48946 ] } },
{ "type": "Feature", "properties": { "内容": "医療法人社団　大下クリニック【2:診療所】【診療科目:内科_胃腸内科_外科_整形外科_小児科_リハビリテーション科_放射線科】広島県呉市天応南町１１ー１", "url": "https://www.iryou.teikyouseido.mhlw.go.jp/znk-web/juminkanja/S2430/initialize?prefCd=34&kikanCd=2340539200&kikanKbn=2", "url2": null }, "geometry": { "type": "Point", "coordinates": [ 132.51699, 34.284621 ] } },
{ "type": "Feature", "properties": { "内容": "中谷整形外科【2:診療所】【診療科目:整形外科_リハビリテーション科】広島県広島市東区愛宕町９－１７", "url": "https://www.iryou.teikyouseido.mhlw.go.jp/znk-web/juminkanja/S2430/initialize?prefCd=34&kikanCd=2340539460&kikanKbn=2", "url2": null }, "geometry": { "type": "Point", "coordinates": [ 132.479899, 34.396121 ] } },
{ "type": "Feature", "properties": { "内容": "わたなべ耳鼻咽喉科・アレルギー科【2:診療所】【診療科目:耳鼻いんこう科_アレルギー科】広島県広島市安佐南区東原１丁目１－２　シーブリーズ東原７番館４０３", "url": "https://www.iryou.teikyouseido.mhlw.go.jp/znk-web/juminkanja/S2430/initialize?prefCd=34&kikanCd=2340539620&kikanKbn=2", "url2": "http://www.watanabeoto.com/" }, "geometry": { "type": "Point", "coordinates": [ 132.479481, 34.4437 ] } },
{ "type": "Feature", "properties": { "内容": "くすのきクリニック【2:診療所】【診療科目:整形外科_リハビリテーション科】広島県広島市中区光南１－１５－１０", "url": "https://www.iryou.teikyouseido.mhlw.go.jp/znk-web/juminkanja/S2430/initialize?prefCd=34&kikanCd=2340539910&kikanKbn=2", "url2": null }, "geometry": { "type": "Point", "coordinates": [ 132.446959, 34.367152 ] } },
{ "type": "Feature", "properties": { "内容": "医療法人社団　京口門クリニック【2:診療所】【診療科目:精神科_心療内科】広島県広島市中区八丁堀１２－１０　ジェイシティ八丁堀", "url": "https://www.iryou.teikyouseido.mhlw.go.jp/znk-web/juminkanja/S2430/initialize?prefCd=34&kikanCd=2340540020&kikanKbn=2", "url2": "http://www.kyouguchimon-clinic.jp/" }, "geometry": { "type": "Point", "coordinates": [ 132.463215, 34.395386 ] } },
{ "type": "Feature", "properties": { "内容": "医療法人　健真会　山本整形外科クリニック【2:診療所】【診療科目:整形外科_リウマチ科_リハビリテーション科】広島県広島市南区青崎２丁目４番２０号", "url": "https://www.iryou.teikyouseido.mhlw.go.jp/znk-web/juminkanja/S2430/initialize?prefCd=34&kikanCd=2340540150&kikanKbn=2", "url2": "http://www.kensinkai.or.jp" }, "geometry": { "type": "Point", "coordinates": [ 132.507509, 34.374458 ] } },
{ "type": "Feature", "properties": { "内容": "よしだレディースクリニック内科・小児科【2:診療所】【診療科目:内科_消化器内科_小児科_婦人科_産婦人科（生殖医療）】広島県福山市新涯町３丁目１９－３６", "url": "https://www.iryou.teikyouseido.mhlw.go.jp/znk-web/juminkanja/S2430/initialize?prefCd=34&kikanCd=2340540310&kikanKbn=2", "url2": "http://www.yoshida-ladies.net/" }, "geometry": { "type": "Point", "coordinates": [ 133.391626, 34.460964 ] } },
{ "type": "Feature", "properties": { "内容": "富永内科【2:診療所】【診療科目:内科_循環器内科】広島県呉市中央３丁目１番９号", "url": "https://www.iryou.teikyouseido.mhlw.go.jp/znk-web/juminkanja/S2430/initialize?prefCd=34&kikanCd=2340540570&kikanKbn=2", "url2": null }, "geometry": { "type": "Point", "coordinates": [ 132.561288, 34.248062 ] } },
{ "type": "Feature", "properties": { "内容": "かじやま内科循環器科【2:診療所】【診療科目:内科_呼吸器内科_循環器内科_アレルギー疾患内科】広島県三原市宮沖２－６－１８", "url": "https://www.iryou.teikyouseido.mhlw.go.jp/znk-web/juminkanja/S2430/initialize?prefCd=34&kikanCd=2340540600&kikanKbn=2", "url2": "http://www.citydo.com/prf/hiroshima/guide/sg/455001073...." }, "geometry": { "type": "Point", "coordinates": [ 133.074577, 34.396742 ] } },
{ "type": "Feature", "properties": { "内容": "徳永医院【2:診療所】【診療科目:内科_外科_泌尿器科】広島県福山市鞆町鞆９０８－３", "url": "https://www.iryou.teikyouseido.mhlw.go.jp/znk-web/juminkanja/S2430/initialize?prefCd=34&kikanCd=2340540730&kikanKbn=2", "url2": "https://www.tokunaga-iin.jp" }, "geometry": { "type": "Point", "coordinates": [ 133.38052, 34.383528 ] } },
{ "type": "Feature", "properties": { "内容": "高橋泌尿器科・皮ふ科クリニック【2:診療所】【診療科目:皮膚科_泌尿器科_アレルギー科】広島県広島市東区温品７－１０－１１－１８", "url": "https://www.iryou.teikyouseido.mhlw.go.jp/znk-web/juminkanja/S2430/initialize?prefCd=34&kikanCd=2340540990&kikanKbn=2", "url2": "http://www.takahashi-c.com/" }, "geometry": { "type": "Point", "coordinates": [ 132.51009, 34.414537 ] } },
{ "type": "Feature", "properties": { "内容": "わかばクリニック【2:診療所】【診療科目:内科_糖尿病内科_内分泌内科_脂質代謝内科_呼吸器内科_循環器内科_消化器内科_胃腸内科_腎臓内科_漢方内科_老年内科_内視鏡内科_肛門外科_精神科_心療内科_アレルギー科_リウマチ科】広島県広島市西区己斐本町１丁目９－２０", "url": "https://www.iryou.teikyouseido.mhlw.go.jp/znk-web/juminkanja/S2430/initialize?prefCd=34&kikanCd=2340541030&kikanKbn=2", "url2": "https://wakabaclinic.sakura.ne.jp/top.shtml" }, "geometry": { "type": "Point", "coordinates": [ 132.429265, 34.398027 ] } },
{ "type": "Feature", "properties": { "内容": "明神館クリニック【2:診療所】【診療科目:内科_神経内科_泌尿器科】広島県福山市明神町２丁目５－２２", "url": "https://www.iryou.teikyouseido.mhlw.go.jp/znk-web/juminkanja/S2430/initialize?prefCd=34&kikanCd=2340541160&kikanKbn=2", "url2": "http://www.myojin-kan.jp" }, "geometry": { "type": "Point", "coordinates": [ 133.399596, 34.49235 ] } },
{ "type": "Feature", "properties": { "内容": "おの内科クリニック【2:診療所】【診療科目:内科_循環器内科】広島県東広島市安芸津町風早１１１８番地１４", "url": "https://www.iryou.teikyouseido.mhlw.go.jp/znk-web/juminkanja/S2430/initialize?prefCd=34&kikanCd=2340541290&kikanKbn=2", "url2": null }, "geometry": { "type": "Point", "coordinates": [ 132.794988, 34.31022 ] } },
{ "type": "Feature", "properties": { "内容": "医療法人社団緑子会千田こどもクリニック【2:診療所】【診療科目:小児科】広島県広島市中区千田町２－１－２７　井原ビル１階", "url": "https://www.iryou.teikyouseido.mhlw.go.jp/znk-web/juminkanja/S2430/initialize?prefCd=34&kikanCd=2340541320&kikanKbn=2", "url2": "http://www.senda-kodomo.jp/" }, "geometry": { "type": "Point", "coordinates": [ 132.456208, 34.379401 ] } },
{ "type": "Feature", "properties": { "内容": "医療法人　なかむら内科クリニック【2:診療所】【診療科目:内科_消化器内科_肝臓内科】広島県広島市中区大手町１－１－２０　相生橋ビル９Ｆ（折り鶴タワー隣）", "url": "https://www.iryou.teikyouseido.mhlw.go.jp/znk-web/juminkanja/S2430/initialize?prefCd=34&kikanCd=2340541580&kikanKbn=2", "url2": "https://nakamuranaika.net/" }, "geometry": { "type": "Point", "coordinates": [ 132.455098, 34.395644 ] } },
{ "type": "Feature", "properties": { "内容": "医療法人　平和大通り心療クリニック【2:診療所】【診療科目:精神科_心療内科】広島県広島市中区中町８－６　フジタビル３Ｆ", "url": "https://www.iryou.teikyouseido.mhlw.go.jp/znk-web/juminkanja/S2430/initialize?prefCd=34&kikanCd=2340541610&kikanKbn=2", "url2": "http//:www.heiwa-shinryou.net/" }, "geometry": { "type": "Point", "coordinates": [ 132.458856, 34.389703 ] } },
{ "type": "Feature", "properties": { "内容": "医療法人社団　髙畑医院【2:診療所】【診療科目:内科_循環器内科_精神科_心療内科】広島県広島市南区宇品御幸５丁目１６－１６", "url": "https://www.iryou.teikyouseido.mhlw.go.jp/znk-web/juminkanja/S2430/initialize?prefCd=34&kikanCd=2340541740&kikanKbn=2", "url2": null }, "geometry": { "type": "Point", "coordinates": [ 132.463041, 34.357014 ] } },
{ "type": "Feature", "properties": { "内容": "にいみ皮ふ科アレルギー科【2:診療所】【診療科目:皮膚科_アレルギー科】広島県広島市安佐南区川内５－３１－１１", "url": "https://www.iryou.teikyouseido.mhlw.go.jp/znk-web/juminkanja/S2430/initialize?prefCd=34&kikanCd=2340541870&kikanKbn=2", "url2": "https://www.niimi-hifuka.jp" }, "geometry": { "type": "Point", "coordinates": [ 132.483257, 34.468142 ] } },
{ "type": "Feature", "properties": { "内容": "医療法人地主クリニック【2:診療所】【診療科目:内科_消化器内科_外科_肛門外科_整形外科_アレルギー科_リハビリテーション科】広島県広島市安佐南区祇園２－１２－１９", "url": "https://www.iryou.teikyouseido.mhlw.go.jp/znk-web/juminkanja/S2430/initialize?prefCd=34&kikanCd=2340541900&kikanKbn=2", "url2": "http://jinushi-clinic.jp/" }, "geometry": { "type": "Point", "coordinates": [ 132.46787, 34.444727 ] } },
{ "type": "Feature", "properties": { "内容": "小椿クリニック【2:診療所】【診療科目:内科_呼吸器内科_循環器内科_消化器内科_放射線科】広島県広島市安佐北区白木町三田下小椿４２７５－１", "url": "https://www.iryou.teikyouseido.mhlw.go.jp/znk-web/juminkanja/S2430/initialize?prefCd=34&kikanCd=2340542040&kikanKbn=2", "url2": "https://kotsubaki-clinic.com/" }, "geometry": { "type": "Point", "coordinates": [ 132.588531, 34.498244 ] } },
{ "type": "Feature", "properties": { "内容": "さとう脳外科クリニック【2:診療所】【診療科目:内科_脳神経外科_リハビリテーション科_放射線科】広島県福山市大門町三丁目２８－４３", "url": "https://www.iryou.teikyouseido.mhlw.go.jp/znk-web/juminkanja/S2430/initialize?prefCd=34&kikanCd=2340542170&kikanKbn=2", "url2": "https://www.sato-nougeka.com" }, "geometry": { "type": "Point", "coordinates": [ 133.440537, 34.493322 ] } },
{ "type": "Feature", "properties": { "内容": "澤医院【2:診療所】【診療科目:内科_消化器内科_外科_消化器外科】広島県江田島市大柿町小古江６６８－２", "url": "https://www.iryou.teikyouseido.mhlw.go.jp/znk-web/juminkanja/S2430/initialize?prefCd=34&kikanCd=2340542330&kikanKbn=2", "url2": "https://etajima-sawa-clinic.com/" }, "geometry": { "type": "Point", "coordinates": [ 132.456106, 34.1812 ] } },
{ "type": "Feature", "properties": { "内容": "医療法人　にしお小児科アレルギー科【2:診療所】【診療科目:小児科_アレルギー科】広島県広島市安佐南区山本１丁目９番２６号", "url": "https://www.iryou.teikyouseido.mhlw.go.jp/znk-web/juminkanja/S2430/initialize?prefCd=34&kikanCd=2340542590&kikanKbn=2", "url2": "https://www.nishiocc.com/" }, "geometry": { "type": "Point", "coordinates": [ 132.453816, 34.436811 ] } },
{ "type": "Feature", "properties": { "内容": "医療法人社団仁友会　尾道クリニック【2:診療所】【診療科目:内科_腎臓内科_人工透析内科_眼科】広島県尾道市新浜２丁目１０番１２号", "url": "https://www.iryou.teikyouseido.mhlw.go.jp/znk-web/juminkanja/S2430/initialize?prefCd=34&kikanCd=2340542880&kikanKbn=2", "url2": "http://www.onocli.jp/" }, "geometry": { "type": "Point", "coordinates": [ 133.177091, 34.3998 ] } },
{ "type": "Feature", "properties": { "内容": "網本内科消化器科医院【2:診療所】【診療科目:内科_消化器内科】広島県廿日市市平良２丁目１０－３７", "url": "https://www.iryou.teikyouseido.mhlw.go.jp/znk-web/juminkanja/S2430/initialize?prefCd=34&kikanCd=2340543050&kikanKbn=2", "url2": "http://www.amimoto-clinic.com/" }, "geometry": { "type": "Point", "coordinates": [ 132.326956, 34.353824 ] } },
{ "type": "Feature", "properties": { "内容": "藤堂眼科医院【2:診療所】【診療科目:眼科】広島県広島市中区銀山町１－６", "url": "https://www.iryou.teikyouseido.mhlw.go.jp/znk-web/juminkanja/S2430/initialize?prefCd=34&kikanCd=2340543210&kikanKbn=2", "url2": "http://www.todo-ganka.com" }, "geometry": { "type": "Point", "coordinates": [ 132.468428, 34.392149 ] } },
{ "type": "Feature", "properties": { "内容": "たかいしクリニック【2:診療所】【診療科目:内科_消化器内科】広島県広島市佐伯区坪井１丁目２１－４３", "url": "https://www.iryou.teikyouseido.mhlw.go.jp/znk-web/juminkanja/S2430/initialize?prefCd=34&kikanCd=2340543470&kikanKbn=2", "url2": "http://www.takaishi-clinic-naika.info/" }, "geometry": { "type": "Point", "coordinates": [ 132.349828, 34.377316 ] } },
{ "type": "Feature", "properties": { "内容": "医療法人　優和会　こどい内科クリニック【2:診療所】【診療科目:内科_糖尿病内科_呼吸器内科_消化器内科_内視鏡内科_心療内科_リハビリテーション科】広島県広島市佐伯区八幡東二丁目２８番５４号", "url": "https://www.iryou.teikyouseido.mhlw.go.jp/znk-web/juminkanja/S2430/initialize?prefCd=34&kikanCd=2340543630&kikanKbn=2", "url2": "http://www.kodoi-naika.com/" }, "geometry": { "type": "Point", "coordinates": [ 132.35932, 34.384557 ] } },
{ "type": "Feature", "properties": { "内容": "まつおか耳鼻咽喉科【2:診療所】【診療科目:耳鼻いんこう科】広島県福山市水呑町三新田２丁目２８", "url": "https://www.iryou.teikyouseido.mhlw.go.jp/znk-web/juminkanja/S2430/initialize?prefCd=34&kikanCd=2340543760&kikanKbn=2", "url2": "http://matsuokajibi.byoinnavi.jp/" }, "geometry": { "type": "Point", "coordinates": [ 133.386405, 34.446271 ] } },
{ "type": "Feature", "properties": { "内容": "西町クリニック耳鼻咽喉科【2:診療所】【診療科目:耳鼻いんこう科】広島県福山市西町二丁目５－６", "url": "https://www.iryou.teikyouseido.mhlw.go.jp/znk-web/juminkanja/S2430/initialize?prefCd=34&kikanCd=2340544060&kikanKbn=2", "url2": "https://nishimachi-c.sakura.ne.jp" }, "geometry": { "type": "Point", "coordinates": [ 133.357933, 34.490182 ] } },
{ "type": "Feature", "properties": { "内容": "ひふみクリニック【2:診療所】【診療科目:内科】広島県広島市中区西白島町１８－２６", "url": "https://www.iryou.teikyouseido.mhlw.go.jp/znk-web/juminkanja/S2430/initialize?prefCd=34&kikanCd=2340544190&kikanKbn=2", "url2": "http://www1.ocn.ne.jp/~hifumi-c/" }, "geometry": { "type": "Point", "coordinates": [ 132.461873, 34.405287 ] } },
{ "type": "Feature", "properties": { "内容": "大町メディカルクリニック【2:診療所】【診療科目:内科_糖尿病内科_循環器内科_消化器内科_胃腸内科_リハビリテーション科】広島県広島市安佐南区大町東２－１２－２４", "url": "https://www.iryou.teikyouseido.mhlw.go.jp/znk-web/juminkanja/S2430/initialize?prefCd=34&kikanCd=2340544350&kikanKbn=2", "url2": "https://omachi-medical-clinic.jp/" }, "geometry": { "type": "Point", "coordinates": [ 132.468507, 34.460826 ] } },
{ "type": "Feature", "properties": { "内容": "医療法人社団博典会檀上医院【2:診療所】【診療科目:内科】広島県尾道市西御所町９番９号", "url": "https://www.iryou.teikyouseido.mhlw.go.jp/znk-web/juminkanja/S2430/initialize?prefCd=34&kikanCd=2340544640&kikanKbn=2", "url2": null }, "geometry": { "type": "Point", "coordinates": [ 133.188868, 34.40355 ] } },
{ "type": "Feature", "properties": { "内容": "五月が丘クリニック【2:診療所】【診療科目:内科_胃腸内科】広島県広島市佐伯区五月が丘五丁目２０－９", "url": "https://www.iryou.teikyouseido.mhlw.go.jp/znk-web/juminkanja/S2430/initialize?prefCd=34&kikanCd=2340545070&kikanKbn=2", "url2": "http://satsukigaoka-clinic.p2.weblife.me" }, "geometry": { "type": "Point", "coordinates": [ 132.401086, 34.426687 ] } },
{ "type": "Feature", "properties": { "内容": "おおもとウィメンズクリニック【2:診療所】【診療科目:産婦人科_婦人科】広島県福山市水呑町三新田二丁目２７番地", "url": "https://www.iryou.teikyouseido.mhlw.go.jp/znk-web/juminkanja/S2430/initialize?prefCd=34&kikanCd=2340545100&kikanKbn=2", "url2": "http://ohwc.jp" }, "geometry": { "type": "Point", "coordinates": [ 133.3866428, 34.4461592 ] } },
{ "type": "Feature", "properties": { "内容": "児玉クリニック【2:診療所】【診療科目:内科_胃腸内科_外科】広島県安芸郡熊野町萩原三丁目１番１号", "url": "https://www.iryou.teikyouseido.mhlw.go.jp/znk-web/juminkanja/S2430/initialize?prefCd=34&kikanCd=2340545230&kikanKbn=2", "url2": "http://www.citydo.com/sp/082-855-4700" }, "geometry": { "type": "Point", "coordinates": [ 132.589421, 34.338574 ] } },
{ "type": "Feature", "properties": { "内容": "天神川なかむら内科【2:診療所】【診療科目:内科_糖尿病内科_呼吸器内科】広島県安芸郡府中町大須１丁目１７－２２", "url": "https://www.iryou.teikyouseido.mhlw.go.jp/znk-web/juminkanja/S2430/initialize?prefCd=34&kikanCd=2340545360&kikanKbn=2", "url2": "http://cgi1.plala.or.jp/~Tenjin/HP/index.cgi" }, "geometry": { "type": "Point", "coordinates": [ 132.500731, 34.391595 ] } },
{ "type": "Feature", "properties": { "内容": "医療法人徳永呼吸睡眠クリニック【2:診療所】【診療科目:内科_呼吸器内科】広島県広島市中区幟町１３－１４広島マツダビル２Ｆ", "url": "https://www.iryou.teikyouseido.mhlw.go.jp/znk-web/juminkanja/S2430/initialize?prefCd=34&kikanCd=2340545520&kikanKbn=2", "url2": "http://www.respiration-sleep.com/" }, "geometry": { "type": "Point", "coordinates": [ 132.465956, 34.393649 ] } },
{ "type": "Feature", "properties": { "内容": "八丁堀眼科医院【2:診療所】【診療科目:眼科】広島県広島市中区鉄砲町９－１０　湯浅ビル３Ｆ", "url": "https://www.iryou.teikyouseido.mhlw.go.jp/znk-web/juminkanja/S2430/initialize?prefCd=34&kikanCd=2340545650&kikanKbn=2", "url2": "http://park5.wakwak.com/~maepi54/" }, "geometry": { "type": "Point", "coordinates": [ 132.46467, 34.394323 ] } },
{ "type": "Feature", "properties": { "内容": "醫療法人齊和會　廣島クリニック【2:診療所】【診療科目:内科_漢方内科_整形外科_リウマチ科_リハビリテーション科】広島県広島市西区東観音町２０－１６", "url": "https://www.iryou.teikyouseido.mhlw.go.jp/znk-web/juminkanja/S2430/initialize?prefCd=34&kikanCd=2340545780&kikanKbn=2", "url2": "http://www2.gol.com/users/hclinic/" }, "geometry": { "type": "Point", "coordinates": [ 132.43807, 34.390816 ] } },
{ "type": "Feature", "properties": { "内容": "木阪クリニック【2:診療所】【診療科目:内科_循環器内科_消化器内科_外科_肛門外科_小児科_皮膚科_美容皮膚科】広島県東広島市西条本町１２－２", "url": "https://www.iryou.teikyouseido.mhlw.go.jp/znk-web/juminkanja/S2430/initialize?prefCd=34&kikanCd=2340546110&kikanKbn=2", "url2": "http://www.kisaka-hp.or.jp" }, "geometry": { "type": "Point", "coordinates": [ 132.743126, 34.430405 ] } },
{ "type": "Feature", "properties": { "内容": "みはら内科クリニック【2:診療所】【診療科目:内科_循環器内科_消化器内科】広島県安芸郡府中町大通２丁目８－２１　大興クリニックビル２Ｆ", "url": "https://www.iryou.teikyouseido.mhlw.go.jp/znk-web/juminkanja/S2430/initialize?prefCd=34&kikanCd=2340546240&kikanKbn=2", "url2": "https://www.mihara-naika.com/" }, "geometry": { "type": "Point", "coordinates": [ 132.503808, 34.391691 ] } },
{ "type": "Feature", "properties": { "内容": "海田心療内科メンタルクリニック【2:診療所】【診療科目:精神科_神経科_心療内科_老年精神科_老年心療内科】広島県安芸郡海田町新町１１－２０　丹京ビル１階", "url": "https://www.iryou.teikyouseido.mhlw.go.jp/znk-web/juminkanja/S2430/initialize?prefCd=34&kikanCd=2340546370&kikanKbn=2", "url2": "http://www.myclinic.ne.jp/kaita/pc/" }, "geometry": { "type": "Point", "coordinates": [ 132.531063, 34.373319 ] } },
{ "type": "Feature", "properties": { "内容": "すくすくキッズクリニック【2:診療所】【診療科目:小児科】広島県安芸郡府中町大通２丁目８－２１　大興クリニックビル４Ｆ", "url": "https://www.iryou.teikyouseido.mhlw.go.jp/znk-web/juminkanja/S2430/initialize?prefCd=34&kikanCd=2340546400&kikanKbn=2", "url2": "http://www.sukusuku-kids.com/" }, "geometry": { "type": "Point", "coordinates": [ 132.503564, 34.39165 ] } },
{ "type": "Feature", "properties": { "内容": "白根耳鼻咽喉科【2:診療所】【診療科目:頭頸部外科_耳鼻いんこう科_アレルギー科】広島県安芸郡府中町鶴江１丁目２５－２０　モーティマービル３Ｆ", "url": "https://www.iryou.teikyouseido.mhlw.go.jp/znk-web/juminkanja/S2430/initialize?prefCd=34&kikanCd=2340546530&kikanKbn=2", "url2": "http://www.shirane-ent-clinic.com/" }, "geometry": { "type": "Point", "coordinates": [ 132.504175, 34.39926 ] } },
{ "type": "Feature", "properties": { "内容": "しらね眼科【2:診療所】【診療科目:眼科】広島県安芸郡府中町鶴江１丁目２５番２０号　モーティマービル２階", "url": "https://www.iryou.teikyouseido.mhlw.go.jp/znk-web/juminkanja/S2430/initialize?prefCd=34&kikanCd=2340546660&kikanKbn=2", "url2": "http://www.shirane-eye-clinic.com/" }, "geometry": { "type": "Point", "coordinates": [ 132.504147, 34.399288 ] } },
{ "type": "Feature", "properties": { "内容": "森皮ふ科アレルギー科【2:診療所】【診療科目:皮膚科_アレルギー科】広島県呉市広古新開８丁目３２－４", "url": "https://www.iryou.teikyouseido.mhlw.go.jp/znk-web/juminkanja/S2430/initialize?prefCd=34&kikanCd=2340547540&kikanKbn=2", "url2": "http://mori.webmedipr.jp/" }, "geometry": { "type": "Point", "coordinates": [ 132.6222, 34.242807 ] } },
{ "type": "Feature", "properties": { "内容": "医療法人よこがわ　しのだ皮ふ科【2:診療所】【診療科目:皮膚科_アレルギー科】広島県広島市西区横川町２－９－２２", "url": "https://www.iryou.teikyouseido.mhlw.go.jp/znk-web/juminkanja/S2430/initialize?prefCd=34&kikanCd=2340547700&kikanKbn=2", "url2": "http://www.shinodaderma.com" }, "geometry": { "type": "Point", "coordinates": [ 132.449485, 34.408453 ] } },
{ "type": "Feature", "properties": { "内容": "ありしげ耳鼻咽喉科【2:診療所】【診療科目:耳鼻いんこう科】広島県広島市西区南観音２丁目７－２１　平野ビル２階", "url": "https://www.iryou.teikyouseido.mhlw.go.jp/znk-web/juminkanja/S2430/initialize?prefCd=34&kikanCd=2340547830&kikanKbn=2", "url2": null }, "geometry": { "type": "Point", "coordinates": [ 132.429848, 34.384094 ] } },
{ "type": "Feature", "properties": { "内容": "安佐在宅診療クリニック【2:診療所】【診療科目:内科_呼吸器内科_アレルギー疾患内科】広島県広島市安佐南区緑井６－３７－５　ドミール藤沢１０３号", "url": "https://www.iryou.teikyouseido.mhlw.go.jp/znk-web/juminkanja/S2430/initialize?prefCd=34&kikanCd=2340548000&kikanKbn=2", "url2": "http://www.asa-zaitaku.jp/" }, "geometry": { "type": "Point", "coordinates": [ 132.481222, 34.471661 ] } },
{ "type": "Feature", "properties": { "内容": "医療法人社団　こうろ皮ふ科【2:診療所】【診療科目:皮膚科_アレルギー科】広島県大竹市立戸２丁目６番２６号", "url": "https://www.iryou.teikyouseido.mhlw.go.jp/znk-web/juminkanja/S2430/initialize?prefCd=34&kikanCd=2340548390&kikanKbn=2", "url2": "http://www.korohifu.com" }, "geometry": { "type": "Point", "coordinates": [ 132.219651, 34.22533 ] } },
{ "type": "Feature", "properties": { "内容": "神安内科クリニック【2:診療所】【診療科目:内科_呼吸器内科_消化器内科】広島県広島市安佐南区大町東１－８－２５", "url": "https://www.iryou.teikyouseido.mhlw.go.jp/znk-web/juminkanja/S2430/initialize?prefCd=34&kikanCd=2340548420&kikanKbn=2", "url2": null }, "geometry": { "type": "Point", "coordinates": [ 132.467641, 34.456791 ] } },
{ "type": "Feature", "properties": { "内容": "医療法人一香会　宇根クリニック【2:診療所】【診療科目:内科_小児科_眼科_アレルギー科】広島県尾道市高須町４７７３番地１", "url": "https://www.iryou.teikyouseido.mhlw.go.jp/znk-web/juminkanja/S2430/initialize?prefCd=34&kikanCd=2340548680&kikanKbn=2", "url2": "http://www.myclinic.ne.jp/une_clinic/pc/" }, "geometry": { "type": "Point", "coordinates": [ 133.23464, 34.434547 ] } },
{ "type": "Feature", "properties": { "内容": "マイクリニック【2:診療所】【診療科目:内科_胃腸内科_外科】広島県東広島市八本松東３丁目３１－２６", "url": "https://www.iryou.teikyouseido.mhlw.go.jp/znk-web/juminkanja/S2430/initialize?prefCd=34&kikanCd=2340548710&kikanKbn=2", "url2": "http://www.my-cl.jp" }, "geometry": { "type": "Point", "coordinates": [ 132.710406, 34.443676 ] } },
{ "type": "Feature", "properties": { "内容": "福山医療生活協同組合　城北診療所【2:診療所】【診療科目:内科_精神科_心療内科】広島県福山市木之庄町２丁目７－２", "url": "https://www.iryou.teikyouseido.mhlw.go.jp/znk-web/juminkanja/S2430/initialize?prefCd=34&kikanCd=2340549270&kikanKbn=2", "url2": "http://www.fico-op.jp/" }, "geometry": { "type": "Point", "coordinates": [ 133.354155, 34.498265 ] } },
{ "type": "Feature", "properties": { "内容": "前田皮ふ科医院【2:診療所】【診療科目:皮膚科】広島県広島市安佐南区上安２－４－３９　２Ｆ", "url": "https://www.iryou.teikyouseido.mhlw.go.jp/znk-web/juminkanja/S2430/initialize?prefCd=34&kikanCd=2340549560&kikanKbn=2", "url2": "http://www.maeda-hifuka.com" }, "geometry": { "type": "Point", "coordinates": [ 132.446432, 34.472655 ] } },
{ "type": "Feature", "properties": { "内容": "医療法人仁医会　井口医院【2:診療所】【診療科目:内科_糖尿病内科_循環器内科_腎臓内科_人工透析内科_泌尿器科】広島県広島市安佐北区可部７－５－７", "url": "https://www.iryou.teikyouseido.mhlw.go.jp/znk-web/juminkanja/S2430/initialize?prefCd=34&kikanCd=2340549690&kikanKbn=2", "url2": "http://www.inokuchi-clinic.net" }, "geometry": { "type": "Point", "coordinates": [ 132.512236, 34.521593 ] } },
{ "type": "Feature", "properties": { "内容": "大手町こぶけ内科クリニック【2:診療所】【診療科目:内科_糖尿病内科_代謝内科_内分泌内科】広島県広島市中区大手町３－１－１１　平野ビル１階", "url": "https://www.iryou.teikyouseido.mhlw.go.jp/znk-web/juminkanja/S2430/initialize?prefCd=34&kikanCd=2340550120&kikanKbn=2", "url2": "http://kkobu-clinic.jp/" }, "geometry": { "type": "Point", "coordinates": [ 132.455041, 34.388622 ] } },
{ "type": "Feature", "properties": { "内容": "中増整形外科クリニック【2:診療所】【診療科目:整形外科_リウマチ科_リハビリテーション科】広島県広島市安佐南区大塚西４－１７－１", "url": "https://www.iryou.teikyouseido.mhlw.go.jp/znk-web/juminkanja/S2430/initialize?prefCd=34&kikanCd=2340550410&kikanKbn=2", "url2": "http://www.nakamasu-seikei.com/" }, "geometry": { "type": "Point", "coordinates": [ 132.397654, 34.435227 ] } },
{ "type": "Feature", "properties": { "内容": "医療法人　こうゆう会　川上内科クリニック【2:診療所】【診療科目:内科_糖尿病内科_内分泌内科_呼吸器内科_循環器内科_消化器内科_放射線科】広島県広島市安芸区中野東５－１－７", "url": "https://www.iryou.teikyouseido.mhlw.go.jp/znk-web/juminkanja/S2430/initialize?prefCd=34&kikanCd=2340550540&kikanKbn=2", "url2": "http://kawakami.byoinnavi.jp/pc/" }, "geometry": { "type": "Point", "coordinates": [ 132.582414, 34.401653 ] } },
{ "type": "Feature", "properties": { "内容": "医療法人　つかさ会　高橋メディカルクリニック【2:診療所】【診療科目:内科_循環器内科_胃腸内科_外科_肛門外科】広島県広島市中区大手町３丁目１３番２９号　メディオコート大手町２階", "url": "https://www.iryou.teikyouseido.mhlw.go.jp/znk-web/juminkanja/S2430/initialize?prefCd=34&kikanCd=2340550830&kikanKbn=2", "url2": "http://www.takahashi-mc.jp" }, "geometry": { "type": "Point", "coordinates": [ 132.453596, 34.386622 ] } },
{ "type": "Feature", "properties": { "内容": "医療法人社団　藤井医院【2:診療所】【診療科目:内科_外科_麻酔科】広島県尾道市因島重井町６３０９番地", "url": "https://www.iryou.teikyouseido.mhlw.go.jp/znk-web/juminkanja/S2430/initialize?prefCd=34&kikanCd=2340551130&kikanKbn=2", "url2": null }, "geometry": { "type": "Point", "coordinates": [ 133.14118, 34.340028 ] } },
{ "type": "Feature", "properties": { "内容": "いしおか医院【2:診療所】【診療科目:内科_胃腸内科_放射線科】広島県福山市大門町３丁目１９番１４号", "url": "https://www.iryou.teikyouseido.mhlw.go.jp/znk-web/juminkanja/S2430/initialize?prefCd=34&kikanCd=2340551260&kikanKbn=2", "url2": "https://ishiokaiin.jp/" }, "geometry": { "type": "Point", "coordinates": [ 133.439315, 34.4926 ] } },
{ "type": "Feature", "properties": { "内容": "吉貴眼科【2:診療所】【診療科目:眼科】広島県広島市中区十日市町２－８－１３　ラ・メゾン泰１階", "url": "https://www.iryou.teikyouseido.mhlw.go.jp/znk-web/juminkanja/S2430/initialize?prefCd=34&kikanCd=2340551390&kikanKbn=2", "url2": null }, "geometry": { "type": "Point", "coordinates": [ 132.448703, 34.39855 ] } },
{ "type": "Feature", "properties": { "内容": "医療法人　豊心会　とよた内科クリニック【2:診療所】【診療科目:内科_循環器内科_胃腸内科_外科】広島県広島市安佐南区大塚西３－１１－５", "url": "https://www.iryou.teikyouseido.mhlw.go.jp/znk-web/juminkanja/S2430/initialize?prefCd=34&kikanCd=2340551680&kikanKbn=2", "url2": "http://toyo-cli.com" }, "geometry": { "type": "Point", "coordinates": [ 132.401209, 34.442865 ] } },
{ "type": "Feature", "properties": { "内容": "四季が丘クリニック【2:診療所】【診療科目:内科_消化器内科_外科_アレルギー科】広島県廿日市市四季が丘５丁目１３－７", "url": "https://www.iryou.teikyouseido.mhlw.go.jp/znk-web/juminkanja/S2430/initialize?prefCd=34&kikanCd=2340551710&kikanKbn=2", "url2": null }, "geometry": { "type": "Point", "coordinates": [ 132.294079, 34.347791 ] } },
{ "type": "Feature", "properties": { "内容": "広大前皮ふ科内科【2:診療所】【診療科目:内科_皮膚科】広島県東広島市西条町下見４４７１－２　マンション香月１０３", "url": "https://www.iryou.teikyouseido.mhlw.go.jp/znk-web/juminkanja/S2430/initialize?prefCd=34&kikanCd=2340551840&kikanKbn=2", "url2": "http://www.hiroshima-beauty.jp" }, "geometry": { "type": "Point", "coordinates": [ 132.713128, 34.410223 ] } },
{ "type": "Feature", "properties": { "内容": "石井医院【2:診療所】【診療科目:内科】広島県福山市神村町３１２２－１", "url": "https://www.iryou.teikyouseido.mhlw.go.jp/znk-web/juminkanja/S2430/initialize?prefCd=34&kikanCd=2340551970&kikanKbn=2", "url2": null }, "geometry": { "type": "Point", "coordinates": [ 133.265443, 34.452879 ] } },
{ "type": "Feature", "properties": { "内容": "あいたに整形外科【2:診療所】【診療科目:整形外科_リハビリテーション科】広島県福山市川口町四丁目１３番１０号", "url": "https://www.iryou.teikyouseido.mhlw.go.jp/znk-web/juminkanja/S2430/initialize?prefCd=34&kikanCd=2340552010&kikanKbn=2", "url2": null }, "geometry": { "type": "Point", "coordinates": [ 133.38446, 34.464165 ] } },
{ "type": "Feature", "properties": { "内容": "いぐち腎泌尿器クリニック【2:診療所】【診療科目:泌尿器科_男性泌尿器科】広島県広島市中区紙屋町２－２－２　紙屋町ビル５階", "url": "https://www.iryou.teikyouseido.mhlw.go.jp/znk-web/juminkanja/S2430/initialize?prefCd=34&kikanCd=2340552140&kikanKbn=2", "url2": "http://iguchi-jinhinyouki.jp/" }, "geometry": { "type": "Point", "coordinates": [ 132.456985, 34.394593 ] } },
{ "type": "Feature", "properties": { "内容": "医療法人　絹谷産婦人科【2:診療所】【診療科目:産婦人科_産婦人科（生殖医療）】広島県広島市中区本通８－２３　本通ヒルズ４Ｆ", "url": "https://www.iryou.teikyouseido.mhlw.go.jp/znk-web/juminkanja/S2430/initialize?prefCd=34&kikanCd=2340552270&kikanKbn=2", "url2": "https://www.kinutani.org" }, "geometry": { "type": "Point", "coordinates": [ 132.458707, 34.39301 ] } },
{ "type": "Feature", "properties": { "内容": "品川スキンクリニック　広島院【2:診療所】【診療科目:美容外科_美容皮膚科】広島県広島市中区紙屋町２－２－２　紙屋町ビル５Ｆ", "url": "https://www.iryou.teikyouseido.mhlw.go.jp/znk-web/juminkanja/S2430/initialize?prefCd=34&kikanCd=2340552300&kikanKbn=2", "url2": "https://shinagawa-skin.com/clinic/hiroshima/" }, "geometry": { "type": "Point", "coordinates": [ 132.456957, 34.394649 ] } },
{ "type": "Feature", "properties": { "内容": "古城クリニック【2:診療所】【診療科目:内科_ペインクリニック外科_整形外科】広島県福山市野上町三丁目６－３", "url": "https://www.iryou.teikyouseido.mhlw.go.jp/znk-web/juminkanja/S2430/initialize?prefCd=34&kikanCd=2340552560&kikanKbn=2", "url2": "http://www.kojou.jp" }, "geometry": { "type": "Point", "coordinates": [ 133.366924, 34.475156 ] } },
{ "type": "Feature", "properties": { "内容": "医療法人社団　村上整形外科医院【2:診療所】【診療科目:整形外科】広島県広島市安佐南区古市１丁目３４番１２号", "url": "https://www.iryou.teikyouseido.mhlw.go.jp/znk-web/juminkanja/S2430/initialize?prefCd=34&kikanCd=2340552720&kikanKbn=2", "url2": "https://www.murakami-seikei.com/" }, "geometry": { "type": "Point", "coordinates": [ 132.470811, 34.452155 ] } },
{ "type": "Feature", "properties": { "内容": "藤元内科ファミリークリニック【2:診療所】【診療科目:内科_血液内科_呼吸器内科_循環器内科_消化器内科_小児科_アレルギー科_リウマチ科】広島県広島市南区東本浦町２２－２９", "url": "https://www.iryou.teikyouseido.mhlw.go.jp/znk-web/juminkanja/S2430/initialize?prefCd=34&kikanCd=2340552850&kikanKbn=2", "url2": "http://www.fujimoto-family-clinic.com" }, "geometry": { "type": "Point", "coordinates": [ 132.491594, 34.374735 ] } },
{ "type": "Feature", "properties": { "内容": "たまき整形外科【2:診療所】【診療科目:整形外科_リハビリテーション科】広島県呉市広本町３－１８－１２", "url": "https://www.iryou.teikyouseido.mhlw.go.jp/znk-web/juminkanja/S2430/initialize?prefCd=34&kikanCd=2340553020&kikanKbn=2", "url2": null }, "geometry": { "type": "Point", "coordinates": [ 132.621839, 34.238002 ] } },
{ "type": "Feature", "properties": { "内容": "池田内科クリニック【2:診療所】【診療科目:内科_糖尿病内科_呼吸器内科_循環器内科_消化器内科_アレルギー科】広島県広島市安佐南区高取北１－４－２５", "url": "https://www.iryou.teikyouseido.mhlw.go.jp/znk-web/juminkanja/S2430/initialize?prefCd=34&kikanCd=2340553150&kikanKbn=2", "url2": "http://www.ikeda-naika.net/" }, "geometry": { "type": "Point", "coordinates": [ 132.43751, 34.474679 ] } },
{ "type": "Feature", "properties": { "内容": "医療法人おちうみ内科消化器クリニック【2:診療所】【診療科目:内科_感染症内科_糖尿病内科_代謝内科_内分泌内科_脂質代謝内科_呼吸器内科_循環器内科_消化器内科_胃腸内科_腎臓内科_漢方内科_内視鏡内科_アレルギー疾患内科】広島県広島市南区西旭町８－８", "url": "https://www.iryou.teikyouseido.mhlw.go.jp/znk-web/juminkanja/S2430/initialize?prefCd=34&kikanCd=2340553280&kikanKbn=2", "url2": "http://www.ochiumi-clinic.net/" }, "geometry": { "type": "Point", "coordinates": [ 132.4735, 34.372582 ] } },
{ "type": "Feature", "properties": { "内容": "クリスタル美容外科【2:診療所】【診療科目:形成外科_美容外科_皮膚科_美容皮膚科】広島県福山市東桜町２－７　アインビル４Ｆ", "url": "https://www.iryou.teikyouseido.mhlw.go.jp/znk-web/juminkanja/S2430/initialize?prefCd=34&kikanCd=2340553310&kikanKbn=2", "url2": "http://www.crystal-biyou.com/index.html" }, "geometry": { "type": "Point", "coordinates": [ 133.361544, 34.486544 ] } },
{ "type": "Feature", "properties": { "内容": "政永内科・まさなが歯科クリニック【2:診療所】【診療科目:内科_呼吸器内科_循環器内科_消化器内科_小児科_歯科_小児歯科】広島県安芸高田市甲田町高田原１４５１", "url": "https://www.iryou.teikyouseido.mhlw.go.jp/znk-web/juminkanja/S2430/initialize?prefCd=34&kikanCd=2340553570&kikanKbn=2", "url2": null }, "geometry": { "type": "Point", "coordinates": [ 132.759363, 34.694677 ] } },
{ "type": "Feature", "properties": { "内容": "太田整形外科【2:診療所】【診療科目:整形外科_リウマチ科_リハビリテーション科】広島県安芸郡府中町大通２丁目１０－８", "url": "https://www.iryou.teikyouseido.mhlw.go.jp/znk-web/juminkanja/S2430/initialize?prefCd=34&kikanCd=2340553730&kikanKbn=2", "url2": "http://www.ota-seikeigeka.jp" }, "geometry": { "type": "Point", "coordinates": [ 132.503452, 34.391137 ] } },
{ "type": "Feature", "properties": { "内容": "医療法人社団　スマイル　博愛クリニック【2:診療所】【診療科目:内科_腎臓内科_人工透析内科_泌尿器科】広島県呉市中央二丁目６－１３", "url": "https://www.iryou.teikyouseido.mhlw.go.jp/znk-web/juminkanja/S2430/initialize?prefCd=34&kikanCd=2340553860&kikanKbn=2", "url2": "https://d-smile.or.jp/hakuai/" }, "geometry": { "type": "Point", "coordinates": [ 132.561399, 34.245833 ] } },
{ "type": "Feature", "properties": { "内容": "コールメディカルクリニック広島【2:診療所】【診療科目:内科_リハビリテーション科】広島県広島市西区古田台２－１２－９", "url": "https://www.iryou.teikyouseido.mhlw.go.jp/znk-web/juminkanja/S2430/initialize?prefCd=34&kikanCd=2340554290&kikanKbn=2", "url2": "https://call-medical-clinic.com" }, "geometry": { "type": "Point", "coordinates": [ 132.401795, 34.394509 ] } },
{ "type": "Feature", "properties": { "内容": "有木医院【2:診療所】【診療科目:胃腸内科_外科_アレルギー科】広島県福山市本町一番１－１０３号", "url": "https://www.iryou.teikyouseido.mhlw.go.jp/znk-web/juminkanja/S2430/initialize?prefCd=34&kikanCd=2340554450&kikanKbn=2", "url2": "http://kaiinhp.fmed.jp/arikiiin/" }, "geometry": { "type": "Point", "coordinates": [ 133.363782, 34.492482 ] } },
{ "type": "Feature", "properties": { "内容": "医療法人　ひまわり會　加藤耳鼻咽喉科【2:診療所】【診療科目:耳鼻いんこう科_アレルギー科】広島県東広島市高屋町杵原１１３５－２", "url": "https://www.iryou.teikyouseido.mhlw.go.jp/znk-web/juminkanja/S2430/initialize?prefCd=34&kikanCd=2340554580&kikanKbn=2", "url2": "https://kato-jibika.com" }, "geometry": { "type": "Point", "coordinates": [ 132.776761, 34.462342 ] } },
{ "type": "Feature", "properties": { "内容": "医療法人みやわき耳鼻咽喉科クリニック【2:診療所】【診療科目:耳鼻いんこう科_アレルギー科】広島県東広島市西条本町１２－２　木阪ビル２Ｆ", "url": "https://www.iryou.teikyouseido.mhlw.go.jp/znk-web/juminkanja/S2430/initialize?prefCd=34&kikanCd=2340554610&kikanKbn=2", "url2": "www.clinic-ad.com/miyawaki/" }, "geometry": { "type": "Point", "coordinates": [ 132.743126, 34.430405 ] } },
{ "type": "Feature", "properties": { "内容": "医療法人社団　花園医療福祉会　花園クリニック【2:診療所】【診療科目:内科_外科_婦人科_皮膚科_泌尿器科_精神科_心療内科】広島県福山市花園町１丁目３番９号", "url": "https://www.iryou.teikyouseido.mhlw.go.jp/znk-web/juminkanja/S2430/initialize?prefCd=34&kikanCd=2340554740&kikanKbn=2", "url2": "http://www.hanamk.jp/" }, "geometry": { "type": "Point", "coordinates": [ 133.37321, 34.482045 ] } },
{ "type": "Feature", "properties": { "内容": "医療法人　橋本クリニック【2:診療所】【診療科目:皮膚科】広島県呉市宝町５－１０　ゆめタウン呉２Ｆ", "url": "https://www.iryou.teikyouseido.mhlw.go.jp/znk-web/juminkanja/S2430/initialize?prefCd=34&kikanCd=2340554900&kikanKbn=2", "url2": "https://www.hashimoto-c.jp/" }, "geometry": { "type": "Point", "coordinates": [ 132.556322, 34.242445 ] } },
{ "type": "Feature", "properties": { "内容": "竹本内科循環器科【2:診療所】【診療科目:内科_循環器内科】広島県福山市大黒町１－８", "url": "https://www.iryou.teikyouseido.mhlw.go.jp/znk-web/juminkanja/S2430/initialize?prefCd=34&kikanCd=2340555040&kikanKbn=2", "url2": null }, "geometry": { "type": "Point", "coordinates": [ 133.366843, 34.491213 ] } },
{ "type": "Feature", "properties": { "内容": "心療内科　村岡クリニック【2:診療所】【診療科目:内科_精神科_心療内科】広島県呉市中央２丁目６番１０号　村上ビル２　４Ｆ", "url": "https://www.iryou.teikyouseido.mhlw.go.jp/znk-web/juminkanja/S2430/initialize?prefCd=34&kikanCd=2340555330&kikanKbn=2", "url2": "http://muraoka-clinic.net/" }, "geometry": { "type": "Point", "coordinates": [ 132.561205, 34.246083 ] } },
{ "type": "Feature", "properties": { "内容": "たに内科クリニック【2:診療所】【診療科目:内科_消化器内科】広島県廿日市市地御前一丁目２－２２", "url": "https://www.iryou.teikyouseido.mhlw.go.jp/znk-web/juminkanja/S2430/initialize?prefCd=34&kikanCd=2340555460&kikanKbn=2", "url2": "http://tani-clinic.jp/" }, "geometry": { "type": "Point", "coordinates": [ 132.324026, 34.344458 ] } },
{ "type": "Feature", "properties": { "内容": "津田産婦人科クリニック【2:診療所】【診療科目:産婦人科】広島県安芸郡海田町南幸町９－４３", "url": "https://www.iryou.teikyouseido.mhlw.go.jp/znk-web/juminkanja/S2430/initialize?prefCd=34&kikanCd=2340555590&kikanKbn=2", "url2": "http://www.tsuda-sanfujinka.jp/" }, "geometry": { "type": "Point", "coordinates": [ 132.540031, 34.363864 ] } },
{ "type": "Feature", "properties": { "内容": "内科離宮【2:診療所】【診療科目:内科_呼吸器内科_循環器内科_小児科_リハビリテーション科_放射線科】広島県呉市広大新開１丁目４番１９号", "url": "https://www.iryou.teikyouseido.mhlw.go.jp/znk-web/juminkanja/S2430/initialize?prefCd=34&kikanCd=2340555750&kikanKbn=2", "url2": "http://www.naika-rikyu.com/access.html" }, "geometry": { "type": "Point", "coordinates": [ 132.623262, 34.233108 ] } },
{ "type": "Feature", "properties": { "内容": "落久保外科循環器内科クリニック【2:診療所】【診療科目:呼吸器内科_循環器内科_消化器内科_外科_リハビリテーション科_放射線科】広島県広島市西区己斐本町３－２－８", "url": "https://www.iryou.teikyouseido.mhlw.go.jp/znk-web/juminkanja/S2430/initialize?prefCd=34&kikanCd=2340555910&kikanKbn=2", "url2": "http://www.ochikubo-clinic.jp" }, "geometry": { "type": "Point", "coordinates": [ 132.426404, 34.396065 ] } },
{ "type": "Feature", "properties": { "内容": "医療法人　たなか皮ふ科アレルギー科【2:診療所】【診療科目:小児皮膚科_皮膚科_アレルギー科】広島県広島市西区庚午北２－２２－４", "url": "https://www.iryou.teikyouseido.mhlw.go.jp/znk-web/juminkanja/S2430/initialize?prefCd=34&kikanCd=2340556050&kikanKbn=2", "url2": "http://www.tanakahifu.sever-shared.com" }, "geometry": { "type": "Point", "coordinates": [ 132.417549, 34.389858 ] } },
{ "type": "Feature", "properties": { "内容": "医療法人社団　たむら眼科【2:診療所】【診療科目:眼科】広島県呉市警固屋４丁目２番１１号", "url": "https://www.iryou.teikyouseido.mhlw.go.jp/znk-web/juminkanja/S2430/initialize?prefCd=34&kikanCd=2340556340&kikanKbn=2", "url2": null }, "geometry": { "type": "Point", "coordinates": [ 132.545549, 34.212303 ] } },
{ "type": "Feature", "properties": { "内容": "いしいクリニック【2:診療所】【診療科目:内科_消化器内科_外科_乳腺外科】広島県福山市神辺町十三軒屋１３６－３", "url": "https://www.iryou.teikyouseido.mhlw.go.jp/znk-web/juminkanja/S2430/initialize?prefCd=34&kikanCd=2340556470&kikanKbn=2", "url2": "http://www.ishiiclinic.info" }, "geometry": { "type": "Point", "coordinates": [ 133.355259, 34.547893 ] } },
{ "type": "Feature", "properties": { "内容": "安芸太田戸河内診療所【2:診療所】【診療科目:内科】広島県山県郡安芸太田町戸河内８００番地１", "url": "https://www.iryou.teikyouseido.mhlw.go.jp/znk-web/juminkanja/S2430/initialize?prefCd=34&kikanCd=2340556500&kikanKbn=2", "url2": null }, "geometry": { "type": "Point", "coordinates": [ 132.22663, 34.577875 ] } },
{ "type": "Feature", "properties": { "内容": "医療法人　医仁会　本通トータルヘルス内科クリニック【2:診療所】【診療科目:内科_糖尿病内科_脂質代謝内科_呼吸器内科_循環器内科_消化器内科】広島県広島市中区本通７－２９　アイビービル３Ｆ", "url": "https://www.iryou.teikyouseido.mhlw.go.jp/znk-web/juminkanja/S2430/initialize?prefCd=34&kikanCd=2340556760&kikanKbn=2", "url2": "http://hondori-total-health.jp/" }, "geometry": { "type": "Point", "coordinates": [ 132.457957, 34.39326 ] } },
{ "type": "Feature", "properties": { "内容": "松林レディースクリニック【2:診療所】【診療科目:内科_産婦人科】広島県東広島市西条町御薗宇４２８１－１", "url": "https://www.iryou.teikyouseido.mhlw.go.jp/znk-web/juminkanja/S2430/initialize?prefCd=34&kikanCd=2340556890&kikanKbn=2", "url2": "http://www.matsubayashi-lc.com/" }, "geometry": { "type": "Point", "coordinates": [ 132.751188, 34.406786 ] } },
{ "type": "Feature", "properties": { "内容": "みたに泌尿器科クリニック【2:診療所】【診療科目:泌尿器科】広島県廿日市市下平良１丁目３－３６－３０３", "url": "https://www.iryou.teikyouseido.mhlw.go.jp/znk-web/juminkanja/S2430/initialize?prefCd=34&kikanCd=2340556920&kikanKbn=2", "url2": "http://www.myclinic.ne.jp/mitani_urocl/" }, "geometry": { "type": "Point", "coordinates": [ 132.331858, 34.349874 ] } },
{ "type": "Feature", "properties": { "内容": "たむらメンタルクリニック【2:診療所】【診療科目:精神科_心療内科】広島県広島市中区大手町３－６－１２　おおうちビル４階", "url": "https://www.iryou.teikyouseido.mhlw.go.jp/znk-web/juminkanja/S2430/initialize?prefCd=34&kikanCd=2340557060&kikanKbn=2", "url2": "http://www.tamura-mc.com" }, "geometry": { "type": "Point", "coordinates": [ 132.454152, 34.387705 ] } },
{ "type": "Feature", "properties": { "内容": "医療法人社団　女性クリニック　ラポール【2:診療所】【診療科目:内科_性感染症内科_漢方内科_女性内科_産婦人科_産科_婦人科】広島県広島市中区大手町５丁目　３－１", "url": "https://www.iryou.teikyouseido.mhlw.go.jp/znk-web/juminkanja/S2430/initialize?prefCd=34&kikanCd=2340557350&kikanKbn=2", "url2": "http://www.women-rapport-clinic.com/" }, "geometry": { "type": "Point", "coordinates": [ 132.451458, 34.384733 ] } },
{ "type": "Feature", "properties": { "内容": "古江中野眼科【2:診療所】【診療科目:眼科】広島県広島市西区古江新町１－２２", "url": "https://www.iryou.teikyouseido.mhlw.go.jp/znk-web/juminkanja/S2430/initialize?prefCd=34&kikanCd=2340557480&kikanKbn=2", "url2": "http://www.furue-nakano.com/" }, "geometry": { "type": "Point", "coordinates": [ 132.411822, 34.384538 ] } },
{ "type": "Feature", "properties": { "内容": "広島大腸肛門クリニック【2:診療所】【診療科目:内科_消化器内科_胃腸内科_外科_肛門外科】広島県広島市西区庚午南一丁目３５－２１", "url": "https://www.iryou.teikyouseido.mhlw.go.jp/znk-web/juminkanja/S2430/initialize?prefCd=34&kikanCd=2340557510&kikanKbn=2", "url2": "http://www.myclinic.ne.jp/hcpc/" }, "geometry": { "type": "Point", "coordinates": [ 132.410878, 34.381622 ] } },
{ "type": "Feature", "properties": { "内容": "医療法人社団　木下クリニック【2:診療所】【診療科目:内科_呼吸器内科_循環器内科_消化器内科_小児科】広島県広島市西区観音本町二丁目３－１", "url": "https://www.iryou.teikyouseido.mhlw.go.jp/znk-web/juminkanja/S2430/initialize?prefCd=34&kikanCd=2340557640&kikanKbn=2", "url2": "http://knst-clinic.com/" }, "geometry": { "type": "Point", "coordinates": [ 132.433765, 34.390955 ] } },
{ "type": "Feature", "properties": { "内容": "医療法人社団　絆　とうぎ整形外科・リハビリクリニック【2:診療所】【診療科目:内科_整形外科_リハビリテーション科_麻酔科】広島県広島市中区南竹屋町５－８", "url": "https://www.iryou.teikyouseido.mhlw.go.jp/znk-web/juminkanja/S2430/initialize?prefCd=34&kikanCd=2340557800&kikanKbn=2", "url2": "http://www.kizuna-mc.jp" }, "geometry": { "type": "Point", "coordinates": [ 132.460846, 34.381567 ] } },
{ "type": "Feature", "properties": { "内容": "ほほえみ診療所【2:診療所】【診療科目:内科_神経内科_精神科】広島県広島市中区西平塚町４－１５", "url": "https://www.iryou.teikyouseido.mhlw.go.jp/znk-web/juminkanja/S2430/initialize?prefCd=34&kikanCd=2340558100&kikanKbn=2", "url2": null }, "geometry": { "type": "Point", "coordinates": [ 132.467824, 34.389289 ] } },
{ "type": "Feature", "properties": { "内容": "香川乳腺クリニック【2:診療所】【診療科目:乳腺外科】広島県広島市中区三川町１番２０号　ピンクリボン３９ビル６階", "url": "https://www.iryou.teikyouseido.mhlw.go.jp/znk-web/juminkanja/S2430/initialize?prefCd=34&kikanCd=2340558230&kikanKbn=2", "url2": "http://www.hiroshimabreastcenter.co.jp" }, "geometry": { "type": "Point", "coordinates": [ 132.462876, 34.390695 ] } },
{ "type": "Feature", "properties": { "内容": "だいこく皮ふ科・アレルギー科【2:診療所】【診療科目:皮膚科_アレルギー科】広島県広島市中区三川町１－２０　ピンクリボン３９ビル３Ｆ", "url": "https://www.iryou.teikyouseido.mhlw.go.jp/znk-web/juminkanja/S2430/initialize?prefCd=34&kikanCd=2340558360&kikanKbn=2", "url2": "http://www.daikokuhifuka.jp" }, "geometry": { "type": "Point", "coordinates": [ 132.462865, 34.390701 ] } },
{ "type": "Feature", "properties": { "内容": "中央通り乳腺検診クリニック【2:診療所】【診療科目:乳腺外科】広島県広島市中区三川町１－２０　ピンクリボン３９ビル５階", "url": "https://www.iryou.teikyouseido.mhlw.go.jp/znk-web/juminkanja/S2430/initialize?prefCd=34&kikanCd=2340558490&kikanKbn=2", "url2": "http://pinkribbon-chuodori.com/" }, "geometry": { "type": "Point", "coordinates": [ 132.462762, 34.390733 ] } },
{ "type": "Feature", "properties": { "内容": "医療法人社団　一陽会　イーストクリニック【2:診療所】【診療科目:内科_糖尿病内科_腎臓内科】広島県広島市南区段原南１－３－５３　広島イーストビル６Ｆ", "url": "https://www.iryou.teikyouseido.mhlw.go.jp/znk-web/juminkanja/S2430/initialize?prefCd=34&kikanCd=2340558650&kikanKbn=2", "url2": "http://www.icy.or.jp/" }, "geometry": { "type": "Point", "coordinates": [ 132.476054, 34.385694 ] } },
{ "type": "Feature", "properties": { "内容": "医療法人　山田外科内科医院【2:診療所】【診療科目:内科_外科_整形外科_放射線科】広島県広島市南区段原日出１丁目１５番１３号", "url": "https://www.iryou.teikyouseido.mhlw.go.jp/znk-web/juminkanja/S2430/initialize?prefCd=34&kikanCd=2340559110&kikanKbn=2", "url2": "http://www.yamada-h.jp/" }, "geometry": { "type": "Point", "coordinates": [ 132.480594, 34.386345 ] } },
{ "type": "Feature", "properties": { "内容": "毘沙門クリニック【2:診療所】【診療科目:内科_リハビリテーション科】広島県広島市安佐南区緑井三丁目４０－３０", "url": "https://www.iryou.teikyouseido.mhlw.go.jp/znk-web/juminkanja/S2430/initialize?prefCd=34&kikanCd=2340559370&kikanKbn=2", "url2": "http://www.asuka-net.or.jp" }, "geometry": { "type": "Point", "coordinates": [ 132.469369, 34.477002 ] } },
{ "type": "Feature", "properties": { "内容": "医療法人社団　敬和会　むらた眼科【2:診療所】【診療科目:眼科】広島県広島市安佐南区西原８丁目１番１５号　２０２", "url": "https://www.iryou.teikyouseido.mhlw.go.jp/znk-web/juminkanja/S2430/initialize?prefCd=34&kikanCd=2340559950&kikanKbn=2", "url2": "http://www.murata-ganka.jp" }, "geometry": { "type": "Point", "coordinates": [ 132.474286, 34.445644 ] } },
{ "type": "Feature", "properties": { "内容": "高橋整形外科クリニック【2:診療所】【診療科目:整形外科_リハビリテーション科】広島県安芸郡熊野町萩原六丁目２７番５号", "url": "https://www.iryou.teikyouseido.mhlw.go.jp/znk-web/juminkanja/S2430/initialize?prefCd=34&kikanCd=2340560060&kikanKbn=2", "url2": null }, "geometry": { "type": "Point", "coordinates": [ 132.590153, 34.341228 ] } },
{ "type": "Feature", "properties": { "内容": "みやけ耳鼻咽喉科アレルギー科【2:診療所】【診療科目:耳鼻いんこう科_アレルギー科】広島県広島市佐伯区旭園２－１７", "url": "https://www.iryou.teikyouseido.mhlw.go.jp/znk-web/juminkanja/S2430/initialize?prefCd=34&kikanCd=2340560190&kikanKbn=2", "url2": "http://www.miyake-jibika.com/" }, "geometry": { "type": "Point", "coordinates": [ 132.366716, 34.365928 ] } },
{ "type": "Feature", "properties": { "内容": "小山医院【2:診療所】【診療科目:内科_整形外科】広島県庄原市高野町新市７１１", "url": "https://www.iryou.teikyouseido.mhlw.go.jp/znk-web/juminkanja/S2430/initialize?prefCd=34&kikanCd=2340560350&kikanKbn=2", "url2": "http://koyamaclinic.net" }, "geometry": { "type": "Point", "coordinates": [ 132.911445, 35.035533 ] } },
{ "type": "Feature", "properties": { "内容": "河野眼科【2:診療所】【診療科目:眼科】広島県府中市高木町６０－１", "url": "https://www.iryou.teikyouseido.mhlw.go.jp/znk-web/juminkanja/S2430/initialize?prefCd=34&kikanCd=2340560480&kikanKbn=2", "url2": null }, "geometry": { "type": "Point", "coordinates": [ 133.252142, 34.563803 ] } },
{ "type": "Feature", "properties": { "内容": "ふじかわ心療内科クリニック【2:診療所】【診療科目:神経内科_精神科_心療内科】広島県廿日市市下平良一丁目３－３６－２０１", "url": "https://www.iryou.teikyouseido.mhlw.go.jp/znk-web/juminkanja/S2430/initialize?prefCd=34&kikanCd=2340560510&kikanKbn=2", "url2": "http://www.myclinic.ne.jp/fujikawa_cli/pc/" }, "geometry": { "type": "Point", "coordinates": [ 132.331858, 34.349874 ] } },
{ "type": "Feature", "properties": { "内容": "福山整形外科クリニック【2:診療所】【診療科目:整形外科_リウマチ科_リハビリテーション科】広島県福山市神辺町川北１５３３", "url": "https://www.iryou.teikyouseido.mhlw.go.jp/znk-web/juminkanja/S2430/initialize?prefCd=34&kikanCd=2340560770&kikanKbn=2", "url2": "http://www.hishokai.or.jp/" }, "geometry": { "type": "Point", "coordinates": [ 133.380317, 34.55862 ] } },
{ "type": "Feature", "properties": { "内容": "大村クリニック【2:診療所】【診療科目:内科_循環器内科】広島県広島市佐伯区新宮苑３－３２", "url": "https://www.iryou.teikyouseido.mhlw.go.jp/znk-web/juminkanja/S2430/initialize?prefCd=34&kikanCd=2340560800&kikanKbn=2", "url2": "https://www.omura-clinic.com" }, "geometry": { "type": "Point", "coordinates": [ 132.360276, 34.370595 ] } },
{ "type": "Feature", "properties": { "内容": "さくらクリニック【2:診療所】【診療科目:内科】広島県広島市東区戸坂千足２－１０－１０", "url": "https://www.iryou.teikyouseido.mhlw.go.jp/znk-web/juminkanja/S2430/initialize?prefCd=34&kikanCd=2340560930&kikanKbn=2", "url2": "https://www.sakurakurclinic-hiroshima.org/" }, "geometry": { "type": "Point", "coordinates": [ 132.486838, 34.436832 ] } },
{ "type": "Feature", "properties": { "内容": "内海町いちかわ診療所【2:診療所】【診療科目:内科_外科_小児科】広島県福山市内海町ロ３５５－１", "url": "https://www.iryou.teikyouseido.mhlw.go.jp/znk-web/juminkanja/S2430/initialize?prefCd=34&kikanCd=2340561100&kikanKbn=2", "url2": null }, "geometry": { "type": "Point", "coordinates": [ 133.311081, 34.370833 ] } },
{ "type": "Feature", "properties": { "内容": "医療法人　西村小児科【2:診療所】【診療科目:小児科】広島県広島市安佐南区伴東五丁目１９番２３号", "url": "https://www.iryou.teikyouseido.mhlw.go.jp/znk-web/juminkanja/S2430/initialize?prefCd=34&kikanCd=2340561490&kikanKbn=2", "url2": "http://n-kids-clin.sakura.ne.jp" }, "geometry": { "type": "Point", "coordinates": [ 132.418765, 34.467721 ] } },
{ "type": "Feature", "properties": { "内容": "医療法人　広島みなとクリニック【2:診療所】【診療科目:内科_呼吸器内科_循環器内科_消化器内科】広島県広島市南区宇品西５－１２－４６", "url": "https://www.iryou.teikyouseido.mhlw.go.jp/znk-web/juminkanja/S2430/initialize?prefCd=34&kikanCd=2340561520&kikanKbn=2", "url2": "https://www.minato-clinic.jp" }, "geometry": { "type": "Point", "coordinates": [ 132.458458, 34.361208 ] } },
{ "type": "Feature", "properties": { "内容": "渡邉内科クリニック【2:診療所】【診療科目:内科_糖尿病内科_消化器内科_肝臓内科】広島県福山市川口町四丁目１２－３７", "url": "https://www.iryou.teikyouseido.mhlw.go.jp/znk-web/juminkanja/S2430/initialize?prefCd=34&kikanCd=2340561940&kikanKbn=2", "url2": "http://watanabe-naika-clinic.or.jp/" }, "geometry": { "type": "Point", "coordinates": [ 133.384877, 34.464713 ] } },
{ "type": "Feature", "properties": { "内容": "医療法人　ＳｋｙＣｌｉｎｉｃ【2:診療所】【診療科目:内科_外科】広島県広島市南区大須賀町２０－１３　公園通り大須賀ビル", "url": "https://www.iryou.teikyouseido.mhlw.go.jp/znk-web/juminkanja/S2430/initialize?prefCd=34&kikanCd=2340562400&kikanKbn=2", "url2": "http://www7b.biglobe.ne.jp/~sky-clinic/" }, "geometry": { "type": "Point", "coordinates": [ 132.468358, 34.40239 ] } },
{ "type": "Feature", "properties": { "内容": "たにぐち脳神経外科クリニック【2:診療所】【診療科目:神経内科_脳神経外科】広島県東広島市西条本町１２番２号", "url": "https://www.iryou.teikyouseido.mhlw.go.jp/znk-web/juminkanja/S2430/initialize?prefCd=34&kikanCd=2340562660&kikanKbn=2", "url2": "http://www.taniguchi-bc.jp/" }, "geometry": { "type": "Point", "coordinates": [ 132.743126, 34.430405 ] } },
{ "type": "Feature", "properties": { "内容": "尾道市立市民病院附属　瀬戸田診療所【2:診療所】【診療科目:内科_リハビリテーション科】広島県尾道市瀬戸田町中野４００", "url": "https://www.iryou.teikyouseido.mhlw.go.jp/znk-web/juminkanja/S2430/initialize?prefCd=34&kikanCd=2340562820&kikanKbn=2", "url2": "www.onomichi-hospital.jp" }, "geometry": { "type": "Point", "coordinates": [ 133.101852, 34.305198 ] } },
{ "type": "Feature", "properties": { "内容": "広島市医師会千田町夜間急病センター【2:診療所】【診療科目:内科_外科_整形外科_眼科】広島県広島市中区千田町三丁目８番６号", "url": "https://www.iryou.teikyouseido.mhlw.go.jp/znk-web/juminkanja/S2430/initialize?prefCd=34&kikanCd=2340562950&kikanKbn=2", "url2": "https://hiroshima-med-yakanqq.jp/" }, "geometry": { "type": "Point", "coordinates": [ 132.457337, 34.376681 ] } },
{ "type": "Feature", "properties": { "内容": "かめよし皮ふ科・アレルギ－科【2:診療所】【診療科目:皮膚科_アレルギー科】広島県廿日市市阿品３丁目１番６号　ナタリ－もみじビル５階", "url": "https://www.iryou.teikyouseido.mhlw.go.jp/znk-web/juminkanja/S2430/initialize?prefCd=34&kikanCd=2340563090&kikanKbn=2", "url2": "https://kameyoshi-hifuka.jp" }, "geometry": { "type": "Point", "coordinates": [ 132.317005, 34.323383 ] } },
{ "type": "Feature", "properties": { "内容": "もちづき皮ふ科アレルギー科【2:診療所】【診療科目:皮膚科_アレルギー科】広島県呉市中央一丁目５番１５号　平田ビル２Ｆ", "url": "https://www.iryou.teikyouseido.mhlw.go.jp/znk-web/juminkanja/S2430/initialize?prefCd=34&kikanCd=2340563380&kikanKbn=2", "url2": "http://www.mochizuki-hifuka.jp/" }, "geometry": { "type": "Point", "coordinates": [ 132.561011, 34.245139 ] } },
{ "type": "Feature", "properties": { "内容": "医療法人ＳＯＲＲ　しげのぶ整形外科リウマチ・リハビリクリニック【2:診療所】【診療科目:整形外科_リウマチ科_リハビリテーション科】広島県広島市南区段原南１－３－５３　広島イーストビル２階", "url": "https://www.iryou.teikyouseido.mhlw.go.jp/znk-web/juminkanja/S2430/initialize?prefCd=34&kikanCd=2340563410&kikanKbn=2", "url2": "http://www.shigenobu-clinic.com/" }, "geometry": { "type": "Point", "coordinates": [ 132.476047, 34.385697 ] } },
{ "type": "Feature", "properties": { "内容": "なかた内科循環器クリニック【2:診療所】【診療科目:内科_呼吸器内科_循環器内科_消化器内科】広島県広島市南区旭一丁目５番３１号", "url": "https://www.iryou.teikyouseido.mhlw.go.jp/znk-web/juminkanja/S2430/initialize?prefCd=34&kikanCd=2340563670&kikanKbn=2", "url2": "http://www.nakata-clinic.net" }, "geometry": { "type": "Point", "coordinates": [ 132.47781, 34.374774 ] } },
{ "type": "Feature", "properties": { "内容": "よしなが神経内科クリニック【2:診療所】【診療科目:神経内科_精神科_精神科系その他】広島県広島市中区紙屋町２－２－２５　大野ビル３階", "url": "https://www.iryou.teikyouseido.mhlw.go.jp/znk-web/juminkanja/S2430/initialize?prefCd=34&kikanCd=2340563700&kikanKbn=2", "url2": "http://yoshinag.sakura.ne.jp" }, "geometry": { "type": "Point", "coordinates": [ 132.456151, 34.394232 ] } },
{ "type": "Feature", "properties": { "内容": "舟入山本内科クリニック【2:診療所】【診療科目:内科_糖尿病内科】広島県広島市中区舟入本町　１３－１２", "url": "https://www.iryou.teikyouseido.mhlw.go.jp/znk-web/juminkanja/S2430/initialize?prefCd=34&kikanCd=2340563830&kikanKbn=2", "url2": "http://www.clinic-ad.com/funairi-yamamoto-naika/" }, "geometry": { "type": "Point", "coordinates": [ 132.441401, 34.3851 ] } },
{ "type": "Feature", "properties": { "内容": "かでな泌尿器科クリニック【2:診療所】【診療科目:泌尿器科】広島県広島市南区段原日出一丁目１５番１３号　段原スクエア４Ｆ", "url": "https://www.iryou.teikyouseido.mhlw.go.jp/znk-web/juminkanja/S2430/initialize?prefCd=34&kikanCd=2340563960&kikanKbn=2", "url2": "http://www.kadena-hinyokika.jp/" }, "geometry": { "type": "Point", "coordinates": [ 132.480677, 34.386511 ] } },
{ "type": "Feature", "properties": { "内容": "よりしま内科外科医院【2:診療所】【診療科目:内科_消化器内科_外科_アレルギー科_リハビリテーション科_放射線科】広島県広島市安佐南区祇園六丁目２１番１６号", "url": "https://www.iryou.teikyouseido.mhlw.go.jp/znk-web/juminkanja/S2430/initialize?prefCd=34&kikanCd=2340564130&kikanKbn=2", "url2": "http://www.yorishima.com" }, "geometry": { "type": "Point", "coordinates": [ 132.465345, 34.445075 ] } },
{ "type": "Feature", "properties": { "内容": "永原内科クリニック【2:診療所】【診療科目:内科_糖尿病内科_消化器内科】広島県福山市伊勢丘６丁目１番３０号", "url": "https://www.iryou.teikyouseido.mhlw.go.jp/znk-web/juminkanja/S2430/initialize?prefCd=34&kikanCd=2340564260&kikanKbn=2", "url2": "https://nagahara-clinic.com/" }, "geometry": { "type": "Point", "coordinates": [ 133.424899, 34.507682 ] } },
{ "type": "Feature", "properties": { "内容": "わき小児科医院【2:診療所】【診療科目:小児科】広島県廿日市市下平良１丁目３番３６号　有信廿日市ビル３階３０１号", "url": "https://www.iryou.teikyouseido.mhlw.go.jp/znk-web/juminkanja/S2430/initialize?prefCd=34&kikanCd=2340564390&kikanKbn=2", "url2": "http://www.myclinic.ne.jp/waki_kids/pc/" }, "geometry": { "type": "Point", "coordinates": [ 132.33183, 34.349902 ] } },
{ "type": "Feature", "properties": { "内容": "黒木整形外科リハビリテーションクリニック【2:診療所】【診療科目:内科_整形外科_リハビリテーション科】広島県府中市上下町上下２０５２番地１", "url": "https://www.iryou.teikyouseido.mhlw.go.jp/znk-web/juminkanja/S2430/initialize?prefCd=34&kikanCd=2340564420&kikanKbn=2", "url2": null }, "geometry": { "type": "Point", "coordinates": [ 133.120249, 34.697601 ] } },
{ "type": "Feature", "properties": { "内容": "医療法人微風会　三次神経内科クリニック　花の里【2:診療所】【診療科目:内科_神経内科_老年内科_リハビリテーション科_放射線科】広島県三次市十日市東４丁目３番１０号", "url": "https://www.iryou.teikyouseido.mhlw.go.jp/znk-web/juminkanja/S2430/initialize?prefCd=34&kikanCd=2340564550&kikanKbn=2", "url2": "http://mifukai.jp/" }, "geometry": { "type": "Point", "coordinates": [ 132.861751, 34.804594 ] } },
{ "type": "Feature", "properties": { "内容": "もだ内科クリニック【2:診療所】【診療科目:内科_泌尿器科_放射線科】広島県三原市久井町江木中ノ坪１１６３－６", "url": "https://www.iryou.teikyouseido.mhlw.go.jp/znk-web/juminkanja/S2430/initialize?prefCd=34&kikanCd=2340564710&kikanKbn=2", "url2": null }, "geometry": { "type": "Point", "coordinates": [ 133.035152, 34.539588 ] } },
{ "type": "Feature", "properties": { "内容": "医療法人智永会　ファミリークリニック森のくまさん【2:診療所】【診療科目:内科_糖尿病内科_脳神経内科_小児科_皮膚科_精神科_心療内科】広島県東広島市高屋町大畠４９９－１８", "url": "https://www.iryou.teikyouseido.mhlw.go.jp/znk-web/juminkanja/S2430/initialize?prefCd=34&kikanCd=2340564840&kikanKbn=2", "url2": "https://www.morino-kuma.com/" }, "geometry": { "type": "Point", "coordinates": [ 132.779733, 34.446399 ] } },
{ "type": "Feature", "properties": { "内容": "医療法人社団　石見会　いわさきクリニック【2:診療所】【診療科目:内科_リハビリテーション科】広島県広島市東区東山町１番９号", "url": "https://www.iryou.teikyouseido.mhlw.go.jp/znk-web/juminkanja/S2430/initialize?prefCd=34&kikanCd=2340565010&kikanKbn=2", "url2": null }, "geometry": { "type": "Point", "coordinates": [ 132.49129, 34.39906 ] } },
{ "type": "Feature", "properties": { "内容": "すみよし内科クリニック【2:診療所】【診療科目:内科_呼吸器内科_アレルギー疾患内科_アレルギー科】広島県広島市東区牛田新町三丁目１４番２３号", "url": "https://www.iryou.teikyouseido.mhlw.go.jp/znk-web/juminkanja/S2430/initialize?prefCd=34&kikanCd=2340565430&kikanKbn=2", "url2": "http://sumiyoshinaika.com/" }, "geometry": { "type": "Point", "coordinates": [ 132.470093, 34.426701 ] } },
{ "type": "Feature", "properties": { "内容": "医療法人　広島リウマチ・内科クリニック【2:診療所】【診療科目:内科_アレルギー科_リウマチ科】広島県広島市中区鉄砲町１０番１３号　八丁堀　伊藤久芳堂ビル　３Ｆ", "url": "https://www.iryou.teikyouseido.mhlw.go.jp/znk-web/juminkanja/S2430/initialize?prefCd=34&kikanCd=2340565850&kikanKbn=2", "url2": "http://www.hiroshima-rheumatology.com/" }, "geometry": { "type": "Point", "coordinates": [ 132.463929, 34.39401 ] } },
{ "type": "Feature", "properties": { "内容": "いしがめ小児科【2:診療所】【診療科目:小児科】広島県広島市東区温品七丁目１０－１１－２０", "url": "https://www.iryou.teikyouseido.mhlw.go.jp/znk-web/juminkanja/S2430/initialize?prefCd=34&kikanCd=2340566020&kikanKbn=2", "url2": "http://ishigame-kids-clinic.com" }, "geometry": { "type": "Point", "coordinates": [ 132.50969, 34.414698 ] } },
{ "type": "Feature", "properties": { "内容": "もりかわ内科クリニック【2:診療所】【診療科目:内科_消化器内科_胃腸内科_内視鏡内科】広島県福山市東手城町一丁目３番１１号", "url": "https://www.iryou.teikyouseido.mhlw.go.jp/znk-web/juminkanja/S2430/initialize?prefCd=34&kikanCd=2340566150&kikanKbn=2", "url2": "http://www.morikawa-clinic.com" }, "geometry": { "type": "Point", "coordinates": [ 133.402146, 34.488608 ] } },
{ "type": "Feature", "properties": { "内容": "瞳眼科【2:診療所】【診療科目:眼科】広島県広島市中区本通　２番１０号", "url": "https://www.iryou.teikyouseido.mhlw.go.jp/znk-web/juminkanja/S2430/initialize?prefCd=34&kikanCd=2340566280&kikanKbn=2", "url2": null }, "geometry": { "type": "Point", "coordinates": [ 132.460901, 34.392816 ] } },
{ "type": "Feature", "properties": { "内容": "医療法人ＨＣＨ　さとう脳神経外科クリニック【2:診療所】【診療科目:脳神経外科_リハビリテーション科】広島県広島市南区翠２丁目５番６号", "url": "https://www.iryou.teikyouseido.mhlw.go.jp/znk-web/juminkanja/S2430/initialize?prefCd=34&kikanCd=2340566440&kikanKbn=2", "url2": "http://www.satoh-clinic.jp/" }, "geometry": { "type": "Point", "coordinates": [ 132.470348, 34.373474 ] } },
{ "type": "Feature", "properties": { "内容": "医療法人たひとく会なかの皮フ科【2:診療所】【診療科目:皮膚科_美容皮膚科】広島県広島市中区千田町１丁目３番３号　藤和鷹の橋コープ２階", "url": "https://www.iryou.teikyouseido.mhlw.go.jp/znk-web/juminkanja/S2430/initialize?prefCd=34&kikanCd=2340566570&kikanKbn=2", "url2": "nakano-hifuka.com" }, "geometry": { "type": "Point", "coordinates": [ 132.454061, 34.382883 ] } },
{ "type": "Feature", "properties": { "内容": "市役所通りクリニック【2:診療所】【診療科目:内科_胃腸内科_内視鏡内科_外科_乳腺外科_肛門外科_放射線診断科】広島県福山市西町一丁目７番９号", "url": "https://www.iryou.teikyouseido.mhlw.go.jp/znk-web/juminkanja/S2430/initialize?prefCd=34&kikanCd=2340567320&kikanKbn=2", "url2": null }, "geometry": { "type": "Point", "coordinates": [ 133.358774, 34.485797 ] } },
{ "type": "Feature", "properties": { "内容": "川﨑内科医院【2:診療所】【診療科目:内科_糖尿病内科_消化器内科_腎臓内科】広島県府中市高木町宮ヶ坪１８９－１", "url": "https://www.iryou.teikyouseido.mhlw.go.jp/znk-web/juminkanja/S2430/initialize?prefCd=34&kikanCd=2340567450&kikanKbn=2", "url2": null }, "geometry": { "type": "Point", "coordinates": [ 133.247324, 34.565759 ] } },
{ "type": "Feature", "properties": { "内容": "いるかクリニック【2:診療所】【診療科目:泌尿器科】広島県広島市安佐南区相田一丁目３番１８号", "url": "https://www.iryou.teikyouseido.mhlw.go.jp/znk-web/juminkanja/S2430/initialize?prefCd=34&kikanCd=2340567610&kikanKbn=2", "url2": "tttps://irukaclinic.com" }, "geometry": { "type": "Point", "coordinates": [ 132.457016, 34.470121 ] } },
{ "type": "Feature", "properties": { "内容": "ますだ小児科【2:診療所】【診療科目:小児科】広島県広島市東区東蟹屋町１０番　２１号", "url": "https://www.iryou.teikyouseido.mhlw.go.jp/znk-web/juminkanja/S2430/initialize?prefCd=34&kikanCd=2340567740&kikanKbn=2", "url2": "http://www.megaegg.ne.jp/~masuda-kids/" }, "geometry": { "type": "Point", "coordinates": [ 132.483344, 34.395288 ] } },
{ "type": "Feature", "properties": { "内容": "田口脳心臓血管クリニック【2:診療所】【診療科目:内科_循環器内科_神経内科_外科_脳神経外科_心臓血管外科】広島県廿日市市阿品三丁目２－１８", "url": "https://www.iryou.teikyouseido.mhlw.go.jp/znk-web/juminkanja/S2430/initialize?prefCd=34&kikanCd=2340567870&kikanKbn=2", "url2": "http://taguchicl.jp" }, "geometry": { "type": "Point", "coordinates": [ 132.313997, 34.320858 ] } },
{ "type": "Feature", "properties": { "内容": "岡村医院【2:診療所】【診療科目:内科_整形外科_形成外科_皮膚科_美容皮膚科_リハビリテーション科_放射線診断科】広島県呉市三条三丁目２番５号", "url": "https://www.iryou.teikyouseido.mhlw.go.jp/znk-web/juminkanja/S2430/initialize?prefCd=34&kikanCd=2340568170&kikanKbn=2", "url2": null }, "geometry": { "type": "Point", "coordinates": [ 132.554233, 34.248083 ] } },
{ "type": "Feature", "properties": { "内容": "すず美容形成外科医院【2:診療所】【診療科目:形成外科_美容外科_美容皮膚科】広島県広島市中区鉄砲町１０－１３　八丁堀伊藤久芳堂ビル６階", "url": "https://www.iryou.teikyouseido.mhlw.go.jp/znk-web/juminkanja/S2430/initialize?prefCd=34&kikanCd=2340568590&kikanKbn=2", "url2": "http://www.suzu-clinic.com" }, "geometry": { "type": "Point", "coordinates": [ 132.46396, 34.393968 ] } },
{ "type": "Feature", "properties": { "内容": "しだはらクリニック【2:診療所】【診療科目:内科_整形外科_リウマチ科】広島県福山市三吉町四丁目１１番８号", "url": "https://www.iryou.teikyouseido.mhlw.go.jp/znk-web/juminkanja/S2430/initialize?prefCd=34&kikanCd=2340568910&kikanKbn=2", "url2": null }, "geometry": { "type": "Point", "coordinates": [ 133.377406, 34.495823 ] } },
{ "type": "Feature", "properties": { "内容": "医療法人　江草玄士クリニック【2:診療所】【診療科目:内科_糖尿病内科_糖尿病・代謝内科】広島県広島市中区八丁堀１２番４号　八丁堀わかばビル２・３階", "url": "https://www.iryou.teikyouseido.mhlw.go.jp/znk-web/juminkanja/S2430/initialize?prefCd=34&kikanCd=2340569210&kikanKbn=2", "url2": null }, "geometry": { "type": "Point", "coordinates": [ 132.463678, 34.395344 ] } },
{ "type": "Feature", "properties": { "内容": "ふじたクリニック【2:診療所】【診療科目:内科_呼吸器内科_循環器内科_消化器内科_外科_リハビリテーション科】広島県広島市西区草津南４丁目６－５－１", "url": "https://www.iryou.teikyouseido.mhlw.go.jp/znk-web/juminkanja/S2430/initialize?prefCd=34&kikanCd=2340569470&kikanKbn=2", "url2": "http://www.fujitanobuhiro.com" }, "geometry": { "type": "Point", "coordinates": [ 132.396168, 34.376979 ] } },
{ "type": "Feature", "properties": { "内容": "医療法人馬場クリニック【2:診療所】【診療科目:内科_消化器内科_外科_肛門外科_アレルギー科_リハビリテーション科】広島県広島市安佐北区深川５丁目３９番２号", "url": "https://www.iryou.teikyouseido.mhlw.go.jp/znk-web/juminkanja/S2430/initialize?prefCd=34&kikanCd=2340569760&kikanKbn=2", "url2": "http://website2.infomity.net/8080000069/" }, "geometry": { "type": "Point", "coordinates": [ 132.529336, 34.480363 ] } },
{ "type": "Feature", "properties": { "内容": "クリニックほほえみ呉【2:診療所】【診療科目:内科_精神科】広島県呉市中通一丁目２番３号", "url": "https://www.iryou.teikyouseido.mhlw.go.jp/znk-web/juminkanja/S2430/initialize?prefCd=34&kikanCd=2340569890&kikanKbn=2", "url2": null }, "geometry": { "type": "Point", "coordinates": [ 132.561019, 34.243277 ] } },
{ "type": "Feature", "properties": { "内容": "つきやま医院【2:診療所】【診療科目:呼吸器内科_放射線科】広島県広島市東区戸坂山崎町８番９号", "url": "https://www.iryou.teikyouseido.mhlw.go.jp/znk-web/juminkanja/S2430/initialize?prefCd=34&kikanCd=2340569920&kikanKbn=2", "url2": null }, "geometry": { "type": "Point", "coordinates": [ 132.485536, 34.436256 ] } },
{ "type": "Feature", "properties": { "内容": "おやまクリニック　リウマチ科・内科【2:診療所】【診療科目:内科_リウマチ科】広島県広島市中区白島北町１０－１０", "url": "https://www.iryou.teikyouseido.mhlw.go.jp/znk-web/juminkanja/S2430/initialize?prefCd=34&kikanCd=2340570030&kikanKbn=2", "url2": "https://oyama-clinic.net/" }, "geometry": { "type": "Point", "coordinates": [ 132.463586, 34.409131 ] } },
{ "type": "Feature", "properties": { "内容": "はやし整形外科クリニック【2:診療所】【診療科目:整形外科_リハビリテーション科】広島県福山市伊勢丘６丁目１－３３", "url": "https://www.iryou.teikyouseido.mhlw.go.jp/znk-web/juminkanja/S2430/initialize?prefCd=34&kikanCd=2340570160&kikanKbn=2", "url2": null }, "geometry": { "type": "Point", "coordinates": [ 133.425399, 34.506487 ] } },
{ "type": "Feature", "properties": { "内容": "よしうら診療所【2:診療所】【診療科目:内科_泌尿器科】広島県呉市吉浦中町一丁目９番１２号", "url": "https://www.iryou.teikyouseido.mhlw.go.jp/znk-web/juminkanja/S2430/initialize?prefCd=34&kikanCd=2340570290&kikanKbn=2", "url2": null }, "geometry": { "type": "Point", "coordinates": [ 132.528818, 34.25872 ] } },
{ "type": "Feature", "properties": { "内容": "医療法人社団　石泌尿器科医院【2:診療所】【診療科目:泌尿器科】広島県呉市本町９番１９号", "url": "https://www.iryou.teikyouseido.mhlw.go.jp/znk-web/juminkanja/S2430/initialize?prefCd=34&kikanCd=2340570320&kikanKbn=2", "url2": "https://www.sekihinyokika-clinic.com/" }, "geometry": { "type": "Point", "coordinates": [ 132.570649, 34.247399 ] } },
{ "type": "Feature", "properties": { "内容": "医療法人社団済井会　福山光南クリニック【2:診療所】【診療科目:ペインクリニック内科_外科_整形外科_麻酔科】広島県福山市光南町三丁目７番８号", "url": "https://www.iryou.teikyouseido.mhlw.go.jp/znk-web/juminkanja/S2430/initialize?prefCd=34&kikanCd=2340571330&kikanKbn=2", "url2": "http://www.painclinic.jp/" }, "geometry": { "type": "Point", "coordinates": [ 133.367521, 34.476242 ] } },
{ "type": "Feature", "properties": { "内容": "医療法人社団瞭美会　山村眼科【2:診療所】【診療科目:眼科】広島県広島市東区若草町２０番７－１号", "url": "https://www.iryou.teikyouseido.mhlw.go.jp/znk-web/juminkanja/S2430/initialize?prefCd=34&kikanCd=2340571590&kikanKbn=2", "url2": "http://yamamuraganka.com" }, "geometry": { "type": "Point", "coordinates": [ 132.478677, 34.396621 ] } },
{ "type": "Feature", "properties": { "内容": "おひさまこどもクリニック【2:診療所】【診療科目:小児科_小児外科_小児神経内科_精神科_アレルギー科】広島県福山市御幸町森脇４２６番１号", "url": "https://www.iryou.teikyouseido.mhlw.go.jp/znk-web/juminkanja/S2430/initialize?prefCd=34&kikanCd=2340571620&kikanKbn=2", "url2": "http://ohisamakodomo-cl.jp/" }, "geometry": { "type": "Point", "coordinates": [ 133.362405, 34.485905 ] } },
{ "type": "Feature", "properties": { "内容": "松尾整形外科リハビリクリニック【2:診療所】【診療科目:整形外科_リウマチ科_リハビリテーション科】広島県三次市十日市東４丁目５－７", "url": "https://www.iryou.teikyouseido.mhlw.go.jp/znk-web/juminkanja/S2430/initialize?prefCd=34&kikanCd=2340571910&kikanKbn=2", "url2": "http://matsusei.jp" }, "geometry": { "type": "Point", "coordinates": [ 132.860987, 34.804869 ] } },
{ "type": "Feature", "properties": { "内容": "もみじアイクリニック【2:診療所】【診療科目:眼科】広島県広島市西区草津新町２丁目２６番１号　アルパーク東棟４階", "url": "https://www.iryou.teikyouseido.mhlw.go.jp/znk-web/juminkanja/S2430/initialize?prefCd=34&kikanCd=2340572180&kikanKbn=2", "url2": null }, "geometry": { "type": "Point", "coordinates": [ 132.394713, 34.37365 ] } },
{ "type": "Feature", "properties": { "内容": "にほ耳鼻科・内科心臓血管クリニック【2:診療所】【診療科目:内科_循環器内科_心臓血管外科_耳鼻いんこう科_アレルギー科】広島県広島市南区仁保新町２丁目５番３２号", "url": "https://www.iryou.teikyouseido.mhlw.go.jp/znk-web/juminkanja/S2430/initialize?prefCd=34&kikanCd=2340573060&kikanKbn=2", "url2": "https://niho-jibika.jp" }, "geometry": { "type": "Point", "coordinates": [ 132.493741, 34.376054 ] } },
{ "type": "Feature", "properties": { "内容": "医療法人木村整形外科リハビリ・ペインクリニック【2:診療所】【診療科目:ペインクリニック外科_整形外科_リウマチ科_リハビリテーション科_麻酔科】広島県広島市東区若草町１１－２　グランアークテラス３Ｆ", "url": "https://www.iryou.teikyouseido.mhlw.go.jp/znk-web/juminkanja/S2430/initialize?prefCd=34&kikanCd=2340573220&kikanKbn=2", "url2": "http://website2.infomity.net/8080000086/" }, "geometry": { "type": "Point", "coordinates": [ 132.477955, 34.398705 ] } },
{ "type": "Feature", "properties": { "内容": "医療法人　双藤会　産科・婦人科　藤東クリニック【2:診療所】【診療科目:産科_婦人科】広島県安芸郡府中町茂陰一丁目１番１号", "url": "https://www.iryou.teikyouseido.mhlw.go.jp/znk-web/juminkanja/S2430/initialize?prefCd=34&kikanCd=2340574230&kikanKbn=2", "url2": "https://fujito.clinic" }, "geometry": { "type": "Point", "coordinates": [ 132.503037, 34.389456 ] } },
{ "type": "Feature", "properties": { "内容": "医療法人社団　生康会　谷本医院【2:診療所】【診療科目:内科】広島県呉市吉浦宮花町７－１１", "url": "https://www.iryou.teikyouseido.mhlw.go.jp/znk-web/juminkanja/S2430/initialize?prefCd=34&kikanCd=2340574360&kikanKbn=2", "url2": "http://www.tanimotoiin.com" }, "geometry": { "type": "Point", "coordinates": [ 132.525331, 34.258502 ] } },
{ "type": "Feature", "properties": { "内容": "うえき泌尿器科クリニック【2:診療所】【診療科目:泌尿器科】広島県広島市安佐北区可部４丁目６番２号　ＹＮビル１Ｆ", "url": "https://www.iryou.teikyouseido.mhlw.go.jp/znk-web/juminkanja/S2430/initialize?prefCd=34&kikanCd=2340575080&kikanKbn=2", "url2": null }, "geometry": { "type": "Point", "coordinates": [ 132.508197, 34.519081 ] } },
{ "type": "Feature", "properties": { "内容": "医療法人社団　水野皮ふ科【2:診療所】【診療科目:皮膚科_アレルギー科】広島県広島市東区若草町１１番１－１０１号", "url": "https://www.iryou.teikyouseido.mhlw.go.jp/znk-web/juminkanja/S2430/initialize?prefCd=34&kikanCd=2340575240&kikanKbn=2", "url2": "http://www.mizuno-hifuka.jp" }, "geometry": { "type": "Point", "coordinates": [ 132.479026, 34.398235 ] } },
{ "type": "Feature", "properties": { "内容": "はたの皮膚科クリニック【2:診療所】【診療科目:皮膚科】広島県広島市南区宇品西３丁目１－４５－２　クリニックモール宇品", "url": "https://www.iryou.teikyouseido.mhlw.go.jp/znk-web/juminkanja/S2430/initialize?prefCd=34&kikanCd=2340575370&kikanKbn=2", "url2": "http://www.hatano-clinic.jp/index.html" }, "geometry": { "type": "Point", "coordinates": [ 132.459977, 34.363357 ] } },
{ "type": "Feature", "properties": { "内容": "医療法人　こころ・チャイルド・クリニック【2:診療所】【診療科目:小児科】広島県広島市安佐南区伴南１丁目５－１８－８　３０１", "url": "https://www.iryou.teikyouseido.mhlw.go.jp/znk-web/juminkanja/S2430/initialize?prefCd=34&kikanCd=2340575400&kikanKbn=2", "url2": "http://www.cocoro-child.com/" }, "geometry": { "type": "Point", "coordinates": [ 132.381155, 34.447642 ] } },
{ "type": "Feature", "properties": { "内容": "医療法人辰川会　山陽ぬまくま腎クリニック【2:診療所】【診療科目:内科_人工透析内科_外科】広島県福山市沼隈町草深２０３１－１", "url": "https://www.iryou.teikyouseido.mhlw.go.jp/znk-web/juminkanja/S2430/initialize?prefCd=34&kikanCd=2340575530&kikanKbn=2", "url2": "http://www.sanyo.or.jp" }, "geometry": { "type": "Point", "coordinates": [ 133.322139, 34.38718 ] } },
{ "type": "Feature", "properties": { "内容": "悠　心療内科【2:診療所】【診療科目:内科_精神科_心療内科】広島県東広島市西条本町１２番２号　木阪クリニックビル３階", "url": "https://www.iryou.teikyouseido.mhlw.go.jp/znk-web/juminkanja/S2430/initialize?prefCd=34&kikanCd=2340575660&kikanKbn=2", "url2": "http://you-psycho.me/" }, "geometry": { "type": "Point", "coordinates": [ 132.743209, 34.430289 ] } },
{ "type": "Feature", "properties": { "内容": "寺家内科クリニック【2:診療所】【診療科目:内科_消化器内科_胃腸内科】広島県東広島市西条町寺家６６２１－１", "url": "https://www.iryou.teikyouseido.mhlw.go.jp/znk-web/juminkanja/S2430/initialize?prefCd=34&kikanCd=2340575790&kikanKbn=2", "url2": "http://jike-naika-clinic.p-kit.com" }, "geometry": { "type": "Point", "coordinates": [ 132.728816, 34.429383 ] } },
{ "type": "Feature", "properties": { "内容": "在宅療養支援診療所　りんりんクリニック【2:診療所】【診療科目:内科】広島県安芸郡熊野町萩原５－１－５５", "url": "https://www.iryou.teikyouseido.mhlw.go.jp/znk-web/juminkanja/S2430/initialize?prefCd=34&kikanCd=2340575820&kikanKbn=2", "url2": "http://www.linlinclinic.jp/" }, "geometry": { "type": "Point", "coordinates": [ 132.592656, 34.339664 ] } },
{ "type": "Feature", "properties": { "内容": "医療法人広島ステーションクリニック【2:診療所】【診療科目:内科_消化器内科_美容皮膚科】広島県広島市東区若草町１１番２号　グランアークテラス３Ｆ", "url": "https://www.iryou.teikyouseido.mhlw.go.jp/znk-web/juminkanja/S2430/initialize?prefCd=34&kikanCd=2340576120&kikanKbn=2", "url2": "https://hs-clinic.ne.jp" }, "geometry": { "type": "Point", "coordinates": [ 132.478149, 34.398705 ] } },
{ "type": "Feature", "properties": { "内容": "医療法人横田メンタルクリニック【2:診療所】【診療科目:精神科_心療内科】広島県広島市東区若草町１１－２　グランアークテラス３Ｆ", "url": "https://www.iryou.teikyouseido.mhlw.go.jp/znk-web/juminkanja/S2430/initialize?prefCd=34&kikanCd=2340576250&kikanKbn=2", "url2": "http://www.yokotamental.jp" }, "geometry": { "type": "Point", "coordinates": [ 132.478149, 34.398705 ] } },
{ "type": "Feature", "properties": { "内容": "こさか内科【2:診療所】【診療科目:内科_呼吸器内科_循環器内科_消化器内科】広島県安芸郡府中町青崎東２０番２号", "url": "https://www.iryou.teikyouseido.mhlw.go.jp/znk-web/juminkanja/S2430/initialize?prefCd=34&kikanCd=2340576380&kikanKbn=2", "url2": null }, "geometry": { "type": "Point", "coordinates": [ 132.516147, 34.374958 ] } },
{ "type": "Feature", "properties": { "内容": "ふじたこどもクリニック【2:診療所】【診療科目:小児科】広島県広島市安佐北区可部４丁目２３－１３", "url": "https://www.iryou.teikyouseido.mhlw.go.jp/znk-web/juminkanja/S2430/initialize?prefCd=34&kikanCd=2340577130&kikanKbn=2", "url2": "http://www.fujitakodomo.com" }, "geometry": { "type": "Point", "coordinates": [ 132.508878, 34.516356 ] } },
{ "type": "Feature", "properties": { "内容": "医療法人　小児科さとうクリニック【2:診療所】【診療科目:小児科】広島県広島市南区宇品西３丁目１－４５－３　クリニックモール宇品", "url": "https://www.iryou.teikyouseido.mhlw.go.jp/znk-web/juminkanja/S2430/initialize?prefCd=34&kikanCd=2340577390&kikanKbn=2", "url2": "http://www.pedclinsato.jp" }, "geometry": { "type": "Point", "coordinates": [ 132.460041, 34.363402 ] } },
{ "type": "Feature", "properties": { "内容": "ながお脳神経外科クリニック【2:診療所】【診療科目:脳神経外科_リハビリテーション科_放射線科】広島県広島市佐伯区五日市駅前１丁目５－１８グラシアビル３０１", "url": "https://www.iryou.teikyouseido.mhlw.go.jp/znk-web/juminkanja/S2430/initialize?prefCd=34&kikanCd=2340578850&kikanKbn=2", "url2": "http://nagao-nougeka.jp" }, "geometry": { "type": "Point", "coordinates": [ 132.36791, 34.367845 ] } },
{ "type": "Feature", "properties": { "内容": "医療法人社団　小畠クリニック【2:診療所】【診療科目:内科】広島県広島市東区温品１丁目３番２号　フォレオ広島東", "url": "https://www.iryou.teikyouseido.mhlw.go.jp/znk-web/juminkanja/S2430/initialize?prefCd=34&kikanCd=2340579440&kikanKbn=2", "url2": "http://www.obata-ci.com" }, "geometry": { "type": "Point", "coordinates": [ 132.503841, 34.408759 ] } },
{ "type": "Feature", "properties": { "内容": "医療法人　日域整形外科クリニック【2:診療所】【診療科目:整形外科_リハビリテーション科】広島県広島市佐伯区五日市駅前１丁目５－１８－２０１", "url": "https://www.iryou.teikyouseido.mhlw.go.jp/znk-web/juminkanja/S2430/initialize?prefCd=34&kikanCd=2340579570&kikanKbn=2", "url2": "http://www.j-clinic.net/" }, "geometry": { "type": "Point", "coordinates": [ 132.367774, 34.36792 ] } },
{ "type": "Feature", "properties": { "内容": "医療法人徹慈会　東手城医院【2:診療所】【診療科目:耳鼻いんこう科_アレルギー科】広島県福山市東手城町一丁目３番１１号", "url": "https://www.iryou.teikyouseido.mhlw.go.jp/znk-web/juminkanja/S2430/initialize?prefCd=34&kikanCd=2340579730&kikanKbn=2", "url2": "http://www.healthcare-mall.jp/" }, "geometry": { "type": "Point", "coordinates": [ 133.402146, 34.488608 ] } },
{ "type": "Feature", "properties": { "内容": "医療法人社団　清流会　双樹クリニック【2:診療所】【診療科目:内科_腎臓内科_人工透析内科_リハビリテーション科】広島県廿日市市新宮二丁目１番１５号", "url": "https://www.iryou.teikyouseido.mhlw.go.jp/znk-web/juminkanja/S2430/initialize?prefCd=34&kikanCd=2340579860&kikanKbn=2", "url2": "http://www.seiryukai-soujyu.com/" }, "geometry": { "type": "Point", "coordinates": [ 132.329275, 34.353568 ] } },
{ "type": "Feature", "properties": { "内容": "広島生活習慣病・がん健診所【2:診療所】【診療科目:内科_呼吸器内科_循環器内科_消化器内科_内視鏡内科_婦人科_リウマチ科_放射線科】広島県広島市中区幟町１３番４号　広島マツダビル４Ｆ", "url": "https://www.iryou.teikyouseido.mhlw.go.jp/znk-web/juminkanja/S2430/initialize?prefCd=34&kikanCd=2340579990&kikanKbn=2", "url2": "http://www.hmh.or.jp" }, "geometry": { "type": "Point", "coordinates": [ 132.466069, 34.393669 ] } },
{ "type": "Feature", "properties": { "内容": "水入クリニック【2:診療所】【診療科目:内科_内分泌内科_胃腸内科_外科_肛門外科】広島県広島市東区牛田早稲田一丁目２３－８", "url": "https://www.iryou.teikyouseido.mhlw.go.jp/znk-web/juminkanja/S2430/initialize?prefCd=34&kikanCd=2340580260&kikanKbn=2", "url2": "http://mizuiri-clinic.com" }, "geometry": { "type": "Point", "coordinates": [ 132.477032, 34.409792 ] } },
{ "type": "Feature", "properties": { "内容": "医療法人社団　明樟会　広島女性クリニック【2:診療所】【診療科目:婦人科】広島県広島市中区三川町１－２０　ピンクリボン３９ビル４Ｆ", "url": "https://www.iryou.teikyouseido.mhlw.go.jp/znk-web/juminkanja/S2430/initialize?prefCd=34&kikanCd=2340580390&kikanKbn=2", "url2": "http://www.hiroshimabreastcenter.co.jp/fujin/" }, "geometry": { "type": "Point", "coordinates": [ 132.46279, 34.3904 ] } },
{ "type": "Feature", "properties": { "内容": "医療法人　宇品メンタルクリニック【2:診療所】【診療科目:精神科_心療内科】広島県広島市南区宇品西３丁目１－４５－４　クリニックモール宇品", "url": "https://www.iryou.teikyouseido.mhlw.go.jp/znk-web/juminkanja/S2430/initialize?prefCd=34&kikanCd=2340580420&kikanKbn=2", "url2": "http://www.ujina-mental.jp/" }, "geometry": { "type": "Point", "coordinates": [ 132.46016, 34.363337 ] } },
{ "type": "Feature", "properties": { "内容": "まんたに心療内科クリニック【2:診療所】【診療科目:精神科_心療内科】広島県広島市佐伯区五日市駅前１丁目５－１８　グラシアビル３０２", "url": "https://www.iryou.teikyouseido.mhlw.go.jp/znk-web/juminkanja/S2430/initialize?prefCd=34&kikanCd=2340580550&kikanKbn=2", "url2": "http://www.mantani-clinic.jp" }, "geometry": { "type": "Point", "coordinates": [ 132.367854, 34.367817 ] } },
{ "type": "Feature", "properties": { "内容": "おさだメンタルクリニック【2:診療所】【診療科目:精神科_心療内科】広島県広島市中区袋町１番　４号　Ｎａｍｉｋｉ　Ｋ２ビル　２階", "url": "https://www.iryou.teikyouseido.mhlw.go.jp/znk-web/juminkanja/S2430/initialize?prefCd=34&kikanCd=2340580710&kikanKbn=2", "url2": "http://welcomeosadamentalclinic.jimdo.com" }, "geometry": { "type": "Point", "coordinates": [ 132.461207, 34.391733 ] } },
{ "type": "Feature", "properties": { "内容": "医療法人　康秀会　さくら眼科クリニック【2:診療所】【診療科目:眼科】広島県福山市伊勢丘６丁目１番２６号", "url": "https://www.iryou.teikyouseido.mhlw.go.jp/znk-web/juminkanja/S2430/initialize?prefCd=34&kikanCd=2340581270&kikanKbn=2", "url2": null }, "geometry": { "type": "Point", "coordinates": [ 133.425368, 34.507117 ] } },
{ "type": "Feature", "properties": { "内容": "はしもとじんクリニック【2:診療所】【診療科目:内科_腎臓内科_人工透析内科_小児科_アレルギー科_リウマチ科】広島県福山市松永町３－７－３９－３", "url": "https://www.iryou.teikyouseido.mhlw.go.jp/znk-web/juminkanja/S2430/initialize?prefCd=34&kikanCd=2340581300&kikanKbn=2", "url2": "https://www.hashi-cl.com/" }, "geometry": { "type": "Point", "coordinates": [ 133.257527, 34.445713 ] } },
{ "type": "Feature", "properties": { "内容": "東京美容外科　福山院【2:診療所】【診療科目:形成外科_美容外科_皮膚科_美容皮膚科】広島県福山市三之丸町７－２１　大福三之丸ビル３Ｆ", "url": "https://www.iryou.teikyouseido.mhlw.go.jp/znk-web/juminkanja/S2430/initialize?prefCd=34&kikanCd=2340581430&kikanKbn=2", "url2": "https://www.tkc110.jp/fukuyama/" }, "geometry": { "type": "Point", "coordinates": [ 133.360332, 34.48747 ] } },
{ "type": "Feature", "properties": { "内容": "アイネス内科クリニック【2:診療所】【診療科目:内科】広島県福山市東桜町１－１　ｉｎｅｓＦＵＫＵＹＡＭＡ　２Ｆ", "url": "https://www.iryou.teikyouseido.mhlw.go.jp/znk-web/juminkanja/S2430/initialize?prefCd=34&kikanCd=2340581980&kikanKbn=2", "url2": "https://inesnaika.com" }, "geometry": { "type": "Point", "coordinates": [ 133.362593, 34.486924 ] } },
{ "type": "Feature", "properties": { "内容": "ＡＢＣクリニック美容外科　広島院【2:診療所】【診療科目:美容外科】広島県広島市中区鉄砲町８－１５　八重洲ビル５階", "url": "https://www.iryou.teikyouseido.mhlw.go.jp/znk-web/juminkanja/S2430/initialize?prefCd=34&kikanCd=2340582440&kikanKbn=2", "url2": "https://www.abc-hiroshima.jp/" }, "geometry": { "type": "Point", "coordinates": [ 132.463991, 34.394474 ] } },
{ "type": "Feature", "properties": { "内容": "医療法人社団スマイル　広島ベイクリニック【2:診療所】【診療科目:内科_腎臓内科_人工透析内科_膠原病内科】広島県広島市安芸区矢野新町２丁目２－１９", "url": "https://www.iryou.teikyouseido.mhlw.go.jp/znk-web/juminkanja/S2430/initialize?prefCd=34&kikanCd=2340582570&kikanKbn=2", "url2": "https://d-smile.or.jp/bay/" }, "geometry": { "type": "Point", "coordinates": [ 132.520454, 34.352932 ] } },
{ "type": "Feature", "properties": { "内容": "可部市頭眼科【2:診療所】【診療科目:眼科】広島県広島市安佐北区亀山９丁目１２－４０", "url": "https://www.iryou.teikyouseido.mhlw.go.jp/znk-web/juminkanja/S2430/initialize?prefCd=34&kikanCd=2340582730&kikanKbn=2", "url2": "http://www.ichigashiraganka.com/" }, "geometry": { "type": "Point", "coordinates": [ 132.478032, 34.53569 ] } },
{ "type": "Feature", "properties": { "内容": "しいはらクリニック【2:診療所】【診療科目:内科_ペインクリニック外科_麻酔科】広島県竹原市竹原町３６４３", "url": "https://www.iryou.teikyouseido.mhlw.go.jp/znk-web/juminkanja/S2430/initialize?prefCd=34&kikanCd=2340583290&kikanKbn=2", "url2": "http://shiihara-clinic.jp/" }, "geometry": { "type": "Point", "coordinates": [ 132.904755, 34.349301 ] } },
{ "type": "Feature", "properties": { "内容": "向島小児科外科クリニック【2:診療所】【診療科目:外科_小児科_小児外科】広島県尾道市向島町５４３７－１", "url": "https://www.iryou.teikyouseido.mhlw.go.jp/znk-web/juminkanja/S2430/initialize?prefCd=34&kikanCd=2340583320&kikanKbn=2", "url2": null }, "geometry": { "type": "Point", "coordinates": [ 133.200634, 34.395494 ] } },
{ "type": "Feature", "properties": { "内容": "ふるさとクリニック（分院）【2:診療所】【診療科目:内科_消化器内科_小児科】広島県庄原市高野町新市１０９１－１", "url": "https://www.iryou.teikyouseido.mhlw.go.jp/znk-web/juminkanja/S2430/initialize?prefCd=34&kikanCd=2340583450&kikanKbn=2", "url2": null }, "geometry": { "type": "Point", "coordinates": [ 132.911445, 35.035533 ] } },
{ "type": "Feature", "properties": { "内容": "さくらＭＲＩクリニック【2:診療所】【診療科目:内科_放射線科】広島県広島市中区幟町１３番４号　広島マツダビル地下１階", "url": "https://www.iryou.teikyouseido.mhlw.go.jp/znk-web/juminkanja/S2430/initialize?prefCd=34&kikanCd=2340583580&kikanKbn=2", "url2": "http://www.hmh.or.jp/" }, "geometry": { "type": "Point", "coordinates": [ 132.466069, 34.393663 ] } },
{ "type": "Feature", "properties": { "内容": "木村耳鼻咽喉科アレルギー科【2:診療所】【診療科目:耳鼻いんこう科_アレルギー科】広島県三原市宮浦六丁目３－２８", "url": "https://www.iryou.teikyouseido.mhlw.go.jp/znk-web/juminkanja/S2430/initialize?prefCd=34&kikanCd=2340584590&kikanKbn=2", "url2": "http://www.kimura-jibika.jp/" }, "geometry": { "type": "Point", "coordinates": [ 133.064189, 34.394867 ] } },
{ "type": "Feature", "properties": { "内容": "ちえ内科クリニック【2:診療所】【診療科目:内科_消化器内科_内視鏡内科】広島県安芸郡海田町幸町８番１４－３号", "url": "https://www.iryou.teikyouseido.mhlw.go.jp/znk-web/juminkanja/S2430/initialize?prefCd=34&kikanCd=2340584620&kikanKbn=2", "url2": "https://chienaika.com" }, "geometry": { "type": "Point", "coordinates": [ 132.542749, 34.368598 ] } },
{ "type": "Feature", "properties": { "内容": "医療法人Ｋ．Ｆ．会青葉台クリニック【2:診療所】【診療科目:内科_消化器内科_外科_整形外科_リハビリテーション科】広島県福山市青葉台一丁目１１－２０", "url": "https://www.iryou.teikyouseido.mhlw.go.jp/znk-web/juminkanja/S2430/initialize?prefCd=34&kikanCd=2340585210&kikanKbn=2", "url2": "https://www.aobadai-hp.com/" }, "geometry": { "type": "Point", "coordinates": [ 133.428362, 34.513083 ] } },
{ "type": "Feature", "properties": { "内容": "西原内科診療所【2:診療所】【診療科目:内科】広島県広島市西区三滝本町二丁目１番１－２７号", "url": "https://www.iryou.teikyouseido.mhlw.go.jp/znk-web/juminkanja/S2430/initialize?prefCd=34&kikanCd=2340585340&kikanKbn=2", "url2": null }, "geometry": { "type": "Point", "coordinates": [ 132.449956, 34.420229 ] } },
{ "type": "Feature", "properties": { "内容": "医療法人　慈晃会　川口耳鼻咽喉科クリニック【2:診療所】【診療科目:耳鼻いんこう科】広島県広島市中区八丁堀１番１２号　マスキ八丁堀ビル７Ｆ", "url": "https://www.iryou.teikyouseido.mhlw.go.jp/znk-web/juminkanja/S2430/initialize?prefCd=34&kikanCd=2340585470&kikanKbn=2", "url2": "http://www.kawaguchi-cl.jp" }, "geometry": { "type": "Point", "coordinates": [ 132.464206, 34.397454 ] } },
{ "type": "Feature", "properties": { "内容": "あおばこどもファミリークリニック【2:診療所】【診療科目:小児科_アレルギー科】広島県広島市南区宇品西５丁目３番１３号", "url": "https://www.iryou.teikyouseido.mhlw.go.jp/znk-web/juminkanja/S2430/initialize?prefCd=34&kikanCd=2340585920&kikanKbn=2", "url2": "http://www.aoba.atat.jp" }, "geometry": { "type": "Point", "coordinates": [ 132.45793, 34.363458 ] } },
{ "type": "Feature", "properties": { "内容": "重川クリニック．【2:診療所】【診療科目:精神科_心療内科】広島県広島市中区十日市町一丁目２－１７", "url": "https://www.iryou.teikyouseido.mhlw.go.jp/znk-web/juminkanja/S2430/initialize?prefCd=34&kikanCd=2340586060&kikanKbn=2", "url2": "https://shigekawa.net/" }, "geometry": { "type": "Point", "coordinates": [ 132.447655, 34.397896 ] } },
{ "type": "Feature", "properties": { "内容": "あわや内科クリニック【2:診療所】【診療科目:内科_呼吸器内科_循環器内科_消化器内科_アレルギー疾患内科_小児科】広島県廿日市市佐方４丁目４番１３号", "url": "https://www.iryou.teikyouseido.mhlw.go.jp/znk-web/juminkanja/S2430/initialize?prefCd=34&kikanCd=2340586190&kikanKbn=2", "url2": "http://awaya-clinic.com/" }, "geometry": { "type": "Point", "coordinates": [ 132.344111, 34.366376 ] } },
{ "type": "Feature", "properties": { "内容": "医療法人　伊勢丘内科クリニック【2:診療所】【診療科目:内科_呼吸器内科_アレルギー科】広島県福山市伊勢丘三丁目３番１号", "url": "https://www.iryou.teikyouseido.mhlw.go.jp/znk-web/juminkanja/S2430/initialize?prefCd=34&kikanCd=2340586220&kikanKbn=2", "url2": "http://isegaoka-naika-clinic.com/" }, "geometry": { "type": "Point", "coordinates": [ 133.422332, 34.502878 ] } },
{ "type": "Feature", "properties": { "内容": "ゆかわ脳神経外科クリニック【2:診療所】【診療科目:内科_脳神経内科_脳神経外科】広島県東広島市西条土与丸五丁目９－３４", "url": "https://www.iryou.teikyouseido.mhlw.go.jp/znk-web/juminkanja/S2430/initialize?prefCd=34&kikanCd=2340586350&kikanKbn=2", "url2": "https://yukawa-cl.com/" }, "geometry": { "type": "Point", "coordinates": [ 132.75282, 34.428651 ] } },
{ "type": "Feature", "properties": { "内容": "医療法人　千田内科クリニック【2:診療所】【診療科目:内科_糖尿病内科_糖尿病・内分泌内科】広島県広島市中区千田町１－９－１　Ａ－スカイコート　２階", "url": "https://www.iryou.teikyouseido.mhlw.go.jp/znk-web/juminkanja/S2430/initialize?prefCd=34&kikanCd=2340586480&kikanKbn=2", "url2": "http://www.sendanaika-clinic.jp" }, "geometry": { "type": "Point", "coordinates": [ 132.45493, 34.381817 ] } },
{ "type": "Feature", "properties": { "内容": "公立くい診療所【2:診療所】【診療科目:内科_外科_リハビリテーション科】広島県三原市久井町江木５０番地１", "url": "https://www.iryou.teikyouseido.mhlw.go.jp/znk-web/juminkanja/S2430/initialize?prefCd=34&kikanCd=2340586640&kikanKbn=2", "url2": null }, "geometry": { "type": "Point", "coordinates": [ 133.036698, 34.540975 ] } },
{ "type": "Feature", "properties": { "内容": "男たちの美容外科　広島院【2:診療所】【診療科目:形成外科_美容外科】広島県広島市中区新天地５番６号　アーバス並木４階", "url": "https://www.iryou.teikyouseido.mhlw.go.jp/znk-web/juminkanja/S2430/initialize?prefCd=34&kikanCd=2340589670&kikanKbn=2", "url2": "www.do-s.ne.jp" }, "geometry": { "type": "Point", "coordinates": [ 132.461512, 34.39133 ] } },
{ "type": "Feature", "properties": { "内容": "中央内科クリニック【2:診療所】【診療科目:内科_循環器内科_腎臓内科_人工透析内科_リハビリテーション科】広島県呉市広駅前一丁目４番５８号", "url": "https://www.iryou.teikyouseido.mhlw.go.jp/znk-web/juminkanja/S2430/initialize?prefCd=34&kikanCd=2340593000&kikanKbn=2", "url2": "https://chuounaika.com" }, "geometry": { "type": "Point", "coordinates": [ 132.626911, 34.230977 ] } },
{ "type": "Feature", "properties": { "内容": "かわむら内科クリニック【2:診療所】【診療科目:内科_糖尿病内科_内分泌内科】広島県広島市西区庚午中２丁目１９番９号", "url": "https://www.iryou.teikyouseido.mhlw.go.jp/znk-web/juminkanja/S2430/initialize?prefCd=34&kikanCd=2340593840&kikanKbn=2", "url2": "https://www.kawamura-cl.com/" }, "geometry": { "type": "Point", "coordinates": [ 132.411933, 34.386121 ] } },
{ "type": "Feature", "properties": { "内容": "医療法人社団仁恵会福山検診所【2:診療所】【診療科目:内科】広島県福山市南本庄五丁目１１－１", "url": "https://www.iryou.teikyouseido.mhlw.go.jp/znk-web/juminkanja/S2430/initialize?prefCd=34&kikanCd=2340595600&kikanKbn=2", "url2": "http://www.fukuyama-kenshin.jp" }, "geometry": { "type": "Point", "coordinates": [ 133.351656, 34.481017 ] } },
{ "type": "Feature", "properties": { "内容": "こころ尾道駅前クリニック【2:診療所】【診療科目:内科_精神科_心療内科】広島県尾道市土堂一丁目１１番６号", "url": "https://www.iryou.teikyouseido.mhlw.go.jp/znk-web/juminkanja/S2430/initialize?prefCd=34&kikanCd=2340595860&kikanKbn=2", "url2": "https://www.hp-kokoro-onomichi-st-clinic.com/" }, "geometry": { "type": "Point", "coordinates": [ 133.196389, 34.40587 ] } },
{ "type": "Feature", "properties": { "内容": "ふじいクリニック【2:診療所】【診療科目:内科_整形外科_皮膚科】広島県福山市水呑町三新田２丁目１", "url": "https://www.iryou.teikyouseido.mhlw.go.jp/znk-web/juminkanja/S2430/initialize?prefCd=34&kikanCd=2340596030&kikanKbn=2", "url2": "https://shion2023.or.jp/fujii/" }, "geometry": { "type": "Point", "coordinates": [ 133.387912, 34.447345 ] } },
{ "type": "Feature", "properties": { "内容": "たにもと眼科【2:診療所】【診療科目:眼科】広島県広島市東区戸坂出江１－１－１", "url": "https://www.iryou.teikyouseido.mhlw.go.jp/znk-web/juminkanja/S2430/initialize?prefCd=34&kikanCd=2340596290&kikanKbn=2", "url2": "https://www.tanimoto-eyeclinic.com/" }, "geometry": { "type": "Point", "coordinates": [ 132.488675, 34.432396 ] } },
{ "type": "Feature", "properties": { "内容": "のぞみ整形外科ヒロシマ【2:診療所】【診療科目:内科_整形外科_リハビリテーション科】広島県広島市佐伯区利松三丁目６－３０", "url": "https://www.iryou.teikyouseido.mhlw.go.jp/znk-web/juminkanja/S2430/initialize?prefCd=34&kikanCd=2340596450&kikanKbn=2", "url2": "https://www.nozomi-clinic.jp/hiroshima/" }, "geometry": { "type": "Point", "coordinates": [ 132.365631, 34.40073 ] } },
{ "type": "Feature", "properties": { "内容": "医療法人ＦＭＨＮ緑井脳神経外科【2:診療所】【診療科目:脳神経外科】広島県広島市安佐南区緑井五丁目２９－１８－２０１", "url": "https://www.iryou.teikyouseido.mhlw.go.jp/znk-web/juminkanja/S2430/initialize?prefCd=34&kikanCd=2340596580&kikanKbn=2", "url2": "http://midorii-nougeka.com" }, "geometry": { "type": "Point", "coordinates": [ 132.476925, 34.46733 ] } },
{ "type": "Feature", "properties": { "内容": "緑井メンタルクリニック【2:診療所】【診療科目:精神科_心療内科】広島県広島市安佐南区緑井五丁目２９番１８号　緑井ゆめビル４０１号室", "url": "https://www.iryou.teikyouseido.mhlw.go.jp/znk-web/juminkanja/S2430/initialize?prefCd=34&kikanCd=2340596610&kikanKbn=2", "url2": "http://www.midorii-mental.com/" }, "geometry": { "type": "Point", "coordinates": [ 132.476563, 34.46753 ] } },
{ "type": "Feature", "properties": { "内容": "医療法人　みぞべ眼科【2:診療所】【診療科目:眼科】広島県広島市安佐南区緑井五丁目２９－１８－２０２", "url": "https://www.iryou.teikyouseido.mhlw.go.jp/znk-web/juminkanja/S2430/initialize?prefCd=34&kikanCd=2340596740&kikanKbn=2", "url2": "http://www.mizobe-ganka.com/" }, "geometry": { "type": "Point", "coordinates": [ 132.476896, 34.467364 ] } },
{ "type": "Feature", "properties": { "内容": "医療法人　ひがき眼科【2:診療所】【診療科目:眼科】広島県府中市元町５７６－９", "url": "https://www.iryou.teikyouseido.mhlw.go.jp/znk-web/juminkanja/S2430/initialize?prefCd=34&kikanCd=2340597040&kikanKbn=2", "url2": null }, "geometry": { "type": "Point", "coordinates": [ 133.233879, 34.576293 ] } },
{ "type": "Feature", "properties": { "内容": "湘南美容クリニック広島院【2:診療所】【診療科目:美容外科_美容皮膚科】広島県広島市中区八丁堀１６番３号　広島第一ビル６階", "url": "https://www.iryou.teikyouseido.mhlw.go.jp/znk-web/juminkanja/S2430/initialize?prefCd=34&kikanCd=2340597200&kikanKbn=2", "url2": "https://www.s-b-c.net/clinic/branch/hiroshima/" }, "geometry": { "type": "Point", "coordinates": [ 132.462368, 34.394554 ] } },
{ "type": "Feature", "properties": { "内容": "さくらい内科アレルギー科クリニック【2:診療所】【診療科目:内科_呼吸器内科_循環器内科_消化器内科_アレルギー疾患内科_アレルギー科】広島県広島市安佐南区緑井五丁目２９－１８　緑井ゆめビル３０１", "url": "https://www.iryou.teikyouseido.mhlw.go.jp/znk-web/juminkanja/S2430/initialize?prefCd=34&kikanCd=2340598760&kikanKbn=2", "url2": "http://www.sakurai-clinic.net/" }, "geometry": { "type": "Point", "coordinates": [ 132.476946, 34.467354 ] } },
{ "type": "Feature", "properties": { "内容": "医療法人社団生康会　谷本メディカルクリニック【2:診療所】【診療科目:内科_循環器内科】広島県呉市三条四丁目４－１２　１階", "url": "https://www.iryou.teikyouseido.mhlw.go.jp/znk-web/juminkanja/S2430/initialize?prefCd=34&kikanCd=2340598920&kikanKbn=2", "url2": null }, "geometry": { "type": "Point", "coordinates": [ 132.556419, 34.250287 ] } },
{ "type": "Feature", "properties": { "内容": "佐々木医院【2:診療所】【診療科目:内科_循環器内科】広島県三次市三次町１５４２番地の６", "url": "https://www.iryou.teikyouseido.mhlw.go.jp/znk-web/juminkanja/S2430/initialize?prefCd=34&kikanCd=2340599060&kikanKbn=2", "url2": null }, "geometry": { "type": "Point", "coordinates": [ 132.847029, 34.812461 ] } },
{ "type": "Feature", "properties": { "内容": "こども発達支援センター【2:診療所】【診療科目:小児科_児童精神科_神経小児科】広島県福山市三吉町南ニ丁目１１番２２号", "url": "https://www.iryou.teikyouseido.mhlw.go.jp/znk-web/juminkanja/S2430/initialize?prefCd=34&kikanCd=2340599510&kikanKbn=2", "url2": "https://www.city.fukuyama.hiroshima.jp/soshiki/kodomo/" }, "geometry": { "type": "Point", "coordinates": [ 133.379223, 34.489913 ] } },
{ "type": "Feature", "properties": { "内容": "ながたクリニック【2:診療所】【診療科目:内科_呼吸器内科_胃腸内科_漢方内科_外科_肛門外科_リハビリテーション科】広島県広島市東区矢賀二丁目８－１８", "url": "https://www.iryou.teikyouseido.mhlw.go.jp/znk-web/juminkanja/S2430/initialize?prefCd=34&kikanCd=2340599770&kikanKbn=2", "url2": "http://www.nagata-cl.jp/" }, "geometry": { "type": "Point", "coordinates": [ 132.497064, 34.399233 ] } },
{ "type": "Feature", "properties": { "内容": "霞クリニック【2:診療所】【診療科目:放射線診断科】広島県広島市南区東雲本町一丁目２－２７", "url": "https://www.iryou.teikyouseido.mhlw.go.jp/znk-web/juminkanja/S2430/initialize?prefCd=34&kikanCd=2340602380&kikanKbn=2", "url2": "https://kasumiclinic.jp/" }, "geometry": { "type": "Point", "coordinates": [ 132.482622, 34.384012 ] } },
{ "type": "Feature", "properties": { "内容": "医療法人社団　恵正会　にのみや往診クリニック【2:診療所】【診療科目:内科】広島県広島市安佐北区可部五丁目９番３号", "url": "https://www.iryou.teikyouseido.mhlw.go.jp/znk-web/juminkanja/S2430/initialize?prefCd=34&kikanCd=2340602410&kikanKbn=2", "url2": "https://www.keiseikai-nmn.net/wp3" }, "geometry": { "type": "Point", "coordinates": [ 132.508425, 34.521309 ] } },
{ "type": "Feature", "properties": { "内容": "医療法人社団おとりす会【2:診療所】【診療科目:耳鼻いんこう科】広島県広島市中区大手町四丁目１－１　大手町平和ビル", "url": "https://www.iryou.teikyouseido.mhlw.go.jp/znk-web/juminkanja/S2430/initialize?prefCd=34&kikanCd=2340603840&kikanKbn=2", "url2": "http://kanebayashi.com/" }, "geometry": { "type": "Point", "coordinates": [ 132.453976, 34.38603 ] } },
{ "type": "Feature", "properties": { "内容": "医療法人社団　永沢耳鼻咽喉科医院【2:診療所】【診療科目:耳鼻いんこう科】広島県三原市港町１丁目６－９　第２講崎ビル２Ｆ", "url": "https://www.iryou.teikyouseido.mhlw.go.jp/znk-web/juminkanja/S2430/initialize?prefCd=34&kikanCd=2340604270&kikanKbn=2", "url2": "http://www.nagasawaiin.com/" }, "geometry": { "type": "Point", "coordinates": [ 133.076849, 34.40177 ] } },
{ "type": "Feature", "properties": { "内容": "四季の心クリニック【2:診療所】【診療科目:内科_漢方内科_精神科_心療内科】広島県東広島市西条町御薗宇６０３５", "url": "https://www.iryou.teikyouseido.mhlw.go.jp/znk-web/juminkanja/S2430/initialize?prefCd=34&kikanCd=2340604690&kikanKbn=2", "url2": "http://www.fourseasons-clinic.com/" }, "geometry": { "type": "Point", "coordinates": [ 132.754042, 34.416457 ] } },
{ "type": "Feature", "properties": { "内容": "新市ときながクリニック【2:診療所】【診療科目:内科_泌尿器科】広島県福山市新市町新市６２８－２", "url": "https://www.iryou.teikyouseido.mhlw.go.jp/znk-web/juminkanja/S2430/initialize?prefCd=34&kikanCd=2340604980&kikanKbn=2", "url2": "https://tokinaga-clinic.com/" }, "geometry": { "type": "Point", "coordinates": [ 133.270793, 34.556299 ] } },
{ "type": "Feature", "properties": { "内容": "三原皮ふ科アレルギー科【2:診療所】【診療科目:皮膚科_アレルギー科】広島県広島市東区中山東二丁目２－１－２", "url": "https://www.iryou.teikyouseido.mhlw.go.jp/znk-web/juminkanja/S2430/initialize?prefCd=34&kikanCd=2340605020&kikanKbn=2", "url2": "http://mihara-hifu.com/" }, "geometry": { "type": "Point", "coordinates": [ 132.504091, 34.410079 ] } },
{ "type": "Feature", "properties": { "内容": "こころ皮ふ科クリニック【2:診療所】【診療科目:形成外科_皮膚科】広島県広島市安佐南区伴南一丁目５－１８－８－３０３", "url": "https://www.iryou.teikyouseido.mhlw.go.jp/znk-web/juminkanja/S2430/initialize?prefCd=34&kikanCd=2340605150&kikanKbn=2", "url2": "http://cocoro-hihuka.com/" }, "geometry": { "type": "Point", "coordinates": [ 132.380771, 34.448176 ] } },
{ "type": "Feature", "properties": { "内容": "ウィミンズ・ヴィセオ　クリニック広島【2:診療所】【診療科目:産婦人科_産科_婦人科】広島県広島市東区若草町１１－２グランアークテラス３階", "url": "https://www.iryou.teikyouseido.mhlw.go.jp/znk-web/juminkanja/S2430/initialize?prefCd=34&kikanCd=2340605280&kikanKbn=2", "url2": "http://www.womens-viseo.com/" }, "geometry": { "type": "Point", "coordinates": [ 132.47826, 34.39851 ] } },
{ "type": "Feature", "properties": { "内容": "医療法人ふじえ　松山内科【2:診療所】【診療科目:内科_脳神経内科_精神科_リハビリテーション科】広島県福山市藤江町１７２４番地１", "url": "https://www.iryou.teikyouseido.mhlw.go.jp/znk-web/juminkanja/S2430/initialize?prefCd=34&kikanCd=2340605310&kikanKbn=2", "url2": "https://matsuyama-clinic.jp" }, "geometry": { "type": "Point", "coordinates": [ 133.278153, 34.423083 ] } },
{ "type": "Feature", "properties": { "内容": "なす眼科クリニック【2:診療所】【診療科目:眼科】広島県三原市港町一丁目３－１５　サンライズアネックス１Ｆ", "url": "https://www.iryou.teikyouseido.mhlw.go.jp/znk-web/juminkanja/S2430/initialize?prefCd=34&kikanCd=2340605440&kikanKbn=2", "url2": null }, "geometry": { "type": "Point", "coordinates": [ 133.080675, 34.39946 ] } },
{ "type": "Feature", "properties": { "内容": "やすもとクリニック【2:診療所】【診療科目:整形外科_リウマチ科_リハビリテーション科】広島県呉市中央二丁目３番２２号", "url": "https://www.iryou.teikyouseido.mhlw.go.jp/znk-web/juminkanja/S2430/initialize?prefCd=34&kikanCd=2340605600&kikanKbn=2", "url2": "www.yasukuri.com" }, "geometry": { "type": "Point", "coordinates": [ 132.560927, 34.246583 ] } },
{ "type": "Feature", "properties": { "内容": "大野キッズ・ファミリークリニック【2:診療所】【診療科目:小児科_アレルギー科】広島県廿日市市大野中央五丁目１－４３　２Ｆ", "url": "https://www.iryou.teikyouseido.mhlw.go.jp/znk-web/juminkanja/S2430/initialize?prefCd=34&kikanCd=2340605730&kikanKbn=2", "url2": "http://ohno-kids-fc.net/" }, "geometry": { "type": "Point", "coordinates": [ 132.27406, 34.291101 ] } },
{ "type": "Feature", "properties": { "内容": "西村内科医院【2:診療所】【診療科目:内科_循環器内科_消化器内科】広島県安芸郡府中町桃山１丁目１番２４号", "url": "https://www.iryou.teikyouseido.mhlw.go.jp/znk-web/juminkanja/S2430/initialize?prefCd=34&kikanCd=2340605860&kikanKbn=2", "url2": "https://www.nishimura-cl.com" }, "geometry": { "type": "Point", "coordinates": [ 132.506619, 34.380477 ] } },
{ "type": "Feature", "properties": { "内容": "山南クリニック【2:診療所】【診療科目:内科_外科】広島県福山市沼隈町中山南１３８７", "url": "https://www.iryou.teikyouseido.mhlw.go.jp/znk-web/juminkanja/S2430/initialize?prefCd=34&kikanCd=2340606030&kikanKbn=2", "url2": "http://shounankai.or.jp/" }, "geometry": { "type": "Point", "coordinates": [ 133.321899, 34.417789 ] } },
{ "type": "Feature", "properties": { "内容": "医療法人社団　和楽会　伊藤内科医院【2:診療所】【診療科目:内科_循環器内科】広島県広島市安佐南区伴中央四丁目７－１０", "url": "https://www.iryou.teikyouseido.mhlw.go.jp/znk-web/juminkanja/S2430/initialize?prefCd=34&kikanCd=2340606290&kikanKbn=2", "url2": "http://ito-junkanki.jp" }, "geometry": { "type": "Point", "coordinates": [ 132.404749, 34.457436 ] } },
{ "type": "Feature", "properties": { "内容": "かがわファミリークリニック【2:診療所】【診療科目:内科_消化器内科_外科_肛門外科_整形外科_アレルギー科_リハビリテーション科】広島県広島市安佐南区西原二丁目３２－１９", "url": "https://www.iryou.teikyouseido.mhlw.go.jp/znk-web/juminkanja/S2430/initialize?prefCd=34&kikanCd=2340606320&kikanKbn=2", "url2": "http://www.kagawa-family-clinic.com/" }, "geometry": { "type": "Point", "coordinates": [ 132.463455, 34.430701 ] } },
{ "type": "Feature", "properties": { "内容": "祇園すやま眼科クリニック【2:診療所】【診療科目:眼科】広島県広島市安佐南区山本三丁目１番１０号", "url": "https://www.iryou.teikyouseido.mhlw.go.jp/znk-web/juminkanja/S2430/initialize?prefCd=34&kikanCd=2340606450&kikanKbn=2", "url2": "http://suyama-eye.com" }, "geometry": { "type": "Point", "coordinates": [ 132.456004, 34.43947 ] } },
{ "type": "Feature", "properties": { "内容": "医療法人　くすの木クリニック【2:診療所】【診療科目:内科_外科】広島県広島市西区楠木町四丁目１６－１４", "url": "https://www.iryou.teikyouseido.mhlw.go.jp/znk-web/juminkanja/S2430/initialize?prefCd=34&kikanCd=2340607330&kikanKbn=2", "url2": "http://www.kusunoki-clinic.net/" }, "geometry": { "type": "Point", "coordinates": [ 132.457755, 34.414539 ] } },
{ "type": "Feature", "properties": { "内容": "ながしまクリニック【2:診療所】【診療科目:内科_消化器内科_外科_肛門外科】広島県広島市佐伯区吉見園２－２２", "url": "https://www.iryou.teikyouseido.mhlw.go.jp/znk-web/juminkanja/S2430/initialize?prefCd=34&kikanCd=2340607460&kikanKbn=2", "url2": "https://www.itsukaichi-nagashima-clinic.jp" }, "geometry": { "type": "Point", "coordinates": [ 132.369788, 34.366265 ] } },
{ "type": "Feature", "properties": { "内容": "向洋こどもクリニック【2:診療所】【診療科目:小児科_アレルギー科】広島県安芸郡府中町青崎中２４－２６", "url": "https://www.iryou.teikyouseido.mhlw.go.jp/znk-web/juminkanja/S2430/initialize?prefCd=34&kikanCd=2340607910&kikanKbn=2", "url2": "http://www.mndcc.jp/" }, "geometry": { "type": "Point", "coordinates": [ 132.506835, 34.376723 ] } },
{ "type": "Feature", "properties": { "内容": "やまだ眼科【2:診療所】【診療科目:眼科】広島県安芸郡府中町青崎中２４－２６", "url": "https://www.iryou.teikyouseido.mhlw.go.jp/znk-web/juminkanja/S2430/initialize?prefCd=34&kikanCd=2340608050&kikanKbn=2", "url2": "http://www.mukainada.jp" }, "geometry": { "type": "Point", "coordinates": [ 132.506824, 34.376679 ] } },
{ "type": "Feature", "properties": { "内容": "医療法人社団永慈会　永田内科医院【2:診療所】【診療科目:内科_呼吸器内科_循環器内科_消化器内科】広島県安芸郡府中町青崎中２４－２６　クリニックモール向洋２Ｆ", "url": "https://www.iryou.teikyouseido.mhlw.go.jp/znk-web/juminkanja/S2430/initialize?prefCd=34&kikanCd=2340608210&kikanKbn=2", "url2": null }, "geometry": { "type": "Point", "coordinates": [ 132.506953, 34.377402 ] } },
{ "type": "Feature", "properties": { "内容": "正覚クリニック【2:診療所】【診療科目:内科】広島県世羅郡世羅町安田６－２", "url": "https://www.iryou.teikyouseido.mhlw.go.jp/znk-web/juminkanja/S2430/initialize?prefCd=34&kikanCd=2340608760&kikanKbn=2", "url2": null }, "geometry": { "type": "Point", "coordinates": [ 133.003306, 34.64897 ] } },
{ "type": "Feature", "properties": { "内容": "たかはしメンタルクリニック【2:診療所】【診療科目:精神科_心療内科】広島県三原市頼兼一丁目１番３号", "url": "https://www.iryou.teikyouseido.mhlw.go.jp/znk-web/juminkanja/S2430/initialize?prefCd=34&kikanCd=2340608890&kikanKbn=2", "url2": "http://www.takahashi-mcl.com/" }, "geometry": { "type": "Point", "coordinates": [ 133.060282, 34.400344 ] } },
{ "type": "Feature", "properties": { "内容": "まるやまホームクリニック【2:診療所】【診療科目:内科】広島県福山市南蔵王町６丁目２７－２６ニューカモメマンション１０２", "url": "https://www.iryou.teikyouseido.mhlw.go.jp/znk-web/juminkanja/S2430/initialize?prefCd=34&kikanCd=2340608920&kikanKbn=2", "url2": "https://maruyamahomeclinic2010.com/" }, "geometry": { "type": "Point", "coordinates": [ 133.406568, 34.500349 ] } },
{ "type": "Feature", "properties": { "内容": "医療法人やまぐちホームケアクリニック【2:診療所】【診療科目:内科_消化器内科_緩和ケア内科_外科_肛門外科】広島県広島市安佐北区口田一丁目２１－２５", "url": "https://www.iryou.teikyouseido.mhlw.go.jp/znk-web/juminkanja/S2430/initialize?prefCd=34&kikanCd=2340609640&kikanKbn=2", "url2": "http://www.yamaguchi-hc.jp/" }, "geometry": { "type": "Point", "coordinates": [ 132.496006, 34.464559 ] } },
{ "type": "Feature", "properties": { "内容": "にこにこキッズクリニック【2:診療所】【診療科目:小児科_小児科系その他_アレルギー科】広島県広島市安佐南区緑井五丁目２９－１８　緑井ゆめビル１０３号", "url": "https://www.iryou.teikyouseido.mhlw.go.jp/znk-web/juminkanja/S2430/initialize?prefCd=34&kikanCd=2340609770&kikanKbn=2", "url2": "https://niconicokids-cl.com" }, "geometry": { "type": "Point", "coordinates": [ 132.476946, 34.467354 ] } },
{ "type": "Feature", "properties": { "内容": "谷口ハートクリニック【2:診療所】【診療科目:内科_循環器内科】広島県福山市多治米町２丁目１５番１６号", "url": "https://www.iryou.teikyouseido.mhlw.go.jp/znk-web/juminkanja/S2430/initialize?prefCd=34&kikanCd=2340610330&kikanKbn=2", "url2": "https://www.taniguchi-heart.com" }, "geometry": { "type": "Point", "coordinates": [ 133.379592, 34.471298 ] } },
{ "type": "Feature", "properties": { "内容": "さともとクリニック【2:診療所】【診療科目:内科_胃腸内科_外科_肛門外科】広島県世羅郡世羅町寺町１５５７－２", "url": "https://www.iryou.teikyouseido.mhlw.go.jp/znk-web/juminkanja/S2430/initialize?prefCd=34&kikanCd=2340610590&kikanKbn=2", "url2": "https://satomotokurinikku.hp.gogo.jp" }, "geometry": { "type": "Point", "coordinates": [ 133.038511, 34.58675 ] } },
{ "type": "Feature", "properties": { "内容": "きやすクリニック【2:診療所】【診療科目:精神科_心療内科】広島県尾道市天満町１６番１４－７号", "url": "https://www.iryou.teikyouseido.mhlw.go.jp/znk-web/juminkanja/S2430/initialize?prefCd=34&kikanCd=2340610620&kikanKbn=2", "url2": "http://www.kiyasu-cl.jp" }, "geometry": { "type": "Point", "coordinates": [ 133.18758, 34.406532 ] } },
{ "type": "Feature", "properties": { "内容": "ひろまち眼科【2:診療所】【診療科目:眼科】広島県呉市広古新開７丁目２４－３－２０２", "url": "https://www.iryou.teikyouseido.mhlw.go.jp/znk-web/juminkanja/S2430/initialize?prefCd=34&kikanCd=2340610750&kikanKbn=2", "url2": null }, "geometry": { "type": "Point", "coordinates": [ 132.618903, 34.240148 ] } },
{ "type": "Feature", "properties": { "内容": "医療法人　松尾内科・循環器内科クリニック【2:診療所】【診療科目:内科_循環器内科】広島県呉市広古新開７丁目２４－３－３０２", "url": "https://www.iryou.teikyouseido.mhlw.go.jp/znk-web/juminkanja/S2430/initialize?prefCd=34&kikanCd=2340610880&kikanKbn=2", "url2": "https://www.matsuo-cl.info/" }, "geometry": { "type": "Point", "coordinates": [ 132.618859, 34.240148 ] } },
{ "type": "Feature", "properties": { "内容": "よしかわ医院【2:診療所】【診療科目:内科_外科】広島県呉市中央１丁目３－１　光陽ビル２階", "url": "https://www.iryou.teikyouseido.mhlw.go.jp/znk-web/juminkanja/S2430/initialize?prefCd=34&kikanCd=2340610910&kikanKbn=2", "url2": "http://www.yoshikawa-cl.jp/" }, "geometry": { "type": "Point", "coordinates": [ 132.559261, 34.246194 ] } },
{ "type": "Feature", "properties": { "内容": "みずの耳鼻咽喉科【2:診療所】【診療科目:耳鼻いんこう科】広島県廿日市市串戸４丁目１４－１４", "url": "https://www.iryou.teikyouseido.mhlw.go.jp/znk-web/juminkanja/S2430/initialize?prefCd=34&kikanCd=2340611050&kikanKbn=2", "url2": "http://www.mizuno-ent.jp/" }, "geometry": { "type": "Point", "coordinates": [ 132.323442, 34.347541 ] } },
{ "type": "Feature", "properties": { "内容": "ののやま眼科【2:診療所】【診療科目:眼科】広島県広島市東区中山西二丁目４番６号", "url": "https://www.iryou.teikyouseido.mhlw.go.jp/znk-web/juminkanja/S2430/initialize?prefCd=34&kikanCd=2340611180&kikanKbn=2", "url2": "http://www.nonoyamaganka.jp/" }, "geometry": { "type": "Point", "coordinates": [ 132.498063, 34.409301 ] } },
{ "type": "Feature", "properties": { "内容": "みなみまちクリニック【2:診療所】【診療科目:内科_整形外科_リハビリテーション科】広島県広島市南区皆実町五丁目１８番２号", "url": "https://www.iryou.teikyouseido.mhlw.go.jp/znk-web/juminkanja/S2430/initialize?prefCd=34&kikanCd=2340611340&kikanKbn=2", "url2": "http://www.minamimachi-cl.com/" }, "geometry": { "type": "Point", "coordinates": [ 132.467598, 34.373434 ] } },
{ "type": "Feature", "properties": { "内容": "医療法人あき皮ふ科【2:診療所】【診療科目:皮膚科】広島県広島市安佐南区緑井五丁目２９－１８　緑井ゆめビル４０３号", "url": "https://www.iryou.teikyouseido.mhlw.go.jp/znk-web/juminkanja/S2430/initialize?prefCd=34&kikanCd=2340611470&kikanKbn=2", "url2": "http://www.aki-hifuka.com/" }, "geometry": { "type": "Point", "coordinates": [ 132.476946, 34.467354 ] } },
{ "type": "Feature", "properties": { "内容": "いわた耳鼻咽喉科クリニック【2:診療所】【診療科目:耳鼻いんこう科】広島県福山市神辺町川南１１２０番", "url": "https://www.iryou.teikyouseido.mhlw.go.jp/znk-web/juminkanja/S2430/initialize?prefCd=34&kikanCd=2340611760&kikanKbn=2", "url2": "iwata-ent.jp" }, "geometry": { "type": "Point", "coordinates": [ 133.369636, 34.533145 ] } },
{ "type": "Feature", "properties": { "内容": "サンクリニックみなが【2:診療所】【診療科目:内科_糖尿病内科_消化器内科_腎臓内科_人工透析内科】広島県東広島市西条町下三永字向原１０３５４番地１", "url": "https://www.iryou.teikyouseido.mhlw.go.jp/znk-web/juminkanja/S2430/initialize?prefCd=34&kikanCd=2340611890&kikanKbn=2", "url2": "https://www.sunclinic.info/" }, "geometry": { "type": "Point", "coordinates": [ 132.747516, 34.38921 ] } },
{ "type": "Feature", "properties": { "内容": "二階堂耳鼻咽喉科【2:診療所】【診療科目:耳鼻いんこう科_アレルギー科】広島県広島市西区楠木町四丁目１６－１８", "url": "https://www.iryou.teikyouseido.mhlw.go.jp/znk-web/juminkanja/S2430/initialize?prefCd=34&kikanCd=2340612060&kikanKbn=2", "url2": "http://www.nikaido-oto.jp/" }, "geometry": { "type": "Point", "coordinates": [ 132.455706, 34.417702 ] } },
{ "type": "Feature", "properties": { "内容": "医療法人　横山内科医院【2:診療所】【診療科目:内科_消化器内科】広島県広島市南区東荒神町３－３５", "url": "https://www.iryou.teikyouseido.mhlw.go.jp/znk-web/juminkanja/S2430/initialize?prefCd=34&kikanCd=2340612350&kikanKbn=2", "url2": null }, "geometry": { "type": "Point", "coordinates": [ 132.479566, 34.394594 ] } },
{ "type": "Feature", "properties": { "内容": "なかもと眼科クリニック【2:診療所】【診療科目:眼科】広島県安芸高田市甲田町高田原１４７２－２", "url": "https://www.iryou.teikyouseido.mhlw.go.jp/znk-web/juminkanja/S2430/initialize?prefCd=34&kikanCd=2340613100&kikanKbn=2", "url2": null }, "geometry": { "type": "Point", "coordinates": [ 132.759613, 34.693308 ] } },
{ "type": "Feature", "properties": { "内容": "西原セントラルクリニック【2:診療所】【診療科目:内科_糖尿病内科_内分泌内科_呼吸器内科_消化器内科_胃腸内科_アレルギー科】広島県広島市安佐南区西原八丁目３３－３", "url": "https://www.iryou.teikyouseido.mhlw.go.jp/znk-web/juminkanja/S2430/initialize?prefCd=34&kikanCd=2340613490&kikanKbn=2", "url2": "https://koenkai-gr.jp/clinic/nishihara-clinic/" }, "geometry": { "type": "Point", "coordinates": [ 132.474199, 34.443197 ] } },
{ "type": "Feature", "properties": { "内容": "おおえ内科クリニック【2:診療所】【診療科目:内科_消化器内科_内視鏡内科】広島県大竹市晴海一丁目４－１３", "url": "https://www.iryou.teikyouseido.mhlw.go.jp/znk-web/juminkanja/S2430/initialize?prefCd=34&kikanCd=2340614240&kikanKbn=2", "url2": "http://www.ohe-clinic.com" }, "geometry": { "type": "Point", "coordinates": [ 132.223186, 34.24001 ] } },
{ "type": "Feature", "properties": { "内容": "医療法人　太田形成外科クリニック【2:診療所】【診療科目:形成外科_皮膚科_美容皮膚科】広島県福山市花園町二丁目６番２８号", "url": "https://www.iryou.teikyouseido.mhlw.go.jp/znk-web/juminkanja/S2430/initialize?prefCd=34&kikanCd=2340614370&kikanKbn=2", "url2": "http://www.otakeiseigeka.jp" }, "geometry": { "type": "Point", "coordinates": [ 133.372713, 34.48024 ] } },
{ "type": "Feature", "properties": { "内容": "草津眼科クリニック【2:診療所】【診療科目:眼科】広島県広島市西区草津東二丁目１６－８", "url": "https://www.iryou.teikyouseido.mhlw.go.jp/znk-web/juminkanja/S2430/initialize?prefCd=34&kikanCd=2340614400&kikanKbn=2", "url2": "https://kusatsueyeclinic.com/" }, "geometry": { "type": "Point", "coordinates": [ 132.404909, 34.380003 ] } },
{ "type": "Feature", "properties": { "内容": "クリニック福本リハビリ整形外科【2:診療所】【診療科目:整形外科_リウマチ科_リハビリテーション科】広島県広島市安芸区矢野東二丁目３１－１１", "url": "https://www.iryou.teikyouseido.mhlw.go.jp/znk-web/juminkanja/S2430/initialize?prefCd=34&kikanCd=2340614660&kikanKbn=2", "url2": "https://clinic-fukumoto.com" }, "geometry": { "type": "Point", "coordinates": [ 132.53598, 34.355377 ] } },
{ "type": "Feature", "properties": { "内容": "大野東クリニック【2:診療所】【診療科目:内科_神経内科_老年内科_リハビリテーション科】広島県廿日市市大野下更地１８０９－９", "url": "https://www.iryou.teikyouseido.mhlw.go.jp/znk-web/juminkanja/S2430/initialize?prefCd=34&kikanCd=2340614790&kikanKbn=2", "url2": null }, "geometry": { "type": "Point", "coordinates": [ 132.288727, 34.312146 ] } },
{ "type": "Feature", "properties": { "内容": "医療法人　雖寿会　しみずこどもクリニック【2:診療所】【診療科目:小児科】広島県広島市安佐南区祇園三丁目１２－１２－２", "url": "https://www.iryou.teikyouseido.mhlw.go.jp/znk-web/juminkanja/S2430/initialize?prefCd=34&kikanCd=2340614950&kikanKbn=2", "url2": "http://shimizukidsclinic.jp/" }, "geometry": { "type": "Point", "coordinates": [ 132.460773, 34.439315 ] } },
{ "type": "Feature", "properties": { "内容": "吉本内科クリニック【2:診療所】【診療科目:内科_循環器内科_神経内科_心療内科】広島県広島市中区江波西一丁目２８－１０", "url": "https://www.iryou.teikyouseido.mhlw.go.jp/znk-web/juminkanja/S2430/initialize?prefCd=34&kikanCd=2340615090&kikanKbn=2", "url2": null }, "geometry": { "type": "Point", "coordinates": [ 132.434904, 34.369929 ] } },
{ "type": "Feature", "properties": { "内容": "はしがみ心療内科クリニック【2:診療所】【診療科目:神経内科_精神科_心療内科】広島県広島市中区八丁堀１－１２　マスキ八丁堀ビル３Ｆ", "url": "https://www.iryou.teikyouseido.mhlw.go.jp/znk-web/juminkanja/S2430/initialize?prefCd=34&kikanCd=2340615410&kikanKbn=2", "url2": null }, "geometry": { "type": "Point", "coordinates": [ 132.463769, 34.397573 ] } },
{ "type": "Feature", "properties": { "内容": "本通眼科【2:診療所】【診療科目:眼科】広島県広島市中区本通本通７－２５　高橋ビル１Ｆ", "url": "https://www.iryou.teikyouseido.mhlw.go.jp/znk-web/juminkanja/S2430/initialize?prefCd=34&kikanCd=2340615540&kikanKbn=2", "url2": null }, "geometry": { "type": "Point", "coordinates": [ 132.457681, 34.39336 ] } },
{ "type": "Feature", "properties": { "内容": "たかた内科クリニック【2:診療所】【診療科目:内科_代謝内科_循環器内科_消化器内科】広島県広島市東区若草町１０番１５号　１Ｆ", "url": "https://www.iryou.teikyouseido.mhlw.go.jp/znk-web/juminkanja/S2430/initialize?prefCd=34&kikanCd=2340615960&kikanKbn=2", "url2": "www.takatanaikaclinic.com/access/" }, "geometry": { "type": "Point", "coordinates": [ 132.479998, 34.397816 ] } },
{ "type": "Feature", "properties": { "内容": "石川内科外科クリニック【2:診療所】【診療科目:内科_外科】広島県広島市佐伯区海老園二丁目１０－２１", "url": "https://www.iryou.teikyouseido.mhlw.go.jp/znk-web/juminkanja/S2430/initialize?prefCd=34&kikanCd=2340616260&kikanKbn=2", "url2": "http://www.ishikawa-is-clinic.com/" }, "geometry": { "type": "Point", "coordinates": [ 132.362048, 34.364265 ] } },
{ "type": "Feature", "properties": { "内容": "祇園ふたばこどもクリニック【2:診療所】【診療科目:小児科】広島県広島市安佐南区山本三丁目１－１２", "url": "https://www.iryou.teikyouseido.mhlw.go.jp/znk-web/juminkanja/S2430/initialize?prefCd=34&kikanCd=2340616390&kikanKbn=2", "url2": "http://www.futaba-kids.net/" }, "geometry": { "type": "Point", "coordinates": [ 132.455779, 34.439306 ] } },
{ "type": "Feature", "properties": { "内容": "中山眼科【2:診療所】【診療科目:眼科】広島県福山市川口町四丁目２１－３１", "url": "https://www.iryou.teikyouseido.mhlw.go.jp/znk-web/juminkanja/S2430/initialize?prefCd=34&kikanCd=2340616420&kikanKbn=2", "url2": "http://www.nakayama-ganka.jp/" }, "geometry": { "type": "Point", "coordinates": [ 133.38696, 34.463963 ] } },
{ "type": "Feature", "properties": { "内容": "うえだ皮膚科【2:診療所】【診療科目:形成外科_皮膚科_アレルギー科】広島県三原市頼兼一丁目１番６号", "url": "https://www.iryou.teikyouseido.mhlw.go.jp/znk-web/juminkanja/S2430/initialize?prefCd=34&kikanCd=2340616550&kikanKbn=2", "url2": "https://www.ueda-derma.com/" }, "geometry": { "type": "Point", "coordinates": [ 133.059881, 34.399569 ] } },
{ "type": "Feature", "properties": { "内容": "尾道市立夜間救急診療所【2:診療所】【診療科目:内科_外科】広島県尾道市門田町２２－５", "url": "https://www.iryou.teikyouseido.mhlw.go.jp/znk-web/juminkanja/S2430/initialize?prefCd=34&kikanCd=2340616680&kikanKbn=2", "url2": "https://www.city.onomichi.hiroshima.jp/soshiki/19/1824.html" }, "geometry": { "type": "Point", "coordinates": [ 133.185305, 34.421637 ] } },
{ "type": "Feature", "properties": { "内容": "行徳皮ふ科アレルギー科【2:診療所】【診療科目:皮膚科_アレルギー科】広島県安芸郡府中町青崎中２４－２６", "url": "https://www.iryou.teikyouseido.mhlw.go.jp/znk-web/juminkanja/S2430/initialize?prefCd=34&kikanCd=2340616710&kikanKbn=2", "url2": "https://www.gyotokuhifuka.com" }, "geometry": { "type": "Point", "coordinates": [ 132.506813, 34.377263 ] } },
{ "type": "Feature", "properties": { "内容": "太田川東クリニック【2:診療所】【診療科目:内科_外科】広島県広島市東区戸坂山根一丁目２４－２０", "url": "https://www.iryou.teikyouseido.mhlw.go.jp/znk-web/juminkanja/S2430/initialize?prefCd=34&kikanCd=2340616840&kikanKbn=2", "url2": "www.otagawa-hp.com/otagawa_higashi/" }, "geometry": { "type": "Point", "coordinates": [ 132.489444, 34.433854 ] } },
{ "type": "Feature", "properties": { "内容": "ゆめ眼科【2:診療所】【診療科目:眼科】広島県広島市南区皆実町二丁目８－１７", "url": "https://www.iryou.teikyouseido.mhlw.go.jp/znk-web/juminkanja/S2430/initialize?prefCd=34&kikanCd=2340617140&kikanKbn=2", "url2": null }, "geometry": { "type": "Point", "coordinates": [ 132.463792, 34.37616 ] } },
{ "type": "Feature", "properties": { "内容": "医療法人　いつかいち駅前内科【2:診療所】【診療科目:内科_糖尿病内科_内分泌内科】広島県広島市佐伯区五日市駅前一丁目５－１８－４０１", "url": "https://www.iryou.teikyouseido.mhlw.go.jp/znk-web/juminkanja/S2430/initialize?prefCd=34&kikanCd=2340617430&kikanKbn=2", "url2": "http://www.ekimaenaika.jp/" }, "geometry": { "type": "Point", "coordinates": [ 132.368656, 34.368146 ] } },
{ "type": "Feature", "properties": { "内容": "のじまホームクリニック【2:診療所】【診療科目:内科_外科】広島県福山市駅家町万能倉１２４５－４", "url": "https://www.iryou.teikyouseido.mhlw.go.jp/znk-web/juminkanja/S2430/initialize?prefCd=34&kikanCd=2340617720&kikanKbn=2", "url2": "http://www.nojima-hc.com" }, "geometry": { "type": "Point", "coordinates": [ 133.329855, 34.544274 ] } },
{ "type": "Feature", "properties": { "内容": "医療法人社団　仁井谷医院　にいたにクリニック【2:診療所】【診療科目:整形外科_形成外科_皮膚科_歯科_小児歯科_アレルギー科_リハビリテーション科_救急科_麻酔科】広島県呉市中通２丁目８－１８", "url": "https://www.iryou.teikyouseido.mhlw.go.jp/znk-web/juminkanja/S2430/initialize?prefCd=34&kikanCd=2340617850&kikanKbn=2", "url2": "http://www.niitani-clinic.jp/" }, "geometry": { "type": "Point", "coordinates": [ 132.563683, 34.243638 ] } },
{ "type": "Feature", "properties": { "内容": "小早川クリニック　心療内科【2:診療所】【診療科目:精神科_心療内科】広島県呉市広古新開７丁目２４－３－３０１", "url": "https://www.iryou.teikyouseido.mhlw.go.jp/znk-web/juminkanja/S2430/initialize?prefCd=34&kikanCd=2340618020&kikanKbn=2", "url2": "http://www.kobayakawa-cl.com" }, "geometry": { "type": "Point", "coordinates": [ 132.618859, 34.240148 ] } },
{ "type": "Feature", "properties": { "内容": "医療法人　増田ファミリークリニック【2:診療所】【診療科目:内科_糖尿病内科_呼吸器内科_循環器内科_消化器内科_腎臓内科_小児科】広島県安芸高田市甲田町高田原１４７４番地３", "url": "https://www.iryou.teikyouseido.mhlw.go.jp/znk-web/juminkanja/S2430/initialize?prefCd=34&kikanCd=2340618150&kikanKbn=2", "url2": "http://www.akitakatamed.or.jp/medi/h021.html" }, "geometry": { "type": "Point", "coordinates": [ 132.759903, 34.695138 ] } },
{ "type": "Feature", "properties": { "内容": "医療法人泌尿器科福島クリニック【2:診療所】【診療科目:泌尿器科】広島県尾道市栗原西一丁目４－１９", "url": "https://www.iryou.teikyouseido.mhlw.go.jp/znk-web/juminkanja/S2430/initialize?prefCd=34&kikanCd=2340619160&kikanKbn=2", "url2": null }, "geometry": { "type": "Point", "coordinates": [ 133.187343, 34.407237 ] } },
{ "type": "Feature", "properties": { "内容": "内科・腎臓内科　かつたにクリニック【2:診療所】【診療科目:内科_腎臓内科】広島県尾道市栗原西一丁目４番１９号", "url": "https://www.iryou.teikyouseido.mhlw.go.jp/znk-web/juminkanja/S2430/initialize?prefCd=34&kikanCd=2340620140&kikanKbn=2", "url2": "http://www.katsutani-cl.com/" }, "geometry": { "type": "Point", "coordinates": [ 133.187343, 34.407237 ] } },
{ "type": "Feature", "properties": { "内容": "友安クリニック【2:診療所】【診療科目:内科_外科_リハビリテーション科】広島県東広島市西条町寺家字前谷１３１９番１", "url": "https://www.iryou.teikyouseido.mhlw.go.jp/znk-web/juminkanja/S2430/initialize?prefCd=34&kikanCd=2340621150&kikanKbn=2", "url2": "https://www.tomoyasu-clinic.jp" }, "geometry": { "type": "Point", "coordinates": [ 132.713656, 34.432094 ] } },
{ "type": "Feature", "properties": { "内容": "ふろなか内科呼吸器アレルギークリニック【2:診療所】【診療科目:内科_呼吸器内科_アレルギー疾患内科】広島県広島市安佐南区祇園三丁目１５－２５", "url": "https://www.iryou.teikyouseido.mhlw.go.jp/znk-web/juminkanja/S2430/initialize?prefCd=34&kikanCd=2340621280&kikanKbn=2", "url2": "http://www.furonaka-clinic.com/" }, "geometry": { "type": "Point", "coordinates": [ 132.444609, 34.397619 ] } },
{ "type": "Feature", "properties": { "内容": "あおぞら診療所【2:診療所】【診療科目:内科_整形外科_リハビリテーション科】広島県広島市安芸区中野七丁目２２－１１", "url": "https://www.iryou.teikyouseido.mhlw.go.jp/znk-web/juminkanja/S2430/initialize?prefCd=34&kikanCd=2340621600&kikanKbn=2", "url2": null }, "geometry": { "type": "Point", "coordinates": [ 132.592618, 34.422355 ] } },
{ "type": "Feature", "properties": { "内容": "村田内科クリニック【2:診療所】【診療科目:内科_循環器内科_人工透析内科_アレルギー疾患内科】広島県呉市本通７丁目１４番３号", "url": "https://www.iryou.teikyouseido.mhlw.go.jp/znk-web/juminkanja/S2430/initialize?prefCd=34&kikanCd=2340622030&kikanKbn=2", "url2": null }, "geometry": { "type": "Point", "coordinates": [ 132.576095, 34.250268 ] } },
{ "type": "Feature", "properties": { "内容": "八丁堀脳外科【2:診療所】【診療科目:脳神経外科】広島県広島市中区八丁堀１４－７　宮田ビル２Ｆ", "url": "https://www.iryou.teikyouseido.mhlw.go.jp/znk-web/juminkanja/S2430/initialize?prefCd=34&kikanCd=2340622320&kikanKbn=2", "url2": "http://hnc141008.com/hatchouborinougeka.html" }, "geometry": { "type": "Point", "coordinates": [ 132.463533, 34.394614 ] } },
{ "type": "Feature", "properties": { "内容": "いちごこどもクリニック【2:診療所】【診療科目:内科_小児科】広島県広島市安佐南区川内五丁目１４－２０", "url": "https://www.iryou.teikyouseido.mhlw.go.jp/znk-web/juminkanja/S2430/initialize?prefCd=34&kikanCd=2340622450&kikanKbn=2", "url2": "http://paw.candypop.jp/" }, "geometry": { "type": "Point", "coordinates": [ 132.484017, 34.469556 ] } },
{ "type": "Feature", "properties": { "内容": "広島アレルギー呼吸器クリニック八丁堀【2:診療所】【診療科目:内科_呼吸器内科_アレルギー科】広島県広島市中区八丁堀１４－７", "url": "https://www.iryou.teikyouseido.mhlw.go.jp/znk-web/juminkanja/S2430/initialize?prefCd=34&kikanCd=2340622580&kikanKbn=2", "url2": "http://www.harg.info/" }, "geometry": { "type": "Point", "coordinates": [ 132.463281, 34.394605 ] } },
{ "type": "Feature", "properties": { "内容": "ナチュレ美容クリニック広島【2:診療所】【診療科目:形成外科_美容外科_美容皮膚科】広島県広島市中区八丁堀１２－４　八丁堀わかばビル５Ｆ", "url": "https://www.iryou.teikyouseido.mhlw.go.jp/znk-web/juminkanja/S2430/initialize?prefCd=34&kikanCd=2340622610&kikanKbn=2", "url2": "http://natule-beauty.com" }, "geometry": { "type": "Point", "coordinates": [ 132.463692, 34.395292 ] } },
{ "type": "Feature", "properties": { "内容": "医療法人　しみずハート内科クリニック【2:診療所】【診療科目:内科_循環器内科】広島県安芸郡府中町大須三丁目８－５６　大田ビル２０１", "url": "https://www.iryou.teikyouseido.mhlw.go.jp/znk-web/juminkanja/S2430/initialize?prefCd=34&kikanCd=2340622900&kikanKbn=2", "url2": "http://shimizu-heart.com/" }, "geometry": { "type": "Point", "coordinates": [ 132.501009, 34.397405 ] } },
{ "type": "Feature", "properties": { "内容": "のびのびこどもクリニック【2:診療所】【診療科目:小児科】広島県呉市阿賀中央６丁目２－１１　あがプラザ１Ｆ", "url": "https://www.iryou.teikyouseido.mhlw.go.jp/znk-web/juminkanja/S2430/initialize?prefCd=34&kikanCd=2340624500&kikanKbn=2", "url2": "http://www.nobinobikids-cl.com" }, "geometry": { "type": "Point", "coordinates": [ 132.600588, 34.236526 ] } },
{ "type": "Feature", "properties": { "内容": "医療法人社団　敬崇会　猪原［食べる］総合歯科医療クリニック【2:診療所】【診療科目:内科_歯科_歯科口腔外科_リハビリテーション科】広島県福山市多治米町五丁目２８番１５号", "url": "https://www.iryou.teikyouseido.mhlw.go.jp/znk-web/juminkanja/S2430/initialize?prefCd=34&kikanCd=2340625800&kikanKbn=2", "url2": "https://www.inohara-dental.net/" }, "geometry": { "type": "Point", "coordinates": [ 133.376305, 34.463993 ] } },
{ "type": "Feature", "properties": { "内容": "かわもと心臓内科クリニック【2:診療所】【診療科目:内科_糖尿病内科_代謝内科_糖尿病・代謝内科_循環器内科_心臓内科】広島県呉市宝町２番２３－１号", "url": "https://www.iryou.teikyouseido.mhlw.go.jp/znk-web/juminkanja/S2430/initialize?prefCd=34&kikanCd=2340626230&kikanKbn=2", "url2": "http://kureheartclinic.co.jp/" }, "geometry": { "type": "Point", "coordinates": [ 132.555436, 34.245407 ] } },
{ "type": "Feature", "properties": { "内容": "広島生活習慣病・がん健診所大野【2:診療所】【診療科目:内科_呼吸器内科_循環器内科_消化器内科_内視鏡内科_婦人科_リウマチ科_放射線科】広島県廿日市市大野早時３４０６－５", "url": "https://www.iryou.teikyouseido.mhlw.go.jp/znk-web/juminkanja/S2430/initialize?prefCd=34&kikanCd=2340627080&kikanKbn=2", "url2": "https://hmh.or.jp/oono/" }, "geometry": { "type": "Point", "coordinates": [ 132.293248, 34.302316 ] } },
{ "type": "Feature", "properties": { "内容": "医療法人社団　明樟会　あおぞら健診・内科クリニック【2:診療所】【診療科目:内科_消化器内科_放射線診断科】広島県広島市中区三川町１－２０　ピンクリボン３９ビル７Ｆ・８Ｆ", "url": "https://www.iryou.teikyouseido.mhlw.go.jp/znk-web/juminkanja/S2430/initialize?prefCd=34&kikanCd=2340627370&kikanKbn=2", "url2": "http://hiroshimabreastcenter.co.jp/aozora/" }, "geometry": { "type": "Point", "coordinates": [ 132.462847, 34.39068 ] } },
{ "type": "Feature", "properties": { "内容": "松阪内科医院【2:診療所】【診療科目:内科_呼吸器内科_循環器内科_消化器内科_アレルギー疾患内科_アレルギー科_放射線科】広島県広島市西区己斐本町三丁目５－７　エステート己斐本町ビル２Ｆ", "url": "https://www.iryou.teikyouseido.mhlw.go.jp/znk-web/juminkanja/S2430/initialize?prefCd=34&kikanCd=2340627400&kikanKbn=2", "url2": null }, "geometry": { "type": "Point", "coordinates": [ 132.429279, 34.397869 ] } },
{ "type": "Feature", "properties": { "内容": "ひだかペインクリニック【2:診療所】【診療科目:ペインクリニック整形外科_リハビリテーション科_麻酔科】広島県広島市中区八丁堀１－１２　マスキ八丁堀ビル６Ｆ", "url": "https://www.iryou.teikyouseido.mhlw.go.jp/znk-web/juminkanja/S2430/initialize?prefCd=34&kikanCd=2340627790&kikanKbn=2", "url2": "http://www.hidaka-pain.jp/" }, "geometry": { "type": "Point", "coordinates": [ 132.463807, 34.397557 ] } },
{ "type": "Feature", "properties": { "内容": "こころ耳鼻咽喉科【2:診療所】【診療科目:耳鼻いんこう科】広島県広島市安佐南区伴南一丁目５－１８－８－２０２", "url": "https://www.iryou.teikyouseido.mhlw.go.jp/znk-web/juminkanja/S2430/initialize?prefCd=34&kikanCd=2340627820&kikanKbn=2", "url2": "http://www.cocoro-ent.com/" }, "geometry": { "type": "Point", "coordinates": [ 132.380781, 34.448217 ] } },
{ "type": "Feature", "properties": { "内容": "ひがき乳腺クリニック【2:診療所】【診療科目:乳腺外科】広島県広島市中区本通８－２３　本通ヒルズ７Ｆ", "url": "https://www.iryou.teikyouseido.mhlw.go.jp/znk-web/juminkanja/S2430/initialize?prefCd=34&kikanCd=2340627950&kikanKbn=2", "url2": "http://www.h-pinkribbon.com/" }, "geometry": { "type": "Point", "coordinates": [ 132.458762, 34.392928 ] } },
{ "type": "Feature", "properties": { "内容": "上田循環器八丁堀クリニック【2:診療所】【診療科目:内科_循環器内科】広島県広島市中区八丁堀１４－７　八丁堀宮田ビル５Ｆ", "url": "https://www.iryou.teikyouseido.mhlw.go.jp/znk-web/juminkanja/S2430/initialize?prefCd=34&kikanCd=2340628090&kikanKbn=2", "url2": "http://www.ueda-junkanki.jp" }, "geometry": { "type": "Point", "coordinates": [ 132.462508, 34.394724 ] } },
{ "type": "Feature", "properties": { "内容": "ひじり皮ふ科クリニック【2:診療所】【診療科目:皮膚科】広島県呉市阿賀中央６丁目２－１１　あがプラザ１Ｆ", "url": "https://www.iryou.teikyouseido.mhlw.go.jp/znk-web/juminkanja/S2430/initialize?prefCd=34&kikanCd=2340628120&kikanKbn=2", "url2": "http://www.hijiri-hifuka.jp/" }, "geometry": { "type": "Point", "coordinates": [ 132.600588, 34.236526 ] } },
{ "type": "Feature", "properties": { "内容": "特別養護老人ホームくちた園　医務室【2:診療所】【診療科目:内科】広島県広島市安佐北区口田南一丁目９－８", "url": "https://www.iryou.teikyouseido.mhlw.go.jp/znk-web/juminkanja/S2430/initialize?prefCd=34&kikanCd=2340628250&kikanKbn=2", "url2": null }, "geometry": { "type": "Point", "coordinates": [ 132.491768, 34.454599 ] } },
{ "type": "Feature", "properties": { "内容": "あさひ整形外科クリニック【2:診療所】【診療科目:整形外科_リハビリテーション科】広島県広島市南区旭二丁目１５－１８", "url": "https://www.iryou.teikyouseido.mhlw.go.jp/znk-web/juminkanja/S2430/initialize?prefCd=34&kikanCd=2340628380&kikanKbn=2", "url2": "http://www.asahi-seikei.com" }, "geometry": { "type": "Point", "coordinates": [ 132.477188, 34.372877 ] } },
{ "type": "Feature", "properties": { "内容": "澤野甲状腺・糖尿病専門予約クリニック【2:診療所】【診療科目:糖尿病内科_代謝内科_内分泌内科_脂質代謝内科】広島県広島市中区大手町三丁目８－５　エイトバレー大手町９Ｆ", "url": "https://www.iryou.teikyouseido.mhlw.go.jp/znk-web/juminkanja/S2430/initialize?prefCd=34&kikanCd=2340628540&kikanKbn=2", "url2": null }, "geometry": { "type": "Point", "coordinates": [ 132.454406, 34.387007 ] } },
{ "type": "Feature", "properties": { "内容": "ライフサポートクリニック広島【2:診療所】【診療科目:内科_児童精神科】広島県広島市東区東蟹屋町７－３４　３Ｆ", "url": "https://www.iryou.teikyouseido.mhlw.go.jp/znk-web/juminkanja/S2430/initialize?prefCd=34&kikanCd=2340628830&kikanKbn=2", "url2": "http://lifesch.jp/" }, "geometry": { "type": "Point", "coordinates": [ 132.480771, 34.395786 ] } },
{ "type": "Feature", "properties": { "内容": "城眼科【2:診療所】【診療科目:眼科】広島県広島市西区横川町三丁目２－１　横川駅ＮＫビル３０２", "url": "https://www.iryou.teikyouseido.mhlw.go.jp/znk-web/juminkanja/S2430/initialize?prefCd=34&kikanCd=2340629130&kikanKbn=2", "url2": "http://www.jo-ganka.com/" }, "geometry": { "type": "Point", "coordinates": [ 132.450147, 34.409897 ] } },
{ "type": "Feature", "properties": { "内容": "佐々部診療所【2:診療所】【診療科目:内科_小児科】広島県安芸高田市高宮町佐々部９８３－１７", "url": "https://www.iryou.teikyouseido.mhlw.go.jp/znk-web/juminkanja/S2430/initialize?prefCd=34&kikanCd=2340629550&kikanKbn=2", "url2": null }, "geometry": { "type": "Point", "coordinates": [ 132.720535, 34.767175 ] } },
{ "type": "Feature", "properties": { "内容": "かわごえクリニック【2:診療所】【診療科目:整形外科_リハビリテーション科】広島県廿日市市宮内３－１－２７", "url": "https://www.iryou.teikyouseido.mhlw.go.jp/znk-web/juminkanja/S2430/initialize?prefCd=34&kikanCd=2340629680&kikanKbn=2", "url2": "http://www.kawagoeclinic.com/" }, "geometry": { "type": "Point", "coordinates": [ 132.31278, 34.34826 ] } },
{ "type": "Feature", "properties": { "内容": "こいけ眼科【2:診療所】【診療科目:眼科】広島県広島市安芸区船越南三丁目２７－２６", "url": "https://www.iryou.teikyouseido.mhlw.go.jp/znk-web/juminkanja/S2430/initialize?prefCd=34&kikanCd=2340630110&kikanKbn=2", "url2": "https://koikeganka.com/" }, "geometry": { "type": "Point", "coordinates": [ 132.526781, 34.371581 ] } },
{ "type": "Feature", "properties": { "内容": "心療内科クリニック　リュミエール【2:診療所】【診療科目:精神科_心療内科】広島県広島市中区西白島町２０－１５　メディカルプラザ西白島１Ｆ", "url": "https://www.iryou.teikyouseido.mhlw.go.jp/znk-web/juminkanja/S2430/initialize?prefCd=34&kikanCd=2340630240&kikanKbn=2", "url2": "http://www.mental-lumiere.com/" }, "geometry": { "type": "Point", "coordinates": [ 132.459356, 34.405979 ] } },
{ "type": "Feature", "properties": { "内容": "医療法人社団田熊巻幡医院まきはたクリニック【2:診療所】【診療科目:内科_呼吸器内科_アレルギー疾患内科】広島県尾道市因島田熊町１１４０番地１", "url": "https://www.iryou.teikyouseido.mhlw.go.jp/znk-web/juminkanja/S2430/initialize?prefCd=34&kikanCd=2340631540&kikanKbn=2", "url2": "https://www.makihata-clinic.com/" }, "geometry": { "type": "Point", "coordinates": [ 133.166467, 34.296448 ] } },
{ "type": "Feature", "properties": { "内容": "石田内科小児科医院【2:診療所】【診療科目:内科_糖尿病内科_内分泌内科_脂質代謝内科_アレルギー疾患内科_小児科】広島県広島市南区旭二丁目４－１", "url": "https://www.iryou.teikyouseido.mhlw.go.jp/znk-web/juminkanja/S2430/initialize?prefCd=34&kikanCd=2340633300&kikanKbn=2", "url2": null }, "geometry": { "type": "Point", "coordinates": [ 132.477202, 34.375157 ] } },
{ "type": "Feature", "properties": { "内容": "医療法人すぎたクリニック【2:診療所】【診療科目:整形外科_リウマチ科_リハビリテーション科】広島県広島市安佐南区祇園三丁目５－１１", "url": "https://www.iryou.teikyouseido.mhlw.go.jp/znk-web/juminkanja/S2430/initialize?prefCd=34&kikanCd=2340634730&kikanKbn=2", "url2": "https://sugitaclinic.jp/" }, "geometry": { "type": "Point", "coordinates": [ 132.459934, 34.442101 ] } },
{ "type": "Feature", "properties": { "内容": "岩本内科循環器内科【2:診療所】【診療科目:内科_循環器内科】広島県広島市佐伯区五日市駅前三丁目４－１７", "url": "https://www.iryou.teikyouseido.mhlw.go.jp/znk-web/juminkanja/S2430/initialize?prefCd=34&kikanCd=2340635290&kikanKbn=2", "url2": "https://www.kokorozashi-iwamoto.com/" }, "geometry": { "type": "Point", "coordinates": [ 132.366598, 34.370151 ] } },
{ "type": "Feature", "properties": { "内容": "医療法人ハンス　宮内総合クリニック【2:診療所】【診療科目:内科_脳神経内科_神経内科_外科_整形外科_精神科_心療内科_リハビリテーション科_麻酔科】広島県廿日市市宮内三丁目５番３２号", "url": "https://www.iryou.teikyouseido.mhlw.go.jp/znk-web/juminkanja/S2430/initialize?prefCd=34&kikanCd=2340635320&kikanKbn=2", "url2": "http://hns.or.jp" }, "geometry": { "type": "Point", "coordinates": [ 132.310074, 34.352476 ] } },
{ "type": "Feature", "properties": { "内容": "広島県立広島がん高精度放射線治療センター【2:診療所】【診療科目:放射線科】広島県広島市東区二葉の里３丁目２－２", "url": "https://www.iryou.teikyouseido.mhlw.go.jp/znk-web/juminkanja/S2430/initialize?prefCd=34&kikanCd=2340635450&kikanKbn=2", "url2": "https://hiprac.jp/" }, "geometry": { "type": "Point", "coordinates": [ 132.475252, 34.401574 ] } },
{ "type": "Feature", "properties": { "内容": "黒田麻酔科クリニック【2:診療所】【診療科目:麻酔科】広島県広島市西区高須台六丁目１４－２", "url": "https://www.iryou.teikyouseido.mhlw.go.jp/znk-web/juminkanja/S2430/initialize?prefCd=34&kikanCd=2340636200&kikanKbn=2", "url2": null }, "geometry": { "type": "Point", "coordinates": [ 132.411239, 34.397777 ] } },
{ "type": "Feature", "properties": { "内容": "こじまクリニック【2:診療所】【診療科目:内科_呼吸器内科_消化器内科_外科】広島県福山市春日町１－２３－２５", "url": "https://www.iryou.teikyouseido.mhlw.go.jp/znk-web/juminkanja/S2430/initialize?prefCd=34&kikanCd=2340636330&kikanKbn=2", "url2": null }, "geometry": { "type": "Point", "coordinates": [ 133.406295, 34.508647 ] } },
{ "type": "Feature", "properties": { "内容": "医療法人社団　府中水野皮ふ科クリニック【2:診療所】【診療科目:皮膚科_アレルギー科】広島県安芸郡府中町本町一丁目１３番７号", "url": "https://www.iryou.teikyouseido.mhlw.go.jp/znk-web/juminkanja/S2430/initialize?prefCd=34&kikanCd=2340636590&kikanKbn=2", "url2": "http://www.mizuno4112.com/" }, "geometry": { "type": "Point", "coordinates": [ 132.505632, 34.3947 ] } },
{ "type": "Feature", "properties": { "内容": "生協小児科ひろしま【2:診療所】【診療科目:小児科】広島県広島市西区観音町１６－１９", "url": "https://www.iryou.teikyouseido.mhlw.go.jp/znk-web/juminkanja/S2430/initialize?prefCd=34&kikanCd=2340636620&kikanKbn=2", "url2": "http://www.hch.coop/hch/syouni/index.html" }, "geometry": { "type": "Point", "coordinates": [ 132.438287, 34.387506 ] } },
{ "type": "Feature", "properties": { "内容": "医療法人　もりや小児科クリニック【2:診療所】【診療科目:小児科】広島県呉市広古新開７丁目２３－９", "url": "https://www.iryou.teikyouseido.mhlw.go.jp/znk-web/juminkanja/S2430/initialize?prefCd=34&kikanCd=2340637630&kikanKbn=2", "url2": "www.moriya-p-clinic.jp" }, "geometry": { "type": "Point", "coordinates": [ 132.619843, 34.239981 ] } },
{ "type": "Feature", "properties": { "内容": "串戸心療クリニック【2:診療所】【診療科目:内科_精神科_心療内科】広島県廿日市市串戸四丁目２－１６", "url": "https://www.iryou.teikyouseido.mhlw.go.jp/znk-web/juminkanja/S2430/initialize?prefCd=34&kikanCd=2340638640&kikanKbn=2", "url2": "http://www.yuwa-hosp.com/clinic.html" }, "geometry": { "type": "Point", "coordinates": [ 132.323881, 34.351124 ] } },
{ "type": "Feature", "properties": { "内容": "野間眼科医院【2:診療所】【診療科目:眼科】広島県広島市中区国泰寺町２丁目４－１８", "url": "https://www.iryou.teikyouseido.mhlw.go.jp/znk-web/juminkanja/S2430/initialize?prefCd=34&kikanCd=2340638930&kikanKbn=2", "url2": "https://www.noma-eye.jp/" }, "geometry": { "type": "Point", "coordinates": [ 132.454359, 34.383711 ] } },
{ "type": "Feature", "properties": { "内容": "おおにしこどもクリニック【2:診療所】【診療科目:小児科】広島県広島市東区戸坂千足二丁目９－１３", "url": "https://www.iryou.teikyouseido.mhlw.go.jp/znk-web/juminkanja/S2430/initialize?prefCd=34&kikanCd=2340639810&kikanKbn=2", "url2": "http://onishi-kodomo.com/" }, "geometry": { "type": "Point", "coordinates": [ 132.486121, 34.437915 ] } },
{ "type": "Feature", "properties": { "内容": "医療法人康和会　田中耳鼻咽喉科医院【2:診療所】【診療科目:耳鼻いんこう科】広島県広島市西区草津東一丁目８－３３", "url": "https://www.iryou.teikyouseido.mhlw.go.jp/znk-web/juminkanja/S2430/initialize?prefCd=34&kikanCd=2340639940&kikanKbn=2", "url2": "http://www.tanaka-jibika.sakura.ne.jp" }, "geometry": { "type": "Point", "coordinates": [ 132.406245, 34.379931 ] } },
{ "type": "Feature", "properties": { "内容": "すわ整形外科スパインスポーツクリニック【2:診療所】【診療科目:整形外科_リハビリテーション科】広島県福山市多治米町五丁目２３－２９－１０１", "url": "https://www.iryou.teikyouseido.mhlw.go.jp/znk-web/juminkanja/S2430/initialize?prefCd=34&kikanCd=2340640180&kikanKbn=2", "url2": "www.suwa-ortho.com" }, "geometry": { "type": "Point", "coordinates": [ 133.370957, 34.468809 ] } },
{ "type": "Feature", "properties": { "内容": "だいこく小児科クリニック【2:診療所】【診療科目:小児科】広島県大竹市晴海一丁目４－１３－２Ｆ", "url": "https://www.iryou.teikyouseido.mhlw.go.jp/znk-web/juminkanja/S2430/initialize?prefCd=34&kikanCd=2340640210&kikanKbn=2", "url2": null }, "geometry": { "type": "Point", "coordinates": [ 132.223011, 34.239827 ] } },
{ "type": "Feature", "properties": { "内容": "のぞみ整形外科スタジアム前クリニック【2:診療所】【診療科目:整形外科_リハビリテーション科】広島県広島市南区西蟹屋四丁目８－３５", "url": "https://www.iryou.teikyouseido.mhlw.go.jp/znk-web/juminkanja/S2430/initialize?prefCd=34&kikanCd=2340640470&kikanKbn=2", "url2": "https://www.nozomi-clinic.jp/stadium/" }, "geometry": { "type": "Point", "coordinates": [ 132.481387, 34.390511 ] } },
{ "type": "Feature", "properties": { "内容": "むらた皮膚科クリニック【2:診療所】【診療科目:皮膚科_アレルギー科】広島県庄原市板橋町１９２－１", "url": "https://www.iryou.teikyouseido.mhlw.go.jp/znk-web/juminkanja/S2430/initialize?prefCd=34&kikanCd=2340640630&kikanKbn=2", "url2": "https://shobarahifuka.com" }, "geometry": { "type": "Point", "coordinates": [ 133.016461, 34.844525 ] } },
{ "type": "Feature", "properties": { "内容": "リウマチ内科銀山町クリニック【2:診療所】【診療科目:内科_リウマチ科】広島県広島市中区幟町１３－４　広島マツダビル５Ｆ", "url": "https://www.iryou.teikyouseido.mhlw.go.jp/znk-web/juminkanja/S2430/initialize?prefCd=34&kikanCd=2340640920&kikanKbn=2", "url2": "http://www.hmh.or.jp/" }, "geometry": { "type": "Point", "coordinates": [ 132.466051, 34.393663 ] } },
{ "type": "Feature", "properties": { "内容": "あかりホームケアクリニック【2:診療所】【診療科目:内科_緩和ケア内科】広島県広島市中区舟入南一丁目４－５０　Ｍフラッツ１Ｆ", "url": "https://www.iryou.teikyouseido.mhlw.go.jp/znk-web/juminkanja/S2430/initialize?prefCd=34&kikanCd=2340641190&kikanKbn=2", "url2": "https://www.akarihomecare.com/" }, "geometry": { "type": "Point", "coordinates": [ 132.438979, 34.378831 ] } },
{ "type": "Feature", "properties": { "内容": "あをうめクリニック【2:診療所】【診療科目:内科_精神科_心療内科】広島県福山市東桜町１－４３　備広福山駅前ビル５Ｆ", "url": "https://www.iryou.teikyouseido.mhlw.go.jp/znk-web/juminkanja/S2430/initialize?prefCd=34&kikanCd=2340641220&kikanKbn=2", "url2": "http://www.aoume-cl.com" }, "geometry": { "type": "Point", "coordinates": [ 133.362266, 34.487444 ] } },
{ "type": "Feature", "properties": { "内容": "ふくやま北泌尿器科・内科クリニック【2:診療所】【診療科目:内科_泌尿器科】広島県福山市御幸町下岩成３３８番地", "url": "https://www.iryou.teikyouseido.mhlw.go.jp/znk-web/juminkanja/S2430/initialize?prefCd=34&kikanCd=2340643110&kikanKbn=2", "url2": "http://www.fk-clinic.jp/" }, "geometry": { "type": "Point", "coordinates": [ 133.348416, 34.540907 ] } },
{ "type": "Feature", "properties": { "内容": "いとう腎・泌尿器科クリニック【2:診療所】【診療科目:内科_泌尿器科】広島県呉市中通２丁目１－２６　呉中通ビル４Ｆ", "url": "https://www.iryou.teikyouseido.mhlw.go.jp/znk-web/juminkanja/S2430/initialize?prefCd=34&kikanCd=2340643240&kikanKbn=2", "url2": "http://www.itojin.com/" }, "geometry": { "type": "Point", "coordinates": [ 132.562402, 34.244663 ] } },
{ "type": "Feature", "properties": { "内容": "こうの内科呼吸器クリニック【2:診療所】【診療科目:内科_呼吸器内科_アレルギー科】広島県広島市佐伯区八幡東三丁目１９－４５", "url": "https://www.iryou.teikyouseido.mhlw.go.jp/znk-web/juminkanja/S2430/initialize?prefCd=34&kikanCd=2340643530&kikanKbn=2", "url2": "http://kohno-cl.jp/" }, "geometry": { "type": "Point", "coordinates": [ 132.36374, 34.386632 ] } },
{ "type": "Feature", "properties": { "内容": "ひらお循環器消化器クリニック【2:診療所】【診療科目:内科_循環器内科_消化器内科】広島県広島市中区舟入幸町４－２　クリニックモール舟入　３Ｆ", "url": "https://www.iryou.teikyouseido.mhlw.go.jp/znk-web/juminkanja/S2430/initialize?prefCd=34&kikanCd=2340643790&kikanKbn=2", "url2": "https://hiraoclinic.sakura.ne.jp/" }, "geometry": { "type": "Point", "coordinates": [ 132.444901, 34.383095 ] } },
{ "type": "Feature", "properties": { "内容": "医療法人たにみつ耳鼻咽喉科【2:診療所】【診療科目:耳鼻いんこう科】広島県広島市安佐南区八木一丁目１９－２１", "url": "https://www.iryou.teikyouseido.mhlw.go.jp/znk-web/juminkanja/S2430/initialize?prefCd=34&kikanCd=2340643820&kikanKbn=2", "url2": "www.tanimitsu-ent.jp" }, "geometry": { "type": "Point", "coordinates": [ 132.4915, 34.476722 ] } },
{ "type": "Feature", "properties": { "内容": "あおばメンタルクリニック【2:診療所】【診療科目:精神科_心療内科】広島県福山市多治米町１－１１－１７", "url": "https://www.iryou.teikyouseido.mhlw.go.jp/znk-web/juminkanja/S2430/initialize?prefCd=34&kikanCd=2340644540&kikanKbn=2", "url2": "http://www.aoba-clinic.org/" }, "geometry": { "type": "Point", "coordinates": [ 133.382521, 34.473506 ] } },
{ "type": "Feature", "properties": { "内容": "医療法人デルフィ　だんばら耳鼻咽喉科クリニック【2:診療所】【診療科目:耳鼻いんこう科】広島県広島市南区段原南一丁目３－５３　広島イーストビル１Ｆ", "url": "https://www.iryou.teikyouseido.mhlw.go.jp/znk-web/juminkanja/S2430/initialize?prefCd=34&kikanCd=2340645260&kikanKbn=2", "url2": "http:/www.danbara-jibika.sakura.ne.jp/" }, "geometry": { "type": "Point", "coordinates": [ 132.475998, 34.385303 ] } },
{ "type": "Feature", "properties": { "内容": "向洋駅前心療クリニック【2:診療所】【診療科目:精神科_心療内科】広島県安芸郡府中町青崎中２４－２６　クリニックモール向洋６階", "url": "https://www.iryou.teikyouseido.mhlw.go.jp/znk-web/juminkanja/S2430/initialize?prefCd=34&kikanCd=2340645390&kikanKbn=2", "url2": "https://www.mukainada-mc.jp" }, "geometry": { "type": "Point", "coordinates": [ 132.506836, 34.377232 ] } },
{ "type": "Feature", "properties": { "内容": "かわはらこどもクリニック【2:診療所】【診療科目:小児科】広島県東広島市西条中央７丁目３－４５　Ｊランドビル", "url": "https://www.iryou.teikyouseido.mhlw.go.jp/znk-web/juminkanja/S2430/initialize?prefCd=34&kikanCd=2340645550&kikanKbn=2", "url2": "http://www.kawahara-kc.jp/" }, "geometry": { "type": "Point", "coordinates": [ 132.737369, 34.416595 ] } },
{ "type": "Feature", "properties": { "内容": "医療法人　もり小児科【2:診療所】【診療科目:小児科】広島県広島市南区翠二丁目２７－３０", "url": "https://www.iryou.teikyouseido.mhlw.go.jp/znk-web/juminkanja/S2430/initialize?prefCd=34&kikanCd=2340645680&kikanKbn=2", "url2": "http://mori-ped.jp/index.html" }, "geometry": { "type": "Point", "coordinates": [ 132.468398, 34.370294 ] } },
{ "type": "Feature", "properties": { "内容": "医療法人）さくらウィメンズクリニック【2:診療所】【診療科目:産科_婦人科】広島県広島市佐伯区五日市駅前一丁目５－１８－４０２", "url": "https://www.iryou.teikyouseido.mhlw.go.jp/znk-web/juminkanja/S2430/initialize?prefCd=34&kikanCd=2340646140&kikanKbn=2", "url2": "http://www.sakurawc.com" }, "geometry": { "type": "Point", "coordinates": [ 132.367872, 34.367868 ] } },
{ "type": "Feature", "properties": { "内容": "医療法人女医によるファミリークリニック【2:診療所】【診療科目:内科_小児科_皮膚科_アレルギー科】広島県広島市南区松原町５－１　ビッグフロントひろしまタワービル４Ｆ", "url": "https://www.iryou.teikyouseido.mhlw.go.jp/znk-web/juminkanja/S2430/initialize?prefCd=34&kikanCd=2340646850&kikanKbn=2", "url2": "http://familyclinic-hiroshima.com/" }, "geometry": { "type": "Point", "coordinates": [ 132.475532, 34.395338 ] } },
{ "type": "Feature", "properties": { "内容": "おかべ皮ふ科【2:診療所】【診療科目:皮膚科_アレルギー科】広島県東広島市西条本町１２－２　木阪クリニックビル２Ｆ", "url": "https://www.iryou.teikyouseido.mhlw.go.jp/znk-web/juminkanja/S2430/initialize?prefCd=34&kikanCd=2340647730&kikanKbn=2", "url2": "https://www.sewake-hifuka.com/" }, "geometry": { "type": "Point", "coordinates": [ 132.743126, 34.430405 ] } },
{ "type": "Feature", "properties": { "内容": "ＩＶＦクリニックひろしま【2:診療所】【診療科目:産婦人科（生殖医療）_泌尿器科（不妊治療）】広島県広島市南区松原町５－１　ＢＩＧＦＲＯＮＴひろしま　４Ｆ", "url": "https://www.iryou.teikyouseido.mhlw.go.jp/znk-web/juminkanja/S2430/initialize?prefCd=34&kikanCd=2340648290&kikanKbn=2", "url2": "https://ivf-hiroshima.jp/" }, "geometry": { "type": "Point", "coordinates": [ 132.475603, 34.395317 ] } },
{ "type": "Feature", "properties": { "内容": "ひろしま脳神経内科クリニック【2:診療所】【診療科目:内科_神経内科_脳神経外科_リハビリテーション科】広島県広島市南区松原町５－１　ビッグフロントひろしま　４Ｆ", "url": "https://www.iryou.teikyouseido.mhlw.go.jp/znk-web/juminkanja/S2430/initialize?prefCd=34&kikanCd=2340648320&kikanKbn=2", "url2": "http://www.h-neurology-clinic.net/" }, "geometry": { "type": "Point", "coordinates": [ 132.475532, 34.395338 ] } },
{ "type": "Feature", "properties": { "内容": "いしい内科・糖尿病クリニック【2:診療所】【診療科目:内科_糖尿病内科_腎臓内科_小児科】広島県福山市御船町一丁目９番３号", "url": "https://www.iryou.teikyouseido.mhlw.go.jp/znk-web/juminkanja/S2430/initialize?prefCd=34&kikanCd=2340648450&kikanKbn=2", "url2": "http://ishii-dm.com" }, "geometry": { "type": "Point", "coordinates": [ 133.369346, 34.488371 ] } },
{ "type": "Feature", "properties": { "内容": "医療法人　よしおかホームクリニック【2:診療所】【診療科目:内科_外科】広島県福山市御船町一丁目９番３号", "url": "https://www.iryou.teikyouseido.mhlw.go.jp/znk-web/juminkanja/S2430/initialize?prefCd=34&kikanCd=2340648580&kikanKbn=2", "url2": "http://yoshioka-hc.com" }, "geometry": { "type": "Point", "coordinates": [ 133.369346, 34.488371 ] } },
{ "type": "Feature", "properties": { "内容": "医療法人社団豊仁会三原医院　みはら眼科みなみざおうクリニック【2:診療所】【診療科目:眼科】広島県福山市南蔵王町六丁目２０番１３号", "url": "https://www.iryou.teikyouseido.mhlw.go.jp/znk-web/juminkanja/S2430/initialize?prefCd=34&kikanCd=2340648610&kikanKbn=2", "url2": "https://www.miharaganka.info" }, "geometry": { "type": "Point", "coordinates": [ 133.403798, 34.500293 ] } },
{ "type": "Feature", "properties": { "内容": "広島野村眼科【2:診療所】【診療科目:眼科】広島県広島市南区松原町３番１号　２０２", "url": "https://www.iryou.teikyouseido.mhlw.go.jp/znk-web/juminkanja/S2430/initialize?prefCd=34&kikanCd=2340649170&kikanKbn=2", "url2": "http://hiroshima-nomura-ganka.com/" }, "geometry": { "type": "Point", "coordinates": [ 132.477604, 34.395894 ] } },
{ "type": "Feature", "properties": { "内容": "たなかクリニック【2:診療所】【診療科目:形成外科_美容外科_皮膚科_美容皮膚科】広島県福山市駅家町上山守４５０－５", "url": "https://www.iryou.teikyouseido.mhlw.go.jp/znk-web/juminkanja/S2430/initialize?prefCd=34&kikanCd=2340649620&kikanKbn=2", "url2": "http://prs-tanaka.com" }, "geometry": { "type": "Point", "coordinates": [ 133.331593, 34.538289 ] } },
{ "type": "Feature", "properties": { "内容": "医療法人社団　かなもと医院【2:診療所】【診療科目:内科_糖尿病内科_外科_整形外科_小児科_放射線科】広島県尾道市門田町１番４３号", "url": "https://www.iryou.teikyouseido.mhlw.go.jp/znk-web/juminkanja/S2430/initialize?prefCd=34&kikanCd=2340649750&kikanKbn=2", "url2": null }, "geometry": { "type": "Point", "coordinates": [ 133.186334, 34.415861 ] } },
{ "type": "Feature", "properties": { "内容": "医療法人　純医会　三上内科医院【2:診療所】【診療科目:内科_循環器内科_胃腸内科_小児科】広島県広島市南区松原町３－１　ＥＫＩＣＩＴＹ　ＨＩＲＯＳＨＩＭＡ　２Ｆ", "url": "https://www.iryou.teikyouseido.mhlw.go.jp/znk-web/juminkanja/S2430/initialize?prefCd=34&kikanCd=2340649880&kikanKbn=2", "url2": "mikami-naika.com" }, "geometry": { "type": "Point", "coordinates": [ 132.477249, 34.395469 ] } },
{ "type": "Feature", "properties": { "内容": "ほーむけあクリニック【2:診療所】【診療科目:内科_小児科_皮膚科_美容皮膚科】広島県広島市中区竹屋町８－８", "url": "https://www.iryou.teikyouseido.mhlw.go.jp/znk-web/juminkanja/S2430/initialize?prefCd=34&kikanCd=2340650280&kikanKbn=2", "url2": "https://homecare-clinic.jp/" }, "geometry": { "type": "Point", "coordinates": [ 132.46237, 34.382567 ] } },
{ "type": "Feature", "properties": { "内容": "医療法人　高杉クリニック【2:診療所】【診療科目:内科_胃腸内科_外科_肛門外科_整形外科】広島県広島市南区松原町３番１－２０６号", "url": "https://www.iryou.teikyouseido.mhlw.go.jp/znk-web/juminkanja/S2430/initialize?prefCd=34&kikanCd=2340650310&kikanKbn=2", "url2": null }, "geometry": { "type": "Point", "coordinates": [ 132.477604, 34.395894 ] } },
{ "type": "Feature", "properties": { "内容": "こうの小児科クリニック【2:診療所】【診療科目:代謝内科_内分泌内科_小児科】広島県広島市中区舟入幸町４－２　クリニックモール舟入４Ｆ", "url": "https://www.iryou.teikyouseido.mhlw.go.jp/znk-web/juminkanja/S2430/initialize?prefCd=34&kikanCd=2340650600&kikanKbn=2", "url2": null }, "geometry": { "type": "Point", "coordinates": [ 132.444901, 34.383095 ] } },
{ "type": "Feature", "properties": { "内容": "医療法人　慶和会　祇園わだ内科クリニック【2:診療所】【診療科目:内科_消化器内科_内視鏡内科】広島県広島市安佐南区祇園三丁目１３－２８", "url": "https://www.iryou.teikyouseido.mhlw.go.jp/znk-web/juminkanja/S2430/initialize?prefCd=34&kikanCd=2340650730&kikanKbn=2", "url2": "http://wada.clinic" }, "geometry": { "type": "Point", "coordinates": [ 132.460434, 34.439214 ] } },
{ "type": "Feature", "properties": { "内容": "医療法人　ながた皮ふ科【2:診療所】【診療科目:皮膚科】広島県広島市安佐北区落合五丁目２４－８　２Ｆ", "url": "https://www.iryou.teikyouseido.mhlw.go.jp/znk-web/juminkanja/S2430/initialize?prefCd=34&kikanCd=2340651030&kikanKbn=2", "url2": "www.nagatahifuka.com" }, "geometry": { "type": "Point", "coordinates": [ 132.519084, 34.477087 ] } },
{ "type": "Feature", "properties": { "内容": "やすかわ泌尿器科クリニック【2:診療所】【診療科目:泌尿器科】広島県府中市府川町１４０－４", "url": "https://www.iryou.teikyouseido.mhlw.go.jp/znk-web/juminkanja/S2430/initialize?prefCd=34&kikanCd=2340651320&kikanKbn=2", "url2": null }, "geometry": { "type": "Point", "coordinates": [ 133.239015, 34.568825 ] } },
{ "type": "Feature", "properties": { "内容": "かじわら内科循環器内科【2:診療所】【診療科目:内科_循環器内科】広島県東広島市西条町田口２７２１－２", "url": "https://www.iryou.teikyouseido.mhlw.go.jp/znk-web/juminkanja/S2430/initialize?prefCd=34&kikanCd=2340651450&kikanKbn=2", "url2": "http://www.kajiwara-cl.net" }, "geometry": { "type": "Point", "coordinates": [ 132.736581, 34.390409 ] } },
{ "type": "Feature", "properties": { "内容": "じけ駅前内科・糖尿病内科クリニック【2:診療所】【診療科目:内科_糖尿病内科_代謝内科_内分泌内科】広島県東広島市寺家駅前１４－１７－３０１", "url": "https://www.iryou.teikyouseido.mhlw.go.jp/znk-web/juminkanja/S2430/initialize?prefCd=34&kikanCd=2340651580&kikanKbn=2", "url2": "http://www.jikeekimae-cl.jp/" }, "geometry": { "type": "Point", "coordinates": [ 132.723577, 34.439646 ] } },
{ "type": "Feature", "properties": { "内容": "にぐま皮ふ科クリニック【2:診療所】【診療科目:皮膚科】広島県東広島市寺家駅前１４番１７号３０２", "url": "https://www.iryou.teikyouseido.mhlw.go.jp/znk-web/juminkanja/S2430/initialize?prefCd=34&kikanCd=2340651610&kikanKbn=2", "url2": "http://www.niguma-cl.com/" }, "geometry": { "type": "Point", "coordinates": [ 132.723577, 34.439646 ] } },
{ "type": "Feature", "properties": { "内容": "もりもと皮膚科クリニック【2:診療所】【診療科目:形成外科_小児皮膚科_皮膚科_アレルギー科】広島県福山市多治米町五丁目２３番３０号　２０１", "url": "https://www.iryou.teikyouseido.mhlw.go.jp/znk-web/juminkanja/S2430/initialize?prefCd=34&kikanCd=2340651870&kikanKbn=2", "url2": "https://www.morimotohifuka.com/" }, "geometry": { "type": "Point", "coordinates": [ 133.370957, 34.468809 ] } },
{ "type": "Feature", "properties": { "内容": "医療法人社団　恵正会　二宮内科高陽クリニック【2:診療所】【診療科目:内科_循環器内科_消化器内科_放射線科】広島県広島市安佐北区落合五丁目２４－８", "url": "https://www.iryou.teikyouseido.mhlw.go.jp/znk-web/juminkanja/S2430/initialize?prefCd=34&kikanCd=2340651900&kikanKbn=2", "url2": "https://www.keiseikai-nmn.net/wp3" }, "geometry": { "type": "Point", "coordinates": [ 132.519084, 34.477087 ] } },
{ "type": "Feature", "properties": { "内容": "広島ハートクリニック【2:診療所】【診療科目:産婦人科（生殖医療）_泌尿器科】広島県広島市南区松原町３－１　３０１号", "url": "https://www.iryou.teikyouseido.mhlw.go.jp/znk-web/juminkanja/S2430/initialize?prefCd=34&kikanCd=2340652040&kikanKbn=2", "url2": "https://www.hiroshima-hart.jp" }, "geometry": { "type": "Point", "coordinates": [ 132.477604, 34.395894 ] } },
{ "type": "Feature", "properties": { "内容": "山崎整形外科内科クリニック【2:診療所】【診療科目:内科_整形外科_小児科_リハビリテーション科】広島県広島市安佐南区毘沙門台１－５－２３", "url": "https://www.iryou.teikyouseido.mhlw.go.jp/znk-web/juminkanja/S2430/initialize?prefCd=34&kikanCd=2340652170&kikanKbn=2", "url2": "https://www.yamasaki-cl.com/" }, "geometry": { "type": "Point", "coordinates": [ 132.465338, 34.470259 ] } },
{ "type": "Feature", "properties": { "内容": "医療法人　クリニック平田整形外科【2:診療所】【診療科目:内科_外科_整形外科_リハビリテーション科】広島県呉市阿賀中央４丁目５－２５", "url": "https://www.iryou.teikyouseido.mhlw.go.jp/znk-web/juminkanja/S2430/initialize?prefCd=34&kikanCd=2340652460&kikanKbn=2", "url2": null }, "geometry": { "type": "Point", "coordinates": [ 132.602468, 34.236707 ] } },
{ "type": "Feature", "properties": { "内容": "小坂内科医院【2:診療所】【診療科目:内科_小児科_リハビリテーション科】広島県安芸郡坂町平成ケ浜一丁目８－４２", "url": "https://www.iryou.teikyouseido.mhlw.go.jp/znk-web/juminkanja/S2430/initialize?prefCd=34&kikanCd=2340652620&kikanKbn=2", "url2": null }, "geometry": { "type": "Point", "coordinates": [ 132.514772, 34.341579 ] } },
{ "type": "Feature", "properties": { "内容": "くるしま内科循環器クリニック【2:診療所】【診療科目:内科_循環器内科】広島県安芸郡海田町成本１４－１２", "url": "https://www.iryou.teikyouseido.mhlw.go.jp/znk-web/juminkanja/S2430/initialize?prefCd=34&kikanCd=2340652750&kikanKbn=2", "url2": "kurushima.jp" }, "geometry": { "type": "Point", "coordinates": [ 132.540266, 34.37387 ] } },
{ "type": "Feature", "properties": { "内容": "ビッグフロント広島内科呼吸器クリニック【2:診療所】【診療科目:内科_感染症内科_呼吸器内科_アレルギー科】広島県広島市南区松原町５－１　ビッグフロントひろしまタワービル４Ｆ", "url": "https://www.iryou.teikyouseido.mhlw.go.jp/znk-web/juminkanja/S2430/initialize?prefCd=34&kikanCd=2340652910&kikanKbn=2", "url2": "https://bfh-naika.jp/" }, "geometry": { "type": "Point", "coordinates": [ 132.475586, 34.395259 ] } },
{ "type": "Feature", "properties": { "内容": "医療法人社団イースト会　広島イースト駅前クリニック【2:診療所】【診療科目:皮膚科_泌尿器科】広島県広島市南区猿猴橋町２－１１　広島駅前クリニックビル６Ｆ", "url": "https://www.iryou.teikyouseido.mhlw.go.jp/znk-web/juminkanja/S2430/initialize?prefCd=34&kikanCd=2340653050&kikanKbn=2", "url2": null }, "geometry": { "type": "Point", "coordinates": [ 132.476102, 34.395354 ] } },
{ "type": "Feature", "properties": { "内容": "医療法人社団恒星会高見内科【2:診療所】【診療科目:内科_糖尿病内科_代謝内科_呼吸器内科_小児科_アレルギー科】広島県広島市西区草津本町２５－１", "url": "https://www.iryou.teikyouseido.mhlw.go.jp/znk-web/juminkanja/S2430/initialize?prefCd=34&kikanCd=2340653180&kikanKbn=2", "url2": "http://www-takaminaika.com" }, "geometry": { "type": "Point", "coordinates": [ 132.403781, 34.379295 ] } },
{ "type": "Feature", "properties": { "内容": "小児科　アレルギー科　すがいこどもクリニック【2:診療所】【診療科目:小児科_アレルギー科】広島県広島市中区宝町２－１　フジグラン広島　４Ｆ", "url": "https://www.iryou.teikyouseido.mhlw.go.jp/znk-web/juminkanja/S2430/initialize?prefCd=34&kikanCd=2340653760&kikanKbn=2", "url2": "https://sugai-kodomo.jp" }, "geometry": { "type": "Point", "coordinates": [ 132.464259, 34.386117 ] } },
{ "type": "Feature", "properties": { "内容": "すみれ産婦人科クリニック【2:診療所】【診療科目:産婦人科】広島県広島市安佐南区緑井五丁目２９－１８", "url": "https://www.iryou.teikyouseido.mhlw.go.jp/znk-web/juminkanja/S2430/initialize?prefCd=34&kikanCd=2340655360&kikanKbn=2", "url2": "http://www.sumire-wcl.com/" }, "geometry": { "type": "Point", "coordinates": [ 132.476946, 34.467354 ] } },
{ "type": "Feature", "properties": { "内容": "山下ケアクリニック【2:診療所】【診療科目:内科】広島県大竹市新町一丁目２－７　ＤＥＳＩＧＮ２０２　１０１号室", "url": "https://www.iryou.teikyouseido.mhlw.go.jp/znk-web/juminkanja/S2430/initialize?prefCd=34&kikanCd=2340656080&kikanKbn=2", "url2": "http://yamashita-cc.jp/" }, "geometry": { "type": "Point", "coordinates": [ 132.222153, 34.217621 ] } },
{ "type": "Feature", "properties": { "内容": "メンズライフクリニック八丁堀院【2:診療所】【診療科目:形成外科_皮膚科_泌尿器科_頭部皮膚科】広島県広島市中区八丁堀６番３号　和光八丁堀ビル２階", "url": "https://www.iryou.teikyouseido.mhlw.go.jp/znk-web/juminkanja/S2430/initialize?prefCd=34&kikanCd=2340656790&kikanKbn=2", "url2": "https://www.mens-life-clinic.com/clinic/hiroshima/" }, "geometry": { "type": "Point", "coordinates": [ 132.463844, 34.395813 ] } },
{ "type": "Feature", "properties": { "内容": "医療法人プルミエ会　広島プルミエクリニック【2:診療所】【診療科目:形成外科_美容外科_皮膚科_美容皮膚科】広島県広島市中区本通７－２９　アイビービル４Ｆ", "url": "https://www.iryou.teikyouseido.mhlw.go.jp/znk-web/juminkanja/S2430/initialize?prefCd=34&kikanCd=2340657380&kikanKbn=2", "url2": null }, "geometry": { "type": "Point", "coordinates": [ 132.450676, 34.397549 ] } },
{ "type": "Feature", "properties": { "内容": "さとうファミリークリニック【2:診療所】【診療科目:内科_小児科_皮膚科】広島県福山市駅家町万能倉７８６－７", "url": "https://www.iryou.teikyouseido.mhlw.go.jp/znk-web/juminkanja/S2430/initialize?prefCd=34&kikanCd=2340657540&kikanKbn=2", "url2": "https://satofamily-cl.com/" }, "geometry": { "type": "Point", "coordinates": [ 133.334259, 34.545885 ] } },
{ "type": "Feature", "properties": { "内容": "医療法人社団あきひろ会　やまね眼科【2:診療所】【診療科目:眼科】広島県広島市佐伯区旭園４－２７", "url": "https://www.iryou.teikyouseido.mhlw.go.jp/znk-web/juminkanja/S2430/initialize?prefCd=34&kikanCd=2340658260&kikanKbn=2", "url2": "https://yamane-eye.com/" }, "geometry": { "type": "Point", "coordinates": [ 132.367159, 34.365621 ] } },
{ "type": "Feature", "properties": { "内容": "岩本皮ふ科アレルギー科【2:診療所】【診療科目:内科_循環器内科_小児科_皮膚科_アレルギー科】広島県広島市西区井口明神一丁目９－２", "url": "https://www.iryou.teikyouseido.mhlw.go.jp/znk-web/juminkanja/S2430/initialize?prefCd=34&kikanCd=2340659140&kikanKbn=2", "url2": "https://www.iwamoto-hifuka.com/" }, "geometry": { "type": "Point", "coordinates": [ 132.38945, 34.372851 ] } },
{ "type": "Feature", "properties": { "内容": "たではらクリニック【2:診療所】【診療科目:内科_脂質代謝内科_糖尿病・代謝内科_呼吸器内科_循環器内科_肝臓内科】広島県広島市南区宇品神田一丁目２－１６　３Ｆ", "url": "https://www.iryou.teikyouseido.mhlw.go.jp/znk-web/juminkanja/S2430/initialize?prefCd=34&kikanCd=2340659560&kikanKbn=2", "url2": "www.tadehara-clinic.com" }, "geometry": { "type": "Point", "coordinates": [ 132.464881, 34.36741 ] } },
{ "type": "Feature", "properties": { "内容": "はまもと内科クリニック【2:診療所】【診療科目:内科_糖尿病内科_消化器内科】広島県福山市南蔵王町五丁目６番９号", "url": "https://www.iryou.teikyouseido.mhlw.go.jp/znk-web/juminkanja/S2430/initialize?prefCd=34&kikanCd=2340660120&kikanKbn=2", "url2": "http://hamamoto-naika.com/" }, "geometry": { "type": "Point", "coordinates": [ 133.400301, 34.502317 ] } },
{ "type": "Feature", "properties": { "内容": "岡原内科皮ふ科クリニック【2:診療所】【診療科目:内科_皮膚科_アレルギー科】広島県安芸郡府中町大須一丁目１９－１９", "url": "https://www.iryou.teikyouseido.mhlw.go.jp/znk-web/juminkanja/S2430/initialize?prefCd=34&kikanCd=2340660250&kikanKbn=2", "url2": "www.okahara-c.com" }, "geometry": { "type": "Point", "coordinates": [ 132.499072, 34.392228 ] } },
{ "type": "Feature", "properties": { "内容": "美容皮膚科　リゼクリニック広島【2:診療所】【診療科目:美容皮膚科】広島県広島市中区中町７－４１　広島三栄ビル４０２", "url": "https://www.iryou.teikyouseido.mhlw.go.jp/znk-web/juminkanja/S2430/initialize?prefCd=34&kikanCd=2340661130&kikanKbn=2", "url2": "https://www.rizeclinic.com/locations/hiroshima/" }, "geometry": { "type": "Point", "coordinates": [ 132.456613, 34.391139 ] } },
{ "type": "Feature", "properties": { "内容": "よしたに眼科【2:診療所】【診療科目:眼科】広島県広島市南区宇品神田一丁目２－１６　４Ｆ", "url": "https://www.iryou.teikyouseido.mhlw.go.jp/znk-web/juminkanja/S2430/initialize?prefCd=34&kikanCd=2340661710&kikanKbn=2", "url2": "www.yoshitani-ganka.jp" }, "geometry": { "type": "Point", "coordinates": [ 132.464881, 34.36741 ] } },
{ "type": "Feature", "properties": { "内容": "やぎ眼科【2:診療所】【診療科目:眼科】広島県広島市安佐南区八木一丁目１９－１６", "url": "https://www.iryou.teikyouseido.mhlw.go.jp/znk-web/juminkanja/S2430/initialize?prefCd=34&kikanCd=2340661970&kikanKbn=2", "url2": "http://www.yagiganka.jp/" }, "geometry": { "type": "Point", "coordinates": [ 132.4915, 34.476722 ] } },
{ "type": "Feature", "properties": { "内容": "のだ内科ファミリークリニック【2:診療所】【診療科目:内科_感染症内科_血液内科_小児科】広島県広島市西区井口明神一丁目１４－４９　明神ビル２Ｆ", "url": "https://www.iryou.teikyouseido.mhlw.go.jp/znk-web/juminkanja/S2430/initialize?prefCd=34&kikanCd=2340662720&kikanKbn=2", "url2": "http://noda-family-clinic.com" }, "geometry": { "type": "Point", "coordinates": [ 132.392819, 34.373671 ] } },
{ "type": "Feature", "properties": { "内容": "やまもと内科クリニック【2:診療所】【診療科目:内科_消化器内科_内視鏡内科】広島県広島市東区牛田本町６丁目１－２７　うしたみらいビル５Ｆ", "url": "https://www.iryou.teikyouseido.mhlw.go.jp/znk-web/juminkanja/S2430/initialize?prefCd=34&kikanCd=2340663310&kikanKbn=2", "url2": "https://yamamoto-naika-clinic.com/" }, "geometry": { "type": "Point", "coordinates": [ 132.467099, 34.41509 ] } },
{ "type": "Feature", "properties": { "内容": "井門ゆかり脳神経内科クリニック【2:診療所】【診療科目:内科_脳神経内科_老年内科_精神科_心療内科】広島県広島市東区牛田本町６丁目１－２７　うしたみらいビル５Ｆ", "url": "https://www.iryou.teikyouseido.mhlw.go.jp/znk-web/juminkanja/S2430/initialize?prefCd=34&kikanCd=2340663440&kikanKbn=2", "url2": "https://imonclinic.com" }, "geometry": { "type": "Point", "coordinates": [ 132.467099, 34.41509 ] } },
{ "type": "Feature", "properties": { "内容": "甲斐内科・漢方内科クリニック【2:診療所】【診療科目:内科_消化器内科_漢方内科】広島県広島市中区大手町２丁目７－２　Ｂａｌｃｏｍ大手町ビル５Ｆ", "url": "https://www.iryou.teikyouseido.mhlw.go.jp/znk-web/juminkanja/S2430/initialize?prefCd=34&kikanCd=2340663570&kikanKbn=2", "url2": "http://www.kai-kanpo.jp" }, "geometry": { "type": "Point", "coordinates": [ 132.456325, 34.392454 ] } },
{ "type": "Feature", "properties": { "内容": "医療法人ひとみ会まつやま眼科【2:診療所】【診療科目:眼科】広島県広島市南区段原日出１丁目１５－１３　段原スクエアビル２Ｆ", "url": "https://www.iryou.teikyouseido.mhlw.go.jp/znk-web/juminkanja/S2430/initialize?prefCd=34&kikanCd=2340663600&kikanKbn=2", "url2": "http://www.matsuyama-ganka.jp/" }, "geometry": { "type": "Point", "coordinates": [ 132.480752, 34.386553 ] } },
{ "type": "Feature", "properties": { "内容": "かねはら内科・呼吸器クリニック【2:診療所】【診療科目:内科_呼吸器内科_アレルギー疾患内科】広島県広島市西区楠木町３丁目１－１０", "url": "https://www.iryou.teikyouseido.mhlw.go.jp/znk-web/juminkanja/S2430/initialize?prefCd=34&kikanCd=2340663730&kikanKbn=2", "url2": "https://kanehara-clinic.com/" }, "geometry": { "type": "Point", "coordinates": [ 132.459166, 34.412895 ] } },
{ "type": "Feature", "properties": { "内容": "一般社団法人福山市医師会　健診センター【2:診療所】【診療科目:内科_外科_婦人科】広島県福山市三吉町南二丁目１２番２５号", "url": "https://www.iryou.teikyouseido.mhlw.go.jp/znk-web/juminkanja/S2430/initialize?prefCd=34&kikanCd=2340663990&kikanKbn=2", "url2": "https://www.fmed.jp/cnt/kenshin/" }, "geometry": { "type": "Point", "coordinates": [ 133.379673, 34.488641 ] } },
{ "type": "Feature", "properties": { "内容": "はつかいち乳腺クリニック【2:診療所】【診療科目:乳腺外科】広島県廿日市市串戸四丁目１４－１４", "url": "https://www.iryou.teikyouseido.mhlw.go.jp/znk-web/juminkanja/S2430/initialize?prefCd=34&kikanCd=2340664160&kikanKbn=2", "url2": "https://www.hatsukaichinyusen.com/" }, "geometry": { "type": "Point", "coordinates": [ 132.323481, 34.347561 ] } },
{ "type": "Feature", "properties": { "内容": "ルネッサンス並木美容皮膚科【2:診療所】【診療科目:美容皮膚科】広島県広島市中区新天地５－１４　白純ビル３Ｆ", "url": "https://www.iryou.teikyouseido.mhlw.go.jp/znk-web/juminkanja/S2430/initialize?prefCd=34&kikanCd=2340664290&kikanKbn=2", "url2": "r-nbd.jp" }, "geometry": { "type": "Point", "coordinates": [ 132.461678, 34.391328 ] } },
{ "type": "Feature", "properties": { "内容": "すみい内科クリニック【2:診療所】【診療科目:内科_消化器内科_胃腸内科_内視鏡内科】広島県広島市中区基町１２－８　宝ビル１０１", "url": "https://www.iryou.teikyouseido.mhlw.go.jp/znk-web/juminkanja/S2430/initialize?prefCd=34&kikanCd=2340664740&kikanKbn=2", "url2": "https://sumii-clinic.org/" }, "geometry": { "type": "Point", "coordinates": [ 132.459587, 34.395121 ] } },
{ "type": "Feature", "properties": { "内容": "やまぐち内科クリニック【2:診療所】【診療科目:内科_消化器内科_内視鏡内科】広島県広島市南区翠一丁目３－１０", "url": "https://www.iryou.teikyouseido.mhlw.go.jp/znk-web/juminkanja/S2430/initialize?prefCd=34&kikanCd=2340664870&kikanKbn=2", "url2": "http://www.yamaguchi-naika-clinic.jp" }, "geometry": { "type": "Point", "coordinates": [ 132.465273, 34.370266 ] } },
{ "type": "Feature", "properties": { "内容": "こばやし整形外科クリニック【2:診療所】【診療科目:整形外科_リハビリテーション科】広島県東広島市黒瀬町楢原７８８－１番地", "url": "https://www.iryou.teikyouseido.mhlw.go.jp/znk-web/juminkanja/S2430/initialize?prefCd=34&kikanCd=2340665170&kikanKbn=2", "url2": "http://kobayashi-seikeigeka.jp" }, "geometry": { "type": "Point", "coordinates": [ 132.663009, 34.327256 ] } },
{ "type": "Feature", "properties": { "内容": "そね内科クリニック【2:診療所】【診療科目:内科_循環器内科】広島県東広島市西条町御薗宇４２８１－１　東広島クリニックビル１階", "url": "https://www.iryou.teikyouseido.mhlw.go.jp/znk-web/juminkanja/S2430/initialize?prefCd=34&kikanCd=2340665200&kikanKbn=2", "url2": "https://sone-clinic.info" }, "geometry": { "type": "Point", "coordinates": [ 132.751196, 34.406794 ] } },
{ "type": "Feature", "properties": { "内容": "医療法人社団秋月会　広島中央通り　香月産婦人科【2:診療所】【診療科目:産婦人科_産婦人科（生殖医療）】広島県広島市中区三川町７－１", "url": "https://www.iryou.teikyouseido.mhlw.go.jp/znk-web/juminkanja/S2430/initialize?prefCd=34&kikanCd=2340665590&kikanKbn=2", "url2": "https://www.katsuki-medical.com/" }, "geometry": { "type": "Point", "coordinates": [ 132.462014, 34.389816 ] } },
{ "type": "Feature", "properties": { "内容": "広島八丁堀呼吸器クリニック【2:診療所】【診療科目:内科_呼吸器内科_呼吸器外科_リハビリテーション科_放射線科】広島県広島市中区八丁堀１４－１", "url": "https://www.iryou.teikyouseido.mhlw.go.jp/znk-web/juminkanja/S2430/initialize?prefCd=34&kikanCd=2340665910&kikanKbn=2", "url2": "https://onari-respiratory-clinic.jp" }, "geometry": { "type": "Point", "coordinates": [ 132.463361, 34.394952 ] } },
{ "type": "Feature", "properties": { "内容": "医療法人社団エス・ディー　平田内科【2:診療所】【診療科目:内科_血液内科】広島県広島市安佐南区中筋一丁目３番１１号", "url": "https://www.iryou.teikyouseido.mhlw.go.jp/znk-web/juminkanja/S2430/initialize?prefCd=34&kikanCd=2340667060&kikanKbn=2", "url2": "https://www.hirata-naika.jp/" }, "geometry": { "type": "Point", "coordinates": [ 132.476371, 34.453524 ] } },
{ "type": "Feature", "properties": { "内容": "こやま整形外科・内科クリニック【2:診療所】【診療科目:内科_整形外科】広島県庄原市中本町一丁目７－５", "url": "https://www.iryou.teikyouseido.mhlw.go.jp/znk-web/juminkanja/S2430/initialize?prefCd=34&kikanCd=2340667190&kikanKbn=2", "url2": "http://koyamaclinic.net" }, "geometry": { "type": "Point", "coordinates": [ 133.016975, 34.859465 ] } },
{ "type": "Feature", "properties": { "内容": "庄原こどもクリニック【2:診療所】【診療科目:小児科】広島県庄原市西本町二丁目１２番９号", "url": "https://www.iryou.teikyouseido.mhlw.go.jp/znk-web/juminkanja/S2430/initialize?prefCd=34&kikanCd=2340667220&kikanKbn=2", "url2": null }, "geometry": { "type": "Point", "coordinates": [ 133.01265, 34.856365 ] } },
{ "type": "Feature", "properties": { "内容": "すがはら小児科アレルギー科クリニック【2:診療所】【診療科目:小児科_アレルギー科】広島県広島市安佐南区西原八丁目１－１３　２Ｆ", "url": "https://www.iryou.teikyouseido.mhlw.go.jp/znk-web/juminkanja/S2430/initialize?prefCd=34&kikanCd=2340667350&kikanKbn=2", "url2": "http://www.sugahara-ped.jp" }, "geometry": { "type": "Point", "coordinates": [ 132.474308, 34.445886 ] } },
{ "type": "Feature", "properties": { "内容": "医療法人社団秋月会　広島中央通り　内科クリニック【2:診療所】【診療科目:内科】広島県広島市中区三川町７－１　４Ｆ", "url": "https://www.iryou.teikyouseido.mhlw.go.jp/znk-web/juminkanja/S2430/initialize?prefCd=34&kikanCd=2340667480&kikanKbn=2", "url2": "https://www.katsuki-medical.com/naika/" }, "geometry": { "type": "Point", "coordinates": [ 132.462014, 34.389816 ] } },
{ "type": "Feature", "properties": { "内容": "医療法人社団秋月会　広島中央通り　こどもクリニック【2:診療所】【診療科目:小児科】広島県広島市中区三川町７－１　３Ｆ", "url": "https://www.iryou.teikyouseido.mhlw.go.jp/znk-web/juminkanja/S2430/initialize?prefCd=34&kikanCd=2340667510&kikanKbn=2", "url2": "https://www.katsuki-medical.com/kodomo/" }, "geometry": { "type": "Point", "coordinates": [ 132.462014, 34.389816 ] } },
{ "type": "Feature", "properties": { "内容": "広島中央通り　メンタルクリニック【2:診療所】【診療科目:精神科_心療内科】広島県広島市中区三川町７－１", "url": "https://www.iryou.teikyouseido.mhlw.go.jp/znk-web/juminkanja/S2430/initialize?prefCd=34&kikanCd=2340667640&kikanKbn=2", "url2": "https://hiroshimacentral-mental.jp/" }, "geometry": { "type": "Point", "coordinates": [ 132.462014, 34.389816 ] } },
{ "type": "Feature", "properties": { "内容": "安芸高田やちよクリニック【2:診療所】【診療科目:内科_精神科_リハビリテーション科_放射線科】広島県安芸高田市八千代町勝田４４８番地", "url": "https://www.iryou.teikyouseido.mhlw.go.jp/znk-web/juminkanja/S2430/initialize?prefCd=34&kikanCd=2340668490&kikanKbn=2", "url2": "http://merry-house.jp/" }, "geometry": { "type": "Point", "coordinates": [ 132.624341, 34.637522 ] } },
{ "type": "Feature", "properties": { "内容": "医療法人財団愛人会　河村内科消化器クリニック【2:診療所】【診療科目:内科_消化器内科_胃腸内科_放射線科】広島県広島市中区大手町一丁目６－１", "url": "https://www.iryou.teikyouseido.mhlw.go.jp/znk-web/juminkanja/S2430/initialize?prefCd=34&kikanCd=2340668940&kikanKbn=2", "url2": "http://www/kawamura-hosp.jp" }, "geometry": { "type": "Point", "coordinates": [ 132.454437, 34.394933 ] } },
{ "type": "Feature", "properties": { "内容": "いしばし耳鼻咽喉科クリニック【2:診療所】【診療科目:耳鼻いんこう科】広島県広島市安佐南区祇園五丁目２－４５－２０１", "url": "https://www.iryou.teikyouseido.mhlw.go.jp/znk-web/juminkanja/S2430/initialize?prefCd=34&kikanCd=2340669110&kikanKbn=2", "url2": "http://www.ishibashi-ent.com" }, "geometry": { "type": "Point", "coordinates": [ 132.46063, 34.447206 ] } },
{ "type": "Feature", "properties": { "内容": "うした耳鼻咽喉科クリニック【2:診療所】【診療科目:耳鼻いんこう科_アレルギー科】広島県広島市東区牛田本町六丁目１－２７　うしたみらいビル５Ｆ", "url": "https://www.iryou.teikyouseido.mhlw.go.jp/znk-web/juminkanja/S2430/initialize?prefCd=34&kikanCd=2340669240&kikanKbn=2", "url2": "ushi-jibi.com" }, "geometry": { "type": "Point", "coordinates": [ 132.467084, 34.415377 ] } },
{ "type": "Feature", "properties": { "内容": "こころ・やのファミリークリニック【2:診療所】【診療科目:内科_消化器内科_外科_乳腺外科】広島県広島市安佐南区伴南四丁目１－１０", "url": "https://www.iryou.teikyouseido.mhlw.go.jp/znk-web/juminkanja/S2430/initialize?prefCd=34&kikanCd=2340669370&kikanKbn=2", "url2": null }, "geometry": { "type": "Point", "coordinates": [ 132.379762, 34.445598 ] } },
{ "type": "Feature", "properties": { "内容": "ひろしま下肢静脈瘤クリニック【2:診療所】【診療科目:心臓血管外科】広島県広島市南区京橋町１－２　新京橋ビル７Ｆ　２号", "url": "https://www.iryou.teikyouseido.mhlw.go.jp/znk-web/juminkanja/S2430/initialize?prefCd=34&kikanCd=2340669530&kikanKbn=2", "url2": "https://hiroshima.varix.co.jp" }, "geometry": { "type": "Point", "coordinates": [ 132.473155, 34.39493 ] } },
{ "type": "Feature", "properties": { "内容": "吉島ましの皮ふ科クリニック【2:診療所】【診療科目:皮膚科】広島県広島市中区吉島西二丁目１４－１２　メディカルモール吉島　３Ｆ", "url": "https://www.iryou.teikyouseido.mhlw.go.jp/znk-web/juminkanja/S2430/initialize?prefCd=34&kikanCd=2340670640&kikanKbn=2", "url2": null }, "geometry": { "type": "Point", "coordinates": [ 132.444693, 34.372568 ] } },
{ "type": "Feature", "properties": { "内容": "医療法人社団秋月会　広島中央通り　ふじたか眼科【2:診療所】【診療科目:眼科】広島県広島市中区三川町７－１　３Ｆ", "url": "https://www.iryou.teikyouseido.mhlw.go.jp/znk-web/juminkanja/S2430/initialize?prefCd=34&kikanCd=2340670770&kikanKbn=2", "url2": "https://www.katsuki-medical.com/ganka/" }, "geometry": { "type": "Point", "coordinates": [ 132.461868, 34.389301 ] } },
{ "type": "Feature", "properties": { "内容": "やすクリニック【2:診療所】【診療科目:内科_呼吸器内科_消化器内科_婦人科】広島県広島市安佐南区上安一丁目１－１８", "url": "https://www.iryou.teikyouseido.mhlw.go.jp/znk-web/juminkanja/S2430/initialize?prefCd=34&kikanCd=2340670930&kikanKbn=2", "url2": "http://www.yasuclinic.com/" }, "geometry": { "type": "Point", "coordinates": [ 132.451445, 34.474133 ] } },
{ "type": "Feature", "properties": { "内容": "医療法人陽会かとう整形外科スポーツ運動器クリニック【2:診療所】【診療科目:整形外科_リハビリテーション科】広島県広島市安佐北区可部五丁目１４－１２", "url": "https://www.iryou.teikyouseido.mhlw.go.jp/znk-web/juminkanja/S2430/initialize?prefCd=34&kikanCd=2340671070&kikanKbn=2", "url2": "https://kato-osc.jp/" }, "geometry": { "type": "Point", "coordinates": [ 132.510469, 34.519673 ] } },
{ "type": "Feature", "properties": { "内容": "浅田心療クリニック【2:診療所】【診療科目:児童精神科_精神科_心療内科】広島県広島市安芸区矢野町７００", "url": "https://www.iryou.teikyouseido.mhlw.go.jp/znk-web/juminkanja/S2430/initialize?prefCd=34&kikanCd=2340671100&kikanKbn=2", "url2": "www.asadamentalclinic.jp" }, "geometry": { "type": "Point", "coordinates": [ 132.549052, 34.326353 ] } },
{ "type": "Feature", "properties": { "内容": "はるた呼吸器クリニック【2:診療所】【診療科目:内科_呼吸器内科_アレルギー科】広島県広島市中区堺町一丁目３－１０　３Ｆ", "url": "https://www.iryou.teikyouseido.mhlw.go.jp/znk-web/juminkanja/S2430/initialize?prefCd=34&kikanCd=2340671360&kikanKbn=2", "url2": "https://www.haruta-cl.jp" }, "geometry": { "type": "Point", "coordinates": [ 132.447859, 34.394477 ] } },
{ "type": "Feature", "properties": { "内容": "まつおか内科・脳神経内科【2:診療所】【診療科目:内科_神経内科】広島県広島市中区本川町一丁目１－２４　３０３号", "url": "https://www.iryou.teikyouseido.mhlw.go.jp/znk-web/juminkanja/S2430/initialize?prefCd=34&kikanCd=2340671490&kikanKbn=2", "url2": "https://www.matsuoka-neurology.com/" }, "geometry": { "type": "Point", "coordinates": [ 132.450659, 34.396577 ] } },
{ "type": "Feature", "properties": { "内容": "櫻クリニック【2:診療所】【診療科目:脳神経内科_脳神経外科】広島県安芸郡府中町柳ケ丘４０番１２号　２Ｆ", "url": "https://www.iryou.teikyouseido.mhlw.go.jp/znk-web/juminkanja/S2430/initialize?prefCd=34&kikanCd=2340673700&kikanKbn=2", "url2": "https://www.fig-g.jp/fig-sakura-clinic/" }, "geometry": { "type": "Point", "coordinates": [ 132.513215, 34.38231 ] } },
{ "type": "Feature", "properties": { "内容": "のぞみ整形外科クリニック寺家【2:診療所】【診療科目:整形外科_リハビリテーション科】広島県東広島市西条町寺家４７２０", "url": "https://www.iryou.teikyouseido.mhlw.go.jp/znk-web/juminkanja/S2430/initialize?prefCd=34&kikanCd=2340673830&kikanKbn=2", "url2": "https://www.nozomi-clinic.jp/jike/" }, "geometry": { "type": "Point", "coordinates": [ 132.727819, 34.429952 ] } },
{ "type": "Feature", "properties": { "内容": "鼻岡けいこ皮フ科クリニック【2:診療所】【診療科目:小児皮膚科_皮膚科_美容皮膚科_アレルギー科】広島県広島市中区三川町７－１　香月メディカルビル　２Ｆ", "url": "https://www.iryou.teikyouseido.mhlw.go.jp/znk-web/juminkanja/S2430/initialize?prefCd=34&kikanCd=2340674000&kikanKbn=2", "url2": null }, "geometry": { "type": "Point", "coordinates": [ 132.462032, 34.38983 ] } },
{ "type": "Feature", "properties": { "内容": "駅前メディカルクリニック【2:診療所】【診療科目:内科_皮膚科_美容皮膚科_心療内科】広島県福山市伏見町１番２１号", "url": "https://www.iryou.teikyouseido.mhlw.go.jp/znk-web/juminkanja/S2430/initialize?prefCd=34&kikanCd=2340674130&kikanKbn=2", "url2": null }, "geometry": { "type": "Point", "coordinates": [ 133.363449, 34.488813 ] } },
{ "type": "Feature", "properties": { "内容": "おかの眼科【2:診療所】【診療科目:眼科】広島県福山市元町１５番２８号　２Ｆ", "url": "https://www.iryou.teikyouseido.mhlw.go.jp/znk-web/juminkanja/S2430/initialize?prefCd=34&kikanCd=2340674260&kikanKbn=2", "url2": "https://www.okano-clinic.com/" }, "geometry": { "type": "Point", "coordinates": [ 133.366257, 34.487562 ] } },
{ "type": "Feature", "properties": { "内容": "廿日市さくら眼科【2:診療所】【診療科目:眼科】広島県廿日市市下平良二丁目２番１号　ゆめタウン廿日市３階", "url": "https://www.iryou.teikyouseido.mhlw.go.jp/znk-web/juminkanja/S2430/initialize?prefCd=34&kikanCd=2340674420&kikanKbn=2", "url2": "https://h-sakuraganka.com/" }, "geometry": { "type": "Point", "coordinates": [ 132.335502, 34.346186 ] } },
{ "type": "Feature", "properties": { "内容": "医療法人かたひざこしのクリニック　福山かた・ひざ・こしのクリニック【2:診療所】【診療科目:整形外科_リハビリテーション科】広島県福山市神辺町新湯野７４番地１８", "url": "https://www.iryou.teikyouseido.mhlw.go.jp/znk-web/juminkanja/S2430/initialize?prefCd=34&kikanCd=2340674550&kikanKbn=2", "url2": "https://www.katahizakoshi.jp/" }, "geometry": { "type": "Point", "coordinates": [ 133.389185, 34.552813 ] } },
{ "type": "Feature", "properties": { "内容": "ひのでクリニック【2:診療所】【診療科目:内科_呼吸器内科_小児科_精神科_心療内科】広島県広島市南区段原日出１丁目１２－１８　１０１", "url": "https://www.iryou.teikyouseido.mhlw.go.jp/znk-web/juminkanja/S2430/initialize?prefCd=34&kikanCd=2340674710&kikanKbn=2", "url2": "https://hinode-clinic.com/" }, "geometry": { "type": "Point", "coordinates": [ 132.4822, 34.386665 ] } },
{ "type": "Feature", "properties": { "内容": "池田整形外科リハビリテーションクリニック【2:診療所】【診療科目:整形外科_リウマチ科_リハビリテーション科】広島県広島市東区戸坂大上４丁目２９－１３", "url": "https://www.iryou.teikyouseido.mhlw.go.jp/znk-web/juminkanja/S2430/initialize?prefCd=34&kikanCd=2340674970&kikanKbn=2", "url2": "ikedaclinic.website" }, "geometry": { "type": "Point", "coordinates": [ 132.494395, 34.424653 ] } },
{ "type": "Feature", "properties": { "内容": "楽々園みみ・はな・のどクリニック【2:診療所】【診療科目:耳鼻いんこう科】広島県広島市佐伯区楽々園５丁目９－５　楽々園クリニックビル２０１", "url": "https://www.iryou.teikyouseido.mhlw.go.jp/znk-web/juminkanja/S2430/initialize?prefCd=34&kikanCd=2340675010&kikanKbn=2", "url2": "http://www.rakurakuen-ent.com" }, "geometry": { "type": "Point", "coordinates": [ 132.35233, 34.360823 ] } },
{ "type": "Feature", "properties": { "内容": "ぎおん皮膚科婦人科スキンケアクリニック【2:診療所】【診療科目:婦人科_皮膚科】広島県広島市安佐南区祇園５丁目２－４５　２０２", "url": "https://www.iryou.teikyouseido.mhlw.go.jp/znk-web/juminkanja/S2430/initialize?prefCd=34&kikanCd=2340675140&kikanKbn=2", "url2": "www.gion-cl.com" }, "geometry": { "type": "Point", "coordinates": [ 132.460488, 34.446958 ] } },
{ "type": "Feature", "properties": { "内容": "土橋きたの皮ふ科【2:診療所】【診療科目:皮膚科】広島県広島市中区堺町１丁目３－１０　２Ｆ", "url": "https://www.iryou.teikyouseido.mhlw.go.jp/znk-web/juminkanja/S2430/initialize?prefCd=34&kikanCd=2340675270&kikanKbn=2", "url2": "http://www.dobashikitano.jp" }, "geometry": { "type": "Point", "coordinates": [ 132.447839, 34.394542 ] } },
{ "type": "Feature", "properties": { "内容": "佐々木整形外科　ｓｐｉｎｅ　ｃｌｉｎｉｃ【2:診療所】【診療科目:整形外科_リハビリテーション科】広島県広島市安佐南区祇園５丁目２－４５　４０１", "url": "https://www.iryou.teikyouseido.mhlw.go.jp/znk-web/juminkanja/S2430/initialize?prefCd=34&kikanCd=2340675560&kikanKbn=2", "url2": "https://sasaki-sc.jp/" }, "geometry": { "type": "Point", "coordinates": [ 132.460488, 34.446958 ] } },
{ "type": "Feature", "properties": { "内容": "楽々園内科呼吸器クリニック【2:診療所】【診療科目:内科_呼吸器内科_アレルギー疾患内科_アレルギー科】広島県広島市佐伯区楽々園５丁目９－５　３０３", "url": "https://www.iryou.teikyouseido.mhlw.go.jp/znk-web/juminkanja/S2430/initialize?prefCd=34&kikanCd=2340675690&kikanKbn=2", "url2": "https://rakurakuen-naika.com/" }, "geometry": { "type": "Point", "coordinates": [ 132.352597, 34.361234 ] } },
{ "type": "Feature", "properties": { "内容": "観音中村クリニック【2:診療所】【診療科目:内科_漢方内科】広島県広島市西区南観音７丁目１４－２０　第二藤島ビル２Ｆ", "url": "https://www.iryou.teikyouseido.mhlw.go.jp/znk-web/juminkanja/S2430/initialize?prefCd=34&kikanCd=2340675720&kikanKbn=2", "url2": "https://www.kanon-nakamura-c.com" }, "geometry": { "type": "Point", "coordinates": [ 132.428137, 34.378733 ] } },
{ "type": "Feature", "properties": { "内容": "きむら耳鼻咽喉科クリニック【2:診療所】【診療科目:耳鼻いんこう科】広島県呉市広古新開７丁目２３－９", "url": "https://www.iryou.teikyouseido.mhlw.go.jp/znk-web/juminkanja/S2430/initialize?prefCd=34&kikanCd=2340676020&kikanKbn=2", "url2": "https://kimura-ent.jimdofree.com/" }, "geometry": { "type": "Point", "coordinates": [ 132.619825, 34.239985 ] } },
{ "type": "Feature", "properties": { "内容": "よねくら小児科【2:診療所】【診療科目:小児科】広島県呉市中通１丁目３－１４　オールファーマシータウン３Ｆ", "url": "https://www.iryou.teikyouseido.mhlw.go.jp/znk-web/juminkanja/S2430/initialize?prefCd=34&kikanCd=2340676150&kikanKbn=2", "url2": "https://www.yonekura-child.com" }, "geometry": { "type": "Point", "coordinates": [ 132.562422, 34.243939 ] } },
{ "type": "Feature", "properties": { "内容": "北広島町豊平診療所【2:診療所】【診療科目:内科_循環器内科_整形外科】広島県山県郡北広島町阿坂４７０５番地", "url": "https://www.iryou.teikyouseido.mhlw.go.jp/znk-web/juminkanja/S2430/initialize?prefCd=34&kikanCd=2340676310&kikanKbn=2", "url2": "https://toyohira-clinic.jp/" }, "geometry": { "type": "Point", "coordinates": [ 132.449416, 34.628342 ] } },
{ "type": "Feature", "properties": { "内容": "長楽寺内科・呼吸器クリニック【2:診療所】【診療科目:内科_呼吸器内科_アレルギー科】広島県広島市安佐南区長楽寺１－１５－３", "url": "https://www.iryou.teikyouseido.mhlw.go.jp/znk-web/juminkanja/S2430/initialize?prefCd=34&kikanCd=2340676600&kikanKbn=2", "url2": "chorakuji-cl.com" }, "geometry": { "type": "Point", "coordinates": [ 132.430629, 34.471723 ] } },
{ "type": "Feature", "properties": { "内容": "母と子のまきクリニック【2:診療所】【診療科目:産婦人科】広島県広島市南区京橋町２－２４　ロイヤルエイト広島駅前３Ｆ", "url": "https://www.iryou.teikyouseido.mhlw.go.jp/znk-web/juminkanja/S2430/initialize?prefCd=34&kikanCd=2340677160&kikanKbn=2", "url2": "https://www.motherandfetusmc.com" }, "geometry": { "type": "Point", "coordinates": [ 132.472096, 34.395483 ] } },
{ "type": "Feature", "properties": { "内容": "広島アイクリニック【2:診療所】【診療科目:眼科】広島県広島市中区幟町１３－４　広島マツダビル３Ｆ", "url": "https://www.iryou.teikyouseido.mhlw.go.jp/znk-web/juminkanja/S2430/initialize?prefCd=34&kikanCd=2340677290&kikanKbn=2", "url2": "http://www.h-eyeclinic.jp" }, "geometry": { "type": "Point", "coordinates": [ 132.46609, 34.393682 ] } },
{ "type": "Feature", "properties": { "内容": "医療法人いまじょうクリニック【2:診療所】【診療科目:産婦人科】広島県東広島市高屋町檜山７９－１", "url": "https://www.iryou.teikyouseido.mhlw.go.jp/znk-web/juminkanja/S2430/initialize?prefCd=34&kikanCd=2340677870&kikanKbn=2", "url2": "http://imajo-cl.com" }, "geometry": { "type": "Point", "coordinates": [ 132.762731, 34.44232 ] } },
{ "type": "Feature", "properties": { "内容": "虹の子どもクリニック【2:診療所】【診療科目:小児科_児童精神科_リハビリテーション科】広島県東広島市西条町寺家５０２２－１", "url": "https://www.iryou.teikyouseido.mhlw.go.jp/znk-web/juminkanja/S2430/initialize?prefCd=34&kikanCd=2340678170&kikanKbn=2", "url2": "https://www.nijinokodomo.jp/" }, "geometry": { "type": "Point", "coordinates": [ 132.722272, 34.427671 ] } },
{ "type": "Feature", "properties": { "内容": "こころのクリニックひまわり【2:診療所】【診療科目:精神科_心療内科】広島県安芸郡海田町窪町１－２３　ＪＲ海田市駅ＮＫビル１Ｆ", "url": "https://www.iryou.teikyouseido.mhlw.go.jp/znk-web/juminkanja/S2430/initialize?prefCd=34&kikanCd=2340678200&kikanKbn=2", "url2": "https://www.cocoro-clinic-himawari.com/" }, "geometry": { "type": "Point", "coordinates": [ 132.531061, 34.37121 ] } },
{ "type": "Feature", "properties": { "内容": "うたのはら整形外科クリニック【2:診療所】【診療科目:整形外科_リハビリテーション科】広島県東広島市西条町寺家５２８４－１", "url": "https://www.iryou.teikyouseido.mhlw.go.jp/znk-web/juminkanja/S2430/initialize?prefCd=34&kikanCd=2340678460&kikanKbn=2", "url2": "https://utanohara.com" }, "geometry": { "type": "Point", "coordinates": [ 132.722272, 34.427671 ] } },
{ "type": "Feature", "properties": { "内容": "みやざわ内科【2:診療所】【診療科目:内科_糖尿病内科_内分泌内科_消化器内科】広島県福山市南蔵王町４－１２－２４", "url": "https://www.iryou.teikyouseido.mhlw.go.jp/znk-web/juminkanja/S2430/initialize?prefCd=34&kikanCd=2340678620&kikanKbn=2", "url2": "https://miyazawa-naika.com" }, "geometry": { "type": "Point", "coordinates": [ 133.396226, 34.498885 ] } },
{ "type": "Feature", "properties": { "内容": "医療法人　えきや外科クリニック【2:診療所】【診療科目:内科_消化器内科_外科_肛門外科_整形外科_リハビリテーション科】広島県福山市駅家町近田１２１", "url": "https://www.iryou.teikyouseido.mhlw.go.jp/znk-web/juminkanja/S2430/initialize?prefCd=34&kikanCd=2340678880&kikanKbn=2", "url2": null }, "geometry": { "type": "Point", "coordinates": [ 133.318823, 34.544264 ] } },
{ "type": "Feature", "properties": { "内容": "みどり心のクリニック広島【2:診療所】【診療科目:精神科_心療内科】広島県広島市安佐南区中筋１－９－６　ロイヤルニシムラ　２Ｆ", "url": "https://www.iryou.teikyouseido.mhlw.go.jp/znk-web/juminkanja/S2430/initialize?prefCd=34&kikanCd=2340679050&kikanKbn=2", "url2": "midorikokoro.com" }, "geometry": { "type": "Point", "coordinates": [ 132.476236, 34.45039 ] } },
{ "type": "Feature", "properties": { "内容": "やすはらこどもクリニック【2:診療所】【診療科目:小児科_新生児内科_アレルギー科】広島県福山市多治米町１－１１－２３", "url": "https://www.iryou.teikyouseido.mhlw.go.jp/znk-web/juminkanja/S2430/initialize?prefCd=34&kikanCd=2340679760&kikanKbn=2", "url2": "https://yasuharakodomo.com" }, "geometry": { "type": "Point", "coordinates": [ 133.383146, 34.47317 ] } },
{ "type": "Feature", "properties": { "内容": "医療法人社団昭仁会中林整形外科クリニック【2:診療所】【診療科目:整形外科_リウマチ科_リハビリテーション科】広島県三原市宮沖２－４－５", "url": "https://www.iryou.teikyouseido.mhlw.go.jp/znk-web/juminkanja/S2430/initialize?prefCd=34&kikanCd=2340679920&kikanKbn=2", "url2": null }, "geometry": { "type": "Point", "coordinates": [ 133.075388, 34.395836 ] } },
{ "type": "Feature", "properties": { "内容": "いまだ内科医院【2:診療所】【診療科目:内科_消化器内科】広島県福山市神辺町川北３２４－１", "url": "https://www.iryou.teikyouseido.mhlw.go.jp/znk-web/juminkanja/S2430/initialize?prefCd=34&kikanCd=2340680030&kikanKbn=2", "url2": "https://imada-naika.com/" }, "geometry": { "type": "Point", "coordinates": [ 133.38589, 34.543279 ] } },
{ "type": "Feature", "properties": { "内容": "井之川眼科医院【2:診療所】【診療科目:眼科】広島県呉市西中央１－３－９　呉信愛ビル４Ｆ", "url": "https://www.iryou.teikyouseido.mhlw.go.jp/znk-web/juminkanja/S2430/initialize?prefCd=34&kikanCd=2340680160&kikanKbn=2", "url2": "http://www.inokawa-eyeclinic.com" }, "geometry": { "type": "Point", "coordinates": [ 132.556103, 34.246731 ] } },
{ "type": "Feature", "properties": { "内容": "笠岡レディースクリニック【2:診療所】【診療科目:産科_婦人科】広島県呉市西中央１－３－９　５Ｆ", "url": "https://www.iryou.teikyouseido.mhlw.go.jp/znk-web/juminkanja/S2430/initialize?prefCd=34&kikanCd=2340680290&kikanKbn=2", "url2": null }, "geometry": { "type": "Point", "coordinates": [ 132.556103, 34.246731 ] } },
{ "type": "Feature", "properties": { "内容": "さわさき婦人科・産科【2:診療所】【診療科目:産科_婦人科】広島県呉市中通１－３－１４　オールファーマシウータウン３Ｆ", "url": "https://www.iryou.teikyouseido.mhlw.go.jp/znk-web/juminkanja/S2430/initialize?prefCd=34&kikanCd=2340680320&kikanKbn=2", "url2": "https://www.sawa0510.com" }, "geometry": { "type": "Point", "coordinates": [ 132.56249, 34.243918 ] } },
{ "type": "Feature", "properties": { "内容": "じあん眼科【2:診療所】【診療科目:眼科】広島県東広島市黒瀬町兼広１０－１", "url": "https://www.iryou.teikyouseido.mhlw.go.jp/znk-web/juminkanja/S2430/initialize?prefCd=34&kikanCd=2340680580&kikanKbn=2", "url2": "https://jian-eye-clinic.com/index.html" }, "geometry": { "type": "Point", "coordinates": [ 132.663839, 34.323215 ] } },
{ "type": "Feature", "properties": { "内容": "はだ小児科【2:診療所】【診療科目:小児科】広島県広島市佐伯区楽々園５－９－５　３０２", "url": "https://www.iryou.teikyouseido.mhlw.go.jp/znk-web/juminkanja/S2430/initialize?prefCd=34&kikanCd=2340680740&kikanKbn=2", "url2": "https://www.hada-shonika.jp" }, "geometry": { "type": "Point", "coordinates": [ 132.35233, 34.360823 ] } },
{ "type": "Feature", "properties": { "内容": "葵の園クリニック【2:診療所】【診療科目:内科_外科】広島県東広島市河内町入野７８４１－２", "url": "https://www.iryou.teikyouseido.mhlw.go.jp/znk-web/juminkanja/S2430/initialize?prefCd=34&kikanCd=2340682340&kikanKbn=2", "url2": "http://www.aoikai.jp" }, "geometry": { "type": "Point", "coordinates": [ 132.872361, 34.443452 ] } },
{ "type": "Feature", "properties": { "内容": "医療法人社団　日の浦会　佐々木産婦人科【2:診療所】【診療科目:産婦人科】広島県広島市東区戸坂千足２丁目９－２５", "url": "https://www.iryou.teikyouseido.mhlw.go.jp/znk-web/juminkanja/S2430/initialize?prefCd=34&kikanCd=2340682500&kikanKbn=2", "url2": "https://www.sasaki-lcl.com/" }, "geometry": { "type": "Point", "coordinates": [ 132.486207, 34.437107 ] } },
{ "type": "Feature", "properties": { "内容": "堂面医院【2:診療所】【診療科目:内科_小児科_麻酔科】広島県広島市南区皆実町２－８－４", "url": "https://www.iryou.teikyouseido.mhlw.go.jp/znk-web/juminkanja/S2430/initialize?prefCd=34&kikanCd=2340682630&kikanKbn=2", "url2": "https://domengomachan.jimdofree.com/" }, "geometry": { "type": "Point", "coordinates": [ 132.465265, 34.376574 ] } },
{ "type": "Feature", "properties": { "内容": "みかみホームクリニック【2:診療所】【診療科目:内科_外科】広島県福山市曙町６－７－１５　１Ｆ", "url": "https://www.iryou.teikyouseido.mhlw.go.jp/znk-web/juminkanja/S2430/initialize?prefCd=34&kikanCd=2340684100&kikanKbn=2", "url2": "https://mikami-hc.com" }, "geometry": { "type": "Point", "coordinates": [ 133.401878, 34.46515 ] } },
{ "type": "Feature", "properties": { "内容": "東福山駅前クリニック【2:診療所】【診療科目:内科】広島県福山市引野町", "url": "https://www.iryou.teikyouseido.mhlw.go.jp/znk-web/juminkanja/S2430/initialize?prefCd=34&kikanCd=2340684230&kikanKbn=2", "url2": null }, "geometry": { "type": "Point", "coordinates": [ 133.413892, 34.485805 ] } },
{ "type": "Feature", "properties": { "内容": "社会医療法人　里仁会　白龍湖クリニック【2:診療所】【診療科目:内科_外科_整形外科】広島県三原市大和町和木１５０４－１", "url": "https://www.iryou.teikyouseido.mhlw.go.jp/znk-web/juminkanja/S2430/initialize?prefCd=34&kikanCd=2340684360&kikanKbn=2", "url2": "http://www.hakuryuko.jp" }, "geometry": { "type": "Point", "coordinates": [ 132.922798, 34.511343 ] } },
{ "type": "Feature", "properties": { "内容": "社会医療法人　里仁会　仁生クリニック【2:診療所】【診療科目:内科】広島県三原市皆実３－３－２８", "url": "https://www.iryou.teikyouseido.mhlw.go.jp/znk-web/juminkanja/S2430/initialize?prefCd=34&kikanCd=2340684490&kikanKbn=2", "url2": null }, "geometry": { "type": "Point", "coordinates": [ 133.066238, 34.391473 ] } },
{ "type": "Feature", "properties": { "内容": "海田よつ葉クリニック【2:診療所】【診療科目:内科_循環器内科_外科_心臓血管外科】広島県安芸郡海田町栄町５－３２", "url": "https://www.iryou.teikyouseido.mhlw.go.jp/znk-web/juminkanja/S2430/initialize?prefCd=34&kikanCd=2340684650&kikanKbn=2", "url2": "https://kaitayotsuba-clinic.com/" }, "geometry": { "type": "Point", "coordinates": [ 132.534401, 34.362386 ] } },
{ "type": "Feature", "properties": { "内容": "ひだまりこどもアレルギー科クリニック【2:診療所】【診療科目:小児科_アレルギー科】広島県広島市安佐南区祇園５－２－４５　２０４", "url": "https://www.iryou.teikyouseido.mhlw.go.jp/znk-web/juminkanja/S2430/initialize?prefCd=34&kikanCd=2340684780&kikanKbn=2", "url2": "http://www.hidamari-kcl.com/" }, "geometry": { "type": "Point", "coordinates": [ 132.4606, 34.447216 ] } },
{ "type": "Feature", "properties": { "内容": "安佐南内科リウマチ科クリニック【2:診療所】【診療科目:内科_呼吸器内科_疼痛緩和内科_アレルギー科_リウマチ科】広島県広島市安佐南区伴東５－２１－３５", "url": "https://www.iryou.teikyouseido.mhlw.go.jp/znk-web/juminkanja/S2430/initialize?prefCd=34&kikanCd=2340684810&kikanKbn=2", "url2": "https://www.asaminami-clinic.jp/" }, "geometry": { "type": "Point", "coordinates": [ 132.422108, 34.467283 ] } },
{ "type": "Feature", "properties": { "内容": "わたなべ内科・呼吸器クリニック【2:診療所】【診療科目:内科_呼吸器内科】広島県広島市東区温品４－２１－８", "url": "https://www.iryou.teikyouseido.mhlw.go.jp/znk-web/juminkanja/S2430/initialize?prefCd=34&kikanCd=2340685370&kikanKbn=2", "url2": "https://watanabe-imr-clinic.jp" }, "geometry": { "type": "Point", "coordinates": [ 132.508011, 34.407819 ] } },
{ "type": "Feature", "properties": { "内容": "医療法人あさだ会　第２心療クリニック　コモリエ【2:診療所】【診療科目:児童精神科_精神科_心療内科】広島県広島市南区金屋町２－１５　ＫＤＸ広島ビル　７Ｆ", "url": "https://www.iryou.teikyouseido.mhlw.go.jp/znk-web/juminkanja/S2430/initialize?prefCd=34&kikanCd=2340685530&kikanKbn=2", "url2": "https://asadakai2019.stars.ne.jp/index.html" }, "geometry": { "type": "Point", "coordinates": [ 132.472296, 34.392417 ] } },
{ "type": "Feature", "properties": { "内容": "医療法人社団真善会　梅田クリニック【2:診療所】【診療科目:形成外科_皮膚科】広島県福山市東深津町１－１１－１０", "url": "https://www.iryou.teikyouseido.mhlw.go.jp/znk-web/juminkanja/S2430/initialize?prefCd=34&kikanCd=2340686380&kikanKbn=2", "url2": "http://www76.biglobe.ne.jp/~umeda/" }, "geometry": { "type": "Point", "coordinates": [ 133.390882, 34.500134 ] } },
{ "type": "Feature", "properties": { "内容": "にし耳鼻咽喉科クリニック【2:診療所】【診療科目:耳鼻いんこう科_アレルギー科】広島県呉市宝町２－２３－１　レクレ医療モール３０６号", "url": "https://www.iryou.teikyouseido.mhlw.go.jp/znk-web/juminkanja/S2430/initialize?prefCd=34&kikanCd=2340686410&kikanKbn=2", "url2": "https://nishijibi.com/" }, "geometry": { "type": "Point", "coordinates": [ 132.557778, 34.244017 ] } },
{ "type": "Feature", "properties": { "内容": "医療法人社団十二会　ゴリラクリニック広島院【2:診療所】【診療科目:美容皮膚科】広島県広島市中区中町８－１８　広島クリスタルプラザ４Ｆ", "url": "https://www.iryou.teikyouseido.mhlw.go.jp/znk-web/juminkanja/S2430/initialize?prefCd=34&kikanCd=2340686540&kikanKbn=2", "url2": "https://gorilla.clinic/clinic/hiroshima/" }, "geometry": { "type": "Point", "coordinates": [ 132.457802, 34.389956 ] } },
{ "type": "Feature", "properties": { "内容": "エミナルクリニック広島院【2:診療所】【診療科目:美容皮膚科】広島県広島市中区紙屋町２－３－４　３Ｆ・４Ｆ・５Ｆ", "url": "https://www.iryou.teikyouseido.mhlw.go.jp/znk-web/juminkanja/S2430/initialize?prefCd=34&kikanCd=2340687420&kikanKbn=2", "url2": null }, "geometry": { "type": "Point", "coordinates": [ 132.456567, 34.393407 ] } },
{ "type": "Feature", "properties": { "内容": "比婆医院【2:診療所】【診療科目:内科】広島県庄原市中本町１－３－１　渡辺ビル　１Ｆ", "url": "https://www.iryou.teikyouseido.mhlw.go.jp/znk-web/juminkanja/S2430/initialize?prefCd=34&kikanCd=2340687840&kikanKbn=2", "url2": "www.hibaclinic.jp" }, "geometry": { "type": "Point", "coordinates": [ 133.015428, 34.857879 ] } },
{ "type": "Feature", "properties": { "内容": "身原皮ふ科・形成外科クリニック【2:診療所】【診療科目:形成外科_皮膚科】広島県広島市中区八丁堀１４－７　八丁堀宮田ビル７Ｆ", "url": "https://www.iryou.teikyouseido.mhlw.go.jp/znk-web/juminkanja/S2430/initialize?prefCd=34&kikanCd=2340687970&kikanKbn=2", "url2": "https://www.mihara-cln.com/" }, "geometry": { "type": "Point", "coordinates": [ 132.463462, 34.394607 ] } },
{ "type": "Feature", "properties": { "内容": "さくま泌尿器科【2:診療所】【診療科目:性感染症内科_泌尿器科】広島県広島市中区鉄砲町９－１０　湯浅ビル５Ｆ", "url": "https://www.iryou.teikyouseido.mhlw.go.jp/znk-web/juminkanja/S2430/initialize?prefCd=34&kikanCd=2340688010&kikanKbn=2", "url2": "http://sakumauro.web.fc2.com" }, "geometry": { "type": "Point", "coordinates": [ 132.464669, 34.394299 ] } },
{ "type": "Feature", "properties": { "内容": "こばやし眼科【2:診療所】【診療科目:眼科】広島県尾道市天満町１６番１４－１１号", "url": "https://www.iryou.teikyouseido.mhlw.go.jp/znk-web/juminkanja/S2430/initialize?prefCd=34&kikanCd=2340688560&kikanKbn=2", "url2": "https://kobayashi-eyeclinic.com" }, "geometry": { "type": "Point", "coordinates": [ 133.187843, 34.406545 ] } },
{ "type": "Feature", "properties": { "内容": "医療法人　かわい皮ふ科クリニック【2:診療所】【診療科目:皮膚科】広島県広島市佐伯区楽々園五丁目９－５－３０１", "url": "https://www.iryou.teikyouseido.mhlw.go.jp/znk-web/juminkanja/S2430/initialize?prefCd=34&kikanCd=2340688690&kikanKbn=2", "url2": "https://kawai-hifuka-cl.com/" }, "geometry": { "type": "Point", "coordinates": [ 132.351837, 34.360865 ] } },
{ "type": "Feature", "properties": { "内容": "広島駅内科・こどもクリニック【2:診療所】【診療科目:内科_小児科_アレルギー科】広島県広島市南区松原町１－２　ｅｋｉｅ２Ｆ", "url": "https://www.iryou.teikyouseido.mhlw.go.jp/znk-web/juminkanja/S2430/initialize?prefCd=34&kikanCd=2340688850&kikanKbn=2", "url2": "ekibiru8.com" }, "geometry": { "type": "Point", "coordinates": [ 132.476169, 34.397701 ] } },
{ "type": "Feature", "properties": { "内容": "古江クリニック【2:診療所】【診療科目:内科_呼吸器内科_循環器内科_消化器内科_小児科_アレルギー科】広島県広島市東区戸坂中町６－８", "url": "https://www.iryou.teikyouseido.mhlw.go.jp/znk-web/juminkanja/S2430/initialize?prefCd=34&kikanCd=2340689020&kikanKbn=2", "url2": null }, "geometry": { "type": "Point", "coordinates": [ 132.48791, 34.434814 ] } },
{ "type": "Feature", "properties": { "内容": "ビジョンクリニック【2:診療所】【診療科目:眼科】広島県広島市南区西霞町３－３２", "url": "https://www.iryou.teikyouseido.mhlw.go.jp/znk-web/juminkanja/S2430/initialize?prefCd=34&kikanCd=2340689150&kikanKbn=2", "url2": "https://www.visionpluseyeclinic.com/" }, "geometry": { "type": "Point", "coordinates": [ 132.480304, 34.377567 ] } },
{ "type": "Feature", "properties": { "内容": "広島さくら整形外科【2:診療所】【診療科目:整形外科_リハビリテーション科】広島県広島市安佐南区相田二丁目５－１８　３Ｆ", "url": "https://www.iryou.teikyouseido.mhlw.go.jp/znk-web/juminkanja/S2430/initialize?prefCd=34&kikanCd=2340689280&kikanKbn=2", "url2": "https://www.hiroshima-sakura.jp/" }, "geometry": { "type": "Point", "coordinates": [ 132.449034, 34.473026 ] } },
{ "type": "Feature", "properties": { "内容": "クオッカ眼科クリニック【2:診療所】【診療科目:眼科】広島県広島市安佐南区伴南一丁目５－１８－８　２０１", "url": "https://www.iryou.teikyouseido.mhlw.go.jp/znk-web/juminkanja/S2430/initialize?prefCd=34&kikanCd=2340689310&kikanKbn=2", "url2": "https://www.quokkaeyeclinic.com/" }, "geometry": { "type": "Point", "coordinates": [ 132.380781, 34.448217 ] } },
{ "type": "Feature", "properties": { "内容": "みはらえきまえクリニック【2:診療所】【診療科目:内科_形成外科_皮膚科】広島県三原市城町１－８－７－１Ｆ", "url": "https://www.iryou.teikyouseido.mhlw.go.jp/znk-web/juminkanja/S2430/initialize?prefCd=34&kikanCd=2340689600&kikanKbn=2", "url2": "https://miharaec.jp" }, "geometry": { "type": "Point", "coordinates": [ 133.083365, 34.399593 ] } },
{ "type": "Feature", "properties": { "内容": "まりあ眼科クリニック【2:診療所】【診療科目:眼科】広島県安芸郡海田町窪町１－２３　２Ｆ", "url": "https://www.iryou.teikyouseido.mhlw.go.jp/znk-web/juminkanja/S2430/initialize?prefCd=34&kikanCd=2340689990&kikanKbn=2", "url2": "https://maria-eyeclinic.com/" }, "geometry": { "type": "Point", "coordinates": [ 132.531523, 34.370989 ] } },
{ "type": "Feature", "properties": { "内容": "つぼいクリニック泌尿器科内科【2:診療所】【診療科目:内科_泌尿器科】広島県三原市港町三丁目７－１２", "url": "https://www.iryou.teikyouseido.mhlw.go.jp/znk-web/juminkanja/S2430/initialize?prefCd=34&kikanCd=2340690840&kikanKbn=2", "url2": null }, "geometry": { "type": "Point", "coordinates": [ 133.078893, 34.39808 ] } },
{ "type": "Feature", "properties": { "内容": "髙木医院【2:診療所】【診療科目:内科_小児科】広島県呉市三条４丁目８番１号", "url": "https://www.iryou.teikyouseido.mhlw.go.jp/znk-web/juminkanja/S2430/initialize?prefCd=34&kikanCd=2340691720&kikanKbn=2", "url2": null }, "geometry": { "type": "Point", "coordinates": [ 132.555168, 34.249575 ] } },
{ "type": "Feature", "properties": { "内容": "よしのこどもとアレルギーのクリニック【2:診療所】【診療科目:小児科_アレルギー科】広島県広島市西区庚午南一丁目３０ー１３", "url": "https://www.iryou.teikyouseido.mhlw.go.jp/znk-web/juminkanja/S2430/initialize?prefCd=34&kikanCd=2340692600&kikanKbn=2", "url2": "https://yoshino-kids.com/" }, "geometry": { "type": "Point", "coordinates": [ 132.412057, 34.378873 ] } },
{ "type": "Feature", "properties": { "内容": "青崎いぶきクリニック【2:診療所】【診療科目:内科_小児科】広島県広島市南区青崎一丁目９－１７", "url": "https://www.iryou.teikyouseido.mhlw.go.jp/znk-web/juminkanja/S2430/initialize?prefCd=34&kikanCd=2340693290&kikanKbn=2", "url2": "https://aosaki-clinic.or.jp/" }, "geometry": { "type": "Point", "coordinates": [ 132.506913, 34.373107 ] } },
{ "type": "Feature", "properties": { "内容": "ふないり心のクリニック【2:診療所】【診療科目:精神科_心療内科】広島県広島市中区舟入幸町４－２　クリニックモール舟入４Ｆ", "url": "https://www.iryou.teikyouseido.mhlw.go.jp/znk-web/juminkanja/S2430/initialize?prefCd=34&kikanCd=2340693580&kikanKbn=2", "url2": "https://funairi-cocoro.org" }, "geometry": { "type": "Point", "coordinates": [ 132.445015, 34.383254 ] } },
{ "type": "Feature", "properties": { "内容": "いずた整形外科クリニック【2:診療所】【診療科目:整形外科_リウマチ科_リハビリテーション科】広島県広島市東区戸坂大上四丁目３０－１１", "url": "https://www.iryou.teikyouseido.mhlw.go.jp/znk-web/juminkanja/S2430/initialize?prefCd=34&kikanCd=2340694200&kikanKbn=2", "url2": "izucli.com" }, "geometry": { "type": "Point", "coordinates": [ 132.494031, 34.425537 ] } },
{ "type": "Feature", "properties": { "内容": "白島中央クリニック【2:診療所】【診療科目:内科_泌尿器科_精神科_心療内科】広島県広島市中区東白島町１５－８　第３西林ビル２階", "url": "https://www.iryou.teikyouseido.mhlw.go.jp/znk-web/juminkanja/S2430/initialize?prefCd=34&kikanCd=2340694620&kikanKbn=2", "url2": "https://hakushimachuo-clinic.com/" }, "geometry": { "type": "Point", "coordinates": [ 132.465303, 34.404819 ] } },
{ "type": "Feature", "properties": { "内容": "東京ノーストクリニック【2:診療所】【診療科目:形成外科_男性泌尿器科】広島県広島市南区的場町一丁目７－１　２Ｆ", "url": "https://www.iryou.teikyouseido.mhlw.go.jp/znk-web/juminkanja/S2430/initialize?prefCd=34&kikanCd=2340694880&kikanKbn=2", "url2": null }, "geometry": { "type": "Point", "coordinates": [ 132.474881, 34.393083 ] } },
{ "type": "Feature", "properties": { "内容": "蔵本内科【2:診療所】【診療科目:内科_血液内科_呼吸器内科_循環器内科】広島県広島市中区大手町三丁目１３－６　２Ｆ", "url": "https://www.iryou.teikyouseido.mhlw.go.jp/znk-web/juminkanja/S2430/initialize?prefCd=34&kikanCd=2340694910&kikanKbn=2", "url2": "https://kuramoto-naika.com" }, "geometry": { "type": "Point", "coordinates": [ 132.454154, 34.386291 ] } },
{ "type": "Feature", "properties": { "内容": "西日本旅客鉄道（株）広島健康増進センター【2:診療所】【診療科目:内科】広島県広島市東区上大須賀町１５－２０", "url": "https://www.iryou.teikyouseido.mhlw.go.jp/znk-web/juminkanja/S2430/initialize?prefCd=34&kikanCd=2340695050&kikanKbn=2", "url2": null }, "geometry": { "type": "Point", "coordinates": [ 132.473449, 34.398862 ] } },
{ "type": "Feature", "properties": { "内容": "山根こどもクリニック【2:診療所】【診療科目:小児科_アレルギー科】広島県福山市神辺町川北８９５番地４", "url": "https://www.iryou.teikyouseido.mhlw.go.jp/znk-web/juminkanja/S2430/initialize?prefCd=34&kikanCd=2340696220&kikanKbn=2", "url2": null }, "geometry": { "type": "Point", "coordinates": [ 133.381812, 34.545882 ] } },
{ "type": "Feature", "properties": { "内容": "しらさぎ診療所【2:診療所】【診療科目:内科】広島県広島市佐伯区楽々園二丁目１－３４", "url": "https://www.iryou.teikyouseido.mhlw.go.jp/znk-web/juminkanja/S2430/initialize?prefCd=34&kikanCd=2340696350&kikanKbn=2", "url2": "https://shirasagi-cl.com/" }, "geometry": { "type": "Point", "coordinates": [ 132.352644, 34.364111 ] } },
{ "type": "Feature", "properties": { "内容": "みんなの睡眠ストレスケアクリニック【2:診療所】【診療科目:精神科_心療内科】広島県広島市東区牛田本町二丁目１ー２　２０５Ａ", "url": "https://www.iryou.teikyouseido.mhlw.go.jp/znk-web/juminkanja/S2430/initialize?prefCd=34&kikanCd=2340696480&kikanKbn=2", "url2": "https://minna-clinic.com/" }, "geometry": { "type": "Point", "coordinates": [ 132.471384, 34.411809 ] } },
{ "type": "Feature", "properties": { "内容": "医療法人社団片岡内科胃腸科医院かたおか内科クリニック【2:診療所】【診療科目:内科_消化器内科_内視鏡内科】広島県福山市山手町二丁目３番１１号", "url": "https://www.iryou.teikyouseido.mhlw.go.jp/znk-web/juminkanja/S2430/initialize?prefCd=34&kikanCd=2340697810&kikanKbn=2", "url2": "http://kataokanaika.net/" }, "geometry": { "type": "Point", "coordinates": [ 133.332635, 34.491056 ] } },
{ "type": "Feature", "properties": { "内容": "駅前ＡＧＡクリニック広島院【2:診療所】【診療科目:皮膚科】広島県広島市中区八丁堀１３－１４　６Ｆ", "url": "https://www.iryou.teikyouseido.mhlw.go.jp/znk-web/juminkanja/S2430/initialize?prefCd=34&kikanCd=2340698820&kikanKbn=2", "url2": "https://e-aga.jp/intro/hiroshima" }, "geometry": { "type": "Point", "coordinates": [ 132.462817, 34.394776 ] } },
{ "type": "Feature", "properties": { "内容": "ふじさわ内科【2:診療所】【診療科目:内科_消化器内科_内視鏡内科】広島県福山市北吉津町三丁目１１番１６号", "url": "https://www.iryou.teikyouseido.mhlw.go.jp/znk-web/juminkanja/S2430/initialize?prefCd=34&kikanCd=2340698950&kikanKbn=2", "url2": "fujisawanaika.jp" }, "geometry": { "type": "Point", "coordinates": [ 133.363914, 34.497518 ] } },
{ "type": "Feature", "properties": { "内容": "あけぼのペインクリニック【2:診療所】【診療科目:ペインクリニック内科_ペインクリニック外科_麻酔科】広島県福山市曙町一丁目４番４号", "url": "https://www.iryou.teikyouseido.mhlw.go.jp/znk-web/juminkanja/S2430/initialize?prefCd=34&kikanCd=2340699090&kikanKbn=2", "url2": "http://akebono-pain.com/" }, "geometry": { "type": "Point", "coordinates": [ 133.39506, 34.475944 ] } },
{ "type": "Feature", "properties": { "内容": "しんこころのクリニック【2:診療所】【診療科目:精神科_心療内科】広島県呉市西中央一丁目３－１０　メディカルスクエアビル５Ｆ", "url": "https://www.iryou.teikyouseido.mhlw.go.jp/znk-web/juminkanja/S2430/initialize?prefCd=34&kikanCd=2340699120&kikanKbn=2", "url2": "http://shin-kokoro-clinic.jp/" }, "geometry": { "type": "Point", "coordinates": [ 132.555997, 34.246804 ] } },
{ "type": "Feature", "properties": { "内容": "平原クリニック【2:診療所】【診療科目:内科_消化器内科_腎臓内科】広島県尾道市平原二丁目２１－２９", "url": "https://www.iryou.teikyouseido.mhlw.go.jp/znk-web/juminkanja/S2430/initialize?prefCd=34&kikanCd=2340699380&kikanKbn=2", "url2": null }, "geometry": { "type": "Point", "coordinates": [ 133.1785, 34.411918 ] } },
{ "type": "Feature", "properties": { "内容": "あおばクリニック広島院【2:診療所】【診療科目:眼科_美容皮膚科】広島県広島市中区紙屋町１－２－２２　Ｂ１Ｆ", "url": "https://www.iryou.teikyouseido.mhlw.go.jp/znk-web/juminkanja/S2430/initialize?prefCd=34&kikanCd=2340699540&kikanKbn=2", "url2": null }, "geometry": { "type": "Point", "coordinates": [ 132.458094, 34.394828 ] } },
{ "type": "Feature", "properties": { "内容": "あけぼの皮ふ科クリニック【2:診療所】【診療科目:皮膚科】広島県広島市東区曙二丁目８－１８", "url": "https://www.iryou.teikyouseido.mhlw.go.jp/znk-web/juminkanja/S2430/initialize?prefCd=34&kikanCd=2340699960&kikanKbn=2", "url2": "http://www.akebono-hifuka.com/" }, "geometry": { "type": "Point", "coordinates": [ 132.490484, 34.394965 ] } },
{ "type": "Feature", "properties": { "内容": "共立美容外科・歯科広島院【2:診療所】【診療科目:形成外科_美容外科_皮膚科_泌尿器科_歯科_矯正歯科_歯科口腔外科】広島県広島市中区新天地２－７　広島東宝ビル３Ｆ", "url": "https://www.iryou.teikyouseido.mhlw.go.jp/znk-web/juminkanja/S2430/initialize?prefCd=34&kikanCd=2340700000&kikanKbn=2", "url2": null }, "geometry": { "type": "Point", "coordinates": [ 132.46256, 34.391628 ] } },
{ "type": "Feature", "properties": { "内容": "リバイバル波動クリニック【2:診療所】【診療科目:内科_ペインクリニック内科_小児科】広島県福山市明王台三丁目２番２６号", "url": "https://www.iryou.teikyouseido.mhlw.go.jp/znk-web/juminkanja/S2430/initialize?prefCd=34&kikanCd=2340700130&kikanKbn=2", "url2": null }, "geometry": { "type": "Point", "coordinates": [ 133.341894, 34.47607 ] } },
{ "type": "Feature", "properties": { "内容": "ないとうクリニック【2:診療所】【診療科目:整形外科_麻酔科】広島県大竹市白石一丁目５－９", "url": "https://www.iryou.teikyouseido.mhlw.go.jp/znk-web/juminkanja/S2430/initialize?prefCd=34&kikanCd=2340700260&kikanKbn=2", "url2": null }, "geometry": { "type": "Point", "coordinates": [ 132.217841, 34.214232 ] } },
{ "type": "Feature", "properties": { "内容": "おんじ内科クリニック【2:診療所】【診療科目:内科_消化器内科_内視鏡内科】広島県安芸郡海田町南大正町３－２５　１Ｆ", "url": "https://www.iryou.teikyouseido.mhlw.go.jp/znk-web/juminkanja/S2430/initialize?prefCd=34&kikanCd=2340700390&kikanKbn=2", "url2": "https://www.onji-naika.com" }, "geometry": { "type": "Point", "coordinates": [ 132.533812, 34.366712 ] } },
{ "type": "Feature", "properties": { "内容": "医療法人宥善会　東広島中央クリニック【2:診療所】【診療科目:内科_消化器内科】広島県東広島市西条町御薗宇８５３７番地１", "url": "https://www.iryou.teikyouseido.mhlw.go.jp/znk-web/juminkanja/S2430/initialize?prefCd=34&kikanCd=2340700420&kikanKbn=2", "url2": "www.higashihiroshima-chuo-clinic.com" }, "geometry": { "type": "Point", "coordinates": [ 132.739667, 34.39808 ] } },
{ "type": "Feature", "properties": { "内容": "ＴＣＢ　東京中央美容外科・ＴＣＢ　スキンクリニック　広島院【2:診療所】【診療科目:形成外科_美容外科_皮膚科_美容皮膚科】広島県広島市中区本通９－３０　ランドマークビル３Ｆ", "url": "https://www.iryou.teikyouseido.mhlw.go.jp/znk-web/juminkanja/S2430/initialize?prefCd=34&kikanCd=2340700710&kikanKbn=2", "url2": "https://aoki-tsuyoshi.com/" }, "geometry": { "type": "Point", "coordinates": [ 132.460834, 34.392472 ] } },
{ "type": "Feature", "properties": { "内容": "今井耳鼻咽喉科医院【2:診療所】【診療科目:耳鼻いんこう科_アレルギー科】広島県広島市佐伯区海老園一丁目３－２２", "url": "https://www.iryou.teikyouseido.mhlw.go.jp/znk-web/juminkanja/S2430/initialize?prefCd=34&kikanCd=2340700840&kikanKbn=2", "url2": "http://imaijibika.or.jp/index.html" }, "geometry": { "type": "Point", "coordinates": [ 132.357327, 34.364038 ] } },
{ "type": "Feature", "properties": { "内容": "やまぐち整形外科リハビリクリニック【2:診療所】【診療科目:整形外科_リウマチ科_リハビリテーション科】広島県広島市安佐南区祇園二丁目１３－２０", "url": "https://www.iryou.teikyouseido.mhlw.go.jp/znk-web/juminkanja/S2430/initialize?prefCd=34&kikanCd=2340700970&kikanKbn=2", "url2": null }, "geometry": { "type": "Point", "coordinates": [ 132.467292, 34.444584 ] } },
{ "type": "Feature", "properties": { "内容": "小田内科【2:診療所】【診療科目:内科_消化器内科】広島県広島市西区三篠町一丁目２－２９", "url": "https://www.iryou.teikyouseido.mhlw.go.jp/znk-web/juminkanja/S2430/initialize?prefCd=34&kikanCd=2340701010&kikanKbn=2", "url2": "https://www.oda-naika.com/" }, "geometry": { "type": "Point", "coordinates": [ 132.454289, 34.411853 ] } },
{ "type": "Feature", "properties": { "内容": "医療法人　大田整形外科【2:診療所】【診療科目:整形外科_リハビリテーション科】広島県廿日市市駅前４番２８号", "url": "https://www.iryou.teikyouseido.mhlw.go.jp/znk-web/juminkanja/S2430/initialize?prefCd=34&kikanCd=2340701140&kikanKbn=2", "url2": "hatsukaichi-otaseikei.com" }, "geometry": { "type": "Point", "coordinates": [ 132.336211, 34.357567 ] } },
{ "type": "Feature", "properties": { "内容": "まつおか内科生活習慣病クリニック【2:診療所】【診療科目:内科_糖尿病内科_漢方内科_老年内科_美容皮膚科】広島県広島市安佐南区伴南五丁目１－１", "url": "https://www.iryou.teikyouseido.mhlw.go.jp/znk-web/juminkanja/S2430/initialize?prefCd=34&kikanCd=2340701300&kikanKbn=2", "url2": "www.matsuokanaika.com" }, "geometry": { "type": "Point", "coordinates": [ 132.377117, 34.446199 ] } },
{ "type": "Feature", "properties": { "内容": "あおぞら診療所【2:診療所】【診療科目:内科】広島県広島市佐伯区五日市中央四丁目２番５３－９号", "url": "https://www.iryou.teikyouseido.mhlw.go.jp/znk-web/juminkanja/S2430/initialize?prefCd=34&kikanCd=2340701430&kikanKbn=2", "url2": null }, "geometry": { "type": "Point", "coordinates": [ 132.356242, 34.372358 ] } },
{ "type": "Feature", "properties": { "内容": "おしりおなかクリニック八丁堀【2:診療所】【診療科目:内科_消化器内科_外科_消化器外科_大腸外科_肛門外科_大腸・肛門外科】広島県広島市中区鉄砲町１０－１３　４Ｆ", "url": "https://www.iryou.teikyouseido.mhlw.go.jp/znk-web/juminkanja/S2430/initialize?prefCd=34&kikanCd=2340701560&kikanKbn=2", "url2": "ooc.ne.jp" }, "geometry": { "type": "Point", "coordinates": [ 132.463958, 34.39401 ] } },
{ "type": "Feature", "properties": { "内容": "中須内科消化器中須おにたけこどもクリニック【2:診療所】【診療科目:内科_消化器内科_小児科_小児外科】広島県広島市安佐南区中須一丁目７－７　２Ｆ", "url": "https://www.iryou.teikyouseido.mhlw.go.jp/znk-web/juminkanja/S2430/initialize?prefCd=34&kikanCd=2340704620&kikanKbn=2", "url2": "https://onitake-naika.com/" }, "geometry": { "type": "Point", "coordinates": [ 132.473724, 34.459697 ] } },
{ "type": "Feature", "properties": { "内容": "医療法人社団美翔会　聖心美容クリニック広島院【2:診療所】【診療科目:形成外科_美容外科_皮膚科_美容皮膚科】広島県広島市中区本通３－１０　本通サザン６Ｆ", "url": "https://www.iryou.teikyouseido.mhlw.go.jp/znk-web/juminkanja/S2430/initialize?prefCd=34&kikanCd=2340705050&kikanKbn=2", "url2": "https://www.hiroshimain.com/" }, "geometry": { "type": "Point", "coordinates": [ 132.460143, 34.39298 ] } },
{ "type": "Feature", "properties": { "内容": "おりた内科循環器クリニック【2:診療所】【診療科目:内科_循環器内科】広島県広島市南区青崎一丁目２－１４　３Ｆ", "url": "https://www.iryou.teikyouseido.mhlw.go.jp/znk-web/juminkanja/S2430/initialize?prefCd=34&kikanCd=2340706190&kikanKbn=2", "url2": "orita-heart-clinic.com" }, "geometry": { "type": "Point", "coordinates": [ 132.505207, 34.375276 ] } },
{ "type": "Feature", "properties": { "内容": "くぼた耳鼻咽喉科アレルギー科【2:診療所】【診療科目:気管食道外科_小児耳鼻いんこう科_耳鼻いんこう科_アレルギー科】広島県広島市佐伯区千同二丁目１－３５", "url": "https://www.iryou.teikyouseido.mhlw.go.jp/znk-web/juminkanja/S2430/initialize?prefCd=34&kikanCd=2340706350&kikanKbn=2", "url2": "https://kubota-jibika.com" }, "geometry": { "type": "Point", "coordinates": [ 132.354464, 34.381212 ] } },
{ "type": "Feature", "properties": { "内容": "兵庫内科・肝臓糖尿病クリニック－Ｌｉｆｅ　Ｃａｒｅ　Ｃｌｉｎｉｃ　Ｈｉｒｏｓｈｉｍａ－【2:診療所】【診療科目:内科_糖尿病内科_消化器内科_肝臓内科】広島県広島市南区猿猴橋町６－３４－１　３Ｆ", "url": "https://www.iryou.teikyouseido.mhlw.go.jp/znk-web/juminkanja/S2430/initialize?prefCd=34&kikanCd=2340706510&kikanKbn=2", "url2": "https://www.hyogo-lifecare-clinic.com/" }, "geometry": { "type": "Point", "coordinates": [ 132.478269, 34.395372 ] } },
{ "type": "Feature", "properties": { "内容": "広島中央医科歯科クリニック【2:診療所】【診療科目:内科_精神科_心療内科_歯科】広島県広島市安佐南区長束三丁目４０－４", "url": "https://www.iryou.teikyouseido.mhlw.go.jp/znk-web/juminkanja/S2430/initialize?prefCd=34&kikanCd=2340707780&kikanKbn=2", "url2": null }, "geometry": { "type": "Point", "coordinates": [ 132.456828, 34.426781 ] } },
{ "type": "Feature", "properties": { "内容": "医療法人　裕圭会　小浦眼科【2:診療所】【診療科目:眼科】広島県広島市西区井口明神一丁目１－４８", "url": "https://www.iryou.teikyouseido.mhlw.go.jp/znk-web/juminkanja/S2430/initialize?prefCd=34&kikanCd=2340708080&kikanKbn=2", "url2": "https://www.koura-ec.com/" }, "geometry": { "type": "Point", "coordinates": [ 132.39061, 34.374059 ] } },
{ "type": "Feature", "properties": { "内容": "えたじま幸田医院【2:診療所】【診療科目:内科_外科_乳腺外科_小児科】広島県江田島市大柿町柿浦２０７６－８", "url": "https://www.iryou.teikyouseido.mhlw.go.jp/znk-web/juminkanja/S2430/initialize?prefCd=34&kikanCd=2340711660&kikanKbn=2", "url2": "https://www.etajimakoudaiin.com" }, "geometry": { "type": "Point", "coordinates": [ 132.471173, 34.179998 ] } },
{ "type": "Feature", "properties": { "内容": "戸田眼科東広島クリニック【2:診療所】【診療科目:眼科】広島県東広島市寺家駅前１３－３５－１Ｆ", "url": "https://www.iryou.teikyouseido.mhlw.go.jp/znk-web/juminkanja/S2430/initialize?prefCd=34&kikanCd=2340712090&kikanKbn=2", "url2": "https://todaclinic.com/easthiroshima/" }, "geometry": { "type": "Point", "coordinates": [ 132.723838, 34.439239 ] } },
{ "type": "Feature", "properties": { "内容": "医療法人緑風会　ヴァージンクリニック広島院【2:診療所】【診療科目:美容皮膚科】広島県広島市中区大手町１－４－１　平田ビル３Ｆ", "url": "https://www.iryou.teikyouseido.mhlw.go.jp/znk-web/juminkanja/S2430/initialize?prefCd=34&kikanCd=2340712380&kikanKbn=2", "url2": "https://v-clinic.jp" }, "geometry": { "type": "Point", "coordinates": [ 132.456133, 34.394992 ] } },
{ "type": "Feature", "properties": { "内容": "三原駅かなもと眼科【2:診療所】【診療科目:眼科】広島県三原市城町１－１－８", "url": "https://www.iryou.teikyouseido.mhlw.go.jp/znk-web/juminkanja/S2430/initialize?prefCd=34&kikanCd=2340713260&kikanKbn=2", "url2": null }, "geometry": { "type": "Point", "coordinates": [ 133.081877, 34.400488 ] } },
{ "type": "Feature", "properties": { "内容": "あおさきこども心療所【2:診療所】【診療科目:児童精神科_リハビリテーション科】広島県広島市南区青崎１丁目２－１４", "url": "https://www.iryou.teikyouseido.mhlw.go.jp/znk-web/juminkanja/S2430/initialize?prefCd=34&kikanCd=2340713390&kikanKbn=2", "url2": null }, "geometry": { "type": "Point", "coordinates": [ 132.505207, 34.375276 ] } },
{ "type": "Feature", "properties": { "内容": "ＫＡＯ　ＣＬＩＮＩＣ【2:診療所】【診療科目:眼科_美容皮膚科】広島県広島市中区袋町５－３　久保木ビル１Ｆ", "url": "https://www.iryou.teikyouseido.mhlw.go.jp/znk-web/juminkanja/S2430/initialize?prefCd=34&kikanCd=2340713420&kikanKbn=2", "url2": "http://kao-clinic.com" }, "geometry": { "type": "Point", "coordinates": [ 132.457914, 34.391561 ] } },
{ "type": "Feature", "properties": { "内容": "古江駅前すみれ皮ふ科【2:診療所】【診療科目:小児皮膚科_皮膚科_美容皮膚科】広島県広島市西区庚午中２丁目１９－１８", "url": "https://www.iryou.teikyouseido.mhlw.go.jp/znk-web/juminkanja/S2430/initialize?prefCd=34&kikanCd=2340713550&kikanKbn=2", "url2": null }, "geometry": { "type": "Point", "coordinates": [ 132.411477, 34.386102 ] } },
{ "type": "Feature", "properties": { "内容": "かめだファミリークリニック【2:診療所】【診療科目:内科_循環器内科_消化器内科_アレルギー疾患内科_心療内科】広島県福山市神辺町新湯野４１－５", "url": "https://www.iryou.teikyouseido.mhlw.go.jp/znk-web/juminkanja/S2430/initialize?prefCd=34&kikanCd=2340714010&kikanKbn=2", "url2": "https://www.kameda-family-clinic.com/" }, "geometry": { "type": "Point", "coordinates": [ 133.388061, 34.555201 ] } },
{ "type": "Feature", "properties": { "内容": "かんなべ整形外科【2:診療所】【診療科目:整形外科_リウマチ科_リハビリテーション科】広島県福山市神辺町川北８９５－１", "url": "https://www.iryou.teikyouseido.mhlw.go.jp/znk-web/juminkanja/S2430/initialize?prefCd=34&kikanCd=2340714140&kikanKbn=2", "url2": null }, "geometry": { "type": "Point", "coordinates": [ 133.38191, 34.545734 ] } },
{ "type": "Feature", "properties": { "内容": "きらきらこどもクリニック【2:診療所】【診療科目:小児科】広島県安芸郡海田町窪町１－２３　ＪＲ海田市駅ＮＫビル２Ｆ", "url": "https://www.iryou.teikyouseido.mhlw.go.jp/znk-web/juminkanja/S2430/initialize?prefCd=34&kikanCd=2340714270&kikanKbn=2", "url2": "https://www.kirakira-kids.com" }, "geometry": { "type": "Point", "coordinates": [ 132.531543, 34.371057 ] } },
{ "type": "Feature", "properties": { "内容": "かいたいちウィメンズクリニック【2:診療所】【診療科目:女性内科_産科_婦人科】広島県安芸郡海田町窪町１－２３　ＪＲ海田市駅ＮＫビル２Ｆ", "url": "https://www.iryou.teikyouseido.mhlw.go.jp/znk-web/juminkanja/S2430/initialize?prefCd=34&kikanCd=2340714430&kikanKbn=2", "url2": "https://www.kaitaichi-womens-clinic.com" }, "geometry": { "type": "Point", "coordinates": [ 132.531543, 34.371057 ] } },
{ "type": "Feature", "properties": { "内容": "ホームケアクリニックもみじ【2:診療所】【診療科目:疼痛緩和内科】広島県広島市東区中山東３丁目２－２　２Ｆ", "url": "https://www.iryou.teikyouseido.mhlw.go.jp/znk-web/juminkanja/S2430/initialize?prefCd=34&kikanCd=2340714850&kikanKbn=2", "url2": "http://www.homecare-momiji.com/" }, "geometry": { "type": "Point", "coordinates": [ 132.50314, 34.410477 ] } },
{ "type": "Feature", "properties": { "内容": "みんなの泌尿器科クリニック【2:診療所】【診療科目:泌尿器科_男性泌尿器科】広島県広島市西区井口４丁目７－１８－７　３０１", "url": "https://www.iryou.teikyouseido.mhlw.go.jp/znk-web/juminkanja/S2430/initialize?prefCd=34&kikanCd=2340715020&kikanKbn=2", "url2": "https://www.hinyouki-ka.com" }, "geometry": { "type": "Point", "coordinates": [ 132.374337, 34.370379 ] } },
{ "type": "Feature", "properties": { "内容": "ますもと乳腺クリニック【2:診療所】【診療科目:乳腺外科】広島県東広島市西条本町１２－２　木阪クリニックビル３Ｆ", "url": "https://www.iryou.teikyouseido.mhlw.go.jp/znk-web/juminkanja/S2430/initialize?prefCd=34&kikanCd=2340715440&kikanKbn=2", "url2": "https://www.masumoto-nyusen.jp/access/" }, "geometry": { "type": "Point", "coordinates": [ 132.743126, 34.430405 ] } },
{ "type": "Feature", "properties": { "内容": "こころのクリニックこかげ【2:診療所】【診療科目:精神科_心療内科】広島県呉市西中央２丁目１－６", "url": "https://www.iryou.teikyouseido.mhlw.go.jp/znk-web/juminkanja/S2430/initialize?prefCd=34&kikanCd=2340715570&kikanKbn=2", "url2": "https://clinic-kokage.jp" }, "geometry": { "type": "Point", "coordinates": [ 132.558831, 34.24716 ] } },
{ "type": "Feature", "properties": { "内容": "藤井外科内科クリニック【2:診療所】【診療科目:内科_消化器内科_外科_肛門外科_整形外科】広島県広島市中区舟入本町１４－６", "url": "https://www.iryou.teikyouseido.mhlw.go.jp/znk-web/juminkanja/S2430/initialize?prefCd=34&kikanCd=2340715990&kikanKbn=2", "url2": null }, "geometry": { "type": "Point", "coordinates": [ 132.442802, 34.3849 ] } },
{ "type": "Feature", "properties": { "内容": "どい腎臓内科透析クリニック【2:診療所】【診療科目:内科_腎臓内科_人工透析内科】広島県広島市南区翠５丁目１８－６", "url": "https://www.iryou.teikyouseido.mhlw.go.jp/znk-web/juminkanja/S2430/initialize?prefCd=34&kikanCd=2340716030&kikanKbn=2", "url2": "https://doi-nd.jp/" }, "geometry": { "type": "Point", "coordinates": [ 132.467646, 34.367923 ] } },
{ "type": "Feature", "properties": { "内容": "まえだ内科【2:診療所】【診療科目:内科_呼吸器内科_アレルギー科】広島県広島市南区翠２丁目２５－２０", "url": "https://www.iryou.teikyouseido.mhlw.go.jp/znk-web/juminkanja/S2430/initialize?prefCd=34&kikanCd=2340716160&kikanKbn=2", "url2": "maeda-clinic.jimdosite.com" }, "geometry": { "type": "Point", "coordinates": [ 132.470751, 34.371849 ] } },
{ "type": "Feature", "properties": { "内容": "診療所　さわさき【2:診療所】【診療科目:内科_漢方内科_リハビリテーション科】広島県安芸高田市吉田町吉田６９５－１", "url": "https://www.iryou.teikyouseido.mhlw.go.jp/znk-web/juminkanja/S2430/initialize?prefCd=34&kikanCd=2340716320&kikanKbn=2", "url2": "https://sawasaki-clinic.com/" }, "geometry": { "type": "Point", "coordinates": [ 132.703011, 34.66699 ] } },
{ "type": "Feature", "properties": { "内容": "医療法人社団良凰会　ＶＩＶＡＣＥ　ＣＬＩＮＩＣ　福山院【2:診療所】【診療科目:美容皮膚科】広島県福山市元町１５－３１", "url": "https://www.iryou.teikyouseido.mhlw.go.jp/znk-web/juminkanja/S2430/initialize?prefCd=34&kikanCd=2340716450&kikanKbn=2", "url2": "https://vivace-clinic.com/clinic/fukuyama/" }, "geometry": { "type": "Point", "coordinates": [ 133.365664, 34.487755 ] } },
{ "type": "Feature", "properties": { "内容": "医療法人　広島健康会　アルパーク検診クリニック【2:診療所】【診療科目:内科_胃腸内科】広島県広島市西区草津新町２丁目２６－１　アルパーク東棟２Ｆ", "url": "https://www.iryou.teikyouseido.mhlw.go.jp/znk-web/juminkanja/S2430/initialize?prefCd=34&kikanCd=2340716610&kikanKbn=2", "url2": "http://hkenkoukai.jp/" }, "geometry": { "type": "Point", "coordinates": [ 132.394092, 34.374207 ] } },
{ "type": "Feature", "properties": { "内容": "なのはな整形外科クリニック【2:診療所】【診療科目:整形外科_リハビリテーション科】広島県広島市南区青崎１丁目２－１４　ＹＭＦＧオールヘルスケアタウン４Ｆ", "url": "https://www.iryou.teikyouseido.mhlw.go.jp/znk-web/juminkanja/S2430/initialize?prefCd=34&kikanCd=2340716740&kikanKbn=2", "url2": "https://nanohana-seikei.com/" }, "geometry": { "type": "Point", "coordinates": [ 132.505207, 34.375392 ] } },
{ "type": "Feature", "properties": { "内容": "川上消化器内科クリニック【2:診療所】【診療科目:内科_代謝内科_消化器内科_肝臓内科】広島県広島市中区八丁堀１－１２　マスキ八丁堀ビル２Ｆ", "url": "https://www.iryou.teikyouseido.mhlw.go.jp/znk-web/juminkanja/S2430/initialize?prefCd=34&kikanCd=2340717330&kikanKbn=2", "url2": "https://www.kawakamicl.jp/index.html" }, "geometry": { "type": "Point", "coordinates": [ 132.463769, 34.397573 ] } },
{ "type": "Feature", "properties": { "内容": "石原脳神経外科医院【2:診療所】【診療科目:脳神経内科_脳神経外科】広島県広島市佐伯区五日市７丁目４－２４", "url": "https://www.iryou.teikyouseido.mhlw.go.jp/znk-web/juminkanja/S2430/initialize?prefCd=34&kikanCd=2340717460&kikanKbn=2", "url2": null }, "geometry": { "type": "Point", "coordinates": [ 132.359891, 34.378088 ] } },
{ "type": "Feature", "properties": { "内容": "医療法人徹慈会　春日クリニック【2:診療所】【診療科目:脳神経外科_整形外科_形成外科_リハビリテーション科】広島県福山市春日町１丁目７－５", "url": "https://www.iryou.teikyouseido.mhlw.go.jp/znk-web/juminkanja/S2430/initialize?prefCd=34&kikanCd=2340718180&kikanKbn=2", "url2": "http://hori.or.jp/kasuga-clinic/" }, "geometry": { "type": "Point", "coordinates": [ 133.401144, 34.506559 ] } },
{ "type": "Feature", "properties": { "内容": "医療法人社団秋月会　広島中央通り健康・美容クリニック【2:診療所】【診療科目:美容皮膚科】広島県広島市中区三川町７－１　４Ｆ", "url": "https://www.iryou.teikyouseido.mhlw.go.jp/znk-web/juminkanja/S2430/initialize?prefCd=34&kikanCd=2340718340&kikanKbn=2", "url2": null }, "geometry": { "type": "Point", "coordinates": [ 132.462005, 34.38982 ] } },
{ "type": "Feature", "properties": { "内容": "ふるかわ耳鼻咽喉科【2:診療所】【診療科目:耳鼻いんこう科】広島県三原市円一町１－１－２－２", "url": "https://www.iryou.teikyouseido.mhlw.go.jp/znk-web/juminkanja/S2430/initialize?prefCd=34&kikanCd=2340718470&kikanKbn=2", "url2": "https//www.furukawa-jibika.net" }, "geometry": { "type": "Point", "coordinates": [ 133.079877, 34.395015 ] } },
{ "type": "Feature", "properties": { "内容": "カープロード鼻専門クリニック【2:診療所】【診療科目:耳鼻いんこう科】広島県広島市南区猿猴橋町６－３４－１　４Ｆ", "url": "https://www.iryou.teikyouseido.mhlw.go.jp/znk-web/juminkanja/S2430/initialize?prefCd=34&kikanCd=2340718500&kikanKbn=2", "url2": null }, "geometry": { "type": "Point", "coordinates": [ 132.478269, 34.395372 ] } },
{ "type": "Feature", "properties": { "内容": "おかざき脳神経クリニック【2:診療所】【診療科目:神経内科_脳神経外科】広島県安芸郡府中町桃山１丁目４－１８　メディカルモール向洋駅北２Ｆ", "url": "https://www.iryou.teikyouseido.mhlw.go.jp/znk-web/juminkanja/S2430/initialize?prefCd=34&kikanCd=2340718890&kikanKbn=2", "url2": "https://okazaki-clinic.net/" }, "geometry": { "type": "Point", "coordinates": [ 132.50542, 34.378362 ] } },
{ "type": "Feature", "properties": { "内容": "プリマクリニック【2:診療所】【診療科目:皮膚科_美容皮膚科】広島県広島市中区大手町１－８－２２　本通ＷＥＳＴ　Ｘ　３０１", "url": "https://www.iryou.teikyouseido.mhlw.go.jp/znk-web/juminkanja/S2430/initialize?prefCd=34&kikanCd=2340718920&kikanKbn=2", "url2": "https://primaclinic.jp/" }, "geometry": { "type": "Point", "coordinates": [ 132.455423, 34.393747 ] } },
{ "type": "Feature", "properties": { "内容": "紙屋町こころのクリニック【2:診療所】【診療科目:精神科_心療内科】広島県広島市中区紙屋町２丁目３－２０　３階３０３", "url": "https://www.iryou.teikyouseido.mhlw.go.jp/znk-web/juminkanja/S2430/initialize?prefCd=34&kikanCd=2340719060&kikanKbn=2", "url2": "https://www.kamiyacho-kokoro.jp" }, "geometry": { "type": "Point", "coordinates": [ 132.456064, 34.393655 ] } },
{ "type": "Feature", "properties": { "内容": "表参道メディカルクリニック　広島院【2:診療所】【診療科目:美容皮膚科】広島県広島市中区紙屋町２－２－２８", "url": "https://www.iryou.teikyouseido.mhlw.go.jp/znk-web/juminkanja/S2430/initialize?prefCd=34&kikanCd=2340719220&kikanKbn=2", "url2": "https://om-clinic.com/clinic" }, "geometry": { "type": "Point", "coordinates": [ 132.456248, 34.394552 ] } },
{ "type": "Feature", "properties": { "内容": "医療法人社団淳康会ギガクリニック広島院（ユナイテッドクリニック）【2:診療所】【診療科目:その他】広島県広島市南区京橋町１－２　新京橋ビル５０２", "url": "https://www.iryou.teikyouseido.mhlw.go.jp/znk-web/juminkanja/S2430/initialize?prefCd=34&kikanCd=2340719770&kikanKbn=2", "url2": "https://giga-clinic.jp/" }, "geometry": { "type": "Point", "coordinates": [ 132.473187, 34.394889 ] } },
{ "type": "Feature", "properties": { "内容": "東洋堂クリニック【2:診療所】【診療科目:漢方内科】広島県廿日市市阿品台２丁目２４－３８", "url": "https://www.iryou.teikyouseido.mhlw.go.jp/znk-web/juminkanja/S2430/initialize?prefCd=34&kikanCd=2340719930&kikanKbn=2", "url2": null }, "geometry": { "type": "Point", "coordinates": [ 132.314965, 34.32913 ] } },
{ "type": "Feature", "properties": { "内容": "みよし内科【2:診療所】【診療科目:内科_糖尿病内科_呼吸器内科】広島県福山市駅家町近田２３４－２　みよしクリニック１Ｆ", "url": "https://www.iryou.teikyouseido.mhlw.go.jp/znk-web/juminkanja/S2430/initialize?prefCd=34&kikanCd=2340720040&kikanKbn=2", "url2": "https://fukuyama-miyoshinaika.com" }, "geometry": { "type": "Point", "coordinates": [ 133.317054, 34.541013 ] } },
{ "type": "Feature", "properties": { "内容": "みよし耳鼻咽喉科【2:診療所】【診療科目:耳鼻いんこう科_アレルギー科】広島県福山市駅家町近田２３４－２　みよしクリニック２Ｆ", "url": "https://www.iryou.teikyouseido.mhlw.go.jp/znk-web/juminkanja/S2430/initialize?prefCd=34&kikanCd=2340720170&kikanKbn=2", "url2": "https://www.miyoshient-ekiya-0501.com/" }, "geometry": { "type": "Point", "coordinates": [ 133.317054, 34.541013 ] } },
{ "type": "Feature", "properties": { "内容": "占部産婦人科【2:診療所】【診療科目:産婦人科】広島県東広島市西条町助実１１７２", "url": "https://www.iryou.teikyouseido.mhlw.go.jp/znk-web/juminkanja/S2430/initialize?prefCd=34&kikanCd=2340721340&kikanKbn=2", "url2": "https://urabe.mom/" }, "geometry": { "type": "Point", "coordinates": [ 132.768674, 34.419027 ] } },
{ "type": "Feature", "properties": { "内容": "むかいなだ耳鼻咽喉科・アレルギー科【2:診療所】【診療科目:耳鼻いんこう科_アレルギー科】広島県安芸郡府中町桃山１丁目４－１８　メディカルモール向洋駅北３Ｆ", "url": "https://www.iryou.teikyouseido.mhlw.go.jp/znk-web/juminkanja/S2430/initialize?prefCd=34&kikanCd=2340721470&kikanKbn=2", "url2": null }, "geometry": { "type": "Point", "coordinates": [ 132.505175, 34.378736 ] } },
{ "type": "Feature", "properties": { "内容": "ブランクリニック広島院【2:診療所】【診療科目:美容皮膚科】広島県広島市中区鉄砲町７－１８　東芝フコク生命ビル地下１階", "url": "https://www.iryou.teikyouseido.mhlw.go.jp/znk-web/juminkanja/S2430/initialize?prefCd=34&kikanCd=2340721630&kikanKbn=2", "url2": "https://bccl.jp/about/hiroshima/" }, "geometry": { "type": "Point", "coordinates": [ 132.46446, 34.395299 ] } },
{ "type": "Feature", "properties": { "内容": "アポロスキンクリニック【2:診療所】【診療科目:形成外科_皮膚科_美容皮膚科_アレルギー科】広島県広島市佐伯区八幡東３丁目２９－１２－５－１０１", "url": "https://www.iryou.teikyouseido.mhlw.go.jp/znk-web/juminkanja/S2430/initialize?prefCd=34&kikanCd=2340721760&kikanKbn=2", "url2": "apollo-skin.com" }, "geometry": { "type": "Point", "coordinates": [ 132.362367, 34.383757 ] } },
{ "type": "Feature", "properties": { "内容": "湘南美容クリニック福山院【2:診療所】【診療科目:美容外科_美容皮膚科】広島県福山市三之丸町３０番１号　さんすて福山２階", "url": "https://www.iryou.teikyouseido.mhlw.go.jp/znk-web/juminkanja/S2430/initialize?prefCd=34&kikanCd=2340722060&kikanKbn=2", "url2": "https://www.s-b-c.net/clinic/branch/fukuyama/" }, "geometry": { "type": "Point", "coordinates": [ 133.364149, 34.490105 ] } },
{ "type": "Feature", "properties": { "内容": "こころ心療内科・カウンセリング医院【2:診療所】【診療科目:精神科_心療内科】広島県広島市安佐南区伴南１丁目５－１８－８－４０２", "url": "https://www.iryou.teikyouseido.mhlw.go.jp/znk-web/juminkanja/S2430/initialize?prefCd=34&kikanCd=2340722220&kikanKbn=2", "url2": "https://www.cocoro-shinryo.com" }, "geometry": { "type": "Point", "coordinates": [ 132.380812, 34.448213 ] } },
{ "type": "Feature", "properties": { "内容": "紙屋町やなせ皮ふ科クリニック【2:診療所】【診療科目:形成外科_皮膚科_美容皮膚科】広島県広島市中区紙屋町２丁目３－２０　３階３０１", "url": "https://www.iryou.teikyouseido.mhlw.go.jp/znk-web/juminkanja/S2430/initialize?prefCd=34&kikanCd=2340722480&kikanKbn=2", "url2": "https://www.yanased.com/" }, "geometry": { "type": "Point", "coordinates": [ 132.456064, 34.393655 ] } },
{ "type": "Feature", "properties": { "内容": "ないとう内科・糖尿病クリニック【2:診療所】【診療科目:内科_糖尿病内科】広島県東広島市八本松南２－２－８　２Ｆ", "url": "https://www.iryou.teikyouseido.mhlw.go.jp/znk-web/juminkanja/S2430/initialize?prefCd=34&kikanCd=2340722770&kikanKbn=2", "url2": null }, "geometry": { "type": "Point", "coordinates": [ 132.695175, 34.440518 ] } },
{ "type": "Feature", "properties": { "内容": "明神町リハ・整形クリニック【2:診療所】【診療科目:整形外科_リウマチ科_リハビリテーション科】広島県福山市明神町２丁目１４－３", "url": "https://www.iryou.teikyouseido.mhlw.go.jp/znk-web/juminkanja/S2430/initialize?prefCd=34&kikanCd=2340722930&kikanKbn=2", "url2": "https://myojincho.com/" }, "geometry": { "type": "Point", "coordinates": [ 133.395975, 34.491575 ] } },
{ "type": "Feature", "properties": { "内容": "医療法人ＪＮＦ　循環器・内科　ふじたクリニック【2:診療所】【診療科目:内科_循環器内科】広島県福山市南蔵王町３丁目１７－４５", "url": "https://www.iryou.teikyouseido.mhlw.go.jp/znk-web/juminkanja/S2430/initialize?prefCd=34&kikanCd=2340723070&kikanKbn=2", "url2": "https://fc-clinic.jp" }, "geometry": { "type": "Point", "coordinates": [ 133.398282, 34.501063 ] } },
{ "type": "Feature", "properties": { "内容": "安佐医師会可部夜間急病センター【2:診療所】【診療科目:内科】広島県広島市安佐北区可部南２－１－３８", "url": "https://www.iryou.teikyouseido.mhlw.go.jp/znk-web/juminkanja/S2430/initialize?prefCd=34&kikanCd=2340723490&kikanKbn=2", "url2": "https://www.asaishikai.jp/kabeyakan/" }, "geometry": { "type": "Point", "coordinates": [ 132.515438, 34.506549 ] } },
{ "type": "Feature", "properties": { "内容": "あさひ内科クリニック【2:診療所】【診療科目:内科_感染症内科_代謝内科_糖尿病・代謝内科_消化器内科】広島県広島市南区西旭町７－２１", "url": "https://www.iryou.teikyouseido.mhlw.go.jp/znk-web/juminkanja/S2430/initialize?prefCd=34&kikanCd=2340723520&kikanKbn=2", "url2": null }, "geometry": { "type": "Point", "coordinates": [ 132.474096, 34.372762 ] } },
{ "type": "Feature", "properties": { "内容": "三次市国民健康保険みよしこども診療所【2:診療所】【診療科目:小児科】広島県三次市十日市東３丁目１４－１", "url": "https://www.iryou.teikyouseido.mhlw.go.jp/znk-web/juminkanja/S2430/initialize?prefCd=34&kikanCd=2340723650&kikanKbn=2", "url2": "https://www.city.miyoshi.hiroshima.jp/soshiki/23/14936.html" }, "geometry": { "type": "Point", "coordinates": [ 132.862795, 34.80958 ] } },
{ "type": "Feature", "properties": { "内容": "翠こども・耳鼻咽喉科クリニック【2:診療所】【診療科目:小児科_小児耳鼻いんこう科_耳鼻いんこう科_アレルギー科】広島県広島市南区翠５丁目１７ー２３　２階", "url": "https://www.iryou.teikyouseido.mhlw.go.jp/znk-web/juminkanja/S2430/initialize?prefCd=34&kikanCd=2340723780&kikanKbn=2", "url2": "https://midori-ped-ent.com/" }, "geometry": { "type": "Point", "coordinates": [ 132.465908, 34.368348 ] } },
{ "type": "Feature", "properties": { "内容": "せきもとクリニック【2:診療所】【診療科目:内科_小児科_アレルギー科】広島県福山市西新涯町２丁目１０－１２", "url": "https://www.iryou.teikyouseido.mhlw.go.jp/znk-web/juminkanja/S2430/initialize?prefCd=34&kikanCd=2340724080&kikanKbn=2", "url2": "https://sekimotoclinic.com/" }, "geometry": { "type": "Point", "coordinates": [ 133.380551700000012, 34.4597403 ] } },
{ "type": "Feature", "properties": { "内容": "戸田眼科皮ふ科【2:診療所】【診療科目:眼科_皮膚科】広島県広島市南区宇品東６丁目２－４６", "url": "https://www.iryou.teikyouseido.mhlw.go.jp/znk-web/juminkanja/S2430/initialize?prefCd=34&kikanCd=2340725670&kikanKbn=2", "url2": "https://www.toda-ganka-hifuka.com/" }, "geometry": { "type": "Point", "coordinates": [ 132.467643, 34.36082 ] } },
{ "type": "Feature", "properties": { "内容": "まことのこころクリニック【2:診療所】【診療科目:精神科_心療内科】広島県安芸郡海田町南大正町３－２５", "url": "https://www.iryou.teikyouseido.mhlw.go.jp/znk-web/juminkanja/S2430/initialize?prefCd=34&kikanCd=2340726970&kikanKbn=2", "url2": "https://www.makotonokokoro.com/" }, "geometry": { "type": "Point", "coordinates": [ 132.5338449, 34.3668512 ] } },
{ "type": "Feature", "properties": { "内容": "福山ＲＫクリニック【2:診療所】【診療科目:婦人科_皮膚科_精神科】広島県福山市木之庄町１丁目１７－１２", "url": "https://www.iryou.teikyouseido.mhlw.go.jp/znk-web/juminkanja/S2430/initialize?prefCd=34&kikanCd=2340727140&kikanKbn=2", "url2": "https://f-rk-clinic.com/" }, "geometry": { "type": "Point", "coordinates": [ 133.352406699999989, 34.4952144 ] } },
{ "type": "Feature", "properties": { "内容": "アンベリエクリニック【2:診療所】【診療科目:美容皮膚科】広島県広島市中区基町６－７８　５Ｆ", "url": "https://www.iryou.teikyouseido.mhlw.go.jp/znk-web/juminkanja/S2430/initialize?prefCd=34&kikanCd=2340727300&kikanKbn=2", "url2": "http://kiki-embellir.com/" }, "geometry": { "type": "Point", "coordinates": [ 132.457261, 34.397229 ] } },
{ "type": "Feature", "properties": { "内容": "ここみクリニック【2:診療所】【診療科目:内科_精神科_心療内科】広島県広島市中区八丁堀１１－１２　ＫＭＭビル７・８Ｆ", "url": "https://www.iryou.teikyouseido.mhlw.go.jp/znk-web/juminkanja/S2430/initialize?prefCd=34&kikanCd=2340727430&kikanKbn=2", "url2": null }, "geometry": { "type": "Point", "coordinates": [ 132.4625025, 34.3948742 ] } },
{ "type": "Feature", "properties": { "内容": "三好眼科　神辺新道上【2:診療所】【診療科目:眼科】広島県福山市神辺町新道上３０－１", "url": "https://www.iryou.teikyouseido.mhlw.go.jp/znk-web/juminkanja/S2430/initialize?prefCd=34&kikanCd=2340727980&kikanKbn=2", "url2": null }, "geometry": { "type": "Point", "coordinates": [ 133.3569769, 34.5428796 ] } },
{ "type": "Feature", "properties": { "内容": "土橋メンタルクリニック【2:診療所】【診療科目:精神科_心療内科】広島県広島市中区堺町１丁目３－１０－２Ｆ", "url": "https://www.iryou.teikyouseido.mhlw.go.jp/znk-web/juminkanja/S2430/initialize?prefCd=34&kikanCd=2340728020&kikanKbn=2", "url2": null }, "geometry": { "type": "Point", "coordinates": [ 132.4478401, 34.3945265 ] } },
{ "type": "Feature", "properties": { "内容": "三次こばやし眼科【2:診療所】【診療科目:眼科】広島県三次市十日市中１－１－１０", "url": "https://www.iryou.teikyouseido.mhlw.go.jp/znk-web/juminkanja/S2430/initialize?prefCd=34&kikanCd=2340728570&kikanKbn=2", "url2": "https://www.miyoshi-kobayashi-ganka.com" }, "geometry": { "type": "Point", "coordinates": [ 132.849778, 34.803567 ] } },
{ "type": "Feature", "properties": { "内容": "かじはら内科医院【2:診療所】【診療科目:内科_消化器内科】広島県呉市安浦町中央５丁目１２－５０", "url": "https://www.iryou.teikyouseido.mhlw.go.jp/znk-web/juminkanja/S2430/initialize?prefCd=34&kikanCd=2340728600&kikanKbn=2", "url2": null }, "geometry": { "type": "Point", "coordinates": [ 132.744792, 34.28149 ] } },
{ "type": "Feature", "properties": { "内容": "おひさま脳神経外科・歯科【2:診療所】【診療科目:脳神経内科_漢方内科_脳神経外科】広島県広島市中区吉島西１丁目２２－１３", "url": "https://www.iryou.teikyouseido.mhlw.go.jp/znk-web/juminkanja/S2430/initialize?prefCd=34&kikanCd=2340729030&kikanKbn=2", "url2": "https://ohisama-ikasika.com/" }, "geometry": { "type": "Point", "coordinates": [ 132.4476, 34.3736 ] } },
{ "type": "Feature", "properties": { "内容": "周治ファミリークリニック【2:診療所】【診療科目:内科_循環器内科_消化器内科_外科_整形外科_小児科_皮膚科_美容皮膚科_アレルギー科_リハビリテーション科】広島県福山市沖野上町６丁目１１番２４号", "url": "https://www.iryou.teikyouseido.mhlw.go.jp/znk-web/juminkanja/S2430/initialize?prefCd=34&kikanCd=2340729580&kikanKbn=2", "url2": null }, "geometry": { "type": "Point", "coordinates": [ 133.364287, 34.470969 ] } },
{ "type": "Feature", "properties": { "内容": "広島ウェルネスクリニック【2:診療所】【診療科目:性感染症内科_産婦人科_泌尿器科】広島県広島市中区幟町７－３０宏和８　４階", "url": "https://www.iryou.teikyouseido.mhlw.go.jp/znk-web/juminkanja/S2430/initialize?prefCd=34&kikanCd=2340729610&kikanKbn=2", "url2": "https://www.hiroshima-wellness.com/" }, "geometry": { "type": "Point", "coordinates": [ 132.466469, 34.394788 ] } },
{ "type": "Feature", "properties": { "内容": "ＴＣＢ　東京中央美容外科・ＴＣＢ　スキンクリニック　福山院【2:診療所】【診療科目:形成外科_美容外科_皮膚科_美容皮膚科】広島県福山市東桜町１－１ｉｎｅｓ　ＦＵＫＵＹＡＭＡ　２階", "url": "https://www.iryou.teikyouseido.mhlw.go.jp/znk-web/juminkanja/S2430/initialize?prefCd=34&kikanCd=2340730690&kikanKbn=2", "url2": null }, "geometry": { "type": "Point", "coordinates": [ 133.362952299999989, 34.4871432 ] } },
{ "type": "Feature", "properties": { "内容": "鞆藤井医院【2:診療所】【診療科目:内科_外科_形成外科_美容外科】広島県福山市鞆町鞆３２３", "url": "https://www.iryou.teikyouseido.mhlw.go.jp/znk-web/juminkanja/S2430/initialize?prefCd=34&kikanCd=2340730720&kikanKbn=2", "url2": null }, "geometry": { "type": "Point", "coordinates": [ 133.3823813, 34.3856496 ] } },
{ "type": "Feature", "properties": { "内容": "ジュノビューティークリニック広島院【2:診療所】【診療科目:美容外科_美容皮膚科_泌尿器科】広島県広島市中区紙屋町１丁目１－１東和ビル６階", "url": "https://www.iryou.teikyouseido.mhlw.go.jp/znk-web/juminkanja/S2430/initialize?prefCd=34&kikanCd=2340730980&kikanKbn=2", "url2": "https://www.shinjukubc.com/" }, "geometry": { "type": "Point", "coordinates": [ 132.459759, 34.394353 ] } },
{ "type": "Feature", "properties": { "内容": "つるみクリニック【2:診療所】【診療科目:内科_糖尿病内科_消化器内科_内視鏡内科_外科_麻酔科】広島県広島市中区鶴見町１２－２０", "url": "https://www.iryou.teikyouseido.mhlw.go.jp/znk-web/juminkanja/S2430/initialize?prefCd=34&kikanCd=2340731440&kikanKbn=2", "url2": "https://tsurumi-clinic.net/access/" }, "geometry": { "type": "Point", "coordinates": [ 132.465762, 34.384563 ] } },
{ "type": "Feature", "properties": { "内容": "神田ファミリークリニック【2:診療所】【診療科目:内科_消化器内科_ペインクリニック外科_リハビリテーション科_麻酔科】広島県尾道市沖側町１２番３５号", "url": "https://www.iryou.teikyouseido.mhlw.go.jp/znk-web/juminkanja/S2430/initialize?prefCd=34&kikanCd=2340732030&kikanKbn=2", "url2": null }, "geometry": { "type": "Point", "coordinates": [ 133.1685575, 34.4035085 ] } },
{ "type": "Feature", "properties": { "内容": "西条すこやか内科【2:診療所】【診療科目:内科_呼吸器内科_アレルギー科】広島県東広島市西条町助実１１７２番地　オールファーマシータウン×占部産婦人科　３階", "url": "https://www.iryou.teikyouseido.mhlw.go.jp/znk-web/juminkanja/S2430/initialize?prefCd=34&kikanCd=2340732160&kikanKbn=2", "url2": "https://saijo-sukoyaka-clinic.com/" }, "geometry": { "type": "Point", "coordinates": [ 132.758181, 34.424514 ] } },
{ "type": "Feature", "properties": { "内容": "いのくち内科・呼吸器クリニック【2:診療所】【診療科目:内科_呼吸器内科_アレルギー疾患内科_アレルギー科】広島県広島市西区井口４丁目７－１８－７ー２０１", "url": "https://www.iryou.teikyouseido.mhlw.go.jp/znk-web/juminkanja/S2430/initialize?prefCd=34&kikanCd=2340732290&kikanKbn=2", "url2": "https://www.inokuchi-cl.com" }, "geometry": { "type": "Point", "coordinates": [ 132.37432, 34.370369 ] } },
{ "type": "Feature", "properties": { "内容": "段原こどもクリニック【2:診療所】【診療科目:小児科_アレルギー科】広島県広島市南区段原日出１丁目１５－１３段原スクエア３Ｆ", "url": "https://www.iryou.teikyouseido.mhlw.go.jp/znk-web/juminkanja/S2430/initialize?prefCd=34&kikanCd=2340732320&kikanKbn=2", "url2": "https://danbara-kids.com/access/" }, "geometry": { "type": "Point", "coordinates": [ 132.480731, 34.386529 ] } },
{ "type": "Feature", "properties": { "内容": "クレール心療クリニック【2:診療所】【診療科目:精神科_心療内科】広島県三原市城町１丁目８－１三原駅前ビル２Ｆ", "url": "https://www.iryou.teikyouseido.mhlw.go.jp/znk-web/juminkanja/S2430/initialize?prefCd=34&kikanCd=2340732610&kikanKbn=2", "url2": "https://claire-cocoro.com/" }, "geometry": { "type": "Point", "coordinates": [ 133.0831576, 34.3997396 ] } },
{ "type": "Feature", "properties": { "内容": "医療法人社団ひかり会　呉本通木村眼科【2:診療所】【診療科目:眼科】広島県呉市本町４番１号", "url": "https://www.iryou.teikyouseido.mhlw.go.jp/znk-web/juminkanja/S2430/initialize?prefCd=34&kikanCd=2340732740&kikanKbn=2", "url2": "https://kimura-eye.or.jp/bunin/hondori/" }, "geometry": { "type": "Point", "coordinates": [ 132.568247, 34.24554 ] } },
{ "type": "Feature", "properties": { "内容": "えびなファミリークリニック【2:診療所】【診療科目:内科_外科_小児科】広島県福山市光南町２丁目４－２０", "url": "https://www.iryou.teikyouseido.mhlw.go.jp/znk-web/juminkanja/S2430/initialize?prefCd=34&kikanCd=2340732870&kikanKbn=2", "url2": "https://ebina-clinic.com" }, "geometry": { "type": "Point", "coordinates": [ 133.3664364, 34.47843 ] } },
{ "type": "Feature", "properties": { "内容": "津田医院【2:診療所】【診療科目:内科_消化器内科】広島県安芸高田市美土里町本郷１７８１－９", "url": "https://www.iryou.teikyouseido.mhlw.go.jp/znk-web/juminkanja/S2430/initialize?prefCd=34&kikanCd=2340733170&kikanKbn=2", "url2": null }, "geometry": { "type": "Point", "coordinates": [ 132.627114400000011, 34.7262959 ] } },
{ "type": "Feature", "properties": { "内容": "大竹中央クリニック【2:診療所】【診療科目:人工透析内科】広島県大竹市立戸２丁目５－２", "url": "https://www.iryou.teikyouseido.mhlw.go.jp/znk-web/juminkanja/S2430/initialize?prefCd=34&kikanCd=2340733200&kikanKbn=2", "url2": null }, "geometry": { "type": "Point", "coordinates": [ 132.220365, 34.227232 ] } },
{ "type": "Feature", "properties": { "内容": "杉屋内科医院【2:診療所】【診療科目:内科】広島県広島市東区光町２丁目６番１２－１０１号", "url": "https://www.iryou.teikyouseido.mhlw.go.jp/znk-web/juminkanja/S2430/initialize?prefCd=34&kikanCd=2340733330&kikanKbn=2", "url2": null }, "geometry": { "type": "Point", "coordinates": [ 132.478818, 34.400768 ] } },
{ "type": "Feature", "properties": { "内容": "うじな家庭医療クリニック【2:診療所】【診療科目:内科_腫瘍内科_外科_小児科】広島県広島市南区宇品東６丁目２番４７号", "url": "https://www.iryou.teikyouseido.mhlw.go.jp/znk-web/juminkanja/S2430/initialize?prefCd=34&kikanCd=2340733460&kikanKbn=2", "url2": "https://ujina-family-clinic.com" }, "geometry": { "type": "Point", "coordinates": [ 132.467423200000013, 34.3612831 ] } },
{ "type": "Feature", "properties": { "内容": "鼠径ヘルニア日帰り手術広島アルプスクリニック【2:診療所】【診療科目:外科_消化器外科】広島県広島市東区二葉の里三丁目５番７号ＧＲＡＮＯＤＥ広島２階２０６", "url": "https://www.iryou.teikyouseido.mhlw.go.jp/znk-web/juminkanja/S2430/initialize?prefCd=34&kikanCd=2340733620&kikanKbn=2", "url2": null }, "geometry": { "type": "Point", "coordinates": [ 132.475146, 34.400465 ] } },
{ "type": "Feature", "properties": { "内容": "宇品おおくぼ内科クリニック【2:診療所】【診療科目:内科_糖尿病内科_内分泌内科】広島県広島市南区宇品西３丁目４－３３　３階", "url": "https://www.iryou.teikyouseido.mhlw.go.jp/znk-web/juminkanja/S2430/initialize?prefCd=34&kikanCd=2340733750&kikanKbn=2", "url2": null }, "geometry": { "type": "Point", "coordinates": [ 132.459498, 34.361851 ] } },
{ "type": "Feature", "properties": { "内容": "ゆうはレディースクリニック【2:診療所】【診療科目:産婦人科_産科_婦人科_産婦人科（生殖医療）】広島県広島市中区八丁堀４－１８クラース八丁堀ザ・マーク１階", "url": "https://www.iryou.teikyouseido.mhlw.go.jp/znk-web/juminkanja/S2430/initialize?prefCd=34&kikanCd=2340733880&kikanKbn=2", "url2": "https://yuuha-ladies.com/" }, "geometry": { "type": "Point", "coordinates": [ 132.463743, 34.397318 ] } },
{ "type": "Feature", "properties": { "内容": "オクノクリニック広島駅前院【2:診療所】【診療科目:血管外科_整形外科_放射線科】広島県広島市東区若草町１１番１－１０３号", "url": "https://www.iryou.teikyouseido.mhlw.go.jp/znk-web/juminkanja/S2430/initialize?prefCd=34&kikanCd=2340733910&kikanKbn=2", "url2": null }, "geometry": { "type": "Point", "coordinates": [ 132.479132, 34.398224 ] } },
{ "type": "Feature", "properties": { "内容": "しまなみ皮ふ科【2:診療所】【診療科目:皮膚科】広島県三原市円一町１丁目１番２－２号", "url": "https://www.iryou.teikyouseido.mhlw.go.jp/znk-web/juminkanja/S2430/initialize?prefCd=34&kikanCd=2340734050&kikanKbn=2", "url2": "https://shimanami-cl.com/" }, "geometry": { "type": "Point", "coordinates": [ 133.0797804, 34.3952317 ] } },
{ "type": "Feature", "properties": { "内容": "いずみ整形外科・せぼねクリニック【2:診療所】【診療科目:整形外科_リウマチ科_リハビリテーション科】広島県広島市中区吉島西一丁目２２番１３号", "url": "https://www.iryou.teikyouseido.mhlw.go.jp/znk-web/juminkanja/S2430/initialize?prefCd=34&kikanCd=2340734340&kikanKbn=2", "url2": "http://izumi90.com" }, "geometry": { "type": "Point", "coordinates": [ 132.4476, 34.3736 ] } },
{ "type": "Feature", "properties": { "内容": "医療法人社団　沖本眼科【2:診療所】【診療科目:眼科】広島県広島市東区光町一丁目１４番２５号", "url": "https://www.iryou.teikyouseido.mhlw.go.jp/znk-web/juminkanja/S2430/initialize?prefCd=34&kikanCd=2340734470&kikanKbn=2", "url2": "http://www.okimoto-net.or.jp" }, "geometry": { "type": "Point", "coordinates": [ 132.47981, 34.399008 ] } },
{ "type": "Feature", "properties": { "内容": "ひろしま駅前乳腺クリニック【2:診療所】【診療科目:乳腺外科】広島県広島市南区松原町９番１号　エールエールＡ館７Ｆ", "url": "https://www.iryou.teikyouseido.mhlw.go.jp/znk-web/juminkanja/S2430/initialize?prefCd=34&kikanCd=2340734500&kikanKbn=2", "url2": "http://hiroshima-bc.jp/" }, "geometry": { "type": "Point", "coordinates": [ 132.472289, 34.398927 ] } },
{ "type": "Feature", "properties": { "内容": "地方職員共済組合広島県支部　診療所【2:診療所】【診療科目:内科_放射線科】広島県広島市中区基町１０番５２号", "url": "https://www.iryou.teikyouseido.mhlw.go.jp/znk-web/juminkanja/S2430/initialize?prefCd=34&kikanCd=2340734920&kikanKbn=2", "url2": null }, "geometry": { "type": "Point", "coordinates": [ 132.459615, 34.396689 ] } },
{ "type": "Feature", "properties": { "内容": "広島メディカルクリニック【2:診療所】【診療科目:内科_精神科_心療内科】広島県広島市安佐南区高取北一丁目４番２９－５号", "url": "https://www.iryou.teikyouseido.mhlw.go.jp/znk-web/juminkanja/S2430/initialize?prefCd=34&kikanCd=2340735190&kikanKbn=2", "url2": null }, "geometry": { "type": "Point", "coordinates": [ 132.43796, 34.47539 ] } },
{ "type": "Feature", "properties": { "内容": "大田トホーニヤ診療所【2:診療所】【診療科目:神経内科_脳神経外科_麻酔科】広島県福山市沖野上町３丁目１２－１６　１階", "url": "https://www.iryou.teikyouseido.mhlw.go.jp/znk-web/juminkanja/S2430/initialize?prefCd=34&kikanCd=2340735640&kikanKbn=2", "url2": "Fujiikinen Konishi Clinic" }, "geometry": { "type": "Point", "coordinates": [ 133.3749266, 34.4707375 ] } },
{ "type": "Feature", "properties": { "内容": "スリム＆ダイエットクリニック福山【2:診療所】【診療科目:内科】広島県福山市引野町１－２５－１４－１", "url": "https://www.iryou.teikyouseido.mhlw.go.jp/znk-web/juminkanja/S2430/initialize?prefCd=34&kikanCd=2340735770&kikanKbn=2", "url2": null }, "geometry": { "type": "Point", "coordinates": [ 133.409015, 34.497554 ] } },
{ "type": "Feature", "properties": { "内容": "ゆきレディースクリニック段原【2:診療所】【診療科目:婦人科】広島県広島市南区段原南１－３－５３イーストビル２Ｆ", "url": "https://www.iryou.teikyouseido.mhlw.go.jp/znk-web/juminkanja/S2430/initialize?prefCd=34&kikanCd=2340736230&kikanKbn=2", "url2": null }, "geometry": { "type": "Point", "coordinates": [ 132.476091, 34.385789 ] } },
{ "type": "Feature", "properties": { "内容": "びんご整形外科クリニック【2:診療所】【診療科目:ペインクリニック内科_ペインクリニック外科_整形外科_リハビリテーション科】広島県福山市松永町五丁目２０番５号", "url": "https://www.iryou.teikyouseido.mhlw.go.jp/znk-web/juminkanja/S2430/initialize?prefCd=34&kikanCd=2340737530&kikanKbn=2", "url2": "https://bingo-seikei.com/" }, "geometry": { "type": "Point", "coordinates": [ 133.260727, 34.445488 ] } },
{ "type": "Feature", "properties": { "内容": "えばら泌尿器科【2:診療所】【診療科目:泌尿器科】広島県広島市東区若草町１１－２グランアークテラス２階", "url": "https://www.iryou.teikyouseido.mhlw.go.jp/znk-web/juminkanja/S2430/initialize?prefCd=34&kikanCd=2340737820&kikanKbn=2", "url2": null }, "geometry": { "type": "Point", "coordinates": [ 132.478218, 34.398684 ] } },
{ "type": "Feature", "properties": { "内容": "うじな整形外科スポーツ・リハビリクリニック【2:診療所】【診療科目:整形外科_リハビリテーション科】広島県広島市南区宇品西３丁目４－３３", "url": "https://www.iryou.teikyouseido.mhlw.go.jp/znk-web/juminkanja/S2430/initialize?prefCd=34&kikanCd=2340737950&kikanKbn=2", "url2": "https://ujina-seikei.jp" }, "geometry": { "type": "Point", "coordinates": [ 132.459498, 34.361851 ] } },
{ "type": "Feature", "properties": { "内容": "ひろしま内視鏡内科クリニック【2:診療所】【診療科目:内科_消化器内科_胃腸内科_内視鏡内科】広島県広島市南区松原町９－１エールエールＡ館７階", "url": "https://www.iryou.teikyouseido.mhlw.go.jp/znk-web/juminkanja/S2430/initialize?prefCd=34&kikanCd=2340738380&kikanKbn=2", "url2": null }, "geometry": { "type": "Point", "coordinates": [ 132.473785, 34.39648 ] } },
{ "type": "Feature", "properties": { "内容": "地域密着型特別養護老人ホームリーフ服部　医務室【2:診療所】【診療科目:内科、外科等】広島県福山市駅家町助元６５番地１", "url": "https://www.iryou.teikyouseido.mhlw.go.jp/znk-web/juminkanja/S2430/initialize?prefCd=34&kikanCd=2340739550&kikanKbn=2", "url2": null }, "geometry": { "type": "Point", "coordinates": [ 133.311296700000014, 34.5848884 ] } },
{ "type": "Feature", "properties": { "内容": "わき外科日帰り手術クリニック【2:診療所】【診療科目:外科_血管外科_消化器外科_肛門外科_大腸・肛門外科】広島県広島市西区横川町二丁目７番１９号横川メディカルプラザ６階", "url": "https://www.iryou.teikyouseido.mhlw.go.jp/znk-web/juminkanja/S2430/initialize?prefCd=34&kikanCd=2340739970&kikanKbn=2", "url2": "https://wakigeka.net/" }, "geometry": { "type": "Point", "coordinates": [ 132.448995, 34.408778 ] } },
{ "type": "Feature", "properties": { "内容": "広島ＤＳ内視鏡・日帰り手術クリニック【2:診療所】【診療科目:消化器内科_胃腸内科_内視鏡内科_外科_肛門外科】広島県広島市中区紙屋町２丁目２－２紙屋町ビル３階", "url": "https://www.iryou.teikyouseido.mhlw.go.jp/znk-web/juminkanja/S2430/initialize?prefCd=34&kikanCd=2340740080&kikanKbn=2", "url2": "https://www.touge-geka.jp/" }, "geometry": { "type": "Point", "coordinates": [ 132.456938900000011, 34.3947555 ] } },
{ "type": "Feature", "properties": { "内容": "医療法人おかざき泌尿器科【2:診療所】【診療科目:泌尿器科】広島県東広島市西条町助実１０６３番地１", "url": "https://www.iryou.teikyouseido.mhlw.go.jp/znk-web/juminkanja/S2430/initialize?prefCd=34&kikanCd=2340740950&kikanKbn=2", "url2": null }, "geometry": { "type": "Point", "coordinates": [ 132.761853, 34.424657 ] } },
{ "type": "Feature", "properties": { "内容": "医療法人繁桂会　中川ウェルエイジングクリニック【2:診療所】【診療科目:美容皮膚科】広島県広島市中区銀山町１番１１号ＷＡＫＯ稲荷大橋ビル１０階", "url": "https://www.iryou.teikyouseido.mhlw.go.jp/znk-web/juminkanja/S2430/initialize?prefCd=34&kikanCd=2340741670&kikanKbn=2", "url2": "https://wellaging.nakagawa.or.jp/" }, "geometry": { "type": "Point", "coordinates": [ 132.468583, 34.392724 ] } },
{ "type": "Feature", "properties": { "内容": "矢野駅前さかもと皮ふ科アレルギー科【2:診療所】【診療科目:形成外科_皮膚科_美容皮膚科_アレルギー科】広島県広島市安芸区矢野西４－３－１５プロスパービル２０２", "url": "https://www.iryou.teikyouseido.mhlw.go.jp/znk-web/juminkanja/S2430/initialize?prefCd=34&kikanCd=2340741700&kikanKbn=2", "url2": "https://akira-style.net/sakamoto-hifuka/index.html" }, "geometry": { "type": "Point", "coordinates": [ 132.533076, 34.352024 ] } },
{ "type": "Feature", "properties": { "内容": "きたむら内科クリニック【2:診療所】【診療科目:内科_呼吸器内科】広島県府中市府川町１０８番８", "url": "https://www.iryou.teikyouseido.mhlw.go.jp/znk-web/juminkanja/S2430/initialize?prefCd=34&kikanCd=2340742000&kikanKbn=2", "url2": null }, "geometry": { "type": "Point", "coordinates": [ 133.2410379, 34.5700718 ] } },
{ "type": "Feature", "properties": { "内容": "湘南ＡＧＡクリニック広島院【2:診療所】【診療科目:美容皮膚科】広島県広島市中区大手町１－５ー２　マリーベル６階", "url": "https://www.iryou.teikyouseido.mhlw.go.jp/znk-web/juminkanja/S2430/initialize?prefCd=34&kikanCd=2340742420&kikanKbn=2", "url2": "https://www.sbc-aga.jp/clinic/branch/agahiroshima/" }, "geometry": { "type": "Point", "coordinates": [ 132.455799, 34.394153 ] } },
{ "type": "Feature", "properties": { "内容": "さくらの木ファミリークリニック【2:診療所】【診療科目:内科_小児科_精神科】広島県広島市西区福島町２丁目２４－２７－２", "url": "https://www.iryou.teikyouseido.mhlw.go.jp/znk-web/juminkanja/S2430/initialize?prefCd=34&kikanCd=2340743140&kikanKbn=2", "url2": "https://sakura-family-clinic.com/" }, "geometry": { "type": "Point", "coordinates": [ 132.4309271, 34.3926178 ] } },
{ "type": "Feature", "properties": { "内容": "さだひで腎・泌尿器科クリニック【2:診療所】【診療科目:泌尿器科_男性泌尿器科_腎臓・泌尿器科】広島県広島市安佐南区山本１－９－２６クリニックモール祇園２Ｆ", "url": "https://www.iryou.teikyouseido.mhlw.go.jp/znk-web/juminkanja/S2430/initialize?prefCd=34&kikanCd=2340743270&kikanKbn=2", "url2": null }, "geometry": { "type": "Point", "coordinates": [ 132.4538427, 34.436688 ] } },
{ "type": "Feature", "properties": { "内容": "しんがい内科・循環器内科　沼南クリニック【2:診療所】【診療科目:内科_循環器内科】広島県福山市新涯町六丁目１１番６号", "url": "https://www.iryou.teikyouseido.mhlw.go.jp/znk-web/juminkanja/S2430/initialize?prefCd=34&kikanCd=2340744570&kikanKbn=2", "url2": "https://shingai-med.jp/" }, "geometry": { "type": "Point", "coordinates": [ 133.398073, 34.456294 ] } },
{ "type": "Feature", "properties": { "内容": "こどもウェルビーイングクリニックこころの小枝【2:診療所】【診療科目:児童精神科_精神科_心療内科】広島県広島市中区幟町８－２０井原ビル２０３", "url": "https://www.iryou.teikyouseido.mhlw.go.jp/znk-web/juminkanja/S2430/initialize?prefCd=34&kikanCd=2340744860&kikanKbn=2", "url2": "https://kokoro-no-koeda.com" }, "geometry": { "type": "Point", "coordinates": [ 132.466935, 34.394611 ] } },
{ "type": "Feature", "properties": { "内容": "医療法人　宇品神田クリニック【2:診療所】【診療科目:精神科_心療内科】広島県広島市南区宇品御幸二丁目１－９", "url": "https://www.iryou.teikyouseido.mhlw.go.jp/znk-web/juminkanja/S2430/initialize?prefCd=34&kikanCd=2340745290&kikanKbn=2", "url2": "https://www.ujinakanda-cl.com/" }, "geometry": { "type": "Point", "coordinates": [ 132.464307, 34.366401 ] } },
{ "type": "Feature", "properties": { "内容": "腎泌尿器　青空クリニック【2:診療所】【診療科目:腎臓・泌尿器科】広島県広島市中区八丁堀１番１２号マスキ八丁堀ビル８階", "url": "https://www.iryou.teikyouseido.mhlw.go.jp/znk-web/juminkanja/S2430/initialize?prefCd=34&kikanCd=2340748480&kikanKbn=2", "url2": null }, "geometry": { "type": "Point", "coordinates": [ 132.463771, 34.397556 ] } },
{ "type": "Feature", "properties": { "内容": "炭田内科・胃腸内科医院【2:診療所】【診療科目:内科_循環器内科_消化器内科_胃腸内科_放射線科】広島県広島市西区三篠町三丁目５－２０", "url": "https://www.iryou.teikyouseido.mhlw.go.jp/znk-web/juminkanja/S2430/initialize?prefCd=34&kikanCd=2340748510&kikanKbn=2", "url2": "https://www.sumida-hosp.jp" }, "geometry": { "type": "Point", "coordinates": [ 132.45531, 34.416225 ] } },
{ "type": "Feature", "properties": { "内容": "井上クリニック【2:診療所】【診療科目:内科_整形外科】広島県広島市佐伯区五日市中央２丁目８－３５", "url": "https://www.iryou.teikyouseido.mhlw.go.jp/znk-web/juminkanja/S2430/initialize?prefCd=34&kikanCd=2340748770&kikanKbn=2", "url2": null }, "geometry": { "type": "Point", "coordinates": [ 132.353849, 34.369178 ] } },
{ "type": "Feature", "properties": { "内容": "いのくち耳鼻咽喉科クリニック【2:診療所】【診療科目:耳鼻いんこう科】広島県広島市西区井口四丁目７番１８－７号井口サンフラワービル３Ｆ３０２", "url": "https://www.iryou.teikyouseido.mhlw.go.jp/znk-web/juminkanja/S2430/initialize?prefCd=34&kikanCd=2340749650&kikanKbn=2", "url2": "https://inokuchi-ent.com/" }, "geometry": { "type": "Point", "coordinates": [ 132.374436, 34.370386 ] } },
{ "type": "Feature", "properties": { "内容": "こめかみ内科・外科クリニック【2:診療所】【診療科目:内科_外科】広島県広島市西区庚午北２丁目２２－４高須サンフラワービル２階　２０１", "url": "https://www.iryou.teikyouseido.mhlw.go.jp/znk-web/juminkanja/S2430/initialize?prefCd=34&kikanCd=2340749780&kikanKbn=2", "url2": "https://komekami-clinic.com" }, "geometry": { "type": "Point", "coordinates": [ 132.417535, 34.389847 ] } },
{ "type": "Feature", "properties": { "内容": "みつふじ小児科【2:診療所】【診療科目:小児科】広島県福山市川口町２丁目２２番６号", "url": "https://www.iryou.teikyouseido.mhlw.go.jp/znk-web/juminkanja/S2430/initialize?prefCd=34&kikanCd=2340750180&kikanKbn=2", "url2": "https://mitsufuji-kids.com" }, "geometry": { "type": "Point", "coordinates": [ 133.389983, 34.468398 ] } },
{ "type": "Feature", "properties": { "内容": "きむら内科クリニック【2:診療所】【診療科目:内科】広島県広島市安佐南区東原１丁目１－２シーブリーズ東原七番館３Ｆ３０３", "url": "https://www.iryou.teikyouseido.mhlw.go.jp/znk-web/juminkanja/S2430/initialize?prefCd=34&kikanCd=2340750470&kikanKbn=2", "url2": "https://kmclinic.jp/" }, "geometry": { "type": "Point", "coordinates": [ 132.479939, 34.443765 ] } },
{ "type": "Feature", "properties": { "内容": "ゆうひ内科循環器クリニック【2:診療所】【診療科目:内科_循環器内科_外科_心臓血管外科_小児科】広島県広島市西区三篠町三丁目２２－８レジデンス三篠１Ｆ", "url": "https://www.iryou.teikyouseido.mhlw.go.jp/znk-web/juminkanja/S2430/initialize?prefCd=34&kikanCd=2340751640&kikanKbn=2", "url2": "https://yuhi-clinic.jp/" }, "geometry": { "type": "Point", "coordinates": [ 132.453851, 34.414524 ] } },
{ "type": "Feature", "properties": { "内容": "はつかいちこども心身発達クリニック【2:診療所】【診療科目:児童精神科、小児心療内科、リハビリテーション科_精神科_心療内科_児童精神科、小児心療内科_リハビリテーション科】広島県廿日市市平良山手１１番４７号", "url": "https://www.iryou.teikyouseido.mhlw.go.jp/znk-web/juminkanja/S2430/initialize?prefCd=34&kikanCd=2340752070&kikanKbn=2", "url2": "http://www.miyauchi.or.jp/hkc/" }, "geometry": { "type": "Point", "coordinates": [ 132.334533, 34.358501 ] } },
{ "type": "Feature", "properties": { "内容": "上田内科【2:診療所】【診療科目:内科_糖尿病内科_呼吸器内科_循環器内科_消化器内科】広島県福山市神辺町湯野３７８－１０", "url": "https://www.iryou.teikyouseido.mhlw.go.jp/znk-web/juminkanja/S2430/initialize?prefCd=34&kikanCd=2340752100&kikanKbn=2", "url2": null }, "geometry": { "type": "Point", "coordinates": [ 133.381891, 34.547203 ] } },
{ "type": "Feature", "properties": { "内容": "井上内科皮膚科クリニック　福山天満屋【2:診療所】【診療科目:内科_皮膚科】広島県福山市元町１番１号　８階", "url": "https://www.iryou.teikyouseido.mhlw.go.jp/znk-web/juminkanja/S2430/initialize?prefCd=34&kikanCd=2340752230&kikanKbn=2", "url2": null }, "geometry": { "type": "Point", "coordinates": [ 133.364007, 34.487664 ] } },
{ "type": "Feature", "properties": { "内容": "神石のたまご産婦人科【2:診療所】【診療科目:小児科_産婦人科】広島県神石郡神石高原町坂瀬川５１４６番地１８", "url": "https://www.iryou.teikyouseido.mhlw.go.jp/znk-web/juminkanja/S2430/initialize?prefCd=34&kikanCd=2340754090&kikanKbn=2", "url2": "https://maps.app.goo.gl/yBZ7C5dVGzo55y1q8" }, "geometry": { "type": "Point", "coordinates": [ 133.300724, 34.675998 ] } },
{ "type": "Feature", "properties": { "内容": "平和記念公園鼻専門クリニック【2:診療所】【診療科目:耳鼻いんこう科】広島県広島市中区紙屋町２丁目２番６号　７・８階", "url": "https://www.iryou.teikyouseido.mhlw.go.jp/znk-web/juminkanja/S2430/initialize?prefCd=34&kikanCd=2340755260&kikanKbn=2", "url2": null }, "geometry": { "type": "Point", "coordinates": [ 132.456838, 34.394296 ] } },
{ "type": "Feature", "properties": { "内容": "てんた内科クリニック【2:診療所】【診療科目:内分泌内科_糖尿病・代謝内科】広島県広島市佐伯区海老園１－３－２１", "url": "https://www.iryou.teikyouseido.mhlw.go.jp/znk-web/juminkanja/S2430/initialize?prefCd=34&kikanCd=2340756720&kikanKbn=2", "url2": null }, "geometry": { "type": "Point", "coordinates": [ 132.357394, 34.364038 ] } }
]
}
