{
"type": "FeatureCollection",
"name": "geo_34_3",
"crs": { "type": "name", "properties": { "name": "urn:ogc:def:crs:OGC:1.3:CRS84" } },
"features": [
{ "type": "Feature", "properties": { "内容": "飯沼歯科医院【3:歯科】広島県呉市音戸町坪井１－１－２７", "url": "https://www.iryou.teikyouseido.mhlw.go.jp/znk-web/juminkanja/S2430/initialize?prefCd=34&kikanCd=3340003160&kikanKbn=3", "url2": null }, "geometry": { "type": "Point", "coordinates": [ 132.536737, 34.196978 ] } },
{ "type": "Feature", "properties": { "内容": "鎌田歯科医院【3:歯科】広島県呉市蒲刈町宮盛９１２－２", "url": "https://www.iryou.teikyouseido.mhlw.go.jp/znk-web/juminkanja/S2430/initialize?prefCd=34&kikanCd=3340003870&kikanKbn=3", "url2": null }, "geometry": { "type": "Point", "coordinates": [ 132.736167, 34.194494 ] } },
{ "type": "Feature", "properties": { "内容": "伊東歯科医院【3:歯科】広島県大竹市新町１－１２－１３", "url": "https://www.iryou.teikyouseido.mhlw.go.jp/znk-web/juminkanja/S2430/initialize?prefCd=34&kikanCd=3340004170&kikanKbn=3", "url2": null }, "geometry": { "type": "Point", "coordinates": [ 132.222707, 34.215053 ] } },
{ "type": "Feature", "properties": { "内容": "藤井歯科医院【3:歯科】広島県大竹市油見３―４―３", "url": "https://www.iryou.teikyouseido.mhlw.go.jp/znk-web/juminkanja/S2430/initialize?prefCd=34&kikanCd=3340005050&kikanKbn=3", "url2": "http://www.h-fujii-dc.com/" }, "geometry": { "type": "Point", "coordinates": [ 132.219346, 34.218664 ] } },
{ "type": "Feature", "properties": { "内容": "對木歯科医院【3:歯科】広島県広島市佐伯区五日市４－２－３６", "url": "https://www.iryou.teikyouseido.mhlw.go.jp/znk-web/juminkanja/S2430/initialize?prefCd=34&kikanCd=3340006480&kikanKbn=3", "url2": null }, "geometry": { "type": "Point", "coordinates": [ 132.358466, 34.369955 ] } },
{ "type": "Feature", "properties": { "内容": "谷口歯科医院【3:歯科】広島県廿日市市廿日市２－５－５", "url": "https://www.iryou.teikyouseido.mhlw.go.jp/znk-web/juminkanja/S2430/initialize?prefCd=34&kikanCd=3340007780&kikanKbn=3", "url2": null }, "geometry": { "type": "Point", "coordinates": [ 132.337108, 34.355346 ] } },
{ "type": "Feature", "properties": { "内容": "栗栖歯科医院【3:歯科】広島県廿日市市大野一丁目３－１９", "url": "https://www.iryou.teikyouseido.mhlw.go.jp/znk-web/juminkanja/S2430/initialize?prefCd=34&kikanCd=3340007940&kikanKbn=3", "url2": "kurisusika.com" }, "geometry": { "type": "Point", "coordinates": [ 132.275213, 34.286855 ] } },
{ "type": "Feature", "properties": { "内容": "上野歯科医院【3:歯科】広島県安芸高田市吉田町吉田１２１８", "url": "https://www.iryou.teikyouseido.mhlw.go.jp/znk-web/juminkanja/S2430/initialize?prefCd=34&kikanCd=3340011790&kikanKbn=3", "url2": "https://www.ueno-sika.com/" }, "geometry": { "type": "Point", "coordinates": [ 132.708174, 34.664597 ] } },
{ "type": "Feature", "properties": { "内容": "医療法人　森田会　吉田歯科クリニック【3:歯科】広島県安芸高田市吉田町吉田３６６１－１", "url": "https://www.iryou.teikyouseido.mhlw.go.jp/znk-web/juminkanja/S2430/initialize?prefCd=34&kikanCd=3340011950&kikanKbn=3", "url2": null }, "geometry": { "type": "Point", "coordinates": [ 132.702119, 34.663736 ] } },
{ "type": "Feature", "properties": { "内容": "医療法人　森田会　森田歯科医院【3:歯科】広島県安芸高田市甲田町高田原１４３８", "url": "https://www.iryou.teikyouseido.mhlw.go.jp/znk-web/juminkanja/S2430/initialize?prefCd=34&kikanCd=3340012670&kikanKbn=3", "url2": null }, "geometry": { "type": "Point", "coordinates": [ 132.757292, 34.695907 ] } },
{ "type": "Feature", "properties": { "内容": "歌野原歯科医院【3:歯科】広島県東広島市八本松飯田三丁目４－１０", "url": "https://www.iryou.teikyouseido.mhlw.go.jp/znk-web/juminkanja/S2430/initialize?prefCd=34&kikanCd=3340013840&kikanKbn=3", "url2": null }, "geometry": { "type": "Point", "coordinates": [ 132.709016, 34.45723 ] } },
{ "type": "Feature", "properties": { "内容": "今田歯科医院【3:歯科】広島県竹原市忠海中町二丁目２番５１号", "url": "https://www.iryou.teikyouseido.mhlw.go.jp/znk-web/juminkanja/S2430/initialize?prefCd=34&kikanCd=3340015020&kikanKbn=3", "url2": null }, "geometry": { "type": "Point", "coordinates": [ 132.991887, 34.337692 ] } },
{ "type": "Feature", "properties": { "内容": "三好歯科医院【3:歯科】広島県竹原市竹原町３５５２－７", "url": "https://www.iryou.teikyouseido.mhlw.go.jp/znk-web/juminkanja/S2430/initialize?prefCd=34&kikanCd=3340015600&kikanKbn=3", "url2": null }, "geometry": { "type": "Point", "coordinates": [ 132.907199, 34.346273 ] } },
{ "type": "Feature", "properties": { "内容": "三好歯科医院【3:歯科】広島県竹原市忠海中町二丁目２０番２４号", "url": "https://www.iryou.teikyouseido.mhlw.go.jp/znk-web/juminkanja/S2430/initialize?prefCd=34&kikanCd=3340015730&kikanKbn=3", "url2": null }, "geometry": { "type": "Point", "coordinates": [ 132.99061, 34.338859 ] } },
{ "type": "Feature", "properties": { "内容": "いとう歯科クリニック【3:歯科】広島県東広島市安芸津町三津４２０９－９", "url": "https://www.iryou.teikyouseido.mhlw.go.jp/znk-web/juminkanja/S2430/initialize?prefCd=34&kikanCd=3340015990&kikanKbn=3", "url2": "http://www.dc-itou.com" }, "geometry": { "type": "Point", "coordinates": [ 132.818014, 34.31883 ] } },
{ "type": "Feature", "properties": { "内容": "山本歯科クリニック【3:歯科】広島県豊田郡大崎上島町東野２５７２", "url": "https://www.iryou.teikyouseido.mhlw.go.jp/znk-web/juminkanja/S2430/initialize?prefCd=34&kikanCd=3340017460&kikanKbn=3", "url2": null }, "geometry": { "type": "Point", "coordinates": [ 132.912425, 34.267504 ] } },
{ "type": "Feature", "properties": { "内容": "海田歯科医院【3:歯科】広島県三原市港町一丁目２－１４", "url": "https://www.iryou.teikyouseido.mhlw.go.jp/znk-web/juminkanja/S2430/initialize?prefCd=34&kikanCd=3340018630&kikanKbn=3", "url2": null }, "geometry": { "type": "Point", "coordinates": [ 133.080839, 34.399951 ] } },
{ "type": "Feature", "properties": { "内容": "船木歯科医院【3:歯科】広島県三原市宮沖１丁目９番２号", "url": "https://www.iryou.teikyouseido.mhlw.go.jp/znk-web/juminkanja/S2430/initialize?prefCd=34&kikanCd=3340019770&kikanKbn=3", "url2": null }, "geometry": { "type": "Point", "coordinates": [ 133.075044, 34.398882 ] } },
{ "type": "Feature", "properties": { "内容": "桑原歯科医院【3:歯科】広島県尾道市向島町５７６－１３", "url": "https://www.iryou.teikyouseido.mhlw.go.jp/znk-web/juminkanja/S2430/initialize?prefCd=34&kikanCd=3340023490&kikanKbn=3", "url2": null }, "geometry": { "type": "Point", "coordinates": [ 133.203439, 34.401971 ] } },
{ "type": "Feature", "properties": { "内容": "岡田歯科医院【3:歯科】広島県尾道市因島田熊町１１０５－３", "url": "https://www.iryou.teikyouseido.mhlw.go.jp/znk-web/juminkanja/S2430/initialize?prefCd=34&kikanCd=3340023810&kikanKbn=3", "url2": null }, "geometry": { "type": "Point", "coordinates": [ 133.168173, 34.297116 ] } },
{ "type": "Feature", "properties": { "内容": "斎藤歯科医院【3:歯科】広島県尾道市因島土生町１８９６－４", "url": "https://www.iryou.teikyouseido.mhlw.go.jp/znk-web/juminkanja/S2430/initialize?prefCd=34&kikanCd=3340024370&kikanKbn=3", "url2": null }, "geometry": { "type": "Point", "coordinates": [ 133.178043, 34.28593 ] } },
{ "type": "Feature", "properties": { "内容": "かじたりえ歯科クリニック【3:歯科】広島県福山市野上町３丁目２番６号", "url": "https://www.iryou.teikyouseido.mhlw.go.jp/znk-web/juminkanja/S2430/initialize?prefCd=34&kikanCd=3340027270&kikanKbn=3", "url2": null }, "geometry": { "type": "Point", "coordinates": [ 133.366562, 34.476631 ] } },
{ "type": "Feature", "properties": { "内容": "ばら公園前木村歯科【3:歯科】広島県福山市御門町１－１０－１４", "url": "https://www.iryou.teikyouseido.mhlw.go.jp/znk-web/juminkanja/S2430/initialize?prefCd=34&kikanCd=3340028150&kikanKbn=3", "url2": "http://www.kimurashika.com/" }, "geometry": { "type": "Point", "coordinates": [ 133.370735, 34.481845 ] } },
{ "type": "Feature", "properties": { "内容": "小林歯科診療所【3:歯科】広島県福山市水呑町１８６２番地の３", "url": "https://www.iryou.teikyouseido.mhlw.go.jp/znk-web/juminkanja/S2430/initialize?prefCd=34&kikanCd=3340028600&kikanKbn=3", "url2": null }, "geometry": { "type": "Point", "coordinates": [ 133.379707, 34.445944 ] } },
{ "type": "Feature", "properties": { "内容": "つお歯科医院【3:歯科】広島県福山市大門町１丁目３１番２５号", "url": "https://www.iryou.teikyouseido.mhlw.go.jp/znk-web/juminkanja/S2430/initialize?prefCd=34&kikanCd=3340030720&kikanKbn=3", "url2": "http://www.tsuo-shika.com/" }, "geometry": { "type": "Point", "coordinates": [ 133.437565, 34.498489 ] } },
{ "type": "Feature", "properties": { "内容": "矢野歯科医院【3:歯科】広島県福山市今津町７６０", "url": "https://www.iryou.teikyouseido.mhlw.go.jp/znk-web/juminkanja/S2430/initialize?prefCd=34&kikanCd=3340032740&kikanKbn=3", "url2": null }, "geometry": { "type": "Point", "coordinates": [ 133.244833, 34.450324 ] } },
{ "type": "Feature", "properties": { "内容": "こだま歯科医院【3:歯科】広島県福山市駅家町上山守４６２－７", "url": "https://www.iryou.teikyouseido.mhlw.go.jp/znk-web/juminkanja/S2430/initialize?prefCd=34&kikanCd=3340035930&kikanKbn=3", "url2": null }, "geometry": { "type": "Point", "coordinates": [ 133.331794, 34.536372 ] } },
{ "type": "Feature", "properties": { "内容": "医療法人社団　片岡歯科医院【3:歯科】広島県庄原市中本町１丁目４番１号", "url": "https://www.iryou.teikyouseido.mhlw.go.jp/znk-web/juminkanja/S2430/initialize?prefCd=34&kikanCd=3340040820&kikanKbn=3", "url2": null }, "geometry": { "type": "Point", "coordinates": [ 133.016111, 34.858387 ] } },
{ "type": "Feature", "properties": { "内容": "上野歯科医院【3:歯科】広島県広島市東区戸坂南１－１２－７", "url": "https://www.iryou.teikyouseido.mhlw.go.jp/znk-web/juminkanja/S2430/initialize?prefCd=34&kikanCd=3340042550&kikanKbn=3", "url2": null }, "geometry": { "type": "Point", "coordinates": [ 132.4925, 34.425599 ] } },
{ "type": "Feature", "properties": { "内容": "うりゅう歯科医院【3:歯科】広島県広島市中区昭和町６－２８", "url": "https://www.iryou.teikyouseido.mhlw.go.jp/znk-web/juminkanja/S2430/initialize?prefCd=34&kikanCd=3340042970&kikanKbn=3", "url2": "https://www.facebook.com/%E3%81%86%E3%82%8A%E3%82%85%E3%81%86%E6%AD%AF%E7%A7%91%E5%8C%BB%E9%99%A2-562178813987306/" }, "geometry": { "type": "Point", "coordinates": [ 132.465189, 34.383226 ] } },
{ "type": "Feature", "properties": { "内容": "梶谷歯科医院【3:歯科】広島県広島市東区牛田旭一丁目１３番１１号", "url": "https://www.iryou.teikyouseido.mhlw.go.jp/znk-web/juminkanja/S2430/initialize?prefCd=34&kikanCd=3340044020&kikanKbn=3", "url2": null }, "geometry": { "type": "Point", "coordinates": [ 132.469927, 34.412508 ] } },
{ "type": "Feature", "properties": { "内容": "久保田歯科医院【3:歯科】広島県広島市南区大州２丁目９番１９号", "url": "https://www.iryou.teikyouseido.mhlw.go.jp/znk-web/juminkanja/S2430/initialize?prefCd=34&kikanCd=3340044600&kikanKbn=3", "url2": null }, "geometry": { "type": "Point", "coordinates": [ 132.488004, 34.390063 ] } },
{ "type": "Feature", "properties": { "内容": "児玉歯科【3:歯科】広島県広島市南区西蟹屋４－２－３８", "url": "https://www.iryou.teikyouseido.mhlw.go.jp/znk-web/juminkanja/S2430/initialize?prefCd=34&kikanCd=3340044860&kikanKbn=3", "url2": null }, "geometry": { "type": "Point", "coordinates": [ 132.480705, 34.390233 ] } },
{ "type": "Feature", "properties": { "内容": "能美歯科医院【3:歯科】広島県広島市東区牛田中２丁目１番２４号", "url": "https://www.iryou.teikyouseido.mhlw.go.jp/znk-web/juminkanja/S2430/initialize?prefCd=34&kikanCd=3340047920&kikanKbn=3", "url2": null }, "geometry": { "type": "Point", "coordinates": [ 132.473309, 34.412297 ] } },
{ "type": "Feature", "properties": { "内容": "医療法人社団シャン・ヴィラージュ会　野村歯科医院【3:歯科】広島県広島市東区光町２－６－１", "url": "https://www.iryou.teikyouseido.mhlw.go.jp/znk-web/juminkanja/S2430/initialize?prefCd=34&kikanCd=3340048060&kikanKbn=3", "url2": null }, "geometry": { "type": "Point", "coordinates": [ 132.479112, 34.401623 ] } },
{ "type": "Feature", "properties": { "内容": "松島歯科医院【3:歯科】広島県広島市中区吉島町１－１２", "url": "https://www.iryou.teikyouseido.mhlw.go.jp/znk-web/juminkanja/S2430/initialize?prefCd=34&kikanCd=3340049490&kikanKbn=3", "url2": null }, "geometry": { "type": "Point", "coordinates": [ 132.448486, 34.38115 ] } },
{ "type": "Feature", "properties": { "内容": "宗像歯科医院【3:歯科】広島県広島市中区東白島町１８番４号　宗像ビル２Ｆ", "url": "https://www.iryou.teikyouseido.mhlw.go.jp/znk-web/juminkanja/S2430/initialize?prefCd=34&kikanCd=3340050050&kikanKbn=3", "url2": null }, "geometry": { "type": "Point", "coordinates": [ 132.466096, 34.40393 ] } },
{ "type": "Feature", "properties": { "内容": "医療法人社団　本山歯科医院【3:歯科】広島県広島市中区上八丁堀７－９　本山ビル２Ｆ", "url": "https://www.iryou.teikyouseido.mhlw.go.jp/znk-web/juminkanja/S2430/initialize?prefCd=34&kikanCd=3340050500&kikanKbn=3", "url2": "http://www.motoyama-dental.com/" }, "geometry": { "type": "Point", "coordinates": [ 132.463651, 34.398621 ] } },
{ "type": "Feature", "properties": { "内容": "大谷歯科医院【3:歯科】広島県広島市西区天満町１８－１１", "url": "https://www.iryou.teikyouseido.mhlw.go.jp/znk-web/juminkanja/S2430/initialize?prefCd=34&kikanCd=3340052940&kikanKbn=3", "url2": null }, "geometry": { "type": "Point", "coordinates": [ 132.439849, 34.39546 ] } },
{ "type": "Feature", "properties": { "内容": "長上歯科医院【3:歯科】広島県広島市西区己斐本町１丁目２５－７", "url": "https://www.iryou.teikyouseido.mhlw.go.jp/znk-web/juminkanja/S2430/initialize?prefCd=34&kikanCd=3340053080&kikanKbn=3", "url2": null }, "geometry": { "type": "Point", "coordinates": [ 132.427416, 34.396902 ] } },
{ "type": "Feature", "properties": { "内容": "岡野歯科医院【3:歯科】広島県広島市中区舟入南３－１９－１", "url": "https://www.iryou.teikyouseido.mhlw.go.jp/znk-web/juminkanja/S2430/initialize?prefCd=34&kikanCd=3340053110&kikanKbn=3", "url2": "https://www.okano-dc8148.com" }, "geometry": { "type": "Point", "coordinates": [ 132.436709, 34.376123 ] } },
{ "type": "Feature", "properties": { "内容": "杉本歯科医院【3:歯科】広島県広島市西区草津東１丁目９番１１号", "url": "https://www.iryou.teikyouseido.mhlw.go.jp/znk-web/juminkanja/S2430/initialize?prefCd=34&kikanCd=3340054380&kikanKbn=3", "url2": null }, "geometry": { "type": "Point", "coordinates": [ 132.40499, 34.379483 ] } },
{ "type": "Feature", "properties": { "内容": "新谷歯科医院【3:歯科】広島県広島市西区天満町１８－６", "url": "https://www.iryou.teikyouseido.mhlw.go.jp/znk-web/juminkanja/S2430/initialize?prefCd=34&kikanCd=3340055840&kikanKbn=3", "url2": "http://www.shintanishika.com/" }, "geometry": { "type": "Point", "coordinates": [ 132.440347, 34.395371 ] } },
{ "type": "Feature", "properties": { "内容": "田中歯科医院【3:歯科】広島県広島市西区観音新町１丁目５番１７号", "url": "https://www.iryou.teikyouseido.mhlw.go.jp/znk-web/juminkanja/S2430/initialize?prefCd=34&kikanCd=3340056270&kikanKbn=3", "url2": null }, "geometry": { "type": "Point", "coordinates": [ 132.428321, 34.377456 ] } },
{ "type": "Feature", "properties": { "内容": "谷口歯科医院【3:歯科】広島県広島市安佐南区伴東四丁目７番２７号", "url": "https://www.iryou.teikyouseido.mhlw.go.jp/znk-web/juminkanja/S2430/initialize?prefCd=34&kikanCd=3340056560&kikanKbn=3", "url2": null }, "geometry": { "type": "Point", "coordinates": [ 132.420978, 34.473682 ] } },
{ "type": "Feature", "properties": { "内容": "平岡歯科医院【3:歯科】広島県広島市西区東観音町１１－１１", "url": "https://www.iryou.teikyouseido.mhlw.go.jp/znk-web/juminkanja/S2430/initialize?prefCd=34&kikanCd=3340058580&kikanKbn=3", "url2": null }, "geometry": { "type": "Point", "coordinates": [ 132.441319, 34.391094 ] } },
{ "type": "Feature", "properties": { "内容": "三浦歯科医院【3:歯科】広島県広島市西区庚午中二丁目１３番１０号", "url": "https://www.iryou.teikyouseido.mhlw.go.jp/znk-web/juminkanja/S2430/initialize?prefCd=34&kikanCd=3340059620&kikanKbn=3", "url2": null }, "geometry": { "type": "Point", "coordinates": [ 132.414766, 34.384038 ] } },
{ "type": "Feature", "properties": { "内容": "みどり歯科医院【3:歯科】広島県広島市西区南観音２－４－４８", "url": "https://www.iryou.teikyouseido.mhlw.go.jp/znk-web/juminkanja/S2430/initialize?prefCd=34&kikanCd=3340059880&kikanKbn=3", "url2": "http://www.hirodaishigakubudousoukai.net/" }, "geometry": { "type": "Point", "coordinates": [ 132.433431, 34.385066 ] } },
{ "type": "Feature", "properties": { "内容": "山野井歯科医院【3:歯科】広島県広島市安佐南区祇園１丁目１０番１９号", "url": "https://www.iryou.teikyouseido.mhlw.go.jp/znk-web/juminkanja/S2430/initialize?prefCd=34&kikanCd=3340060280&kikanKbn=3", "url2": null }, "geometry": { "type": "Point", "coordinates": [ 132.46251, 34.438728 ] } },
{ "type": "Feature", "properties": { "内容": "吉光歯科医院【3:歯科】広島県広島市安佐南区長束３－３８－２７", "url": "https://www.iryou.teikyouseido.mhlw.go.jp/znk-web/juminkanja/S2430/initialize?prefCd=34&kikanCd=3340060600&kikanKbn=3", "url2": null }, "geometry": { "type": "Point", "coordinates": [ 132.457844, 34.429312 ] } },
{ "type": "Feature", "properties": { "内容": "有馬歯科医院【3:歯科】広島県広島市南区青崎２－１０－２８", "url": "https://www.iryou.teikyouseido.mhlw.go.jp/znk-web/juminkanja/S2430/initialize?prefCd=34&kikanCd=3340060860&kikanKbn=3", "url2": null }, "geometry": { "type": "Point", "coordinates": [ 132.508398, 34.372902 ] } },
{ "type": "Feature", "properties": { "内容": "鍵山歯科医院【3:歯科】広島県広島市南区上東雲町３１－６", "url": "https://www.iryou.teikyouseido.mhlw.go.jp/znk-web/juminkanja/S2430/initialize?prefCd=34&kikanCd=3340061290&kikanKbn=3", "url2": null }, "geometry": { "type": "Point", "coordinates": [ 132.486404, 34.384407 ] } },
{ "type": "Feature", "properties": { "内容": "岡田歯科医院【3:歯科】広島県呉市中通２－１－２１", "url": "https://www.iryou.teikyouseido.mhlw.go.jp/znk-web/juminkanja/S2430/initialize?prefCd=34&kikanCd=3340068130&kikanKbn=3", "url2": "www.okadadentalclinic.com" }, "geometry": { "type": "Point", "coordinates": [ 132.563205, 34.243945 ] } },
{ "type": "Feature", "properties": { "内容": "大附歯科医院【3:歯科】広島県呉市本通８－９－１", "url": "https://www.iryou.teikyouseido.mhlw.go.jp/znk-web/juminkanja/S2430/initialize?prefCd=34&kikanCd=3340068420&kikanKbn=3", "url2": null }, "geometry": { "type": "Point", "coordinates": [ 132.580148, 34.250944 ] } },
{ "type": "Feature", "properties": { "内容": "清田歯科医院【3:歯科】広島県呉市本通７－１４－４", "url": "https://www.iryou.teikyouseido.mhlw.go.jp/znk-web/juminkanja/S2430/initialize?prefCd=34&kikanCd=3340069430&kikanKbn=3", "url2": null }, "geometry": { "type": "Point", "coordinates": [ 132.57612, 34.250417 ] } },
{ "type": "Feature", "properties": { "内容": "笹野歯科医院【3:歯科】広島県呉市本通４丁目２番７号", "url": "https://www.iryou.teikyouseido.mhlw.go.jp/znk-web/juminkanja/S2430/initialize?prefCd=34&kikanCd=3340070670&kikanKbn=3", "url2": null }, "geometry": { "type": "Point", "coordinates": [ 132.567399, 34.246333 ] } },
{ "type": "Feature", "properties": { "内容": "医療法人社団　田口歯科医院【3:歯科】広島県呉市焼山桜ケ丘３丁目３番２１号", "url": "https://www.iryou.teikyouseido.mhlw.go.jp/znk-web/juminkanja/S2430/initialize?prefCd=34&kikanCd=3340071420&kikanKbn=3", "url2": null }, "geometry": { "type": "Point", "coordinates": [ 132.553404, 34.287084 ] } },
{ "type": "Feature", "properties": { "内容": "辰川歯科医院【3:歯科】広島県呉市中通２丁目４番１５号", "url": "https://www.iryou.teikyouseido.mhlw.go.jp/znk-web/juminkanja/S2430/initialize?prefCd=34&kikanCd=3340071840&kikanKbn=3", "url2": "http://www.tatsukawa-dental.net/index.html" }, "geometry": { "type": "Point", "coordinates": [ 132.564177, 34.245084 ] } },
{ "type": "Feature", "properties": { "内容": "西原歯科医院【3:歯科】広島県呉市東中央２丁目４番５号", "url": "https://www.iryou.teikyouseido.mhlw.go.jp/znk-web/juminkanja/S2430/initialize?prefCd=34&kikanCd=3340072690&kikanKbn=3", "url2": null }, "geometry": { "type": "Point", "coordinates": [ 132.570148, 34.251889 ] } },
{ "type": "Feature", "properties": { "内容": "水野デンタルクリニック【3:歯科】広島県呉市宮原７－２－１３", "url": "https://www.iryou.teikyouseido.mhlw.go.jp/znk-web/juminkanja/S2430/initialize?prefCd=34&kikanCd=3340073860&kikanKbn=3", "url2": "http://www.mizunodc.net/" }, "geometry": { "type": "Point", "coordinates": [ 132.560789, 34.231141 ] } },
{ "type": "Feature", "properties": { "内容": "西原歯科医院【3:歯科】広島県呉市阿賀中央６丁目８番１３号", "url": "https://www.iryou.teikyouseido.mhlw.go.jp/znk-web/juminkanja/S2430/initialize?prefCd=34&kikanCd=3340076050&kikanKbn=3", "url2": null }, "geometry": { "type": "Point", "coordinates": [ 132.598508, 34.236641 ] } },
{ "type": "Feature", "properties": { "内容": "中国歯科クリニック【3:歯科】広島県広島市中区土橋町７番１号　中国新聞ビル２Ｆ", "url": "https://www.iryou.teikyouseido.mhlw.go.jp/znk-web/juminkanja/S2430/initialize?prefCd=34&kikanCd=3340076180&kikanKbn=3", "url2": "http://chugokushika.la.coocan.jp/index.html" }, "geometry": { "type": "Point", "coordinates": [ 132.448652, 34.392399 ] } },
{ "type": "Feature", "properties": { "内容": "西広島歯科医院【3:歯科】広島県広島市西区己斐本町１－２４－７", "url": "https://www.iryou.teikyouseido.mhlw.go.jp/znk-web/juminkanja/S2430/initialize?prefCd=34&kikanCd=3340076340&kikanKbn=3", "url2": null }, "geometry": { "type": "Point", "coordinates": [ 132.427126, 34.396204 ] } },
{ "type": "Feature", "properties": { "内容": "玉川歯科医院【3:歯科】広島県広島市南区宇品海岸２－１－１０", "url": "https://www.iryou.teikyouseido.mhlw.go.jp/znk-web/juminkanja/S2430/initialize?prefCd=34&kikanCd=3340076470&kikanKbn=3", "url2": null }, "geometry": { "type": "Point", "coordinates": [ 132.462668, 34.355764 ] } },
{ "type": "Feature", "properties": { "内容": "マエダ歯科医院【3:歯科】広島県広島市西区天満町７－２２", "url": "https://www.iryou.teikyouseido.mhlw.go.jp/znk-web/juminkanja/S2430/initialize?prefCd=34&kikanCd=3340079950&kikanKbn=3", "url2": null }, "geometry": { "type": "Point", "coordinates": [ 132.438986, 34.396482 ] } },
{ "type": "Feature", "properties": { "内容": "藤田歯科医院【3:歯科】広島県広島市安佐北区可部町４丁目１５番２２号", "url": "https://www.iryou.teikyouseido.mhlw.go.jp/znk-web/juminkanja/S2430/initialize?prefCd=34&kikanCd=3340080220&kikanKbn=3", "url2": null }, "geometry": { "type": "Point", "coordinates": [ 132.507197, 34.516804 ] } },
{ "type": "Feature", "properties": { "内容": "苅田歯科医院【3:歯科】広島県尾道市天満町１７番８号", "url": "https://www.iryou.teikyouseido.mhlw.go.jp/znk-web/juminkanja/S2430/initialize?prefCd=34&kikanCd=3340083540&kikanKbn=3", "url2": null }, "geometry": { "type": "Point", "coordinates": [ 133.19059, 34.405716 ] } },
{ "type": "Feature", "properties": { "内容": "八丁堀歯科医院【3:歯科】広島県広島市中区八丁堀３－８　白峯ビル４０３", "url": "https://www.iryou.teikyouseido.mhlw.go.jp/znk-web/juminkanja/S2430/initialize?prefCd=34&kikanCd=3340084000&kikanKbn=3", "url2": null }, "geometry": { "type": "Point", "coordinates": [ 132.463056, 34.396634 ] } },
{ "type": "Feature", "properties": { "内容": "Ｗｅｌｌかむ矯正歯科【3:歯科】広島県広島市中区八丁堀３－８　ハイネス白峯ビル４０４", "url": "https://www.iryou.teikyouseido.mhlw.go.jp/znk-web/juminkanja/S2430/initialize?prefCd=34&kikanCd=3340084710&kikanKbn=3", "url2": "http://www.wellkamu-ortho.com" }, "geometry": { "type": "Point", "coordinates": [ 132.46304, 34.396649 ] } },
{ "type": "Feature", "properties": { "内容": "わだ歯科クリニック【3:歯科】広島県福山市水呑町３４８１－１", "url": "https://www.iryou.teikyouseido.mhlw.go.jp/znk-web/juminkanja/S2430/initialize?prefCd=34&kikanCd=3340085430&kikanKbn=3", "url2": "https://wadadc.jp" }, "geometry": { "type": "Point", "coordinates": [ 133.385058, 34.438501 ] } },
{ "type": "Feature", "properties": { "内容": "医療法人鵬瑛会　豊岡ヘルシ－歯科クリニック【3:歯科】広島県広島市南区翠５－２２－２６", "url": "https://www.iryou.teikyouseido.mhlw.go.jp/znk-web/juminkanja/S2430/initialize?prefCd=34&kikanCd=3340085980&kikanKbn=3", "url2": "http://www.healthy-clinic.com" }, "geometry": { "type": "Point", "coordinates": [ 132.470013, 34.368235 ] } },
{ "type": "Feature", "properties": { "内容": "塩崎歯科医院【3:歯科】広島県福山市光南町１－１０－２３", "url": "https://www.iryou.teikyouseido.mhlw.go.jp/znk-web/juminkanja/S2430/initialize?prefCd=34&kikanCd=3340086150&kikanKbn=3", "url2": "http://www.shiozaki-dc.com" }, "geometry": { "type": "Point", "coordinates": [ 133.366107, 34.479779 ] } },
{ "type": "Feature", "properties": { "内容": "竹腰歯科医院【3:歯科】広島県広島市安佐南区相田１丁目１２番６号", "url": "https://www.iryou.teikyouseido.mhlw.go.jp/znk-web/juminkanja/S2430/initialize?prefCd=34&kikanCd=3340087290&kikanKbn=3", "url2": null }, "geometry": { "type": "Point", "coordinates": [ 132.452926, 34.473307 ] } },
{ "type": "Feature", "properties": { "内容": "山本歯科医院【3:歯科】広島県広島市東区東蟹屋町２－１０", "url": "https://www.iryou.teikyouseido.mhlw.go.jp/znk-web/juminkanja/S2430/initialize?prefCd=34&kikanCd=3340087320&kikanKbn=3", "url2": "http://www.m-y-dental.com/" }, "geometry": { "type": "Point", "coordinates": [ 132.484899, 34.396427 ] } },
{ "type": "Feature", "properties": { "内容": "高橋歯科医院【3:歯科】広島県福山市大黒町２－３２", "url": "https://www.iryou.teikyouseido.mhlw.go.jp/znk-web/juminkanja/S2430/initialize?prefCd=34&kikanCd=3340088460&kikanKbn=3", "url2": null }, "geometry": { "type": "Point", "coordinates": [ 133.367849, 34.491266 ] } },
{ "type": "Feature", "properties": { "内容": "医療法人社団博和会　鯉城歯科医院【3:歯科】広島県広島市東区光町１丁目１１番７号", "url": "https://www.iryou.teikyouseido.mhlw.go.jp/znk-web/juminkanja/S2430/initialize?prefCd=34&kikanCd=3340088590&kikanKbn=3", "url2": null }, "geometry": { "type": "Point", "coordinates": [ 132.478316, 34.399899 ] } },
{ "type": "Feature", "properties": { "内容": "医療法人社団　博和会　平田歯科医院【3:歯科】広島県安芸郡海田町堀川町３－５", "url": "https://www.iryou.teikyouseido.mhlw.go.jp/znk-web/juminkanja/S2430/initialize?prefCd=34&kikanCd=3340088880&kikanKbn=3", "url2": null }, "geometry": { "type": "Point", "coordinates": [ 132.531702, 34.36857 ] } },
{ "type": "Feature", "properties": { "内容": "田中歯科医院【3:歯科】広島県安芸郡海田町国信１丁目１番２４号", "url": "https://www.iryou.teikyouseido.mhlw.go.jp/znk-web/juminkanja/S2430/initialize?prefCd=34&kikanCd=3340088910&kikanKbn=3", "url2": null }, "geometry": { "type": "Point", "coordinates": [ 132.555116, 34.380125 ] } },
{ "type": "Feature", "properties": { "内容": "宇根本歯科医院【3:歯科】広島県呉市阿賀中央８－３－１３", "url": "https://www.iryou.teikyouseido.mhlw.go.jp/znk-web/juminkanja/S2430/initialize?prefCd=34&kikanCd=3340089760&kikanKbn=3", "url2": "https://www.unemotoshika.net/" }, "geometry": { "type": "Point", "coordinates": [ 132.596175, 34.239224 ] } },
{ "type": "Feature", "properties": { "内容": "長坂歯科医院【3:歯科】広島県江田島市大柿町柿浦１５４５", "url": "https://www.iryou.teikyouseido.mhlw.go.jp/znk-web/juminkanja/S2430/initialize?prefCd=34&kikanCd=3340089890&kikanKbn=3", "url2": null }, "geometry": { "type": "Point", "coordinates": [ 132.470047, 34.180256 ] } },
{ "type": "Feature", "properties": { "内容": "観音歯科医院【3:歯科】広島県広島市西区西観音町８番５号", "url": "https://www.iryou.teikyouseido.mhlw.go.jp/znk-web/juminkanja/S2430/initialize?prefCd=34&kikanCd=3340090290&kikanKbn=3", "url2": null }, "geometry": { "type": "Point", "coordinates": [ 132.438625, 34.392399 ] } },
{ "type": "Feature", "properties": { "内容": "ＲＹＯ　ＤＥＮＴＡＬ　ＣＬＩＮＩＣ【3:歯科】広島県広島市中区富士見町１－１　熊本ビル２Ｆ", "url": "https://www.iryou.teikyouseido.mhlw.go.jp/znk-web/juminkanja/S2430/initialize?prefCd=34&kikanCd=3340090320&kikanKbn=3", "url2": "https://ryo-dc.com" }, "geometry": { "type": "Point", "coordinates": [ 132.463846, 34.38715 ] } },
{ "type": "Feature", "properties": { "内容": "上重歯科医院【3:歯科】広島県呉市広塩焼１丁目５－２", "url": "https://www.iryou.teikyouseido.mhlw.go.jp/znk-web/juminkanja/S2430/initialize?prefCd=34&kikanCd=3340091750&kikanKbn=3", "url2": "ueshige-dentaloffice.com" }, "geometry": { "type": "Point", "coordinates": [ 132.630502, 34.249933 ] } },
{ "type": "Feature", "properties": { "内容": "中本デンタルクリニック【3:歯科】広島県三原市城町１丁目４番２０号", "url": "https://www.iryou.teikyouseido.mhlw.go.jp/znk-web/juminkanja/S2430/initialize?prefCd=34&kikanCd=3340093800&kikanKbn=3", "url2": "http://www.nakamoto-dc.jp/" }, "geometry": { "type": "Point", "coordinates": [ 133.082183, 34.39891 ] } },
{ "type": "Feature", "properties": { "内容": "山河歯科医院【3:歯科】広島県広島市安佐南区川内３丁目１９番１３号", "url": "https://www.iryou.teikyouseido.mhlw.go.jp/znk-web/juminkanja/S2430/initialize?prefCd=34&kikanCd=3340094520&kikanKbn=3", "url2": null }, "geometry": { "type": "Point", "coordinates": [ 132.486373, 34.46075 ] } },
{ "type": "Feature", "properties": { "内容": "岡橋歯科医院【3:歯科】広島県広島市安佐南区祇園２丁目２３番２０号", "url": "https://www.iryou.teikyouseido.mhlw.go.jp/znk-web/juminkanja/S2430/initialize?prefCd=34&kikanCd=3340095080&kikanKbn=3", "url2": "http://okahashidental.sub.jp/" }, "geometry": { "type": "Point", "coordinates": [ 132.466454, 34.442561 ] } },
{ "type": "Feature", "properties": { "内容": "きむら歯科【3:歯科】広島県広島市安佐北区口田南２丁目１２番３号", "url": "https://www.iryou.teikyouseido.mhlw.go.jp/znk-web/juminkanja/S2430/initialize?prefCd=34&kikanCd=3340095950&kikanKbn=3", "url2": "https://kimuradc-koyo.cm" }, "geometry": { "type": "Point", "coordinates": [ 132.495834, 34.457234 ] } },
{ "type": "Feature", "properties": { "内容": "梅木歯科医院【3:歯科】広島県広島市西区観音本町２－７－２８", "url": "https://www.iryou.teikyouseido.mhlw.go.jp/znk-web/juminkanja/S2430/initialize?prefCd=34&kikanCd=3340096120&kikanKbn=3", "url2": null }, "geometry": { "type": "Point", "coordinates": [ 132.435403, 34.388899 ] } },
{ "type": "Feature", "properties": { "内容": "三上歯科医院【3:歯科】広島県広島市南区宇品御幸１－９－２６", "url": "https://www.iryou.teikyouseido.mhlw.go.jp/znk-web/juminkanja/S2430/initialize?prefCd=34&kikanCd=3340096410&kikanKbn=3", "url2": "https://mikami-dental.com/" }, "geometry": { "type": "Point", "coordinates": [ 132.463819, 34.368541 ] } },
{ "type": "Feature", "properties": { "内容": "平野歯科医院【3:歯科】広島県広島市中区光南１－９－１８", "url": "https://www.iryou.teikyouseido.mhlw.go.jp/znk-web/juminkanja/S2430/initialize?prefCd=34&kikanCd=3340096540&kikanKbn=3", "url2": null }, "geometry": { "type": "Point", "coordinates": [ 132.44857, 34.367568 ] } },
{ "type": "Feature", "properties": { "内容": "徳久歯科医院【3:歯科】広島県福山市柳津町二丁目１１－２０", "url": "https://www.iryou.teikyouseido.mhlw.go.jp/znk-web/juminkanja/S2430/initialize?prefCd=34&kikanCd=3340096830&kikanKbn=3", "url2": null }, "geometry": { "type": "Point", "coordinates": [ 133.26561, 34.439297 ] } },
{ "type": "Feature", "properties": { "内容": "植木歯科医院【3:歯科】広島県広島市中区幟町１３番２３号", "url": "https://www.iryou.teikyouseido.mhlw.go.jp/znk-web/juminkanja/S2430/initialize?prefCd=34&kikanCd=3340097260&kikanKbn=3", "url2": "http://ueki-dental.com" }, "geometry": { "type": "Point", "coordinates": [ 132.465324, 34.393856 ] } },
{ "type": "Feature", "properties": { "内容": "河田歯科【3:歯科】広島県広島市中区八丁堀１４－１０　新八丁堀ビル７Ｆ", "url": "https://www.iryou.teikyouseido.mhlw.go.jp/znk-web/juminkanja/S2430/initialize?prefCd=34&kikanCd=3340097550&kikanKbn=3", "url2": "http://www.kawada-shika.jp" }, "geometry": { "type": "Point", "coordinates": [ 132.463417, 34.394509 ] } },
{ "type": "Feature", "properties": { "内容": "医療法人　水上歯科医院【3:歯科】広島県広島市東区戸坂出江２丁目７番２０号　水上ビル２階", "url": "https://www.iryou.teikyouseido.mhlw.go.jp/znk-web/juminkanja/S2430/initialize?prefCd=34&kikanCd=3340098720&kikanKbn=3", "url2": null }, "geometry": { "type": "Point", "coordinates": [ 132.487403, 34.434586 ] } },
{ "type": "Feature", "properties": { "内容": "藤本歯科医院【3:歯科】広島県福山市南手城町２－１１－１６", "url": "https://www.iryou.teikyouseido.mhlw.go.jp/znk-web/juminkanja/S2430/initialize?prefCd=34&kikanCd=3340098980&kikanKbn=3", "url2": null }, "geometry": { "type": "Point", "coordinates": [ 133.391931, 34.482656 ] } },
{ "type": "Feature", "properties": { "内容": "医療法人社団萌生会　中尾歯科医院【3:歯科】広島県尾道市十四日元町６－３", "url": "https://www.iryou.teikyouseido.mhlw.go.jp/znk-web/juminkanja/S2430/initialize?prefCd=34&kikanCd=3340099150&kikanKbn=3", "url2": "http://www.nakaod.com/" }, "geometry": { "type": "Point", "coordinates": [ 133.203366, 34.408938 ] } },
{ "type": "Feature", "properties": { "内容": "イリョウホウジン中島歯科【3:歯科】広島県広島市南区松原町１０－２５　芙蓉ビル３階", "url": "https://www.iryou.teikyouseido.mhlw.go.jp/znk-web/juminkanja/S2430/initialize?prefCd=34&kikanCd=3340099570&kikanKbn=3", "url2": null }, "geometry": { "type": "Point", "coordinates": [ 132.472225, 34.397519 ] } },
{ "type": "Feature", "properties": { "内容": "小林歯科医院【3:歯科】広島県府中市府中町２８－７", "url": "https://www.iryou.teikyouseido.mhlw.go.jp/znk-web/juminkanja/S2430/initialize?prefCd=34&kikanCd=3340101040&kikanKbn=3", "url2": null }, "geometry": { "type": "Point", "coordinates": [ 133.234525, 34.572229 ] } },
{ "type": "Feature", "properties": { "内容": "慈晃歯科医院【3:歯科】広島県広島市佐伯区五日市五丁目１１番２１号　第２桂ビル２０２", "url": "https://www.iryou.teikyouseido.mhlw.go.jp/znk-web/juminkanja/S2430/initialize?prefCd=34&kikanCd=3340102500&kikanKbn=3", "url2": null }, "geometry": { "type": "Point", "coordinates": [ 132.357411, 34.371677 ] } },
{ "type": "Feature", "properties": { "内容": "児玉歯科医院【3:歯科】広島県呉市中通１－１－２７", "url": "https://www.iryou.teikyouseido.mhlw.go.jp/znk-web/juminkanja/S2430/initialize?prefCd=34&kikanCd=3340102760&kikanKbn=3", "url2": null }, "geometry": { "type": "Point", "coordinates": [ 132.562594, 34.241695 ] } },
{ "type": "Feature", "properties": { "内容": "荒谷歯科医院【3:歯科】広島県広島市中区大手町２－５－６", "url": "https://www.iryou.teikyouseido.mhlw.go.jp/znk-web/juminkanja/S2430/initialize?prefCd=34&kikanCd=3340103060&kikanKbn=3", "url2": null }, "geometry": { "type": "Point", "coordinates": [ 132.455096, 34.392288 ] } },
{ "type": "Feature", "properties": { "内容": "牧平歯科医院【3:歯科】広島県福山市金江町金見２５２２－２", "url": "https://www.iryou.teikyouseido.mhlw.go.jp/znk-web/juminkanja/S2430/initialize?prefCd=34&kikanCd=3340103800&kikanKbn=3", "url2": "https://www.hpda.or.jp/search/861/" }, "geometry": { "type": "Point", "coordinates": [ 133.277582, 34.428354 ] } },
{ "type": "Feature", "properties": { "内容": "藤林歯科医院【3:歯科】広島県広島市南区東本浦町１０－１３", "url": "https://www.iryou.teikyouseido.mhlw.go.jp/znk-web/juminkanja/S2430/initialize?prefCd=34&kikanCd=3340104230&kikanKbn=3", "url2": null }, "geometry": { "type": "Point", "coordinates": [ 132.490316, 34.375541 ] } },
{ "type": "Feature", "properties": { "内容": "甲元歯科医院【3:歯科】広島県安芸郡府中町浜田２丁目２番１６号", "url": "https://www.iryou.teikyouseido.mhlw.go.jp/znk-web/juminkanja/S2430/initialize?prefCd=34&kikanCd=3340104520&kikanKbn=3", "url2": null }, "geometry": { "type": "Point", "coordinates": [ 132.507192, 34.388162 ] } },
{ "type": "Feature", "properties": { "内容": "医療法人社団　有貴会　歌野原歯科【3:歯科】広島県東広島市西条御条町３番地１９", "url": "https://www.iryou.teikyouseido.mhlw.go.jp/znk-web/juminkanja/S2430/initialize?prefCd=34&kikanCd=3340104650&kikanKbn=3", "url2": "https://utanohara-shika.or.jp" }, "geometry": { "type": "Point", "coordinates": [ 132.74532, 34.423957 ] } },
{ "type": "Feature", "properties": { "内容": "藤井歯科医院【3:歯科】広島県福山市桜馬場町１―３０", "url": "https://www.iryou.teikyouseido.mhlw.go.jp/znk-web/juminkanja/S2430/initialize?prefCd=34&kikanCd=3340104780&kikanKbn=3", "url2": "http://www.fujii-dc.com" }, "geometry": { "type": "Point", "coordinates": [ 133.367516, 34.49421 ] } },
{ "type": "Feature", "properties": { "内容": "宮木歯科医院【3:歯科】広島県広島市安芸区中野２丁目１７－１６", "url": "https://www.iryou.teikyouseido.mhlw.go.jp/znk-web/juminkanja/S2430/initialize?prefCd=34&kikanCd=3340105110&kikanKbn=3", "url2": null }, "geometry": { "type": "Point", "coordinates": [ 132.562282, 34.390901 ] } },
{ "type": "Feature", "properties": { "内容": "西原ひだまり歯科【3:歯科】広島県広島市安佐南区西原９－１９－２４", "url": "https://www.iryou.teikyouseido.mhlw.go.jp/znk-web/juminkanja/S2430/initialize?prefCd=34&kikanCd=3340105790&kikanKbn=3", "url2": "https://www.hidamari-dent.net/" }, "geometry": { "type": "Point", "coordinates": [ 132.47239, 34.445776 ] } },
{ "type": "Feature", "properties": { "内容": "三谷歯科医院【3:歯科】広島県福山市沼隈町草深１９６６ー２", "url": "https://www.iryou.teikyouseido.mhlw.go.jp/znk-web/juminkanja/S2430/initialize?prefCd=34&kikanCd=3340106250&kikanKbn=3", "url2": null }, "geometry": { "type": "Point", "coordinates": [ 133.322441, 34.388443 ] } },
{ "type": "Feature", "properties": { "内容": "高橋歯科医院【3:歯科】広島県福山市南蔵王町四丁目１－１４", "url": "https://www.iryou.teikyouseido.mhlw.go.jp/znk-web/juminkanja/S2430/initialize?prefCd=34&kikanCd=3340107420&kikanKbn=3", "url2": null }, "geometry": { "type": "Point", "coordinates": [ 133.392819, 34.497516 ] } },
{ "type": "Feature", "properties": { "内容": "船越南歯科医院【3:歯科】広島県広島市安芸区船越南２丁目２０番１８号　昌明ビル３階", "url": "https://www.iryou.teikyouseido.mhlw.go.jp/znk-web/juminkanja/S2430/initialize?prefCd=34&kikanCd=3340107550&kikanKbn=3", "url2": null }, "geometry": { "type": "Point", "coordinates": [ 132.524341, 34.372319 ] } },
{ "type": "Feature", "properties": { "内容": "医療法人　社団　柏村歯科【3:歯科】広島県呉市本通３－１－１９", "url": "https://www.iryou.teikyouseido.mhlw.go.jp/znk-web/juminkanja/S2430/initialize?prefCd=34&kikanCd=3340107710&kikanKbn=3", "url2": null }, "geometry": { "type": "Point", "coordinates": [ 132.565757, 34.24455 ] } },
{ "type": "Feature", "properties": { "内容": "高橋歯科医院【3:歯科】広島県竹原市中央三丁目１６番３６号", "url": "https://www.iryou.teikyouseido.mhlw.go.jp/znk-web/juminkanja/S2430/initialize?prefCd=34&kikanCd=3340108300&kikanKbn=3", "url2": null }, "geometry": { "type": "Point", "coordinates": [ 132.910699, 34.344329 ] } },
{ "type": "Feature", "properties": { "内容": "藤原歯科医院【3:歯科】広島県広島市西区草津東２丁目１番１３号", "url": "https://www.iryou.teikyouseido.mhlw.go.jp/znk-web/juminkanja/S2430/initialize?prefCd=34&kikanCd=3340108690&kikanKbn=3", "url2": null }, "geometry": { "type": "Point", "coordinates": [ 132.406989, 34.382955 ] } },
{ "type": "Feature", "properties": { "内容": "ファミリー歯科診療所【3:歯科】広島県三原市城町二丁目２－１７　岡田ビル２Ｆ", "url": "https://www.iryou.teikyouseido.mhlw.go.jp/znk-web/juminkanja/S2430/initialize?prefCd=34&kikanCd=3340108980&kikanKbn=3", "url2": "https://www.family-dentalclinic-mihara.com/" }, "geometry": { "type": "Point", "coordinates": [ 133.086321, 34.400048 ] } },
{ "type": "Feature", "properties": { "内容": "佐々木歯科医院【3:歯科】広島県福山市神辺町川南３１７３", "url": "https://www.iryou.teikyouseido.mhlw.go.jp/znk-web/juminkanja/S2430/initialize?prefCd=34&kikanCd=3340109730&kikanKbn=3", "url2": "http:11sasaki-dc111.com" }, "geometry": { "type": "Point", "coordinates": [ 133.381151, 34.539872 ] } },
{ "type": "Feature", "properties": { "内容": "岡田歯科医院【3:歯科】広島県尾道市沖側町３番８号", "url": "https://www.iryou.teikyouseido.mhlw.go.jp/znk-web/juminkanja/S2430/initialize?prefCd=34&kikanCd=3340110260&kikanKbn=3", "url2": null }, "geometry": { "type": "Point", "coordinates": [ 133.167842, 34.400939 ] } },
{ "type": "Feature", "properties": { "内容": "大元歯科医院【3:歯科】広島県尾道市尾崎本町４－９", "url": "https://www.iryou.teikyouseido.mhlw.go.jp/znk-web/juminkanja/S2430/initialize?prefCd=34&kikanCd=3340110390&kikanKbn=3", "url2": null }, "geometry": { "type": "Point", "coordinates": [ 133.211952, 34.411192 ] } },
{ "type": "Feature", "properties": { "内容": "安芸歯科クリニック【3:歯科】広島県広島市東区温品５－２－６２", "url": "https://www.iryou.teikyouseido.mhlw.go.jp/znk-web/juminkanja/S2430/initialize?prefCd=34&kikanCd=3340111010&kikanKbn=3", "url2": null }, "geometry": { "type": "Point", "coordinates": [ 132.508659, 34.413658 ] } },
{ "type": "Feature", "properties": { "内容": "杉村歯科医院【3:歯科】広島県福山市若松町６番６号", "url": "https://www.iryou.teikyouseido.mhlw.go.jp/znk-web/juminkanja/S2430/initialize?prefCd=34&kikanCd=3340111270&kikanKbn=3", "url2": "http://kimurashikaiin.net" }, "geometry": { "type": "Point", "coordinates": [ 133.372099, 34.492738 ] } },
{ "type": "Feature", "properties": { "内容": "田中歯科医院【3:歯科】広島県福山市明治町１３－２２", "url": "https://www.iryou.teikyouseido.mhlw.go.jp/znk-web/juminkanja/S2430/initialize?prefCd=34&kikanCd=3340111430&kikanKbn=3", "url2": null }, "geometry": { "type": "Point", "coordinates": [ 133.368405, 34.4821 ] } },
{ "type": "Feature", "properties": { "内容": "橋本歯科医院【3:歯科】広島県福山市南蔵王町５丁目４番２６号", "url": "https://www.iryou.teikyouseido.mhlw.go.jp/znk-web/juminkanja/S2430/initialize?prefCd=34&kikanCd=3340111980&kikanKbn=3", "url2": "https://www.84moto-dentalclinic.com/" }, "geometry": { "type": "Point", "coordinates": [ 133.400346, 34.500543 ] } },
{ "type": "Feature", "properties": { "内容": "宗金歯科医院【3:歯科】広島県尾道市因島田熊町４３３４－２", "url": "https://www.iryou.teikyouseido.mhlw.go.jp/znk-web/juminkanja/S2430/initialize?prefCd=34&kikanCd=3340112600&kikanKbn=3", "url2": null }, "geometry": { "type": "Point", "coordinates": [ 133.157486, 34.299664 ] } },
{ "type": "Feature", "properties": { "内容": "岸保歯科クリニック【3:歯科】広島県安芸郡府中町本町５－６－１", "url": "https://www.iryou.teikyouseido.mhlw.go.jp/znk-web/juminkanja/S2430/initialize?prefCd=34&kikanCd=3340112860&kikanKbn=3", "url2": "https://ganbosikakurinikku.web.fc2.com/" }, "geometry": { "type": "Point", "coordinates": [ 132.504454, 34.398414 ] } },
{ "type": "Feature", "properties": { "内容": "野坂歯科医院【3:歯科】広島県広島市東区牛田新町１丁目６番３６号　みつふじビル２階", "url": "https://www.iryou.teikyouseido.mhlw.go.jp/znk-web/juminkanja/S2430/initialize?prefCd=34&kikanCd=3340113290&kikanKbn=3", "url2": null }, "geometry": { "type": "Point", "coordinates": [ 132.465711, 34.420579 ] } },
{ "type": "Feature", "properties": { "内容": "医療法人社団みずほ会　清水歯科医院【3:歯科】広島県広島市中区基町１１－５　和光紙屋町ビル２Ｆ", "url": "https://www.iryou.teikyouseido.mhlw.go.jp/znk-web/juminkanja/S2430/initialize?prefCd=34&kikanCd=3340113450&kikanKbn=3", "url2": null }, "geometry": { "type": "Point", "coordinates": [ 132.459151, 34.395205 ] } },
{ "type": "Feature", "properties": { "内容": "藤岡歯科医院【3:歯科】広島県広島市安佐南区古市２－１７－３　国田ビル２Ｆ", "url": "https://www.iryou.teikyouseido.mhlw.go.jp/znk-web/juminkanja/S2430/initialize?prefCd=34&kikanCd=3340113580&kikanKbn=3", "url2": null }, "geometry": { "type": "Point", "coordinates": [ 132.470963, 34.452842 ] } },
{ "type": "Feature", "properties": { "内容": "医療法人社団　みずほ会　高陽歯科医院【3:歯科】広島県広島市安佐北区真亀３丁目３番１６号", "url": "https://www.iryou.teikyouseido.mhlw.go.jp/znk-web/juminkanja/S2430/initialize?prefCd=34&kikanCd=3340113740&kikanKbn=3", "url2": "mizuho-kai.jp" }, "geometry": { "type": "Point", "coordinates": [ 132.515801, 34.484661 ] } },
{ "type": "Feature", "properties": { "内容": "旭町歯科医院【3:歯科】広島県広島市南区旭２丁目３番２１号", "url": "https://www.iryou.teikyouseido.mhlw.go.jp/znk-web/juminkanja/S2430/initialize?prefCd=34&kikanCd=3340114040&kikanKbn=3", "url2": null }, "geometry": { "type": "Point", "coordinates": [ 132.476538, 34.37527 ] } },
{ "type": "Feature", "properties": { "内容": "医療法人社団　仁屋会　片山歯科医院【3:歯科】広島県三次市十日市東１丁目７番１号", "url": "https://www.iryou.teikyouseido.mhlw.go.jp/znk-web/juminkanja/S2430/initialize?prefCd=34&kikanCd=3340114330&kikanKbn=3", "url2": "https://katayama-od.com" }, "geometry": { "type": "Point", "coordinates": [ 132.857988, 34.804918 ] } },
{ "type": "Feature", "properties": { "内容": "堤歯科医院【3:歯科】広島県福山市延広町５番６号", "url": "https://www.iryou.teikyouseido.mhlw.go.jp/znk-web/juminkanja/S2430/initialize?prefCd=34&kikanCd=3340114590&kikanKbn=3", "url2": "http://tsutsumishika.org/" }, "geometry": { "type": "Point", "coordinates": [ 133.365405, 34.486627 ] } },
{ "type": "Feature", "properties": { "内容": "田中歯科医院【3:歯科】広島県広島市安芸区矢野西５丁目１３番２８号", "url": "https://www.iryou.teikyouseido.mhlw.go.jp/znk-web/juminkanja/S2430/initialize?prefCd=34&kikanCd=3340115630&kikanKbn=3", "url2": null }, "geometry": { "type": "Point", "coordinates": [ 132.536563, 34.351238 ] } },
{ "type": "Feature", "properties": { "内容": "平戸歯科駅前【3:歯科】広島県府中市元町４７２－１", "url": "https://www.iryou.teikyouseido.mhlw.go.jp/znk-web/juminkanja/S2430/initialize?prefCd=34&kikanCd=3340115890&kikanKbn=3", "url2": "www.hiratosika.jp" }, "geometry": { "type": "Point", "coordinates": [ 133.236856, 34.572977 ] } },
{ "type": "Feature", "properties": { "内容": "平田歯科医院【3:歯科】広島県福山市道三町１－７", "url": "https://www.iryou.teikyouseido.mhlw.go.jp/znk-web/juminkanja/S2430/initialize?prefCd=34&kikanCd=3340117070&kikanKbn=3", "url2": null }, "geometry": { "type": "Point", "coordinates": [ 133.364489, 34.48235 ] } },
{ "type": "Feature", "properties": { "内容": "住田歯科【3:歯科】広島県広島市中区袋町７番３号", "url": "https://www.iryou.teikyouseido.mhlw.go.jp/znk-web/juminkanja/S2430/initialize?prefCd=34&kikanCd=3340117650&kikanKbn=3", "url2": null }, "geometry": { "type": "Point", "coordinates": [ 132.461142, 34.391369 ] } },
{ "type": "Feature", "properties": { "内容": "津田歯科医院【3:歯科】広島県広島市中区大手町３－６－１９", "url": "https://www.iryou.teikyouseido.mhlw.go.jp/znk-web/juminkanja/S2430/initialize?prefCd=34&kikanCd=3340117780&kikanKbn=3", "url2": "http://www.tsuda-dc.com" }, "geometry": { "type": "Point", "coordinates": [ 132.453735, 34.388094 ] } },
{ "type": "Feature", "properties": { "内容": "だて歯科医院【3:歯科】広島県広島市南区皆実町６－１－４", "url": "https://www.iryou.teikyouseido.mhlw.go.jp/znk-web/juminkanja/S2430/initialize?prefCd=34&kikanCd=3340118370&kikanKbn=3", "url2": null }, "geometry": { "type": "Point", "coordinates": [ 132.464303, 34.373332 ] } },
{ "type": "Feature", "properties": { "内容": "山科歯科医院【3:歯科】広島県広島市佐伯区八幡２丁目２６－２７", "url": "https://www.iryou.teikyouseido.mhlw.go.jp/znk-web/juminkanja/S2430/initialize?prefCd=34&kikanCd=3340118790&kikanKbn=3", "url2": "https://yamashina-dc.com/" }, "geometry": { "type": "Point", "coordinates": [ 132.355802, 34.387899 ] } },
{ "type": "Feature", "properties": { "内容": "医療法人社団　柄歯科医院【3:歯科】広島県広島市中区本通７－３０", "url": "https://www.iryou.teikyouseido.mhlw.go.jp/znk-web/juminkanja/S2430/initialize?prefCd=34&kikanCd=3340118820&kikanKbn=3", "url2": null }, "geometry": { "type": "Point", "coordinates": [ 132.458082, 34.39307 ] } },
{ "type": "Feature", "properties": { "内容": "小谷歯科医院【3:歯科】広島県広島市南区青崎１－６－１２", "url": "https://www.iryou.teikyouseido.mhlw.go.jp/znk-web/juminkanja/S2430/initialize?prefCd=34&kikanCd=3340118950&kikanKbn=3", "url2": null }, "geometry": { "type": "Point", "coordinates": [ 132.506214, 34.374132 ] } },
{ "type": "Feature", "properties": { "内容": "林歯科医院【3:歯科】広島県尾道市因島土生町２００９－７", "url": "https://www.iryou.teikyouseido.mhlw.go.jp/znk-web/juminkanja/S2430/initialize?prefCd=34&kikanCd=3340119090&kikanKbn=3", "url2": null }, "geometry": { "type": "Point", "coordinates": [ 133.17943, 34.283451 ] } },
{ "type": "Feature", "properties": { "内容": "戸田歯科医院【3:歯科】広島県広島市安佐北区可部３－３５－８", "url": "https://www.iryou.teikyouseido.mhlw.go.jp/znk-web/juminkanja/S2430/initialize?prefCd=34&kikanCd=3340119120&kikanKbn=3", "url2": "http://www.toda-dental-clinic.com/" }, "geometry": { "type": "Point", "coordinates": [ 132.512724, 34.517776 ] } },
{ "type": "Feature", "properties": { "内容": "村田歯科医院【3:歯科】広島県広島市南区東雲１―２０―１８", "url": "https://www.iryou.teikyouseido.mhlw.go.jp/znk-web/juminkanja/S2430/initialize?prefCd=34&kikanCd=3340120520&kikanKbn=3", "url2": null }, "geometry": { "type": "Point", "coordinates": [ 132.48926, 34.382512 ] } },
{ "type": "Feature", "properties": { "内容": "吉光歯科医院【3:歯科】広島県福山市宮前町２丁目５番２６号", "url": "https://www.iryou.teikyouseido.mhlw.go.jp/znk-web/juminkanja/S2430/initialize?prefCd=34&kikanCd=3340120780&kikanKbn=3", "url2": "thhps://www.yoshimitsu-dental.com" }, "geometry": { "type": "Point", "coordinates": [ 133.261221, 34.454157 ] } },
{ "type": "Feature", "properties": { "内容": "中山歯科医院【3:歯科】広島県福山市三吉町４－１３－２９", "url": "https://www.iryou.teikyouseido.mhlw.go.jp/znk-web/juminkanja/S2430/initialize?prefCd=34&kikanCd=3340120810&kikanKbn=3", "url2": null }, "geometry": { "type": "Point", "coordinates": [ 133.378765, 34.496238 ] } },
{ "type": "Feature", "properties": { "内容": "医療法人社団　円林歯科医院【3:歯科】広島県広島市安佐南区長楽寺町１－８－１１　田中ビル１Ｆ", "url": "https://www.iryou.teikyouseido.mhlw.go.jp/znk-web/juminkanja/S2430/initialize?prefCd=34&kikanCd=3340121660&kikanKbn=3", "url2": null }, "geometry": { "type": "Point", "coordinates": [ 132.433872, 34.472224 ] } },
{ "type": "Feature", "properties": { "内容": "内田歯科医院【3:歯科】広島県福山市御幸町森脇４４０―６", "url": "https://www.iryou.teikyouseido.mhlw.go.jp/znk-web/juminkanja/S2430/initialize?prefCd=34&kikanCd=3340122120&kikanKbn=3", "url2": "http://uchidashika.ci-hp.jp/" }, "geometry": { "type": "Point", "coordinates": [ 133.351321, 34.535511 ] } },
{ "type": "Feature", "properties": { "内容": "キモト歯科【3:歯科】広島県呉市本通３－６－１５　２Ｆ", "url": "https://www.iryou.teikyouseido.mhlw.go.jp/znk-web/juminkanja/S2430/initialize?prefCd=34&kikanCd=3340122380&kikanKbn=3", "url2": null }, "geometry": { "type": "Point", "coordinates": [ 132.566288, 34.244334 ] } },
{ "type": "Feature", "properties": { "内容": "佐藤歯科医院【3:歯科】広島県呉市焼山中央１丁目１０－８－２０１　石田ビル２Ｆ", "url": "https://www.iryou.teikyouseido.mhlw.go.jp/znk-web/juminkanja/S2430/initialize?prefCd=34&kikanCd=3340122410&kikanKbn=3", "url2": null }, "geometry": { "type": "Point", "coordinates": [ 132.555287, 34.294106 ] } },
{ "type": "Feature", "properties": { "内容": "一般社団法人福山市歯科医師会口腔保健センター【3:歯科】広島県福山市南蔵王町六丁目１９－３４", "url": "https://www.iryou.teikyouseido.mhlw.go.jp/znk-web/juminkanja/S2430/initialize?prefCd=34&kikanCd=3340122540&kikanKbn=3", "url2": "http://www.fukuyama-dent.jp/" }, "geometry": { "type": "Point", "coordinates": [ 133.404468, 34.5011 ] } },
{ "type": "Feature", "properties": { "内容": "山村歯科医院【3:歯科】広島県広島市東区二葉の里１－２－１－１０１　コープ野村二葉の里１Ｆ", "url": "https://www.iryou.teikyouseido.mhlw.go.jp/znk-web/juminkanja/S2430/initialize?prefCd=34&kikanCd=3340122830&kikanKbn=3", "url2": "http://www.yamamurashika.com/" }, "geometry": { "type": "Point", "coordinates": [ 132.47065, 34.402815 ] } },
{ "type": "Feature", "properties": { "内容": "医療法人社団ひまわり会　井上歯科医院【3:歯科】広島県東広島市志和町七条椛坂５２９", "url": "https://www.iryou.teikyouseido.mhlw.go.jp/znk-web/juminkanja/S2430/initialize?prefCd=34&kikanCd=3340123000&kikanKbn=3", "url2": null }, "geometry": { "type": "Point", "coordinates": [ 132.663825, 34.461729 ] } },
{ "type": "Feature", "properties": { "内容": "ほんだ歯科医院【3:歯科】広島県尾道市高須町３７００―３", "url": "https://www.iryou.teikyouseido.mhlw.go.jp/znk-web/juminkanja/S2430/initialize?prefCd=34&kikanCd=3340123130&kikanKbn=3", "url2": null }, "geometry": { "type": "Point", "coordinates": [ 133.231081, 34.440698 ] } },
{ "type": "Feature", "properties": { "内容": "医療法人社団　中村歯科【3:歯科】広島県福山市春日町１丁目５番５４号", "url": "https://www.iryou.teikyouseido.mhlw.go.jp/znk-web/juminkanja/S2430/initialize?prefCd=34&kikanCd=3340123550&kikanKbn=3", "url2": null }, "geometry": { "type": "Point", "coordinates": [ 133.404901, 34.506237 ] } },
{ "type": "Feature", "properties": { "内容": "医療法人社団　門田歯科医院【3:歯科】広島県府中市高木町５４５―２", "url": "https://www.iryou.teikyouseido.mhlw.go.jp/znk-web/juminkanja/S2430/initialize?prefCd=34&kikanCd=3340123840&kikanKbn=3", "url2": "http://www.monden-dc.jp/" }, "geometry": { "type": "Point", "coordinates": [ 133.248467, 34.562358 ] } },
{ "type": "Feature", "properties": { "内容": "小西歯科小児歯科医院【3:歯科】広島県府中市府中町９３番１０号", "url": "https://www.iryou.teikyouseido.mhlw.go.jp/znk-web/juminkanja/S2430/initialize?prefCd=34&kikanCd=3340124560&kikanKbn=3", "url2": "www.konishi-shika.com" }, "geometry": { "type": "Point", "coordinates": [ 133.233356, 34.571755 ] } },
{ "type": "Feature", "properties": { "内容": "紙谷歯科医院【3:歯科】広島県三次市三次町１３８８―１", "url": "https://www.iryou.teikyouseido.mhlw.go.jp/znk-web/juminkanja/S2430/initialize?prefCd=34&kikanCd=3340124690&kikanKbn=3", "url2": "https://kamidani-shika.jp" }, "geometry": { "type": "Point", "coordinates": [ 132.845683, 34.810028 ] } },
{ "type": "Feature", "properties": { "内容": "福永歯科医院【3:歯科】広島県広島市西区南観音１丁目１１－３８　第二マサモトビル２階", "url": "https://www.iryou.teikyouseido.mhlw.go.jp/znk-web/juminkanja/S2430/initialize?prefCd=34&kikanCd=3340126160&kikanKbn=3", "url2": null }, "geometry": { "type": "Point", "coordinates": [ 132.432459, 34.382539 ] } },
{ "type": "Feature", "properties": { "内容": "まつき歯科医院【3:歯科】広島県広島市安佐北区安佐町飯室１５７０番地の１", "url": "https://www.iryou.teikyouseido.mhlw.go.jp/znk-web/juminkanja/S2430/initialize?prefCd=34&kikanCd=3340126290&kikanKbn=3", "url2": null }, "geometry": { "type": "Point", "coordinates": [ 132.445068, 34.550894 ] } },
{ "type": "Feature", "properties": { "内容": "上八丁堀おかざき歯科医院【3:歯科】広島県広島市中区上八丁堀５番１５号　新沢ビル４０１", "url": "https://www.iryou.teikyouseido.mhlw.go.jp/znk-web/juminkanja/S2430/initialize?prefCd=34&kikanCd=3340127330&kikanKbn=3", "url2": "https://ko-dc.jp" }, "geometry": { "type": "Point", "coordinates": [ 132.463567, 34.399565 ] } },
{ "type": "Feature", "properties": { "内容": "根石歯科医院【3:歯科】広島県安芸郡海田町昭和中町２番２１号", "url": "https://www.iryou.teikyouseido.mhlw.go.jp/znk-web/juminkanja/S2430/initialize?prefCd=34&kikanCd=3340127880&kikanKbn=3", "url2": null }, "geometry": { "type": "Point", "coordinates": [ 132.538196, 34.368377 ] } },
{ "type": "Feature", "properties": { "内容": "元林歯科医院【3:歯科】広島県山県郡北広島町大朝４５２３番地１", "url": "https://www.iryou.teikyouseido.mhlw.go.jp/znk-web/juminkanja/S2430/initialize?prefCd=34&kikanCd=3340128180&kikanKbn=3", "url2": null }, "geometry": { "type": "Point", "coordinates": [ 132.464324, 34.76985 ] } },
{ "type": "Feature", "properties": { "内容": "はまだ歯科医院【3:歯科】広島県福山市東町３丁目１番１５号", "url": "https://www.iryou.teikyouseido.mhlw.go.jp/znk-web/juminkanja/S2430/initialize?prefCd=34&kikanCd=3340128340&kikanKbn=3", "url2": "http://www.hamada-dental.jp" }, "geometry": { "type": "Point", "coordinates": [ 133.368293, 34.493127 ] } },
{ "type": "Feature", "properties": { "内容": "塚本歯科医院【3:歯科】広島県神石郡神石高原町安田２２９－８", "url": "https://www.iryou.teikyouseido.mhlw.go.jp/znk-web/juminkanja/S2430/initialize?prefCd=34&kikanCd=3340128470&kikanKbn=3", "url2": null }, "geometry": { "type": "Point", "coordinates": [ 133.278299, 34.739016 ] } },
{ "type": "Feature", "properties": { "内容": "第２井原歯科医院【3:歯科】広島県安芸郡熊野町出来庭五丁目２０番７号", "url": "https://www.iryou.teikyouseido.mhlw.go.jp/znk-web/juminkanja/S2430/initialize?prefCd=34&kikanCd=3340128630&kikanKbn=3", "url2": null }, "geometry": { "type": "Point", "coordinates": [ 132.578191, 34.33448 ] } },
{ "type": "Feature", "properties": { "内容": "荒田歯科クリニック【3:歯科】広島県大竹市西栄１－８－１９", "url": "https://www.iryou.teikyouseido.mhlw.go.jp/znk-web/juminkanja/S2430/initialize?prefCd=34&kikanCd=3340129190&kikanKbn=3", "url2": null }, "geometry": { "type": "Point", "coordinates": [ 132.22501, 34.21731 ] } },
{ "type": "Feature", "properties": { "内容": "渡辺歯科医院【3:歯科】広島県福山市沼隈町草深１８７０－６", "url": "https://www.iryou.teikyouseido.mhlw.go.jp/znk-web/juminkanja/S2430/initialize?prefCd=34&kikanCd=3340129220&kikanKbn=3", "url2": "http://ww7.enjoy.ne.jp/~y.watanabe" }, "geometry": { "type": "Point", "coordinates": [ 133.318108, 34.390442 ] } },
{ "type": "Feature", "properties": { "内容": "医療法人　朋友会　せいぶ歯科医院【3:歯科】広島県広島市西区井口明神１－１４－４", "url": "https://www.iryou.teikyouseido.mhlw.go.jp/znk-web/juminkanja/S2430/initialize?prefCd=34&kikanCd=3340129350&kikanKbn=3", "url2": "http://www.seibudent.com/" }, "geometry": { "type": "Point", "coordinates": [ 132.39307, 34.373698 ] } },
{ "type": "Feature", "properties": { "内容": "衣笠歯科医院【3:歯科】広島県広島市安佐南区山本３丁目２１番１０号", "url": "https://www.iryou.teikyouseido.mhlw.go.jp/znk-web/juminkanja/S2430/initialize?prefCd=34&kikanCd=3340129510&kikanKbn=3", "url2": null }, "geometry": { "type": "Point", "coordinates": [ 132.4514, 34.438311 ] } },
{ "type": "Feature", "properties": { "内容": "医療法人Ｄ・Ｆ・Ｃ　どえ歯科医院【3:歯科】広島県広島市南区東雲本町２－４－２０", "url": "https://www.iryou.teikyouseido.mhlw.go.jp/znk-web/juminkanja/S2430/initialize?prefCd=34&kikanCd=3340129800&kikanKbn=3", "url2": null }, "geometry": { "type": "Point", "coordinates": [ 132.485094, 34.383067 ] } },
{ "type": "Feature", "properties": { "内容": "医療法人社団　うざき歯科【3:歯科】広島県広島市西区南観音七丁目１３－２０　ひらいちビル２階", "url": "https://www.iryou.teikyouseido.mhlw.go.jp/znk-web/juminkanja/S2430/initialize?prefCd=34&kikanCd=3340129930&kikanKbn=3", "url2": "http://www.uzaki-dental-clinic.com/" }, "geometry": { "type": "Point", "coordinates": [ 132.427546, 34.378914 ] } },
{ "type": "Feature", "properties": { "内容": "山岡歯科医院【3:歯科】広島県広島市安佐北区三入一丁目２６番２０号", "url": "https://www.iryou.teikyouseido.mhlw.go.jp/znk-web/juminkanja/S2430/initialize?prefCd=34&kikanCd=3340130040&kikanKbn=3", "url2": null }, "geometry": { "type": "Point", "coordinates": [ 132.517343, 34.530503 ] } },
{ "type": "Feature", "properties": { "内容": "岡田歯科医院【3:歯科】広島県安芸郡熊野町萩原７－１４－１９", "url": "https://www.iryou.teikyouseido.mhlw.go.jp/znk-web/juminkanja/S2430/initialize?prefCd=34&kikanCd=3340130750&kikanKbn=3", "url2": null }, "geometry": { "type": "Point", "coordinates": [ 132.590059, 34.344268 ] } },
{ "type": "Feature", "properties": { "内容": "二神歯科医院【3:歯科】広島県安芸郡海田町成本１１番２７号　１０２", "url": "https://www.iryou.teikyouseido.mhlw.go.jp/znk-web/juminkanja/S2430/initialize?prefCd=34&kikanCd=3340130880&kikanKbn=3", "url2": null }, "geometry": { "type": "Point", "coordinates": [ 132.540256, 34.375541 ] } },
{ "type": "Feature", "properties": { "内容": "甲野歯科医院【3:歯科】広島県広島市佐伯区城山１－１５－８", "url": "https://www.iryou.teikyouseido.mhlw.go.jp/znk-web/juminkanja/S2430/initialize?prefCd=34&kikanCd=3340131050&kikanKbn=3", "url2": "konosika.web.fc2.com" }, "geometry": { "type": "Point", "coordinates": [ 132.355438, 34.384176 ] } },
{ "type": "Feature", "properties": { "内容": "青木歯科医院【3:歯科】広島県広島市安佐南区長束１－２－２２", "url": "https://www.iryou.teikyouseido.mhlw.go.jp/znk-web/juminkanja/S2430/initialize?prefCd=34&kikanCd=3340131470&kikanKbn=3", "url2": "http://www.h-aoki-shika.com/" }, "geometry": { "type": "Point", "coordinates": [ 132.462427, 34.430867 ] } },
{ "type": "Feature", "properties": { "内容": "三谷歯科医院【3:歯科】広島県尾道市長江１－７－４", "url": "https://www.iryou.teikyouseido.mhlw.go.jp/znk-web/juminkanja/S2430/initialize?prefCd=34&kikanCd=3340131890&kikanKbn=3", "url2": null }, "geometry": { "type": "Point", "coordinates": [ 133.202176, 34.411788 ] } },
{ "type": "Feature", "properties": { "内容": "医療法人社団　前野歯科【3:歯科】広島県広島市中区堺町２－４－１１", "url": "https://www.iryou.teikyouseido.mhlw.go.jp/znk-web/juminkanja/S2430/initialize?prefCd=34&kikanCd=3340132060&kikanKbn=3", "url2": "http://maeno-dental.jp/" }, "geometry": { "type": "Point", "coordinates": [ 132.444552, 34.394686 ] } },
{ "type": "Feature", "properties": { "内容": "山崎歯科医院【3:歯科】広島県広島市西区観音本町１丁目２２－３０", "url": "https://www.iryou.teikyouseido.mhlw.go.jp/znk-web/juminkanja/S2430/initialize?prefCd=34&kikanCd=3340132350&kikanKbn=3", "url2": null }, "geometry": { "type": "Point", "coordinates": [ 132.435497, 34.388154 ] } },
{ "type": "Feature", "properties": { "内容": "医療法人社団　藤岡歯科【3:歯科】広島県府中市元町５３４－８", "url": "https://www.iryou.teikyouseido.mhlw.go.jp/znk-web/juminkanja/S2430/initialize?prefCd=34&kikanCd=3340133070&kikanKbn=3", "url2": "https://fujioka-dental.com/" }, "geometry": { "type": "Point", "coordinates": [ 133.236348, 34.576027 ] } },
{ "type": "Feature", "properties": { "内容": "佐々木歯科医院【3:歯科】広島県呉市広両谷３丁目２番７号", "url": "https://www.iryou.teikyouseido.mhlw.go.jp/znk-web/juminkanja/S2430/initialize?prefCd=34&kikanCd=3340133230&kikanKbn=3", "url2": "sasaki-dental-clinic.net" }, "geometry": { "type": "Point", "coordinates": [ 132.629533, 34.236252 ] } },
{ "type": "Feature", "properties": { "内容": "森永歯科医院【3:歯科】広島県広島市南区大州３丁目９－２１　ＫＯビル２階", "url": "https://www.iryou.teikyouseido.mhlw.go.jp/znk-web/juminkanja/S2430/initialize?prefCd=34&kikanCd=3340133650&kikanKbn=3", "url2": null }, "geometry": { "type": "Point", "coordinates": [ 132.490343, 34.388734 ] } },
{ "type": "Feature", "properties": { "内容": "安達歯科医院【3:歯科】広島県広島市西区楠木町３－１３－３６　カルチェヴェールＥ棟１階", "url": "https://www.iryou.teikyouseido.mhlw.go.jp/znk-web/juminkanja/S2430/initialize?prefCd=34&kikanCd=3340133780&kikanKbn=3", "url2": null }, "geometry": { "type": "Point", "coordinates": [ 132.458956, 34.411203 ] } },
{ "type": "Feature", "properties": { "内容": "すがなみスマイル歯科【3:歯科】広島県福山市神辺町川北７１５－７", "url": "https://www.iryou.teikyouseido.mhlw.go.jp/znk-web/juminkanja/S2430/initialize?prefCd=34&kikanCd=3340133810&kikanKbn=3", "url2": "http://suganami-dental.com" }, "geometry": { "type": "Point", "coordinates": [ 133.379762, 34.541122 ] } },
{ "type": "Feature", "properties": { "内容": "折田歯科医院【3:歯科】広島県三次市十日市中三丁目９－３", "url": "https://www.iryou.teikyouseido.mhlw.go.jp/znk-web/juminkanja/S2430/initialize?prefCd=34&kikanCd=3340133940&kikanKbn=3", "url2": null }, "geometry": { "type": "Point", "coordinates": [ 132.854572, 34.806862 ] } },
{ "type": "Feature", "properties": { "内容": "三善歯科医院【3:歯科】広島県広島市東区馬木５丁目１４５５", "url": "https://www.iryou.teikyouseido.mhlw.go.jp/znk-web/juminkanja/S2430/initialize?prefCd=34&kikanCd=3340134400&kikanKbn=3", "url2": null }, "geometry": { "type": "Point", "coordinates": [ 132.530342, 34.439236 ] } },
{ "type": "Feature", "properties": { "内容": "脇歯科医院【3:歯科】広島県呉市中通４－１－２７", "url": "https://www.iryou.teikyouseido.mhlw.go.jp/znk-web/juminkanja/S2430/initialize?prefCd=34&kikanCd=3340134660&kikanKbn=3", "url2": null }, "geometry": { "type": "Point", "coordinates": [ 132.565408, 34.246926 ] } },
{ "type": "Feature", "properties": { "内容": "因島村上歯科医院【3:歯科】広島県尾道市因島土生町１９０２－２", "url": "https://www.iryou.teikyouseido.mhlw.go.jp/znk-web/juminkanja/S2430/initialize?prefCd=34&kikanCd=3340134790&kikanKbn=3", "url2": null }, "geometry": { "type": "Point", "coordinates": [ 133.17843, 34.285868 ] } },
{ "type": "Feature", "properties": { "内容": "第一歯科医院【3:歯科】広島県三原市中之町１－２１－１７", "url": "https://www.iryou.teikyouseido.mhlw.go.jp/znk-web/juminkanja/S2430/initialize?prefCd=34&kikanCd=3340135380&kikanKbn=3", "url2": null }, "geometry": { "type": "Point", "coordinates": [ 133.092126, 34.406937 ] } },
{ "type": "Feature", "properties": { "内容": "医療法人　横畑歯科医院【3:歯科】広島県広島市安佐北区落合５－２８－１２　１Ｆ", "url": "https://www.iryou.teikyouseido.mhlw.go.jp/znk-web/juminkanja/S2430/initialize?prefCd=34&kikanCd=3340136000&kikanKbn=3", "url2": null }, "geometry": { "type": "Point", "coordinates": [ 132.521975, 34.476752 ] } },
{ "type": "Feature", "properties": { "内容": "上田歯科医院【3:歯科】広島県福山市三吉町南２丁目１番１９号", "url": "https://www.iryou.teikyouseido.mhlw.go.jp/znk-web/juminkanja/S2430/initialize?prefCd=34&kikanCd=3340136420&kikanKbn=3", "url2": null }, "geometry": { "type": "Point", "coordinates": [ 133.37571, 34.4896 ] } },
{ "type": "Feature", "properties": { "内容": "愛真歯科医院【3:歯科】広島県三原市糸崎４丁目９番２３号", "url": "https://www.iryou.teikyouseido.mhlw.go.jp/znk-web/juminkanja/S2430/initialize?prefCd=34&kikanCd=3340136680&kikanKbn=3", "url2": "http://www.aishinshika.com/" }, "geometry": { "type": "Point", "coordinates": [ 133.104403, 34.393133 ] } },
{ "type": "Feature", "properties": { "内容": "医療法人社団　Ｅｎｆｌｅｕｒｓ　白島歯科【3:歯科】広島県広島市中区白島北町３－１　河瀬ビル２階", "url": "https://www.iryou.teikyouseido.mhlw.go.jp/znk-web/juminkanja/S2430/initialize?prefCd=34&kikanCd=3340136710&kikanKbn=3", "url2": "https://hakushima.jimdofree.com/" }, "geometry": { "type": "Point", "coordinates": [ 132.463344, 34.411203 ] } },
{ "type": "Feature", "properties": { "内容": "佐々木歯科医院【3:歯科】広島県広島市安佐北区可部５丁目７番５－９号", "url": "https://www.iryou.teikyouseido.mhlw.go.jp/znk-web/juminkanja/S2430/initialize?prefCd=34&kikanCd=3340136970&kikanKbn=3", "url2": null }, "geometry": { "type": "Point", "coordinates": [ 132.504808, 34.522831 ] } },
{ "type": "Feature", "properties": { "内容": "岩上歯科医院【3:歯科】広島県広島市安佐北区落合南２－３－１４", "url": "https://www.iryou.teikyouseido.mhlw.go.jp/znk-web/juminkanja/S2430/initialize?prefCd=34&kikanCd=3340137430&kikanKbn=3", "url2": null }, "geometry": { "type": "Point", "coordinates": [ 132.511134, 34.469872 ] } },
{ "type": "Feature", "properties": { "内容": "医療法人　中司歯科医院【3:歯科】広島県尾道市向東町３５５０番地６", "url": "https://www.iryou.teikyouseido.mhlw.go.jp/znk-web/juminkanja/S2430/initialize?prefCd=34&kikanCd=3340137690&kikanKbn=3", "url2": null }, "geometry": { "type": "Point", "coordinates": [ 133.216338, 34.397801 ] } },
{ "type": "Feature", "properties": { "内容": "寺島歯科医院【3:歯科】広島県福山市引野町三丁目３－５０", "url": "https://www.iryou.teikyouseido.mhlw.go.jp/znk-web/juminkanja/S2430/initialize?prefCd=34&kikanCd=3340137850&kikanKbn=3", "url2": "http://www.terashima-shika.com/" }, "geometry": { "type": "Point", "coordinates": [ 133.413405, 34.495117 ] } },
{ "type": "Feature", "properties": { "内容": "医療法人社団　のぶもと歯科【3:歯科】広島県広島市中区宝町９－２５広島クリニックビル３Ｆ", "url": "https://www.iryou.teikyouseido.mhlw.go.jp/znk-web/juminkanja/S2430/initialize?prefCd=34&kikanCd=3340138020&kikanKbn=3", "url2": "https://www.nobumotoshika.com/" }, "geometry": { "type": "Point", "coordinates": [ 132.461568, 34.384789 ] } },
{ "type": "Feature", "properties": { "内容": "阿品台歯科医院【3:歯科】広島県廿日市市阿品台４丁目１番１７号", "url": "https://www.iryou.teikyouseido.mhlw.go.jp/znk-web/juminkanja/S2430/initialize?prefCd=34&kikanCd=3340139160&kikanKbn=3", "url2": null }, "geometry": { "type": "Point", "coordinates": [ 132.309028, 34.329237 ] } },
{ "type": "Feature", "properties": { "内容": "渡辺歯科医院【3:歯科】広島県福山市神辺町新徳田３１９", "url": "https://www.iryou.teikyouseido.mhlw.go.jp/znk-web/juminkanja/S2430/initialize?prefCd=34&kikanCd=3340139290&kikanKbn=3", "url2": null }, "geometry": { "type": "Point", "coordinates": [ 133.362405, 34.485905 ] } },
{ "type": "Feature", "properties": { "内容": "医療法人社団仁至会　河上歯科医院【3:歯科】広島県尾道市西則末町８－２０", "url": "https://www.iryou.teikyouseido.mhlw.go.jp/znk-web/juminkanja/S2430/initialize?prefCd=34&kikanCd=3340139580&kikanKbn=3", "url2": "http://www.kawakamishika.jp" }, "geometry": { "type": "Point", "coordinates": [ 133.186597, 34.419667 ] } },
{ "type": "Feature", "properties": { "内容": "和田歯科医院【3:歯科】広島県福山市西町２－５－６", "url": "https://www.iryou.teikyouseido.mhlw.go.jp/znk-web/juminkanja/S2430/initialize?prefCd=34&kikanCd=3340139610&kikanKbn=3", "url2": "https://www.wada-shika.jp/" }, "geometry": { "type": "Point", "coordinates": [ 133.357933, 34.490182 ] } },
{ "type": "Feature", "properties": { "内容": "好中歯科医院【3:歯科】広島県豊田郡大崎上島町中野１７３７－１", "url": "https://www.iryou.teikyouseido.mhlw.go.jp/znk-web/juminkanja/S2430/initialize?prefCd=34&kikanCd=3340139740&kikanKbn=3", "url2": null }, "geometry": { "type": "Point", "coordinates": [ 132.8949, 34.243923 ] } },
{ "type": "Feature", "properties": { "内容": "早志歯科福富診療所【3:歯科】広島県東広島市福富町久芳３７００－１", "url": "https://www.iryou.teikyouseido.mhlw.go.jp/znk-web/juminkanja/S2430/initialize?prefCd=34&kikanCd=3340140560&kikanKbn=3", "url2": "http://www.hayashidentalclinic.com" }, "geometry": { "type": "Point", "coordinates": [ 132.781372, 34.539144 ] } },
{ "type": "Feature", "properties": { "内容": "ファミリー歯科宮地【3:歯科】広島県尾道市因島中庄町３３１４番地の２", "url": "https://www.iryou.teikyouseido.mhlw.go.jp/znk-web/juminkanja/S2430/initialize?prefCd=34&kikanCd=3340140690&kikanKbn=3", "url2": "http://www.dental-miyaji.com/" }, "geometry": { "type": "Point", "coordinates": [ 133.172039, 34.327169 ] } },
{ "type": "Feature", "properties": { "内容": "医療法人社団　新風会　佐伯歯科【3:歯科】広島県呉市本通１丁目５番１２号", "url": "https://www.iryou.teikyouseido.mhlw.go.jp/znk-web/juminkanja/S2430/initialize?prefCd=34&kikanCd=3340141280&kikanKbn=3", "url2": "http://saeki-shika.com/" }, "geometry": { "type": "Point", "coordinates": [ 132.564117, 34.241791 ] } },
{ "type": "Feature", "properties": { "内容": "池田歯科医院【3:歯科】広島県呉市音戸町北隠渡一丁目４－７", "url": "https://www.iryou.teikyouseido.mhlw.go.jp/znk-web/juminkanja/S2430/initialize?prefCd=34&kikanCd=3340141310&kikanKbn=3", "url2": null }, "geometry": { "type": "Point", "coordinates": [ 132.533115, 34.192021 ] } },
{ "type": "Feature", "properties": { "内容": "山岡歯科医院【3:歯科】広島県福山市引野町北五丁目４－２８", "url": "https://www.iryou.teikyouseido.mhlw.go.jp/znk-web/juminkanja/S2430/initialize?prefCd=34&kikanCd=3340141600&kikanKbn=3", "url2": "http://www.yamaoka-dent.jp/" }, "geometry": { "type": "Point", "coordinates": [ 133.419761, 34.501682 ] } },
{ "type": "Feature", "properties": { "内容": "井上歯科医院【3:歯科】広島県福山市高西町真田３８７－５", "url": "https://www.iryou.teikyouseido.mhlw.go.jp/znk-web/juminkanja/S2430/initialize?prefCd=34&kikanCd=3340141730&kikanKbn=3", "url2": null }, "geometry": { "type": "Point", "coordinates": [ 133.238417, 34.449185 ] } },
{ "type": "Feature", "properties": { "内容": "上田歯科医院【3:歯科】広島県呉市東畑１丁目４－１５", "url": "https://www.iryou.teikyouseido.mhlw.go.jp/znk-web/juminkanja/S2430/initialize?prefCd=34&kikanCd=3340142870&kikanKbn=3", "url2": null }, "geometry": { "type": "Point", "coordinates": [ 132.584981, 34.252694 ] } },
{ "type": "Feature", "properties": { "内容": "谷口歯科クリニック【3:歯科】広島県大竹市小方１丁目１３－３２", "url": "https://www.iryou.teikyouseido.mhlw.go.jp/znk-web/juminkanja/S2430/initialize?prefCd=34&kikanCd=3340143200&kikanKbn=3", "url2": null }, "geometry": { "type": "Point", "coordinates": [ 132.222595, 34.238384 ] } },
{ "type": "Feature", "properties": { "内容": "第一歯科医院【3:歯科】広島県広島市安佐南区伴東五丁目８番１８号", "url": "https://www.iryou.teikyouseido.mhlw.go.jp/znk-web/juminkanja/S2430/initialize?prefCd=34&kikanCd=3340143620&kikanKbn=3", "url2": null }, "geometry": { "type": "Point", "coordinates": [ 132.424457, 34.467487 ] } },
{ "type": "Feature", "properties": { "内容": "医療法人　森田会　平和通り歯科口腔外科　全日空ホテル診療所【3:歯科】広島県広島市中区中町７－２０　ＡＮＡクラウンプラザホテル１Ｆ", "url": "https://www.iryou.teikyouseido.mhlw.go.jp/znk-web/juminkanja/S2430/initialize?prefCd=34&kikanCd=3340144050&kikanKbn=3", "url2": "www.heiwadori-dental.com/" }, "geometry": { "type": "Point", "coordinates": [ 132.456902, 34.390397 ] } },
{ "type": "Feature", "properties": { "内容": "小田歯科医院【3:歯科】広島県広島市南区大州４丁目９番１７号", "url": "https://www.iryou.teikyouseido.mhlw.go.jp/znk-web/juminkanja/S2430/initialize?prefCd=34&kikanCd=3340144180&kikanKbn=3", "url2": "http://www.odashika.jp" }, "geometry": { "type": "Point", "coordinates": [ 132.494514, 34.387409 ] } },
{ "type": "Feature", "properties": { "内容": "桜井歯科医院【3:歯科】広島県呉市本通２丁目３番２４号", "url": "https://www.iryou.teikyouseido.mhlw.go.jp/znk-web/juminkanja/S2430/initialize?prefCd=34&kikanCd=3340145220&kikanKbn=3", "url2": null }, "geometry": { "type": "Point", "coordinates": [ 132.565608, 34.243306 ] } },
{ "type": "Feature", "properties": { "内容": "浅川歯科【3:歯科】広島県広島市西区古江新町１７－３４　リラティブ古江　１Ｆ", "url": "https://www.iryou.teikyouseido.mhlw.go.jp/znk-web/juminkanja/S2430/initialize?prefCd=34&kikanCd=3340145350&kikanKbn=3", "url2": "http//www.118.ne.jp/" }, "geometry": { "type": "Point", "coordinates": [ 132.408572, 34.384233 ] } },
{ "type": "Feature", "properties": { "内容": "やわらぎ会歯科診療所【3:歯科】広島県広島市南区仁保１－６－２３浜村ビル１Ｆ", "url": "https://www.iryou.teikyouseido.mhlw.go.jp/znk-web/juminkanja/S2430/initialize?prefCd=34&kikanCd=3340145770&kikanKbn=3", "url2": null }, "geometry": { "type": "Point", "coordinates": [ 132.494066, 34.373402 ] } },
{ "type": "Feature", "properties": { "内容": "医療法人　角田歯科医院【3:歯科】広島県大竹市本町２丁目９番９号", "url": "https://www.iryou.teikyouseido.mhlw.go.jp/znk-web/juminkanja/S2430/initialize?prefCd=34&kikanCd=3340145800&kikanKbn=3", "url2": "http://www.kakuda-dc.com" }, "geometry": { "type": "Point", "coordinates": [ 132.216453, 34.207692 ] } },
{ "type": "Feature", "properties": { "内容": "小林歯科【3:歯科】広島県福山市水呑町１９２７番地", "url": "https://www.iryou.teikyouseido.mhlw.go.jp/znk-web/juminkanja/S2430/initialize?prefCd=34&kikanCd=3340146360&kikanKbn=3", "url2": null }, "geometry": { "type": "Point", "coordinates": [ 133.379683, 34.445854 ] } },
{ "type": "Feature", "properties": { "内容": "渡辺歯科医院【3:歯科】広島県広島市東区牛田本町４丁目２番５２号", "url": "https://www.iryou.teikyouseido.mhlw.go.jp/znk-web/juminkanja/S2430/initialize?prefCd=34&kikanCd=3340146780&kikanKbn=3", "url2": null }, "geometry": { "type": "Point", "coordinates": [ 132.468844, 34.413064 ] } },
{ "type": "Feature", "properties": { "内容": "松原歯科医院【3:歯科】広島県廿日市市大野原２丁目４番２８号", "url": "https://www.iryou.teikyouseido.mhlw.go.jp/znk-web/juminkanja/S2430/initialize?prefCd=34&kikanCd=3340146810&kikanKbn=3", "url2": null }, "geometry": { "type": "Point", "coordinates": [ 132.270783, 34.28999 ] } },
{ "type": "Feature", "properties": { "内容": "荒木歯科医院【3:歯科】広島県福山市今津町４－１－８", "url": "https://www.iryou.teikyouseido.mhlw.go.jp/znk-web/juminkanja/S2430/initialize?prefCd=34&kikanCd=3340147240&kikanKbn=3", "url2": "http://www.araki-dental.jp/" }, "geometry": { "type": "Point", "coordinates": [ 133.253471, 34.450324 ] } },
{ "type": "Feature", "properties": { "内容": "牧原歯科医院【3:歯科】広島県庄原市西本町２－１６－１７", "url": "https://www.iryou.teikyouseido.mhlw.go.jp/znk-web/juminkanja/S2430/initialize?prefCd=34&kikanCd=3340147370&kikanKbn=3", "url2": null }, "geometry": { "type": "Point", "coordinates": [ 133.00914, 34.856859 ] } },
{ "type": "Feature", "properties": { "内容": "はなえみ歯科【3:歯科】広島県福山市野上町３丁目１２番２１号", "url": "https://www.iryou.teikyouseido.mhlw.go.jp/znk-web/juminkanja/S2430/initialize?prefCd=34&kikanCd=3340147660&kikanKbn=3", "url2": "http://www.hanaemi-dc.com/" }, "geometry": { "type": "Point", "coordinates": [ 133.362656, 34.476767 ] } },
{ "type": "Feature", "properties": { "内容": "いとう歯科【3:歯科】広島県広島市西区庚午北２－６－６", "url": "https://www.iryou.teikyouseido.mhlw.go.jp/znk-web/juminkanja/S2430/initialize?prefCd=34&kikanCd=3340147790&kikanKbn=3", "url2": null }, "geometry": { "type": "Point", "coordinates": [ 132.421127, 34.391454 ] } },
{ "type": "Feature", "properties": { "内容": "吉岡歯科医院【3:歯科】広島県広島市西区観音本町１丁目　２－６", "url": "https://www.iryou.teikyouseido.mhlw.go.jp/znk-web/juminkanja/S2430/initialize?prefCd=34&kikanCd=3340147950&kikanKbn=3", "url2": null }, "geometry": { "type": "Point", "coordinates": [ 132.439903, 34.388361 ] } },
{ "type": "Feature", "properties": { "内容": "高崎歯科医院【3:歯科】広島県広島市安佐南区川内５－２１－２１", "url": "https://www.iryou.teikyouseido.mhlw.go.jp/znk-web/juminkanja/S2430/initialize?prefCd=34&kikanCd=3340148090&kikanKbn=3", "url2": null }, "geometry": { "type": "Point", "coordinates": [ 132.487173, 34.464836 ] } },
{ "type": "Feature", "properties": { "内容": "西川歯科医院【3:歯科】広島県安芸郡府中町大須１－１７－２３", "url": "https://www.iryou.teikyouseido.mhlw.go.jp/znk-web/juminkanja/S2430/initialize?prefCd=34&kikanCd=3340148380&kikanKbn=3", "url2": null }, "geometry": { "type": "Point", "coordinates": [ 132.500259, 34.391761 ] } },
{ "type": "Feature", "properties": { "内容": "正田歯科医院【3:歯科】広島県世羅郡世羅町西上原９０－２", "url": "https://www.iryou.teikyouseido.mhlw.go.jp/znk-web/juminkanja/S2430/initialize?prefCd=34&kikanCd=3340148410&kikanKbn=3", "url2": null }, "geometry": { "type": "Point", "coordinates": [ 133.057253, 34.585083 ] } },
{ "type": "Feature", "properties": { "内容": "瀬山備北歯科【3:歯科】広島県三次市十日市東四丁目３－６", "url": "https://www.iryou.teikyouseido.mhlw.go.jp/znk-web/juminkanja/S2430/initialize?prefCd=34&kikanCd=3340149130&kikanKbn=3", "url2": "https://www.dental-iiha.com/d0037003.html" }, "geometry": { "type": "Point", "coordinates": [ 132.862015, 34.804688 ] } },
{ "type": "Feature", "properties": { "内容": "医療法人社団　大隅歯科【3:歯科】広島県呉市川尻町東３丁目１番７号", "url": "https://www.iryou.teikyouseido.mhlw.go.jp/znk-web/juminkanja/S2430/initialize?prefCd=34&kikanCd=3340149420&kikanKbn=3", "url2": null }, "geometry": { "type": "Point", "coordinates": [ 132.696222, 34.235976 ] } },
{ "type": "Feature", "properties": { "内容": "医療法人　共愛会　三宅歯科医院【3:歯科】広島県山県郡北広島町有田９８－４", "url": "https://www.iryou.teikyouseido.mhlw.go.jp/znk-web/juminkanja/S2430/initialize?prefCd=34&kikanCd=3340149550&kikanKbn=3", "url2": "http://dental-miyake.jp" }, "geometry": { "type": "Point", "coordinates": [ 132.530549, 34.680731 ] } },
{ "type": "Feature", "properties": { "内容": "光山歯科医院【3:歯科】広島県広島市中区舟入幸町７番１４号", "url": "https://www.iryou.teikyouseido.mhlw.go.jp/znk-web/juminkanja/S2430/initialize?prefCd=34&kikanCd=3340149710&kikanKbn=3", "url2": "mituyamashika.p-kit.com/sp/" }, "geometry": { "type": "Point", "coordinates": [ 132.442714, 34.383967 ] } },
{ "type": "Feature", "properties": { "内容": "医療法人社団ももの木会　そえだ歯科医院【3:歯科】広島県東広島市西条土与丸二丁目２番４１号", "url": "https://www.iryou.teikyouseido.mhlw.go.jp/znk-web/juminkanja/S2430/initialize?prefCd=34&kikanCd=3340150110&kikanKbn=3", "url2": null }, "geometry": { "type": "Point", "coordinates": [ 132.753615, 34.431957 ] } },
{ "type": "Feature", "properties": { "内容": "こたく歯科医院【3:歯科】広島県広島市東区若草町１０番１１号　加藤ビル１階", "url": "https://www.iryou.teikyouseido.mhlw.go.jp/znk-web/juminkanja/S2430/initialize?prefCd=34&kikanCd=3340150370&kikanKbn=3", "url2": null }, "geometry": { "type": "Point", "coordinates": [ 132.479649, 34.397705 ] } },
{ "type": "Feature", "properties": { "内容": "医療法人　健美会　竹下歯科医院【3:歯科】広島県広島市安佐南区大町西３丁目５番２８号　吉川ビル２０１号室", "url": "https://www.iryou.teikyouseido.mhlw.go.jp/znk-web/juminkanja/S2430/initialize?prefCd=34&kikanCd=3340150400&kikanKbn=3", "url2": "http://www.takakeshita-dental.com/" }, "geometry": { "type": "Point", "coordinates": [ 132.461148, 34.466947 ] } },
{ "type": "Feature", "properties": { "内容": "川端歯科医院【3:歯科】広島県広島市佐伯区湯来町白砂３５２６－１", "url": "https://www.iryou.teikyouseido.mhlw.go.jp/znk-web/juminkanja/S2430/initialize?prefCd=34&kikanCd=3340150530&kikanKbn=3", "url2": null }, "geometry": { "type": "Point", "coordinates": [ 132.29077, 34.432692 ] } },
{ "type": "Feature", "properties": { "内容": "真鍋歯科医院【3:歯科】広島県広島市西区三篠町１丁目１１番１１号", "url": "https://www.iryou.teikyouseido.mhlw.go.jp/znk-web/juminkanja/S2430/initialize?prefCd=34&kikanCd=3340151250&kikanKbn=3", "url2": "https://www.hiroshima-manabesika.net/" }, "geometry": { "type": "Point", "coordinates": [ 132.450984, 34.410869 ] } },
{ "type": "Feature", "properties": { "内容": "花岡矯正歯科クリニック【3:歯科】広島県広島市中区大手町１丁目１番２０号ニュー大手町ビル５Ｆ", "url": "https://www.iryou.teikyouseido.mhlw.go.jp/znk-web/juminkanja/S2430/initialize?prefCd=34&kikanCd=3340151700&kikanKbn=3", "url2": "https://www.hanaoka.net/" }, "geometry": { "type": "Point", "coordinates": [ 132.455207, 34.395649 ] } },
{ "type": "Feature", "properties": { "内容": "鳥枝歯科医院【3:歯科】広島県福山市神辺町道上６１２－２", "url": "https://www.iryou.teikyouseido.mhlw.go.jp/znk-web/juminkanja/S2430/initialize?prefCd=34&kikanCd=3340152550&kikanKbn=3", "url2": "https://torieda-dc.com" }, "geometry": { "type": "Point", "coordinates": [ 133.358347, 34.550898 ] } },
{ "type": "Feature", "properties": { "内容": "医療法人社団　でさき歯科【3:歯科】広島県呉市本通５丁目５番１１号", "url": "https://www.iryou.teikyouseido.mhlw.go.jp/znk-web/juminkanja/S2430/initialize?prefCd=34&kikanCd=3340152710&kikanKbn=3", "url2": "https://desakishika.jimdo.com/" }, "geometry": { "type": "Point", "coordinates": [ 132.57176, 34.250278 ] } },
{ "type": "Feature", "properties": { "内容": "みやもと歯科医院【3:歯科】広島県尾道市三軒家町１４番９号", "url": "https://www.iryou.teikyouseido.mhlw.go.jp/znk-web/juminkanja/S2430/initialize?prefCd=34&kikanCd=3340153010&kikanKbn=3", "url2": null }, "geometry": { "type": "Point", "coordinates": [ 133.191066, 34.407206 ] } },
{ "type": "Feature", "properties": { "内容": "医療法人社団　みずほ会　蔵王歯科医院【3:歯科】広島県福山市南蔵王町５丁目９番１８号　ゆめタウン蔵王店３Ｆ", "url": "https://www.iryou.teikyouseido.mhlw.go.jp/znk-web/juminkanja/S2430/initialize?prefCd=34&kikanCd=3340153720&kikanKbn=3", "url2": null }, "geometry": { "type": "Point", "coordinates": [ 133.399873, 34.504598 ] } },
{ "type": "Feature", "properties": { "内容": "森野歯科医院【3:歯科】広島県広島市中区白島北町１４番２３号", "url": "https://www.iryou.teikyouseido.mhlw.go.jp/znk-web/juminkanja/S2430/initialize?prefCd=34&kikanCd=3340153850&kikanKbn=3", "url2": "http://www.morino-shika.jp" }, "geometry": { "type": "Point", "coordinates": [ 132.462872, 34.408842 ] } },
{ "type": "Feature", "properties": { "内容": "橘歯科医院【3:歯科】広島県呉市川尻町西二丁目１－２４", "url": "https://www.iryou.teikyouseido.mhlw.go.jp/znk-web/juminkanja/S2430/initialize?prefCd=34&kikanCd=3340153980&kikanKbn=3", "url2": null }, "geometry": { "type": "Point", "coordinates": [ 132.695222, 34.235004 ] } },
{ "type": "Feature", "properties": { "内容": "しげもり歯科医院【3:歯科】広島県福山市春日町六丁目２－９", "url": "https://www.iryou.teikyouseido.mhlw.go.jp/znk-web/juminkanja/S2430/initialize?prefCd=34&kikanCd=3340154280&kikanKbn=3", "url2": "hppt://shigemorishika.jp/" }, "geometry": { "type": "Point", "coordinates": [ 133.411372, 34.508681 ] } },
{ "type": "Feature", "properties": { "内容": "岡野歯科医院【3:歯科】広島県呉市広大新開１丁目４番１５号", "url": "https://www.iryou.teikyouseido.mhlw.go.jp/znk-web/juminkanja/S2430/initialize?prefCd=34&kikanCd=3340154310&kikanKbn=3", "url2": null }, "geometry": { "type": "Point", "coordinates": [ 132.623089, 34.232808 ] } },
{ "type": "Feature", "properties": { "内容": "医療法人社団　琴奈会　イチカワ歯科クリニック【3:歯科】広島県呉市広古新開１－３－１　楠ビル２０２", "url": "https://www.iryou.teikyouseido.mhlw.go.jp/znk-web/juminkanja/S2430/initialize?prefCd=34&kikanCd=3340154440&kikanKbn=3", "url2": null }, "geometry": { "type": "Point", "coordinates": [ 132.617201, 34.233002 ] } },
{ "type": "Feature", "properties": { "内容": "小川歯科医院【3:歯科】広島県福山市松永町四丁目１６－６", "url": "https://www.iryou.teikyouseido.mhlw.go.jp/znk-web/juminkanja/S2430/initialize?prefCd=34&kikanCd=3340154600&kikanKbn=3", "url2": "http://ogawashika-418.com" }, "geometry": { "type": "Point", "coordinates": [ 133.259915, 34.450935 ] } },
{ "type": "Feature", "properties": { "内容": "小林歯科医院【3:歯科】広島県福山市赤坂町赤坂１０９０－７", "url": "https://www.iryou.teikyouseido.mhlw.go.jp/znk-web/juminkanja/S2430/initialize?prefCd=34&kikanCd=3340154730&kikanKbn=3", "url2": null }, "geometry": { "type": "Point", "coordinates": [ 133.305373, 34.469486 ] } },
{ "type": "Feature", "properties": { "内容": "立野歯科医院【3:歯科】広島県福山市花園町１丁目３－１６", "url": "https://www.iryou.teikyouseido.mhlw.go.jp/znk-web/juminkanja/S2430/initialize?prefCd=34&kikanCd=3340154860&kikanKbn=3", "url2": "http://www.enjoy.ne.jp/~tateno-shika/" }, "geometry": { "type": "Point", "coordinates": [ 133.373016, 34.481517 ] } },
{ "type": "Feature", "properties": { "内容": "貞岡歯科医院【3:歯科】広島県安芸高田市吉田町吉田６２６－１", "url": "https://www.iryou.teikyouseido.mhlw.go.jp/znk-web/juminkanja/S2430/initialize?prefCd=34&kikanCd=3340154990&kikanKbn=3", "url2": null }, "geometry": { "type": "Point", "coordinates": [ 132.702146, 34.667569 ] } },
{ "type": "Feature", "properties": { "内容": "山田歯科医院【3:歯科】広島県広島市中区国泰寺町一丁目３－１２", "url": "https://www.iryou.teikyouseido.mhlw.go.jp/znk-web/juminkanja/S2430/initialize?prefCd=34&kikanCd=3340155160&kikanKbn=3", "url2": "http://ww41.tiki.ne.jp/~yamada-shika/" }, "geometry": { "type": "Point", "coordinates": [ 132.455254, 34.387367 ] } },
{ "type": "Feature", "properties": { "内容": "八島歯科クリニック【3:歯科】広島県広島市安佐南区西原四丁目３５－１０", "url": "https://www.iryou.teikyouseido.mhlw.go.jp/znk-web/juminkanja/S2430/initialize?prefCd=34&kikanCd=3340155320&kikanKbn=3", "url2": "https://yashima-shika.com/" }, "geometry": { "type": "Point", "coordinates": [ 132.465538, 34.4342 ] } },
{ "type": "Feature", "properties": { "内容": "ひらた歯科【3:歯科】広島県福山市北吉津町２－１－１４", "url": "https://www.iryou.teikyouseido.mhlw.go.jp/znk-web/juminkanja/S2430/initialize?prefCd=34&kikanCd=3340155610&kikanKbn=3", "url2": "http://sk0326.shika-senyouhp.com" }, "geometry": { "type": "Point", "coordinates": [ 133.362849, 34.497571 ] } },
{ "type": "Feature", "properties": { "内容": "横引歯科医院【3:歯科】広島県広島市安佐南区毘沙門台二丁目４２－２７", "url": "https://www.iryou.teikyouseido.mhlw.go.jp/znk-web/juminkanja/S2430/initialize?prefCd=34&kikanCd=3340155900&kikanKbn=3", "url2": null }, "geometry": { "type": "Point", "coordinates": [ 132.46193, 34.477641 ] } },
{ "type": "Feature", "properties": { "内容": "長田歯科医院【3:歯科】広島県安芸郡海田町窪町４－５１", "url": "https://www.iryou.teikyouseido.mhlw.go.jp/znk-web/juminkanja/S2430/initialize?prefCd=34&kikanCd=3340156040&kikanKbn=3", "url2": null }, "geometry": { "type": "Point", "coordinates": [ 132.52831, 34.371553 ] } },
{ "type": "Feature", "properties": { "内容": "イチマ歯科医院【3:歯科】広島県安芸郡海田町南大正町４－２８－２０１", "url": "https://www.iryou.teikyouseido.mhlw.go.jp/znk-web/juminkanja/S2430/initialize?prefCd=34&kikanCd=3340156170&kikanKbn=3", "url2": "www.ichima-shika.com/" }, "geometry": { "type": "Point", "coordinates": [ 132.533535, 34.366903 ] } },
{ "type": "Feature", "properties": { "内容": "三次市甲奴歯科診療所【3:歯科】広島県三次市甲奴町本郷６４５番地１", "url": "https://www.iryou.teikyouseido.mhlw.go.jp/znk-web/juminkanja/S2430/initialize?prefCd=34&kikanCd=3340156200&kikanKbn=3", "url2": null }, "geometry": { "type": "Point", "coordinates": [ 133.081974, 34.704794 ] } },
{ "type": "Feature", "properties": { "内容": "医療法人社団一水会　安芸津歯科医院【3:歯科】広島県東広島市安芸津町風早３２０６", "url": "https://www.iryou.teikyouseido.mhlw.go.jp/znk-web/juminkanja/S2430/initialize?prefCd=34&kikanCd=3340156330&kikanKbn=3", "url2": null }, "geometry": { "type": "Point", "coordinates": [ 132.803543, 34.314108 ] } },
{ "type": "Feature", "properties": { "内容": "グレイス歯科【3:歯科】広島県広島市西区庚午中四丁目４－２４　景田ビル２階", "url": "https://www.iryou.teikyouseido.mhlw.go.jp/znk-web/juminkanja/S2430/initialize?prefCd=34&kikanCd=3340156460&kikanKbn=3", "url2": null }, "geometry": { "type": "Point", "coordinates": [ 132.41552, 34.382418 ] } },
{ "type": "Feature", "properties": { "内容": "平野歯科医院【3:歯科】広島県広島市佐伯区五日市七丁目４－３１", "url": "https://www.iryou.teikyouseido.mhlw.go.jp/znk-web/juminkanja/S2430/initialize?prefCd=34&kikanCd=3340156620&kikanKbn=3", "url2": null }, "geometry": { "type": "Point", "coordinates": [ 132.360216, 34.37876 ] } },
{ "type": "Feature", "properties": { "内容": "医療法人社団つくも会　藤岡歯科医院【3:歯科】広島県廿日市市地御前１丁目９－３０", "url": "https://www.iryou.teikyouseido.mhlw.go.jp/znk-web/juminkanja/S2430/initialize?prefCd=34&kikanCd=3340156750&kikanKbn=3", "url2": "http://fujioka-dentalclinic.com/" }, "geometry": { "type": "Point", "coordinates": [ 132.321998, 34.342041 ] } },
{ "type": "Feature", "properties": { "内容": "田川歯科医院【3:歯科】広島県尾道市因島土生町１８９９－１６７", "url": "https://www.iryou.teikyouseido.mhlw.go.jp/znk-web/juminkanja/S2430/initialize?prefCd=34&kikanCd=3340156910&kikanKbn=3", "url2": null }, "geometry": { "type": "Point", "coordinates": [ 133.178846, 34.284035 ] } },
{ "type": "Feature", "properties": { "内容": "はしもと歯科曙診療所【3:歯科】広島県福山市曙町五丁目２３－４７", "url": "https://www.iryou.teikyouseido.mhlw.go.jp/znk-web/juminkanja/S2430/initialize?prefCd=34&kikanCd=3340157050&kikanKbn=3", "url2": "http://hashimoto-shika.jp" }, "geometry": { "type": "Point", "coordinates": [ 133.395348, 34.468519 ] } },
{ "type": "Feature", "properties": { "内容": "医療法人社団　峰良会　二木歯科医院【3:歯科】広島県江田島市江田島町小用２丁目３番２号", "url": "https://www.iryou.teikyouseido.mhlw.go.jp/znk-web/juminkanja/S2430/initialize?prefCd=34&kikanCd=3340157340&kikanKbn=3", "url2": "http://md.telewavelinks.co.jp/hiroshima/md/niki-dc.com/html/" }, "geometry": { "type": "Point", "coordinates": [ 132.49085, 34.248943 ] } },
{ "type": "Feature", "properties": { "内容": "みどり歯科医院【3:歯科】広島県広島市中区舟入南４丁目１５－１０　田中ビル２階", "url": "https://www.iryou.teikyouseido.mhlw.go.jp/znk-web/juminkanja/S2430/initialize?prefCd=34&kikanCd=3340157470&kikanKbn=3", "url2": null }, "geometry": { "type": "Point", "coordinates": [ 132.43761, 34.375487 ] } },
{ "type": "Feature", "properties": { "内容": "早川歯科医院【3:歯科】広島県福山市引野町北１丁目２３番１４号", "url": "https://www.iryou.teikyouseido.mhlw.go.jp/znk-web/juminkanja/S2430/initialize?prefCd=34&kikanCd=3340157500&kikanKbn=3", "url2": null }, "geometry": { "type": "Point", "coordinates": [ 133.40779, 34.499543 ] } },
{ "type": "Feature", "properties": { "内容": "小早川歯科医院【3:歯科】広島県広島市安佐北区口田４－９－２３　新藤ビル３Ｆ", "url": "https://www.iryou.teikyouseido.mhlw.go.jp/znk-web/juminkanja/S2430/initialize?prefCd=34&kikanCd=3340157760&kikanKbn=3", "url2": "https://www.nikonikodc.com/" }, "geometry": { "type": "Point", "coordinates": [ 132.503255, 34.469225 ] } },
{ "type": "Feature", "properties": { "内容": "切串歯科診療所【3:歯科】広島県江田島市江田島町切串一丁目３３－１１", "url": "https://www.iryou.teikyouseido.mhlw.go.jp/znk-web/juminkanja/S2430/initialize?prefCd=34&kikanCd=3340158770&kikanKbn=3", "url2": null }, "geometry": { "type": "Point", "coordinates": [ 132.480679, 34.28299 ] } },
{ "type": "Feature", "properties": { "内容": "三藤歯科医院【3:歯科】広島県尾道市門田町２－３９", "url": "https://www.iryou.teikyouseido.mhlw.go.jp/znk-web/juminkanja/S2430/initialize?prefCd=34&kikanCd=3340158930&kikanKbn=3", "url2": null }, "geometry": { "type": "Point", "coordinates": [ 133.186197, 34.417541 ] } },
{ "type": "Feature", "properties": { "内容": "桂歯科医院【3:歯科】広島県安芸高田市吉田町吉田１８９０－１", "url": "https://www.iryou.teikyouseido.mhlw.go.jp/znk-web/juminkanja/S2430/initialize?prefCd=34&kikanCd=3340159070&kikanKbn=3", "url2": null }, "geometry": { "type": "Point", "coordinates": [ 132.706812, 34.667319 ] } },
{ "type": "Feature", "properties": { "内容": "本通り歯科【3:歯科】広島県広島市中区紙屋町二丁目３番１号　革屋町ビル３階", "url": "https://www.iryou.teikyouseido.mhlw.go.jp/znk-web/juminkanja/S2430/initialize?prefCd=34&kikanCd=3340159100&kikanKbn=3", "url2": "http://www.hondori-shika.com/" }, "geometry": { "type": "Point", "coordinates": [ 132.45654, 34.393649 ] } },
{ "type": "Feature", "properties": { "内容": "別木歯科医院【3:歯科】広島県広島市東区戸坂出江一丁目２－１", "url": "https://www.iryou.teikyouseido.mhlw.go.jp/znk-web/juminkanja/S2430/initialize?prefCd=34&kikanCd=3340159230&kikanKbn=3", "url2": null }, "geometry": { "type": "Point", "coordinates": [ 132.488359, 34.432222 ] } },
{ "type": "Feature", "properties": { "内容": "檀上歯科医院【3:歯科】広島県尾道市浦崎町２０６２－１", "url": "https://www.iryou.teikyouseido.mhlw.go.jp/znk-web/juminkanja/S2430/initialize?prefCd=34&kikanCd=3340159490&kikanKbn=3", "url2": null }, "geometry": { "type": "Point", "coordinates": [ 133.277499, 34.409023 ] } },
{ "type": "Feature", "properties": { "内容": "橋本歯科医院【3:歯科】広島県世羅郡世羅町本郷８６７－６", "url": "https://www.iryou.teikyouseido.mhlw.go.jp/znk-web/juminkanja/S2430/initialize?prefCd=34&kikanCd=3340159650&kikanKbn=3", "url2": null }, "geometry": { "type": "Point", "coordinates": [ 133.042961, 34.588475 ] } },
{ "type": "Feature", "properties": { "内容": "きだ歯科医院【3:歯科】広島県福山市駅家町万能倉９４２－１", "url": "https://www.iryou.teikyouseido.mhlw.go.jp/znk-web/juminkanja/S2430/initialize?prefCd=34&kikanCd=3340159780&kikanKbn=3", "url2": null }, "geometry": { "type": "Point", "coordinates": [ 133.332262, 34.544812 ] } },
{ "type": "Feature", "properties": { "内容": "たかはし歯科医院【3:歯科】広島県東広島市西条町御薗宇字下中筋１９０５－４", "url": "https://www.iryou.teikyouseido.mhlw.go.jp/znk-web/juminkanja/S2430/initialize?prefCd=34&kikanCd=3340159940&kikanKbn=3", "url2": null }, "geometry": { "type": "Point", "coordinates": [ 132.740099, 34.405958 ] } },
{ "type": "Feature", "properties": { "内容": "萬歯科医院【3:歯科】広島県広島市西区新庄町１４番３号", "url": "https://www.iryou.teikyouseido.mhlw.go.jp/znk-web/juminkanja/S2430/initialize?prefCd=34&kikanCd=3340160470&kikanKbn=3", "url2": null }, "geometry": { "type": "Point", "coordinates": [ 132.452345, 34.425562 ] } },
{ "type": "Feature", "properties": { "内容": "横山歯科医院【3:歯科】広島県福山市神辺町川南７４１－５", "url": "https://www.iryou.teikyouseido.mhlw.go.jp/znk-web/juminkanja/S2430/initialize?prefCd=34&kikanCd=3340160630&kikanKbn=3", "url2": null }, "geometry": { "type": "Point", "coordinates": [ 133.362405, 34.485905 ] } },
{ "type": "Feature", "properties": { "内容": "新田歯科医院【3:歯科】広島県福山市川口町２－５－１０", "url": "https://www.iryou.teikyouseido.mhlw.go.jp/znk-web/juminkanja/S2430/initialize?prefCd=34&kikanCd=3340160760&kikanKbn=3", "url2": null }, "geometry": { "type": "Point", "coordinates": [ 133.384349, 34.468713 ] } },
{ "type": "Feature", "properties": { "内容": "つか矯正歯科【3:歯科】広島県広島市中区本通７番３０号　つちやビル３Ｆ", "url": "https://www.iryou.teikyouseido.mhlw.go.jp/znk-web/juminkanja/S2430/initialize?prefCd=34&kikanCd=3340160920&kikanKbn=3", "url2": "http://www.tukakyousei.jp/" }, "geometry": { "type": "Point", "coordinates": [ 132.458012, 34.39301 ] } },
{ "type": "Feature", "properties": { "内容": "ハセ歯科医院【3:歯科】広島県福山市本庄町中１丁目２２－２", "url": "https://www.iryou.teikyouseido.mhlw.go.jp/znk-web/juminkanja/S2430/initialize?prefCd=34&kikanCd=3340161350&kikanKbn=3", "url2": "http://hase-shika.com" }, "geometry": { "type": "Point", "coordinates": [ 133.350017, 34.491043 ] } },
{ "type": "Feature", "properties": { "内容": "新長歯科医院【3:歯科】広島県福山市水呑町４９９１", "url": "https://www.iryou.teikyouseido.mhlw.go.jp/znk-web/juminkanja/S2430/initialize?prefCd=34&kikanCd=3340161480&kikanKbn=3", "url2": null }, "geometry": { "type": "Point", "coordinates": [ 133.36197, 34.461966 ] } },
{ "type": "Feature", "properties": { "内容": "医療法人社団　上山歯科医院【3:歯科】広島県江田島市江田島町小用二丁目１３－１２", "url": "https://www.iryou.teikyouseido.mhlw.go.jp/znk-web/juminkanja/S2430/initialize?prefCd=34&kikanCd=3340161510&kikanKbn=3", "url2": "http://ueyamadc.com" }, "geometry": { "type": "Point", "coordinates": [ 132.490699, 34.250148 ] } },
{ "type": "Feature", "properties": { "内容": "片山歯科医院【3:歯科】広島県広島市安佐南区上安６丁目２６番１号", "url": "https://www.iryou.teikyouseido.mhlw.go.jp/znk-web/juminkanja/S2430/initialize?prefCd=34&kikanCd=3340161640&kikanKbn=3", "url2": "katayama-dent.net" }, "geometry": { "type": "Point", "coordinates": [ 132.445398, 34.482306 ] } },
{ "type": "Feature", "properties": { "内容": "倉橋歯科診療所【3:歯科】広島県呉市倉橋町清水１０００", "url": "https://www.iryou.teikyouseido.mhlw.go.jp/znk-web/juminkanja/S2430/initialize?prefCd=34&kikanCd=3340162100&kikanKbn=3", "url2": null }, "geometry": { "type": "Point", "coordinates": [ 132.543963, 34.100293 ] } },
{ "type": "Feature", "properties": { "内容": "さいだ歯科医院【3:歯科】広島県尾道市美ノ郷町三成１１３８－１", "url": "https://www.iryou.teikyouseido.mhlw.go.jp/znk-web/juminkanja/S2430/initialize?prefCd=34&kikanCd=3340162360&kikanKbn=3", "url2": "http://saida-dc.jp/" }, "geometry": { "type": "Point", "coordinates": [ 133.193693, 34.452913 ] } },
{ "type": "Feature", "properties": { "内容": "鎌田向歯科診療所【3:歯科】広島県呉市蒲刈町向２９３４－６", "url": "https://www.iryou.teikyouseido.mhlw.go.jp/znk-web/juminkanja/S2430/initialize?prefCd=34&kikanCd=3340162940&kikanKbn=3", "url2": null }, "geometry": { "type": "Point", "coordinates": [ 132.688582, 34.192376 ] } },
{ "type": "Feature", "properties": { "内容": "医療法人社団みずほ会　倉掛歯科医院【3:歯科】広島県広島市安佐北区倉掛３丁目４０番３号", "url": "https://www.iryou.teikyouseido.mhlw.go.jp/znk-web/juminkanja/S2430/initialize?prefCd=34&kikanCd=3340163080&kikanKbn=3", "url2": null }, "geometry": { "type": "Point", "coordinates": [ 132.529947, 34.475058 ] } },
{ "type": "Feature", "properties": { "内容": "有田歯科医院【3:歯科】広島県広島市中区小町６番２３号　小町パークマンション１階", "url": "https://www.iryou.teikyouseido.mhlw.go.jp/znk-web/juminkanja/S2430/initialize?prefCd=34&kikanCd=3340163240&kikanKbn=3", "url2": "https://aritadentaloffice.com/" }, "geometry": { "type": "Point", "coordinates": [ 132.457013, 34.387872 ] } },
{ "type": "Feature", "properties": { "内容": "高松歯科・矯正歯科【3:歯科】広島県福山市伊勢丘五丁目１－２０", "url": "https://www.iryou.teikyouseido.mhlw.go.jp/znk-web/juminkanja/S2430/initialize?prefCd=34&kikanCd=3340163400&kikanKbn=3", "url2": "https://takamatsu-dentalclinic.com" }, "geometry": { "type": "Point", "coordinates": [ 133.422676, 34.504834 ] } },
{ "type": "Feature", "properties": { "内容": "いまい歯科医院【3:歯科】広島県広島市中区富士見町１２－７", "url": "https://www.iryou.teikyouseido.mhlw.go.jp/znk-web/juminkanja/S2430/initialize?prefCd=34&kikanCd=3340163530&kikanKbn=3", "url2": "http://www.imai-dental.com" }, "geometry": { "type": "Point", "coordinates": [ 132.460688, 34.385993 ] } },
{ "type": "Feature", "properties": { "内容": "カンバラ歯科医院【3:歯科】広島県呉市音戸町波多見五丁目５－１", "url": "https://www.iryou.teikyouseido.mhlw.go.jp/znk-web/juminkanja/S2430/initialize?prefCd=34&kikanCd=3340163660&kikanKbn=3", "url2": null }, "geometry": { "type": "Point", "coordinates": [ 132.552568, 34.179997 ] } },
{ "type": "Feature", "properties": { "内容": "モリノブ歯科【3:歯科】広島県福山市山手町５丁目３－１８", "url": "https://www.iryou.teikyouseido.mhlw.go.jp/znk-web/juminkanja/S2430/initialize?prefCd=34&kikanCd=3340163790&kikanKbn=3", "url2": null }, "geometry": { "type": "Point", "coordinates": [ 133.337518, 34.492932 ] } },
{ "type": "Feature", "properties": { "内容": "医療法人社団　竹山歯科【3:歯科】広島県福山市津之郷町津之郷１２６１－２", "url": "https://www.iryou.teikyouseido.mhlw.go.jp/znk-web/juminkanja/S2430/initialize?prefCd=34&kikanCd=3340163820&kikanKbn=3", "url2": "www.takeyama-dc.com/" }, "geometry": { "type": "Point", "coordinates": [ 133.322075, 34.48646 ] } },
{ "type": "Feature", "properties": { "内容": "林歯科医院【3:歯科】広島県三原市城町３丁目５番２２号", "url": "https://www.iryou.teikyouseido.mhlw.go.jp/znk-web/juminkanja/S2430/initialize?prefCd=34&kikanCd=3340164120&kikanKbn=3", "url2": "http://www.hayashi-d-c.jp/" }, "geometry": { "type": "Point", "coordinates": [ 133.08346, 34.397021 ] } },
{ "type": "Feature", "properties": { "内容": "楳林歯科医院【3:歯科】広島県広島市佐伯区海老園一丁目５－５１　桂ビル２Ｆ", "url": "https://www.iryou.teikyouseido.mhlw.go.jp/znk-web/juminkanja/S2430/initialize?prefCd=34&kikanCd=3340164380&kikanKbn=3", "url2": null }, "geometry": { "type": "Point", "coordinates": [ 132.360189, 34.364067 ] } },
{ "type": "Feature", "properties": { "内容": "三浦歯科医院【3:歯科】広島県広島市佐伯区海老園二丁目１０－２１", "url": "https://www.iryou.teikyouseido.mhlw.go.jp/znk-web/juminkanja/S2430/initialize?prefCd=34&kikanCd=3340164410&kikanKbn=3", "url2": null }, "geometry": { "type": "Point", "coordinates": [ 132.362049, 34.364289 ] } },
{ "type": "Feature", "properties": { "内容": "医療法人　アーク歯科クリニック【3:歯科】広島県広島市西区三篠町三丁目６－９", "url": "https://www.iryou.teikyouseido.mhlw.go.jp/znk-web/juminkanja/S2430/initialize?prefCd=34&kikanCd=3340164540&kikanKbn=3", "url2": null }, "geometry": { "type": "Point", "coordinates": [ 132.454691, 34.416336 ] } },
{ "type": "Feature", "properties": { "内容": "医療法人　志高会　佐久間歯科クリニック【3:歯科】広島県広島市西区井口台２丁目２３－３２", "url": "https://www.iryou.teikyouseido.mhlw.go.jp/znk-web/juminkanja/S2430/initialize?prefCd=34&kikanCd=3340164700&kikanKbn=3", "url2": "http://www.sakumashika-cl.jp/" }, "geometry": { "type": "Point", "coordinates": [ 132.379186, 34.377899 ] } },
{ "type": "Feature", "properties": { "内容": "尾田歯科クリニック【3:歯科】広島県呉市安浦町中央五丁目１番５４号", "url": "https://www.iryou.teikyouseido.mhlw.go.jp/znk-web/juminkanja/S2430/initialize?prefCd=34&kikanCd=3340165000&kikanKbn=3", "url2": "http://www.oda-dc.or.jp" }, "geometry": { "type": "Point", "coordinates": [ 132.744912, 34.282946 ] } },
{ "type": "Feature", "properties": { "内容": "野村歯科医院【3:歯科】広島県安芸郡府中町鶴江２丁目１２番１１号", "url": "https://www.iryou.teikyouseido.mhlw.go.jp/znk-web/juminkanja/S2430/initialize?prefCd=34&kikanCd=3340165130&kikanKbn=3", "url2": "https://www.nomurashika.or.jp/" }, "geometry": { "type": "Point", "coordinates": [ 132.507008, 34.401205 ] } },
{ "type": "Feature", "properties": { "内容": "洋光歯科クリニック【3:歯科】広島県広島市南区向洋本町５－５　山本マンション１０１", "url": "https://www.iryou.teikyouseido.mhlw.go.jp/znk-web/juminkanja/S2430/initialize?prefCd=34&kikanCd=3340165840&kikanKbn=3", "url2": null }, "geometry": { "type": "Point", "coordinates": [ 132.505328, 34.36849 ] } },
{ "type": "Feature", "properties": { "内容": "ＡＮＥＬＡ　ＤＥＮＴＡＬ　ＣＬＩＮＩＣ・矯正歯科【3:歯科】広島県広島市安佐北区口田南８丁目１番１３号", "url": "https://www.iryou.teikyouseido.mhlw.go.jp/znk-web/juminkanja/S2430/initialize?prefCd=34&kikanCd=3340165970&kikanKbn=3", "url2": "http://anela-dental.com" }, "geometry": { "type": "Point", "coordinates": [ 132.50595, 34.465948 ] } },
{ "type": "Feature", "properties": { "内容": "川本歯科医院【3:歯科】広島県広島市佐伯区利松１丁目８番５１号", "url": "https://www.iryou.teikyouseido.mhlw.go.jp/znk-web/juminkanja/S2430/initialize?prefCd=34&kikanCd=3340166010&kikanKbn=3", "url2": null }, "geometry": { "type": "Point", "coordinates": [ 132.361653, 34.395843 ] } },
{ "type": "Feature", "properties": { "内容": "中川歯科医院【3:歯科】広島県呉市安浦町中央四丁目４番１号", "url": "https://www.iryou.teikyouseido.mhlw.go.jp/znk-web/juminkanja/S2430/initialize?prefCd=34&kikanCd=3340166140&kikanKbn=3", "url2": null }, "geometry": { "type": "Point", "coordinates": [ 132.743244, 34.282194 ] } },
{ "type": "Feature", "properties": { "内容": "古川歯科医院【3:歯科】広島県尾道市美ノ郷町三成１０６６番地７", "url": "https://www.iryou.teikyouseido.mhlw.go.jp/znk-web/juminkanja/S2430/initialize?prefCd=34&kikanCd=3340166270&kikanKbn=3", "url2": "http://www.furukawadental.jp/" }, "geometry": { "type": "Point", "coordinates": [ 133.192976, 34.451767 ] } },
{ "type": "Feature", "properties": { "内容": "ひらい歯科【3:歯科】広島県福山市道三町７－１４", "url": "https://www.iryou.teikyouseido.mhlw.go.jp/znk-web/juminkanja/S2430/initialize?prefCd=34&kikanCd=3340166300&kikanKbn=3", "url2": null }, "geometry": { "type": "Point", "coordinates": [ 133.362673, 34.48228 ] } },
{ "type": "Feature", "properties": { "内容": "八谷歯科クリニック【3:歯科】広島県庄原市西本町一丁目８－１４", "url": "https://www.iryou.teikyouseido.mhlw.go.jp/znk-web/juminkanja/S2430/initialize?prefCd=34&kikanCd=3340166690&kikanKbn=3", "url2": null }, "geometry": { "type": "Point", "coordinates": [ 133.012695, 34.855276 ] } },
{ "type": "Feature", "properties": { "内容": "横山歯科医院【3:歯科】広島県広島市中区三川町７－２１", "url": "https://www.iryou.teikyouseido.mhlw.go.jp/znk-web/juminkanja/S2430/initialize?prefCd=34&kikanCd=3340166850&kikanKbn=3", "url2": null }, "geometry": { "type": "Point", "coordinates": [ 132.461846, 34.389911 ] } },
{ "type": "Feature", "properties": { "内容": "宮崎歯科クリニック【3:歯科】広島県庄原市西城町大佐７４８ー２", "url": "https://www.iryou.teikyouseido.mhlw.go.jp/znk-web/juminkanja/S2430/initialize?prefCd=34&kikanCd=3340167020&kikanKbn=3", "url2": "http://miyazaki-dental-office.com/" }, "geometry": { "type": "Point", "coordinates": [ 133.129403, 34.951296 ] } },
{ "type": "Feature", "properties": { "内容": "井上歯科医院【3:歯科】広島県広島市安佐北区安佐町飯室４０４８－２", "url": "https://www.iryou.teikyouseido.mhlw.go.jp/znk-web/juminkanja/S2430/initialize?prefCd=34&kikanCd=3340167280&kikanKbn=3", "url2": null }, "geometry": { "type": "Point", "coordinates": [ 132.445537, 34.553675 ] } },
{ "type": "Feature", "properties": { "内容": "なほ歯科医院【3:歯科】広島県広島市東区牛田新町三丁目５－６", "url": "https://www.iryou.teikyouseido.mhlw.go.jp/znk-web/juminkanja/S2430/initialize?prefCd=34&kikanCd=3340167440&kikanKbn=3", "url2": "http://naho-dentalclinic.com/" }, "geometry": { "type": "Point", "coordinates": [ 132.471073, 34.427954 ] } },
{ "type": "Feature", "properties": { "内容": "向山歯科医院【3:歯科】広島県呉市阿賀南４丁目４－１５", "url": "https://www.iryou.teikyouseido.mhlw.go.jp/znk-web/juminkanja/S2430/initialize?prefCd=34&kikanCd=3340167570&kikanKbn=3", "url2": null }, "geometry": { "type": "Point", "coordinates": [ 132.595203, 34.233058 ] } },
{ "type": "Feature", "properties": { "内容": "医療法人社団一水会　木村歯科医院【3:歯科】広島県東広島市黒瀬町丸山１４２０の１", "url": "https://www.iryou.teikyouseido.mhlw.go.jp/znk-web/juminkanja/S2430/initialize?prefCd=34&kikanCd=3340167730&kikanKbn=3", "url2": "www.kimura-shika-kurose.com/" }, "geometry": { "type": "Point", "coordinates": [ 132.674831, 34.324549 ] } },
{ "type": "Feature", "properties": { "内容": "谷歯科医院【3:歯科】広島県安芸高田市八千代町下根６１７－７", "url": "https://www.iryou.teikyouseido.mhlw.go.jp/znk-web/juminkanja/S2430/initialize?prefCd=34&kikanCd=3340167860&kikanKbn=3", "url2": null }, "geometry": { "type": "Point", "coordinates": [ 132.589214, 34.596685 ] } },
{ "type": "Feature", "properties": { "内容": "吉岡歯科クリニック【3:歯科】広島県三次市十日市南一丁目６－７　アナダビル２階", "url": "https://www.iryou.teikyouseido.mhlw.go.jp/znk-web/juminkanja/S2430/initialize?prefCd=34&kikanCd=3340168290&kikanKbn=3", "url2": null }, "geometry": { "type": "Point", "coordinates": [ 132.85996, 34.803668 ] } },
{ "type": "Feature", "properties": { "内容": "医療法人社団　亮明会　旭橋歯科クリニック【3:歯科】広島県広島市西区南観音町２１－３　エステート南観音２Ｆ", "url": "https://www.iryou.teikyouseido.mhlw.go.jp/znk-web/juminkanja/S2430/initialize?prefCd=34&kikanCd=3340168450&kikanKbn=3", "url2": "http://www.asahibashi.net/" }, "geometry": { "type": "Point", "coordinates": [ 132.430654, 34.388649 ] } },
{ "type": "Feature", "properties": { "内容": "大迫歯科クリニック【3:歯科】広島県広島市西区己斐大迫２丁目２１－１", "url": "https://www.iryou.teikyouseido.mhlw.go.jp/znk-web/juminkanja/S2430/initialize?prefCd=34&kikanCd=3340169460&kikanKbn=3", "url2": null }, "geometry": { "type": "Point", "coordinates": [ 132.424171, 34.41419 ] } },
{ "type": "Feature", "properties": { "内容": "吉光歯科医院【3:歯科】広島県広島市南区宇品御幸４丁目１０番１０号", "url": "https://www.iryou.teikyouseido.mhlw.go.jp/znk-web/juminkanja/S2430/initialize?prefCd=34&kikanCd=3340169590&kikanKbn=3", "url2": null }, "geometry": { "type": "Point", "coordinates": [ 132.463597, 34.359403 ] } },
{ "type": "Feature", "properties": { "内容": "医療法人社団　ミドリ歯科医院【3:歯科】広島県東広島市西条大坪町２－１２", "url": "https://www.iryou.teikyouseido.mhlw.go.jp/znk-web/juminkanja/S2430/initialize?prefCd=34&kikanCd=3340170280&kikanKbn=3", "url2": "http://www7b.biglobe.ne.jp/~midoridentalclinic/" }, "geometry": { "type": "Point", "coordinates": [ 132.749443, 34.424689 ] } },
{ "type": "Feature", "properties": { "内容": "かとう歯科クリニック【3:歯科】広島県東広島市黒瀬町楢原２７６－７", "url": "https://www.iryou.teikyouseido.mhlw.go.jp/znk-web/juminkanja/S2430/initialize?prefCd=34&kikanCd=3340170440&kikanKbn=3", "url2": "www2.plala.or.jp/katosika8241" }, "geometry": { "type": "Point", "coordinates": [ 132.669543, 34.325927 ] } },
{ "type": "Feature", "properties": { "内容": "八木歯科クリニック【3:歯科】広島県広島市安佐南区八木九丁目２３番２２号", "url": "https://www.iryou.teikyouseido.mhlw.go.jp/znk-web/juminkanja/S2430/initialize?prefCd=34&kikanCd=3340170730&kikanKbn=3", "url2": "http://www.yagi-dc.jp/" }, "geometry": { "type": "Point", "coordinates": [ 132.505421, 34.487418 ] } },
{ "type": "Feature", "properties": { "内容": "岩崎歯科医院【3:歯科】広島県広島市安佐北区可部４丁目８－１５", "url": "https://www.iryou.teikyouseido.mhlw.go.jp/znk-web/juminkanja/S2430/initialize?prefCd=34&kikanCd=3340170990&kikanKbn=3", "url2": null }, "geometry": { "type": "Point", "coordinates": [ 132.509968, 34.51908 ] } },
{ "type": "Feature", "properties": { "内容": "医療法人社団　プラチナカイ　吉岡歯科医院【3:歯科】広島県福山市今津町５－１－７", "url": "https://www.iryou.teikyouseido.mhlw.go.jp/znk-web/juminkanja/S2430/initialize?prefCd=34&kikanCd=3340171160&kikanKbn=3", "url2": "http://www.yoshioka-shika.com" }, "geometry": { "type": "Point", "coordinates": [ 133.253308, 34.450917 ] } },
{ "type": "Feature", "properties": { "内容": "歯科・斎藤クリニック【3:歯科】広島県尾道市因島土生町郷区１２１７－７", "url": "https://www.iryou.teikyouseido.mhlw.go.jp/znk-web/juminkanja/S2430/initialize?prefCd=34&kikanCd=3340171450&kikanKbn=3", "url2": "saitoclinic.org" }, "geometry": { "type": "Point", "coordinates": [ 133.175624, 34.295395 ] } },
{ "type": "Feature", "properties": { "内容": "青木歯科医院【3:歯科】広島県江田島市大柿町飛渡瀬３４４－３", "url": "https://www.iryou.teikyouseido.mhlw.go.jp/znk-web/juminkanja/S2430/initialize?prefCd=34&kikanCd=3340171870&kikanKbn=3", "url2": null }, "geometry": { "type": "Point", "coordinates": [ 132.474214, 34.201809 ] } },
{ "type": "Feature", "properties": { "内容": "なべしま小児歯科医院【3:歯科】広島県広島市南区宇品神田二丁目１４－２２　サンシャインＯＤＡ１０３", "url": "https://www.iryou.teikyouseido.mhlw.go.jp/znk-web/juminkanja/S2430/initialize?prefCd=34&kikanCd=3340172200&kikanKbn=3", "url2": null }, "geometry": { "type": "Point", "coordinates": [ 132.464541, 34.364597 ] } },
{ "type": "Feature", "properties": { "内容": "つがわ歯科医院【3:歯科】広島県呉市広大新開１丁目１－１４", "url": "https://www.iryou.teikyouseido.mhlw.go.jp/znk-web/juminkanja/S2430/initialize?prefCd=34&kikanCd=3340172330&kikanKbn=3", "url2": null }, "geometry": { "type": "Point", "coordinates": [ 132.624808, 34.230692 ] } },
{ "type": "Feature", "properties": { "内容": "きく歯科医院【3:歯科】広島県安芸郡府中町本町４丁目１２－１４", "url": "https://www.iryou.teikyouseido.mhlw.go.jp/znk-web/juminkanja/S2430/initialize?prefCd=34&kikanCd=3340172460&kikanKbn=3", "url2": null }, "geometry": { "type": "Point", "coordinates": [ 132.505522, 34.397332 ] } },
{ "type": "Feature", "properties": { "内容": "ハズタニ歯科医院【3:歯科】広島県東広島市黒瀬町乃美尾荒谷１０８３－１", "url": "https://www.iryou.teikyouseido.mhlw.go.jp/znk-web/juminkanja/S2430/initialize?prefCd=34&kikanCd=3340172620&kikanKbn=3", "url2": null }, "geometry": { "type": "Point", "coordinates": [ 132.695329, 34.337882 ] } },
{ "type": "Feature", "properties": { "内容": "医療法人社団みずほ会　亀崎歯科医院【3:歯科】広島県広島市安佐北区亀崎一丁目２－２６", "url": "https://www.iryou.teikyouseido.mhlw.go.jp/znk-web/juminkanja/S2430/initialize?prefCd=34&kikanCd=3340173340&kikanKbn=3", "url2": "http://mizuho-kai.jp/dentistry/detail?id=16" }, "geometry": { "type": "Point", "coordinates": [ 132.524308, 34.481585 ] } },
{ "type": "Feature", "properties": { "内容": "やけやま歯科医院【3:歯科】広島県呉市焼山桜ケ丘１丁目３－６", "url": "https://www.iryou.teikyouseido.mhlw.go.jp/znk-web/juminkanja/S2430/initialize?prefCd=34&kikanCd=3340173470&kikanKbn=3", "url2": "http://www.yakeyamashika.com/" }, "geometry": { "type": "Point", "coordinates": [ 132.550732, 34.283413 ] } },
{ "type": "Feature", "properties": { "内容": "松田歯科医院【3:歯科】広島県三次市南畑敷町５０６－１１", "url": "https://www.iryou.teikyouseido.mhlw.go.jp/znk-web/juminkanja/S2430/initialize?prefCd=34&kikanCd=3340173630&kikanKbn=3", "url2": "dc-matsuda.com" }, "geometry": { "type": "Point", "coordinates": [ 132.879208, 34.803863 ] } },
{ "type": "Feature", "properties": { "内容": "新田歯科医院【3:歯科】広島県広島市佐伯区楽々園４丁目１３－１４", "url": "https://www.iryou.teikyouseido.mhlw.go.jp/znk-web/juminkanja/S2430/initialize?prefCd=34&kikanCd=3340173760&kikanKbn=3", "url2": null }, "geometry": { "type": "Point", "coordinates": [ 132.350384, 34.361373 ] } },
{ "type": "Feature", "properties": { "内容": "医療法人　弘仁会　大田歯科医院【3:歯科】広島県竹原市竹原町３５１１－７", "url": "https://www.iryou.teikyouseido.mhlw.go.jp/znk-web/juminkanja/S2430/initialize?prefCd=34&kikanCd=3340173890&kikanKbn=3", "url2": "ota-dent.com" }, "geometry": { "type": "Point", "coordinates": [ 132.906569, 34.343783 ] } },
{ "type": "Feature", "properties": { "内容": "己斐上椿田歯科医院【3:歯科】広島県広島市西区己斐上一丁目１０－３", "url": "https://www.iryou.teikyouseido.mhlw.go.jp/znk-web/juminkanja/S2430/initialize?prefCd=34&kikanCd=3340174190&kikanKbn=3", "url2": null }, "geometry": { "type": "Point", "coordinates": [ 132.419738, 34.403376 ] } },
{ "type": "Feature", "properties": { "内容": "おがわ歯科医院【3:歯科】広島県福山市駅家町万能倉３７３－３９", "url": "https://www.iryou.teikyouseido.mhlw.go.jp/znk-web/juminkanja/S2430/initialize?prefCd=34&kikanCd=3340174350&kikanKbn=3", "url2": null }, "geometry": { "type": "Point", "coordinates": [ 133.336016, 34.550453 ] } },
{ "type": "Feature", "properties": { "内容": "下宮歯科医院【3:歯科】広島県福山市神辺町平野２８－２２", "url": "https://www.iryou.teikyouseido.mhlw.go.jp/znk-web/juminkanja/S2430/initialize?prefCd=34&kikanCd=3340174770&kikanKbn=3", "url2": null }, "geometry": { "type": "Point", "coordinates": [ 133.390872, 34.546316 ] } },
{ "type": "Feature", "properties": { "内容": "医療法人社団有和会　佐野歯科クリニック【3:歯科】広島県広島市中区大手町３丁目８番４号　大手町佐野ビル３階", "url": "https://www.iryou.teikyouseido.mhlw.go.jp/znk-web/juminkanja/S2430/initialize?prefCd=34&kikanCd=3340174800&kikanKbn=3", "url2": null }, "geometry": { "type": "Point", "coordinates": [ 132.454541, 34.387122 ] } },
{ "type": "Feature", "properties": { "内容": "ひろ歯科医院【3:歯科】広島県呉市広本町１丁目１２－９", "url": "https://www.iryou.teikyouseido.mhlw.go.jp/znk-web/juminkanja/S2430/initialize?prefCd=34&kikanCd=3340175070&kikanKbn=3", "url2": null }, "geometry": { "type": "Point", "coordinates": [ 132.621423, 34.232142 ] } },
{ "type": "Feature", "properties": { "内容": "いのうえ歯科医院【3:歯科】広島県福山市新市町宮内３６２", "url": "https://www.iryou.teikyouseido.mhlw.go.jp/znk-web/juminkanja/S2430/initialize?prefCd=34&kikanCd=3340175940&kikanKbn=3", "url2": null }, "geometry": { "type": "Point", "coordinates": [ 133.273742, 34.569423 ] } },
{ "type": "Feature", "properties": { "内容": "志渡沢歯科医院【3:歯科】広島県福山市瀬戸町長和１９５", "url": "https://www.iryou.teikyouseido.mhlw.go.jp/znk-web/juminkanja/S2430/initialize?prefCd=34&kikanCd=3340176110&kikanKbn=3", "url2": null }, "geometry": { "type": "Point", "coordinates": [ 133.325936, 34.480433 ] } },
{ "type": "Feature", "properties": { "内容": "向井歯科医院【3:歯科】広島県三原市和田二丁目５－３", "url": "https://www.iryou.teikyouseido.mhlw.go.jp/znk-web/juminkanja/S2430/initialize?prefCd=34&kikanCd=3340176370&kikanKbn=3", "url2": null }, "geometry": { "type": "Point", "coordinates": [ 133.073822, 34.384891 ] } },
{ "type": "Feature", "properties": { "内容": "かいで歯科医院【3:歯科】広島県廿日市市桜尾本町７－５", "url": "https://www.iryou.teikyouseido.mhlw.go.jp/znk-web/juminkanja/S2430/initialize?prefCd=34&kikanCd=3340176400&kikanKbn=3", "url2": null }, "geometry": { "type": "Point", "coordinates": [ 132.341851, 34.356479 ] } },
{ "type": "Feature", "properties": { "内容": "いなだ歯科医院【3:歯科】広島県福山市引野町四丁目２０－３０", "url": "https://www.iryou.teikyouseido.mhlw.go.jp/znk-web/juminkanja/S2430/initialize?prefCd=34&kikanCd=3340177120&kikanKbn=3", "url2": null }, "geometry": { "type": "Point", "coordinates": [ 133.411492, 34.492189 ] } },
{ "type": "Feature", "properties": { "内容": "にいたに緑井歯科【3:歯科】広島県広島市安佐南区緑井三丁目１２－１４", "url": "https://www.iryou.teikyouseido.mhlw.go.jp/znk-web/juminkanja/S2430/initialize?prefCd=34&kikanCd=3340177380&kikanKbn=3", "url2": null }, "geometry": { "type": "Point", "coordinates": [ 132.469564, 34.467864 ] } },
{ "type": "Feature", "properties": { "内容": "きったか歯科クリニック【3:歯科】広島県広島市佐伯区五日市駅前一丁目１１番３７号　ＫＲビル２Ｆ", "url": "https://www.iryou.teikyouseido.mhlw.go.jp/znk-web/juminkanja/S2430/initialize?prefCd=34&kikanCd=3340177410&kikanKbn=3", "url2": "https://byoinnavi.jp/clinic/147004" }, "geometry": { "type": "Point", "coordinates": [ 132.366776, 34.367384 ] } },
{ "type": "Feature", "properties": { "内容": "たけまる歯科医院【3:歯科】広島県福山市神辺町湯野２６５－７", "url": "https://www.iryou.teikyouseido.mhlw.go.jp/znk-web/juminkanja/S2430/initialize?prefCd=34&kikanCd=3340177670&kikanKbn=3", "url2": "http://www.shikaiin-takemaru.jp/prepc/" }, "geometry": { "type": "Point", "coordinates": [ 133.383196, 34.55173 ] } },
{ "type": "Feature", "properties": { "内容": "和田歯科医院【3:歯科】広島県広島市南区宇品神田５－５－１", "url": "https://www.iryou.teikyouseido.mhlw.go.jp/znk-web/juminkanja/S2430/initialize?prefCd=34&kikanCd=3340177960&kikanKbn=3", "url2": null }, "geometry": { "type": "Point", "coordinates": [ 132.464291, 34.360486 ] } },
{ "type": "Feature", "properties": { "内容": "医療法人社団　ＲＳ会　佐久間歯科医院【3:歯科】広島県広島市西区庚午北三丁目１－２", "url": "https://www.iryou.teikyouseido.mhlw.go.jp/znk-web/juminkanja/S2430/initialize?prefCd=34&kikanCd=3340178260&kikanKbn=3", "url2": "https://rs-sakumashika.net/%e7%97%85%e9%99%a2%e6%a1%88%e5%86%85/" }, "geometry": { "type": "Point", "coordinates": [ 132.418766, 34.388093 ] } },
{ "type": "Feature", "properties": { "内容": "横山歯科医院【3:歯科】広島県庄原市東城町川西７９２－１", "url": "https://www.iryou.teikyouseido.mhlw.go.jp/znk-web/juminkanja/S2430/initialize?prefCd=34&kikanCd=3340178550&kikanKbn=3", "url2": "https://www.jda.or.jp/search/detail_17248.html" }, "geometry": { "type": "Point", "coordinates": [ 133.265866, 34.906636 ] } },
{ "type": "Feature", "properties": { "内容": "坂口歯科医院【3:歯科】広島県庄原市比和町比和７７９－１", "url": "https://www.iryou.teikyouseido.mhlw.go.jp/znk-web/juminkanja/S2430/initialize?prefCd=34&kikanCd=3340178680&kikanKbn=3", "url2": null }, "geometry": { "type": "Point", "coordinates": [ 132.979553, 34.991622 ] } },
{ "type": "Feature", "properties": { "内容": "みなかわ歯科【3:歯科】広島県三原市城町２－１３－１", "url": "https://www.iryou.teikyouseido.mhlw.go.jp/znk-web/juminkanja/S2430/initialize?prefCd=34&kikanCd=3340178710&kikanKbn=3", "url2": null }, "geometry": { "type": "Point", "coordinates": [ 133.087234, 34.399074 ] } },
{ "type": "Feature", "properties": { "内容": "竹中歯科医院【3:歯科】広島県安芸郡府中町宮の町二丁目５－２７　古田ビル２Ｆ", "url": "https://www.iryou.teikyouseido.mhlw.go.jp/znk-web/juminkanja/S2430/initialize?prefCd=34&kikanCd=3340179270&kikanKbn=3", "url2": "https://www.takenakadc.com/" }, "geometry": { "type": "Point", "coordinates": [ 132.507231, 34.392095 ] } },
{ "type": "Feature", "properties": { "内容": "奥村歯科医院【3:歯科】広島県安芸郡海田町稲葉１１－１０", "url": "https://www.iryou.teikyouseido.mhlw.go.jp/znk-web/juminkanja/S2430/initialize?prefCd=34&kikanCd=3340179300&kikanKbn=3", "url2": null }, "geometry": { "type": "Point", "coordinates": [ 132.552145, 34.367404 ] } },
{ "type": "Feature", "properties": { "内容": "ゆずりは歯科医院【3:歯科】広島県広島市中区十日市町１丁目４番２５号　妹尾ビル２階", "url": "https://www.iryou.teikyouseido.mhlw.go.jp/znk-web/juminkanja/S2430/initialize?prefCd=34&kikanCd=3340179690&kikanKbn=3", "url2": null }, "geometry": { "type": "Point", "coordinates": [ 132.448357, 34.39692 ] } },
{ "type": "Feature", "properties": { "内容": "坪島歯科診療所【3:歯科】広島県東広島市八本松飯田五丁目８－３２", "url": "https://www.iryou.teikyouseido.mhlw.go.jp/znk-web/juminkanja/S2430/initialize?prefCd=34&kikanCd=3340180380&kikanKbn=3", "url2": null }, "geometry": { "type": "Point", "coordinates": [ 132.702961, 34.454397 ] } },
{ "type": "Feature", "properties": { "内容": "田澤歯科医院【3:歯科】広島県呉市中央５丁目２－３", "url": "https://www.iryou.teikyouseido.mhlw.go.jp/znk-web/juminkanja/S2430/initialize?prefCd=34&kikanCd=3340180670&kikanKbn=3", "url2": null }, "geometry": { "type": "Point", "coordinates": [ 132.564927, 34.251805 ] } },
{ "type": "Feature", "properties": { "内容": "メディックス歯科クリニック【3:歯科】広島県広島市安芸区矢野西四丁目１番２１号　メディックスビル４階", "url": "https://www.iryou.teikyouseido.mhlw.go.jp/znk-web/juminkanja/S2430/initialize?prefCd=34&kikanCd=3340180700&kikanKbn=3", "url2": "http://www12.ocn.ne.jp/~medix/" }, "geometry": { "type": "Point", "coordinates": [ 132.532726, 34.352309 ] } },
{ "type": "Feature", "properties": { "内容": "医療法人　山崎歯科医院【3:歯科】広島県広島市安佐北区可部町５丁目１５番３３号", "url": "https://www.iryou.teikyouseido.mhlw.go.jp/znk-web/juminkanja/S2430/initialize?prefCd=34&kikanCd=3340181130&kikanKbn=3", "url2": "https://yamasaki-dent.net" }, "geometry": { "type": "Point", "coordinates": [ 132.509128, 34.520577 ] } },
{ "type": "Feature", "properties": { "内容": "小早川歯科口腔外科クリニック【3:歯科】広島県呉市広駅前１丁目８の１１", "url": "https://www.iryou.teikyouseido.mhlw.go.jp/znk-web/juminkanja/S2430/initialize?prefCd=34&kikanCd=3340181390&kikanKbn=3", "url2": "http://kobayakawa.mcity.ne.jp/" }, "geometry": { "type": "Point", "coordinates": [ 132.629006, 34.230808 ] } },
{ "type": "Feature", "properties": { "内容": "平井歯科医院【3:歯科】広島県福山市元町１３－２０", "url": "https://www.iryou.teikyouseido.mhlw.go.jp/znk-web/juminkanja/S2430/initialize?prefCd=34&kikanCd=3340181550&kikanKbn=3", "url2": null }, "geometry": { "type": "Point", "coordinates": [ 133.365029, 34.487262 ] } },
{ "type": "Feature", "properties": { "内容": "吉田歯科医院【3:歯科】広島県尾道市東久保町１３－８", "url": "https://www.iryou.teikyouseido.mhlw.go.jp/znk-web/juminkanja/S2430/initialize?prefCd=34&kikanCd=3340181680&kikanKbn=3", "url2": "http://www.yoshidadental.jp/" }, "geometry": { "type": "Point", "coordinates": [ 133.206533, 34.413855 ] } },
{ "type": "Feature", "properties": { "内容": "沢村歯科医院【3:歯科】広島県広島市東区福田２丁目３４２番地の３", "url": "https://www.iryou.teikyouseido.mhlw.go.jp/znk-web/juminkanja/S2430/initialize?prefCd=34&kikanCd=3340181840&kikanKbn=3", "url2": null }, "geometry": { "type": "Point", "coordinates": [ 132.537886, 34.449509 ] } },
{ "type": "Feature", "properties": { "内容": "芦浦歯科医院【3:歯科】広島県広島市中区胡町６番２６号　福屋１１階", "url": "https://www.iryou.teikyouseido.mhlw.go.jp/znk-web/juminkanja/S2430/initialize?prefCd=34&kikanCd=3340182010&kikanKbn=3", "url2": null }, "geometry": { "type": "Point", "coordinates": [ 132.462807, 34.393495 ] } },
{ "type": "Feature", "properties": { "内容": "渡辺矯正歯科【3:歯科】広島県福山市延広町１－２５　明治安田生命福山駅前ビル５Ｆ", "url": "https://www.iryou.teikyouseido.mhlw.go.jp/znk-web/juminkanja/S2430/initialize?prefCd=34&kikanCd=3340182300&kikanKbn=3", "url2": "www.w-orthod.com" }, "geometry": { "type": "Point", "coordinates": [ 133.364211, 34.486127 ] } },
{ "type": "Feature", "properties": { "内容": "ふるたに歯科【3:歯科】広島県広島市南区段原南二丁目１２－２５", "url": "https://www.iryou.teikyouseido.mhlw.go.jp/znk-web/juminkanja/S2430/initialize?prefCd=34&kikanCd=3340182560&kikanKbn=3", "url2": null }, "geometry": { "type": "Point", "coordinates": [ 132.477684, 34.383761 ] } },
{ "type": "Feature", "properties": { "内容": "長岡歯科医院【3:歯科】広島県大竹市黒川１丁目８番２７号", "url": "https://www.iryou.teikyouseido.mhlw.go.jp/znk-web/juminkanja/S2430/initialize?prefCd=34&kikanCd=3340183280&kikanKbn=3", "url2": null }, "geometry": { "type": "Point", "coordinates": [ 132.223289, 34.247133 ] } },
{ "type": "Feature", "properties": { "内容": "細川歯科医院【3:歯科】広島県廿日市市宮園２丁目２－２", "url": "https://www.iryou.teikyouseido.mhlw.go.jp/znk-web/juminkanja/S2430/initialize?prefCd=34&kikanCd=3340183310&kikanKbn=3", "url2": null }, "geometry": { "type": "Point", "coordinates": [ 132.306307, 34.353136 ] } },
{ "type": "Feature", "properties": { "内容": "佐々木歯科医院【3:歯科】広島県広島市安佐北区白木町市川１４６", "url": "https://www.iryou.teikyouseido.mhlw.go.jp/znk-web/juminkanja/S2430/initialize?prefCd=34&kikanCd=3340183600&kikanKbn=3", "url2": null }, "geometry": { "type": "Point", "coordinates": [ 132.661988, 34.564301 ] } },
{ "type": "Feature", "properties": { "内容": "ゆあさ歯科医院【3:歯科】広島県広島市安佐北区白木町小越２４４－１", "url": "https://www.iryou.teikyouseido.mhlw.go.jp/znk-web/juminkanja/S2430/initialize?prefCd=34&kikanCd=3340183730&kikanKbn=3", "url2": null }, "geometry": { "type": "Point", "coordinates": [ 132.663433, 34.550053 ] } },
{ "type": "Feature", "properties": { "内容": "医療法人社団如月会　やまがた歯科医院【3:歯科】広島県東広島市志和町七条椛坂１４３６－１４", "url": "https://www.iryou.teikyouseido.mhlw.go.jp/znk-web/juminkanja/S2430/initialize?prefCd=34&kikanCd=3340183860&kikanKbn=3", "url2": "https://haisha-yoyaku.jp/bun2sdental/detail/index/id/3432530438" }, "geometry": { "type": "Point", "coordinates": [ 132.638577, 34.46945 ] } },
{ "type": "Feature", "properties": { "内容": "片山歯科医院【3:歯科】広島県福山市神辺町川南１０４８－２", "url": "https://www.iryou.teikyouseido.mhlw.go.jp/znk-web/juminkanja/S2430/initialize?prefCd=34&kikanCd=3340184290&kikanKbn=3", "url2": null }, "geometry": { "type": "Point", "coordinates": [ 133.378957, 34.535206 ] } },
{ "type": "Feature", "properties": { "内容": "佐藤歯科医院【3:歯科】広島県福山市野上町２丁目１５番１号", "url": "https://www.iryou.teikyouseido.mhlw.go.jp/znk-web/juminkanja/S2430/initialize?prefCd=34&kikanCd=3340184320&kikanKbn=3", "url2": null }, "geometry": { "type": "Point", "coordinates": [ 133.363302, 34.479284 ] } },
{ "type": "Feature", "properties": { "内容": "みどり橋歯科医院【3:歯科】広島県大竹市立戸一丁目３－１０", "url": "https://www.iryou.teikyouseido.mhlw.go.jp/znk-web/juminkanja/S2430/initialize?prefCd=34&kikanCd=3340184740&kikanKbn=3", "url2": null }, "geometry": { "type": "Point", "coordinates": [ 132.220694, 34.22352 ] } },
{ "type": "Feature", "properties": { "内容": "医療法人あした会　中西歯科・こども矯正歯科【3:歯科】広島県広島市南区比治山本町１６－３５広島産業文化センター１２階", "url": "https://www.iryou.teikyouseido.mhlw.go.jp/znk-web/juminkanja/S2430/initialize?prefCd=34&kikanCd=3340184900&kikanKbn=3", "url2": "http://www.251-6480.com/" }, "geometry": { "type": "Point", "coordinates": [ 132.468207, 34.381095 ] } },
{ "type": "Feature", "properties": { "内容": "中原歯科クリニック【3:歯科】広島県呉市吉浦潭鼓町３－１８", "url": "https://www.iryou.teikyouseido.mhlw.go.jp/znk-web/juminkanja/S2430/initialize?prefCd=34&kikanCd=3340185170&kikanKbn=3", "url2": null }, "geometry": { "type": "Point", "coordinates": [ 132.531006, 34.255988 ] } },
{ "type": "Feature", "properties": { "内容": "まえおか歯科医院【3:歯科】広島県福山市山手町４丁目１８番２３号", "url": "https://www.iryou.teikyouseido.mhlw.go.jp/znk-web/juminkanja/S2430/initialize?prefCd=34&kikanCd=3340185330&kikanKbn=3", "url2": "http://www.maeokashika.net/" }, "geometry": { "type": "Point", "coordinates": [ 133.333046, 34.496431 ] } },
{ "type": "Feature", "properties": { "内容": "小早川歯科クリニック【3:歯科】広島県広島市南区宇品御幸三丁目１５－１５", "url": "https://www.iryou.teikyouseido.mhlw.go.jp/znk-web/juminkanja/S2430/initialize?prefCd=34&kikanCd=3340185590&kikanKbn=3", "url2": "http://www.kobayakawa-dc.com/" }, "geometry": { "type": "Point", "coordinates": [ 132.462964, 34.361287 ] } },
{ "type": "Feature", "properties": { "内容": "ヒラノ歯科医院【3:歯科】広島県廿日市市串戸四丁目４－３", "url": "https://www.iryou.teikyouseido.mhlw.go.jp/znk-web/juminkanja/S2430/initialize?prefCd=34&kikanCd=3340186050&kikanKbn=3", "url2": null }, "geometry": { "type": "Point", "coordinates": [ 132.323414, 34.350207 ] } },
{ "type": "Feature", "properties": { "内容": "篠原歯科医院【3:歯科】広島県尾道市栗原西２－９－９", "url": "https://www.iryou.teikyouseido.mhlw.go.jp/znk-web/juminkanja/S2430/initialize?prefCd=34&kikanCd=3340186210&kikanKbn=3", "url2": null }, "geometry": { "type": "Point", "coordinates": [ 133.188314, 34.414972 ] } },
{ "type": "Feature", "properties": { "内容": "医療法人社団　友成会　タマガワ矯正歯科クリニック【3:歯科】広島県広島市南区京橋町１－２　新京橋ビル４階", "url": "https://www.iryou.teikyouseido.mhlw.go.jp/znk-web/juminkanja/S2430/initialize?prefCd=34&kikanCd=3340186340&kikanKbn=3", "url2": "http://www.tamagawa-kyousei.com" }, "geometry": { "type": "Point", "coordinates": [ 132.473122, 34.394927 ] } },
{ "type": "Feature", "properties": { "内容": "平尾歯科医院【3:歯科】広島県広島市西区南観音七丁目５－１４　ロイヤルシャトー中田１０２", "url": "https://www.iryou.teikyouseido.mhlw.go.jp/znk-web/juminkanja/S2430/initialize?prefCd=34&kikanCd=3340186470&kikanKbn=3", "url2": null }, "geometry": { "type": "Point", "coordinates": [ 132.428654, 34.380872 ] } },
{ "type": "Feature", "properties": { "内容": "医療法人　社団　ナンバ歯科【3:歯科】広島県呉市本通２丁目１番１９号", "url": "https://www.iryou.teikyouseido.mhlw.go.jp/znk-web/juminkanja/S2430/initialize?prefCd=34&kikanCd=3340186500&kikanKbn=3", "url2": "http://www.14.plala.or.jp/nanbashika/" }, "geometry": { "type": "Point", "coordinates": [ 132.564455, 34.24325 ] } },
{ "type": "Feature", "properties": { "内容": "ふるてら歯科医院【3:歯科】広島県福山市新涯町五丁目３０－４", "url": "https://www.iryou.teikyouseido.mhlw.go.jp/znk-web/juminkanja/S2430/initialize?prefCd=34&kikanCd=3340186630&kikanKbn=3", "url2": "http://www.Furuterashika.jp/" }, "geometry": { "type": "Point", "coordinates": [ 133.391626, 34.458242 ] } },
{ "type": "Feature", "properties": { "内容": "宮本歯科医院【3:歯科】広島県神石郡神石高原町油木１８２１－１", "url": "https://www.iryou.teikyouseido.mhlw.go.jp/znk-web/juminkanja/S2430/initialize?prefCd=34&kikanCd=3340186760&kikanKbn=3", "url2": null }, "geometry": { "type": "Point", "coordinates": [ 133.27776, 34.777734 ] } },
{ "type": "Feature", "properties": { "内容": "くせ歯科医院【3:歯科】広島県安芸郡熊野町貴船２－１３", "url": "https://www.iryou.teikyouseido.mhlw.go.jp/znk-web/juminkanja/S2430/initialize?prefCd=34&kikanCd=3340186920&kikanKbn=3", "url2": null }, "geometry": { "type": "Point", "coordinates": [ 132.565015, 34.331955 ] } },
{ "type": "Feature", "properties": { "内容": "ふじもと歯科医院【3:歯科】広島県安芸郡坂町北新地２丁目３－４０", "url": "https://www.iryou.teikyouseido.mhlw.go.jp/znk-web/juminkanja/S2430/initialize?prefCd=34&kikanCd=3340187060&kikanKbn=3", "url2": null }, "geometry": { "type": "Point", "coordinates": [ 132.517537, 34.34996 ] } },
{ "type": "Feature", "properties": { "内容": "黒瀬歯科医院【3:歯科】広島県尾道市久保一丁目８－２３", "url": "https://www.iryou.teikyouseido.mhlw.go.jp/znk-web/juminkanja/S2430/initialize?prefCd=34&kikanCd=3340187190&kikanKbn=3", "url2": null }, "geometry": { "type": "Point", "coordinates": [ 133.204328, 34.409678 ] } },
{ "type": "Feature", "properties": { "内容": "さとう歯科【3:歯科】広島県福山市駅家町近田１０５５－１", "url": "https://www.iryou.teikyouseido.mhlw.go.jp/znk-web/juminkanja/S2430/initialize?prefCd=34&kikanCd=3340187220&kikanKbn=3", "url2": "http://www.haitade.com/0849767164/" }, "geometry": { "type": "Point", "coordinates": [ 133.306435, 34.544231 ] } },
{ "type": "Feature", "properties": { "内容": "クリーン歯科【3:歯科】広島県安芸郡熊野町川角一丁目６－１５", "url": "https://www.iryou.teikyouseido.mhlw.go.jp/znk-web/juminkanja/S2430/initialize?prefCd=34&kikanCd=3340187350&kikanKbn=3", "url2": "https://clean-dental.info" }, "geometry": { "type": "Point", "coordinates": [ 132.570477, 34.331945 ] } },
{ "type": "Feature", "properties": { "内容": "広中歯科医院【3:歯科】広島県大竹市新町１－２－１１", "url": "https://www.iryou.teikyouseido.mhlw.go.jp/znk-web/juminkanja/S2430/initialize?prefCd=34&kikanCd=3340187510&kikanKbn=3", "url2": null }, "geometry": { "type": "Point", "coordinates": [ 132.222385, 34.218316 ] } },
{ "type": "Feature", "properties": { "内容": "そえだ歯科医院【3:歯科】広島県尾道市高須町１３７１－５", "url": "https://www.iryou.teikyouseido.mhlw.go.jp/znk-web/juminkanja/S2430/initialize?prefCd=34&kikanCd=3340188070&kikanKbn=3", "url2": null }, "geometry": { "type": "Point", "coordinates": [ 133.228157, 34.426724 ] } },
{ "type": "Feature", "properties": { "内容": "医療法人社団双葉会　こはだ歯科医院【3:歯科】広島県広島市安佐南区中筋三丁目２７－１６", "url": "https://www.iryou.teikyouseido.mhlw.go.jp/znk-web/juminkanja/S2430/initialize?prefCd=34&kikanCd=3340188100&kikanKbn=3", "url2": "http://www.kohada.net/" }, "geometry": { "type": "Point", "coordinates": [ 132.477591, 34.452615 ] } },
{ "type": "Feature", "properties": { "内容": "ティアレ歯科クリニック【3:歯科】広島県呉市海岸２丁目２－８", "url": "https://www.iryou.teikyouseido.mhlw.go.jp/znk-web/juminkanja/S2430/initialize?prefCd=34&kikanCd=3340188490&kikanKbn=3", "url2": null }, "geometry": { "type": "Point", "coordinates": [ 132.546151, 34.246916 ] } },
{ "type": "Feature", "properties": { "内容": "オレンジ歯科クリニック【3:歯科】広島県廿日市市大野原２丁目１０番１８号", "url": "https://www.iryou.teikyouseido.mhlw.go.jp/znk-web/juminkanja/S2430/initialize?prefCd=34&kikanCd=3340188520&kikanKbn=3", "url2": null }, "geometry": { "type": "Point", "coordinates": [ 132.269255, 34.289518 ] } },
{ "type": "Feature", "properties": { "内容": "フロカワ歯科医院【3:歯科】広島県福山市南松永町一丁目１０－１０", "url": "https://www.iryou.teikyouseido.mhlw.go.jp/znk-web/juminkanja/S2430/initialize?prefCd=34&kikanCd=3340188780&kikanKbn=3", "url2": null }, "geometry": { "type": "Point", "coordinates": [ 133.25021, 34.444325 ] } },
{ "type": "Feature", "properties": { "内容": "小畠歯科医院【3:歯科】広島県神石郡神石高原町小畠１５０３－３", "url": "https://www.iryou.teikyouseido.mhlw.go.jp/znk-web/juminkanja/S2430/initialize?prefCd=34&kikanCd=3340188810&kikanKbn=3", "url2": null }, "geometry": { "type": "Point", "coordinates": [ 133.251949, 34.70477 ] } },
{ "type": "Feature", "properties": { "内容": "祇園歯科クリニック【3:歯科】広島県広島市安佐南区西原５丁目１７番１号　サンフィールドビル２階", "url": "https://www.iryou.teikyouseido.mhlw.go.jp/znk-web/juminkanja/S2430/initialize?prefCd=34&kikanCd=3340189110&kikanKbn=3", "url2": null }, "geometry": { "type": "Point", "coordinates": [ 132.467518500000011, 34.4396654 ] } },
{ "type": "Feature", "properties": { "内容": "宮﨑歯科【3:歯科】広島県廿日市市宮内４４４０－１　清和ビル２階", "url": "https://www.iryou.teikyouseido.mhlw.go.jp/znk-web/juminkanja/S2430/initialize?prefCd=34&kikanCd=3340189240&kikanKbn=3", "url2": null }, "geometry": { "type": "Point", "coordinates": [ 132.305305, 34.344374 ] } },
{ "type": "Feature", "properties": { "内容": "門井歯科医院【3:歯科】広島県福山市御幸町上岩成大道３３３－５", "url": "https://www.iryou.teikyouseido.mhlw.go.jp/znk-web/juminkanja/S2430/initialize?prefCd=34&kikanCd=3340189530&kikanKbn=3", "url2": "https://www.kadoishika.com" }, "geometry": { "type": "Point", "coordinates": [ 133.345598, 34.55287 ] } },
{ "type": "Feature", "properties": { "内容": "うえはら歯科医院【3:歯科】広島県福山市三吉町１－９－４", "url": "https://www.iryou.teikyouseido.mhlw.go.jp/znk-web/juminkanja/S2430/initialize?prefCd=34&kikanCd=3340190060&kikanKbn=3", "url2": null }, "geometry": { "type": "Point", "coordinates": [ 133.373843, 34.495183 ] } },
{ "type": "Feature", "properties": { "内容": "オカノ歯科医院【3:歯科】広島県尾道市栗原町５９５０－２", "url": "https://www.iryou.teikyouseido.mhlw.go.jp/znk-web/juminkanja/S2430/initialize?prefCd=34&kikanCd=3340190510&kikanKbn=3", "url2": null }, "geometry": { "type": "Point", "coordinates": [ 133.189311, 34.426047 ] } },
{ "type": "Feature", "properties": { "内容": "医療法人社団　縁誠会【3:歯科】広島県福山市芦田町下有地９８０－２", "url": "https://www.iryou.teikyouseido.mhlw.go.jp/znk-web/juminkanja/S2430/initialize?prefCd=34&kikanCd=3340190930&kikanKbn=3", "url2": "http://www.kaisika.com" }, "geometry": { "type": "Point", "coordinates": [ 133.277188, 34.529955 ] } },
{ "type": "Feature", "properties": { "内容": "松山歯科クリニック【3:歯科】広島県府中市上下町上下８４５－１", "url": "https://www.iryou.teikyouseido.mhlw.go.jp/znk-web/juminkanja/S2430/initialize?prefCd=34&kikanCd=3340191070&kikanKbn=3", "url2": null }, "geometry": { "type": "Point", "coordinates": [ 133.118471, 34.695045 ] } },
{ "type": "Feature", "properties": { "内容": "イズミ歯科医院【3:歯科】広島県安芸高田市吉田町吉田７６５－１", "url": "https://www.iryou.teikyouseido.mhlw.go.jp/znk-web/juminkanja/S2430/initialize?prefCd=34&kikanCd=3340191100&kikanKbn=3", "url2": "izumidental.com" }, "geometry": { "type": "Point", "coordinates": [ 132.704174, 34.666902 ] } },
{ "type": "Feature", "properties": { "内容": "阿部歯科医院【3:歯科】広島県広島市安芸区中野５丁目３－４０　レジデンス中野１Ｆ", "url": "https://www.iryou.teikyouseido.mhlw.go.jp/znk-web/juminkanja/S2430/initialize?prefCd=34&kikanCd=3340191230&kikanKbn=3", "url2": null }, "geometry": { "type": "Point", "coordinates": [ 132.579277, 34.404396 ] } },
{ "type": "Feature", "properties": { "内容": "谷川歯科医院【3:歯科】広島県世羅郡世羅町本郷大字字川口３０－７", "url": "https://www.iryou.teikyouseido.mhlw.go.jp/znk-web/juminkanja/S2430/initialize?prefCd=34&kikanCd=3340191360&kikanKbn=3", "url2": null }, "geometry": { "type": "Point", "coordinates": [ 133.054812, 34.585907 ] } },
{ "type": "Feature", "properties": { "内容": "くわばら歯科医院【3:歯科】広島県広島市佐伯区八幡四丁目７－２５　ウィンディア八幡２Ｆ", "url": "https://www.iryou.teikyouseido.mhlw.go.jp/znk-web/juminkanja/S2430/initialize?prefCd=34&kikanCd=3340191490&kikanKbn=3", "url2": null }, "geometry": { "type": "Point", "coordinates": [ 132.358504, 34.394876 ] } },
{ "type": "Feature", "properties": { "内容": "堂脇歯科医院【3:歯科】広島県呉市広本町３丁目１－１９", "url": "https://www.iryou.teikyouseido.mhlw.go.jp/znk-web/juminkanja/S2430/initialize?prefCd=34&kikanCd=3340191520&kikanKbn=3", "url2": "https://www.dowaki-dent.com" }, "geometry": { "type": "Point", "coordinates": [ 132.623435, 34.235371 ] } },
{ "type": "Feature", "properties": { "内容": "たての歯科クリニック【3:歯科】広島県福山市東手城町一丁目２９－１", "url": "https://www.iryou.teikyouseido.mhlw.go.jp/znk-web/juminkanja/S2430/initialize?prefCd=34&kikanCd=3340191940&kikanKbn=3", "url2": null }, "geometry": { "type": "Point", "coordinates": [ 133.402456, 34.484069 ] } },
{ "type": "Feature", "properties": { "内容": "いしかわ歯科【3:歯科】広島県広島市南区宇品東二丁目１０－６", "url": "https://www.iryou.teikyouseido.mhlw.go.jp/znk-web/juminkanja/S2430/initialize?prefCd=34&kikanCd=3340192110&kikanKbn=3", "url2": null }, "geometry": { "type": "Point", "coordinates": [ 132.470902, 34.364069 ] } },
{ "type": "Feature", "properties": { "内容": "ひろはた歯科医院【3:歯科】広島県東広島市八本松東六丁目１１－１５", "url": "https://www.iryou.teikyouseido.mhlw.go.jp/znk-web/juminkanja/S2430/initialize?prefCd=34&kikanCd=3340192240&kikanKbn=3", "url2": null }, "geometry": { "type": "Point", "coordinates": [ 132.701788, 34.445703 ] } },
{ "type": "Feature", "properties": { "内容": "医療法人社団　モノベ歯科医院【3:歯科】広島県福山市千田町一丁目３５－１", "url": "https://www.iryou.teikyouseido.mhlw.go.jp/znk-web/juminkanja/S2430/initialize?prefCd=34&kikanCd=3340192370&kikanKbn=3", "url2": "http://www.monobe-dental.or.jp" }, "geometry": { "type": "Point", "coordinates": [ 133.365953, 34.512213 ] } },
{ "type": "Feature", "properties": { "内容": "庄原市高野歯科診療所【3:歯科】広島県庄原市高野町新市１２２７の１", "url": "https://www.iryou.teikyouseido.mhlw.go.jp/znk-web/juminkanja/S2430/initialize?prefCd=34&kikanCd=3340192530&kikanKbn=3", "url2": null }, "geometry": { "type": "Point", "coordinates": [ 132.91014, 35.038227 ] } },
{ "type": "Feature", "properties": { "内容": "医療法人社団　市村歯科医院【3:歯科】広島県山県郡安芸太田町加計５３１５－２", "url": "https://www.iryou.teikyouseido.mhlw.go.jp/znk-web/juminkanja/S2430/initialize?prefCd=34&kikanCd=3340192660&kikanKbn=3", "url2": null }, "geometry": { "type": "Point", "coordinates": [ 132.314236, 34.612845 ] } },
{ "type": "Feature", "properties": { "内容": "森本歯科医院【3:歯科】広島県広島市中区光南一丁目１０－２０", "url": "https://www.iryou.teikyouseido.mhlw.go.jp/znk-web/juminkanja/S2430/initialize?prefCd=34&kikanCd=3340192820&kikanKbn=3", "url2": null }, "geometry": { "type": "Point", "coordinates": [ 132.447986, 34.367717 ] } },
{ "type": "Feature", "properties": { "内容": "歯科おかもと医院【3:歯科】広島県広島市東区牛田新町四丁目１８－２", "url": "https://www.iryou.teikyouseido.mhlw.go.jp/znk-web/juminkanja/S2430/initialize?prefCd=34&kikanCd=3340193540&kikanKbn=3", "url2": "https://www.okamotodentalclinic-1992.com" }, "geometry": { "type": "Point", "coordinates": [ 132.476287, 34.430646 ] } },
{ "type": "Feature", "properties": { "内容": "ひじやま歯科クリニック【3:歯科】広島県広島市南区段原二丁目１９－３コウラビル２Ｆ", "url": "https://www.iryou.teikyouseido.mhlw.go.jp/znk-web/juminkanja/S2430/initialize?prefCd=34&kikanCd=3340193670&kikanKbn=3", "url2": "http://www.hijiyama-dc.com/" }, "geometry": { "type": "Point", "coordinates": [ 132.476511, 34.3864 ] } },
{ "type": "Feature", "properties": { "内容": "永井歯科医院【3:歯科】広島県東広島市西条栄町６－２０　ラ・フォーレ西条ビル３Ｆ", "url": "https://www.iryou.teikyouseido.mhlw.go.jp/znk-web/juminkanja/S2430/initialize?prefCd=34&kikanCd=3340194390&kikanKbn=3", "url2": null }, "geometry": { "type": "Point", "coordinates": [ 132.741817, 34.428002 ] } },
{ "type": "Feature", "properties": { "内容": "ひろた歯科医院【3:歯科】広島県福山市春日町１－１３－１８", "url": "https://www.iryou.teikyouseido.mhlw.go.jp/znk-web/juminkanja/S2430/initialize?prefCd=34&kikanCd=3340194680&kikanKbn=3", "url2": null }, "geometry": { "type": "Point", "coordinates": [ 133.40329, 34.506682 ] } },
{ "type": "Feature", "properties": { "内容": "八谷歯科クリニック【3:歯科】広島県広島市安佐南区八木８丁目１１番１７号　カンファタブル田川２階", "url": "https://www.iryou.teikyouseido.mhlw.go.jp/znk-web/juminkanja/S2430/initialize?prefCd=34&kikanCd=3340194710&kikanKbn=3", "url2": null }, "geometry": { "type": "Point", "coordinates": [ 132.506032, 34.490584 ] } },
{ "type": "Feature", "properties": { "内容": "アリス歯科クリニック【3:歯科】広島県東広島市黒瀬町宗近柳国９３２－１", "url": "https://www.iryou.teikyouseido.mhlw.go.jp/znk-web/juminkanja/S2430/initialize?prefCd=34&kikanCd=3340194970&kikanKbn=3", "url2": "http://www.alice-sika.com" }, "geometry": { "type": "Point", "coordinates": [ 132.709633, 34.346797 ] } },
{ "type": "Feature", "properties": { "内容": "おおもり歯科医院【3:歯科】広島県福山市青葉台１丁目３番１８号", "url": "https://www.iryou.teikyouseido.mhlw.go.jp/znk-web/juminkanja/S2430/initialize?prefCd=34&kikanCd=3340195300&kikanKbn=3", "url2": null }, "geometry": { "type": "Point", "coordinates": [ 133.427921, 34.512116 ] } },
{ "type": "Feature", "properties": { "内容": "串戸歯科クリニック【3:歯科】広島県廿日市市串戸四丁目１３－１　エコービル２Ｆ", "url": "https://www.iryou.teikyouseido.mhlw.go.jp/znk-web/juminkanja/S2430/initialize?prefCd=34&kikanCd=3340195690&kikanKbn=3", "url2": null }, "geometry": { "type": "Point", "coordinates": [ 132.32303, 34.347678 ] } },
{ "type": "Feature", "properties": { "内容": "宮崎歯科医院【3:歯科】広島県広島市安佐南区高取北三丁目１－３５", "url": "https://www.iryou.teikyouseido.mhlw.go.jp/znk-web/juminkanja/S2430/initialize?prefCd=34&kikanCd=3340195850&kikanKbn=3", "url2": "https://www.miyazakishikaiin.com/" }, "geometry": { "type": "Point", "coordinates": [ 132.436464, 34.473779 ] } },
{ "type": "Feature", "properties": { "内容": "中川歯科医院【3:歯科】広島県呉市焼山北３－５－１４", "url": "https://www.iryou.teikyouseido.mhlw.go.jp/znk-web/juminkanja/S2430/initialize?prefCd=34&kikanCd=3340195980&kikanKbn=3", "url2": null }, "geometry": { "type": "Point", "coordinates": [ 132.559702, 34.30441 ] } },
{ "type": "Feature", "properties": { "内容": "宮本歯科医院【3:歯科】広島県呉市音戸町藤脇一丁目２１－２５", "url": "https://www.iryou.teikyouseido.mhlw.go.jp/znk-web/juminkanja/S2430/initialize?prefCd=34&kikanCd=3340196020&kikanKbn=3", "url2": null }, "geometry": { "type": "Point", "coordinates": [ 132.509464, 34.147222 ] } },
{ "type": "Feature", "properties": { "内容": "トマト歯科クリニック【3:歯科】広島県山県郡北広島町有田１５３２　サンクス３Ｆ", "url": "https://www.iryou.teikyouseido.mhlw.go.jp/znk-web/juminkanja/S2430/initialize?prefCd=34&kikanCd=3340196150&kikanKbn=3", "url2": null }, "geometry": { "type": "Point", "coordinates": [ 132.536021, 34.67487 ] } },
{ "type": "Feature", "properties": { "内容": "新見歯科医院【3:歯科】広島県広島市安佐南区山本四丁目７－７", "url": "https://www.iryou.teikyouseido.mhlw.go.jp/znk-web/juminkanja/S2430/initialize?prefCd=34&kikanCd=3340196280&kikanKbn=3", "url2": null }, "geometry": { "type": "Point", "coordinates": [ 132.44865, 34.43945 ] } },
{ "type": "Feature", "properties": { "内容": "医療法人社団　仁方歯科医院【3:歯科】広島県呉市仁方本町１丁目１－３", "url": "https://www.iryou.teikyouseido.mhlw.go.jp/znk-web/juminkanja/S2430/initialize?prefCd=34&kikanCd=3340196440&kikanKbn=3", "url2": null }, "geometry": { "type": "Point", "coordinates": [ 132.655476, 34.223754 ] } },
{ "type": "Feature", "properties": { "内容": "はまだ歯科クリニック【3:歯科】広島県呉市広古新開四丁目２－１８", "url": "https://www.iryou.teikyouseido.mhlw.go.jp/znk-web/juminkanja/S2430/initialize?prefCd=34&kikanCd=3340196570&kikanKbn=3", "url2": null }, "geometry": { "type": "Point", "coordinates": [ 132.611312, 34.238391 ] } },
{ "type": "Feature", "properties": { "内容": "伊藤歯科医院【3:歯科】広島県福山市瀬戸町地頭分６９３－１９", "url": "https://www.iryou.teikyouseido.mhlw.go.jp/znk-web/juminkanja/S2430/initialize?prefCd=34&kikanCd=3340196600&kikanKbn=3", "url2": null }, "geometry": { "type": "Point", "coordinates": [ 133.325048, 34.468768 ] } },
{ "type": "Feature", "properties": { "内容": "橘高歯科医院【3:歯科】広島県福山市川口町二丁目２２－３", "url": "https://www.iryou.teikyouseido.mhlw.go.jp/znk-web/juminkanja/S2430/initialize?prefCd=34&kikanCd=3340196860&kikanKbn=3", "url2": null }, "geometry": { "type": "Point", "coordinates": [ 133.38907, 34.46988 ] } },
{ "type": "Feature", "properties": { "内容": "あおじ歯科医院【3:歯科】広島県広島市安芸区上瀬野二丁目１２－４６", "url": "https://www.iryou.teikyouseido.mhlw.go.jp/znk-web/juminkanja/S2430/initialize?prefCd=34&kikanCd=3340197030&kikanKbn=3", "url2": null }, "geometry": { "type": "Point", "coordinates": [ 132.618053, 34.424149 ] } },
{ "type": "Feature", "properties": { "内容": "家頭歯科医院【3:歯科】広島県広島市安芸区船越５丁目１３番９号", "url": "https://www.iryou.teikyouseido.mhlw.go.jp/znk-web/juminkanja/S2430/initialize?prefCd=34&kikanCd=3340197580&kikanKbn=3", "url2": null }, "geometry": { "type": "Point", "coordinates": [ 132.523147, 34.374375 ] } },
{ "type": "Feature", "properties": { "内容": "永金歯科医院【3:歯科】広島県三原市中之町２－８－１７", "url": "https://www.iryou.teikyouseido.mhlw.go.jp/znk-web/juminkanja/S2430/initialize?prefCd=34&kikanCd=3340197870&kikanKbn=3", "url2": null }, "geometry": { "type": "Point", "coordinates": [ 133.097563, 34.409898 ] } },
{ "type": "Feature", "properties": { "内容": "むねひろ・歯科・クリニック【3:歯科】広島県三原市須波西町２丁目１番１０号", "url": "https://www.iryou.teikyouseido.mhlw.go.jp/znk-web/juminkanja/S2430/initialize?prefCd=34&kikanCd=3340197900&kikanKbn=3", "url2": "https://www.munehiro-shika-clinic.com/" }, "geometry": { "type": "Point", "coordinates": [ 133.082689, 34.360342 ] } },
{ "type": "Feature", "properties": { "内容": "中井歯科医院【3:歯科】広島県広島市安佐南区山本一丁目８番１９号", "url": "https://www.iryou.teikyouseido.mhlw.go.jp/znk-web/juminkanja/S2430/initialize?prefCd=34&kikanCd=3340198330&kikanKbn=3", "url2": null }, "geometry": { "type": "Point", "coordinates": [ 132.454427, 34.436367 ] } },
{ "type": "Feature", "properties": { "内容": "医療法人ＬＣＧふかみスマイル歯科【3:歯科】広島県呉市吾妻二丁目９－２９", "url": "https://www.iryou.teikyouseido.mhlw.go.jp/znk-web/juminkanja/S2430/initialize?prefCd=34&kikanCd=3340198620&kikanKbn=3", "url2": "http://www.fukami-sika.jp/" }, "geometry": { "type": "Point", "coordinates": [ 132.579814, 34.252555 ] } },
{ "type": "Feature", "properties": { "内容": "医療法人社団　フジモト歯科【3:歯科】広島県府中市中須町７２１－８", "url": "https://www.iryou.teikyouseido.mhlw.go.jp/znk-web/juminkanja/S2430/initialize?prefCd=34&kikanCd=3340198750&kikanKbn=3", "url2": "http://shadanfujimotosika.jp" }, "geometry": { "type": "Point", "coordinates": [ 133.260292, 34.557993 ] } },
{ "type": "Feature", "properties": { "内容": "河野歯科医院【3:歯科】広島県広島市安佐北区亀山９丁目１２番４０号　山本ビル２Ｆ", "url": "https://www.iryou.teikyouseido.mhlw.go.jp/znk-web/juminkanja/S2430/initialize?prefCd=34&kikanCd=3340198910&kikanKbn=3", "url2": "http://www.citydo.com/sp/082-814-0418" }, "geometry": { "type": "Point", "coordinates": [ 132.477976, 34.535523 ] } },
{ "type": "Feature", "properties": { "内容": "酒井歯科医院【3:歯科】広島県尾道市因島中庄町２０２１", "url": "https://www.iryou.teikyouseido.mhlw.go.jp/znk-web/juminkanja/S2430/initialize?prefCd=34&kikanCd=3340199050&kikanKbn=3", "url2": null }, "geometry": { "type": "Point", "coordinates": [ 133.150917, 34.313023 ] } },
{ "type": "Feature", "properties": { "内容": "あまの歯科・矯正歯科クリニック【3:歯科】広島県三原市本郷南６－１２－２０", "url": "https://www.iryou.teikyouseido.mhlw.go.jp/znk-web/juminkanja/S2430/initialize?prefCd=34&kikanCd=3340199210&kikanKbn=3", "url2": "http://www.amano-doc.com/" }, "geometry": { "type": "Point", "coordinates": [ 132.982801, 34.409684 ] } },
{ "type": "Feature", "properties": { "内容": "かじわら歯科医院【3:歯科】広島県三原市大和町下徳良１７８２－１０", "url": "https://www.iryou.teikyouseido.mhlw.go.jp/znk-web/juminkanja/S2430/initialize?prefCd=34&kikanCd=3340199890&kikanKbn=3", "url2": null }, "geometry": { "type": "Point", "coordinates": [ 132.941549, 34.541614 ] } },
{ "type": "Feature", "properties": { "内容": "たかた歯科医院【3:歯科】広島県福山市坪生町四丁目２番６号", "url": "https://www.iryou.teikyouseido.mhlw.go.jp/znk-web/juminkanja/S2430/initialize?prefCd=34&kikanCd=3340199920&kikanKbn=3", "url2": null }, "geometry": { "type": "Point", "coordinates": [ 133.43798, 34.526791 ] } },
{ "type": "Feature", "properties": { "内容": "坂本歯科医院【3:歯科】広島県福山市西桜町１－３－１３", "url": "https://www.iryou.teikyouseido.mhlw.go.jp/znk-web/juminkanja/S2430/initialize?prefCd=34&kikanCd=3340200060&kikanKbn=3", "url2": "http://www.sakamotoshika.net/" }, "geometry": { "type": "Point", "coordinates": [ 133.358378, 34.483378 ] } },
{ "type": "Feature", "properties": { "内容": "医療法人社団　みずほ会　伏見町歯科クリニック【3:歯科】広島県福山市伏見町４－２０", "url": "https://www.iryou.teikyouseido.mhlw.go.jp/znk-web/juminkanja/S2430/initialize?prefCd=34&kikanCd=3340200190&kikanKbn=3", "url2": "http://mizuho-kai.jp/" }, "geometry": { "type": "Point", "coordinates": [ 133.365266, 34.488488 ] } },
{ "type": "Feature", "properties": { "内容": "医療法人ゆうこう　ゆうこう歯科【3:歯科】広島県広島市安佐南区安東２－１０－２", "url": "https://www.iryou.teikyouseido.mhlw.go.jp/znk-web/juminkanja/S2430/initialize?prefCd=34&kikanCd=3340200350&kikanKbn=3", "url2": "https://www.you-cou.com/" }, "geometry": { "type": "Point", "coordinates": [ 132.452926, 34.475585 ] } },
{ "type": "Feature", "properties": { "内容": "医療法人社団　やまもと歯科医院【3:歯科】広島県広島市安佐北区落合南４丁目１－３　山本ビル２階", "url": "https://www.iryou.teikyouseido.mhlw.go.jp/znk-web/juminkanja/S2430/initialize?prefCd=34&kikanCd=3340200480&kikanKbn=3", "url2": "http://www.yamamoto-shika.biz" }, "geometry": { "type": "Point", "coordinates": [ 132.516763, 34.474231 ] } },
{ "type": "Feature", "properties": { "内容": "新堀歯科医院【3:歯科】広島県呉市焼山政畝２丁目９番１６号", "url": "https://www.iryou.teikyouseido.mhlw.go.jp/znk-web/juminkanja/S2430/initialize?prefCd=34&kikanCd=3340200510&kikanKbn=3", "url2": null }, "geometry": { "type": "Point", "coordinates": [ 132.55562, 34.288551 ] } },
{ "type": "Feature", "properties": { "内容": "田渕歯科医院【3:歯科】広島県三原市中之町１丁目２３－２０", "url": "https://www.iryou.teikyouseido.mhlw.go.jp/znk-web/juminkanja/S2430/initialize?prefCd=34&kikanCd=3340200640&kikanKbn=3", "url2": "http://www12.plala.or.jp/tabuchidental/" }, "geometry": { "type": "Point", "coordinates": [ 133.09307, 34.407964 ] } },
{ "type": "Feature", "properties": { "内容": "医療法人社団　友愛会　カツシマ歯科【3:歯科】広島県尾道市向島町５４２０－１", "url": "https://www.iryou.teikyouseido.mhlw.go.jp/znk-web/juminkanja/S2430/initialize?prefCd=34&kikanCd=3340200770&kikanKbn=3", "url2": "http://www.katsushima-shika.com" }, "geometry": { "type": "Point", "coordinates": [ 133.199631, 34.394754 ] } },
{ "type": "Feature", "properties": { "内容": "宗永歯科医院【3:歯科】広島県尾道市向東町８８６１－１", "url": "https://www.iryou.teikyouseido.mhlw.go.jp/znk-web/juminkanja/S2430/initialize?prefCd=34&kikanCd=3340200800&kikanKbn=3", "url2": "http://nttbj.itp.ne.jp/0848446470/index.html" }, "geometry": { "type": "Point", "coordinates": [ 133.22231, 34.400301 ] } },
{ "type": "Feature", "properties": { "内容": "千田町歯科クリニック【3:歯科】広島県広島市中区千田町二丁目１－１０　Ｙ’ｓＢＬＤ２Ｆ", "url": "https://www.iryou.teikyouseido.mhlw.go.jp/znk-web/juminkanja/S2430/initialize?prefCd=34&kikanCd=3340201100&kikanKbn=3", "url2": null }, "geometry": { "type": "Point", "coordinates": [ 132.456775, 34.379001 ] } },
{ "type": "Feature", "properties": { "内容": "瀬戸田村上歯科医院【3:歯科】広島県尾道市瀬戸田町沢岡之本１６３－１６", "url": "https://www.iryou.teikyouseido.mhlw.go.jp/znk-web/juminkanja/S2430/initialize?prefCd=34&kikanCd=3340201360&kikanKbn=3", "url2": null }, "geometry": { "type": "Point", "coordinates": [ 133.090964, 34.307725 ] } },
{ "type": "Feature", "properties": { "内容": "医療法人　アルパーク歯科・矯正・栄養クリニック【3:歯科】広島県広島市西区草津新町二丁目２６－１アルパーク東棟８Ｆ", "url": "https://www.iryou.teikyouseido.mhlw.go.jp/znk-web/juminkanja/S2430/initialize?prefCd=34&kikanCd=3340202080&kikanKbn=3", "url2": "https://www.ap-dc.jp/" }, "geometry": { "type": "Point", "coordinates": [ 132.39463, 34.373678 ] } },
{ "type": "Feature", "properties": { "内容": "医療法人　引地歯科医院【3:歯科】広島県広島市西区草津新町二丁目１５－１９", "url": "https://www.iryou.teikyouseido.mhlw.go.jp/znk-web/juminkanja/S2430/initialize?prefCd=34&kikanCd=3340202110&kikanKbn=3", "url2": null }, "geometry": { "type": "Point", "coordinates": [ 132.394407, 34.37465 ] } },
{ "type": "Feature", "properties": { "内容": "山野歯科医院【3:歯科】広島県安芸郡熊野町貴船１８－１８", "url": "https://www.iryou.teikyouseido.mhlw.go.jp/znk-web/juminkanja/S2430/initialize?prefCd=34&kikanCd=3340202370&kikanKbn=3", "url2": "https://yamano-dentalclinic.com/" }, "geometry": { "type": "Point", "coordinates": [ 132.568701, 34.328991 ] } },
{ "type": "Feature", "properties": { "内容": "グリーン歯科【3:歯科】広島県廿日市市四季が丘六丁目１５番　アコールプラザ２０３号", "url": "https://www.iryou.teikyouseido.mhlw.go.jp/znk-web/juminkanja/S2430/initialize?prefCd=34&kikanCd=3340202400&kikanKbn=3", "url2": null }, "geometry": { "type": "Point", "coordinates": [ 132.294111, 34.347096 ] } },
{ "type": "Feature", "properties": { "内容": "早志歯科診療所【3:歯科】広島県東広島市西条昭和町１３－３７　シュプリーム松屋ビル　２Ｆ", "url": "https://www.iryou.teikyouseido.mhlw.go.jp/znk-web/juminkanja/S2430/initialize?prefCd=34&kikanCd=3340202660&kikanKbn=3", "url2": "http://ww35.tiki.ne.jp/~dentac/" }, "geometry": { "type": "Point", "coordinates": [ 132.742654, 34.425595 ] } },
{ "type": "Feature", "properties": { "内容": "日野歯科医院【3:歯科】広島県福山市西町２ー１４－７", "url": "https://www.iryou.teikyouseido.mhlw.go.jp/znk-web/juminkanja/S2430/initialize?prefCd=34&kikanCd=3340202790&kikanKbn=3", "url2": null }, "geometry": { "type": "Point", "coordinates": [ 133.355394, 34.489065 ] } },
{ "type": "Feature", "properties": { "内容": "医療法人社団　高橋歯科医院【3:歯科】広島県庄原市板橋町７６－１", "url": "https://www.iryou.teikyouseido.mhlw.go.jp/znk-web/juminkanja/S2430/initialize?prefCd=34&kikanCd=3340202820&kikanKbn=3", "url2": "http://www.shoubara-tdent.com/" }, "geometry": { "type": "Point", "coordinates": [ 133.017357, 34.849372 ] } },
{ "type": "Feature", "properties": { "内容": "ふじとう歯科【3:歯科】広島県安芸高田市甲田町高田原１１６０－７", "url": "https://www.iryou.teikyouseido.mhlw.go.jp/znk-web/juminkanja/S2430/initialize?prefCd=34&kikanCd=3340203380&kikanKbn=3", "url2": "https://fujito-dc.com" }, "geometry": { "type": "Point", "coordinates": [ 132.75864, 34.690234 ] } },
{ "type": "Feature", "properties": { "内容": "渡辺歯科【3:歯科】広島県廿日市市宮内２丁目１－１", "url": "https://www.iryou.teikyouseido.mhlw.go.jp/znk-web/juminkanja/S2430/initialize?prefCd=34&kikanCd=3340203540&kikanKbn=3", "url2": null }, "geometry": { "type": "Point", "coordinates": [ 132.316637, 34.349235 ] } },
{ "type": "Feature", "properties": { "内容": "占部歯科医院【3:歯科】広島県福山市多治米町六丁目１７－２２", "url": "https://www.iryou.teikyouseido.mhlw.go.jp/znk-web/juminkanja/S2430/initialize?prefCd=34&kikanCd=3340203830&kikanKbn=3", "url2": null }, "geometry": { "type": "Point", "coordinates": [ 133.373758, 34.46367 ] } },
{ "type": "Feature", "properties": { "内容": "聖ケ丘歯科医院【3:歯科】広島県広島市西区横川町三丁目１０－５", "url": "https://www.iryou.teikyouseido.mhlw.go.jp/znk-web/juminkanja/S2430/initialize?prefCd=34&kikanCd=3340203960&kikanKbn=3", "url2": "https://hijirigaokadc.wixsite.com/hijirigaoka-dc" }, "geometry": { "type": "Point", "coordinates": [ 132.452318, 34.409036 ] } },
{ "type": "Feature", "properties": { "内容": "山田歯科医院【3:歯科】広島県広島市安佐南区大町東三丁目３－８－５", "url": "https://www.iryou.teikyouseido.mhlw.go.jp/znk-web/juminkanja/S2430/initialize?prefCd=34&kikanCd=3340204000&kikanKbn=3", "url2": null }, "geometry": { "type": "Point", "coordinates": [ 132.467729, 34.454986 ] } },
{ "type": "Feature", "properties": { "内容": "松井歯科【3:歯科】広島県広島市中区舟入本町１３番４号　ＫＡＩＺＯビル２階", "url": "https://www.iryou.teikyouseido.mhlw.go.jp/znk-web/juminkanja/S2430/initialize?prefCd=34&kikanCd=3340204550&kikanKbn=3", "url2": null }, "geometry": { "type": "Point", "coordinates": [ 132.441903, 34.384983 ] } },
{ "type": "Feature", "properties": { "内容": "ふじのり歯科医院【3:歯科】広島県広島市東区戸坂新町一丁目４－１", "url": "https://www.iryou.teikyouseido.mhlw.go.jp/znk-web/juminkanja/S2430/initialize?prefCd=34&kikanCd=3340204680&kikanKbn=3", "url2": null }, "geometry": { "type": "Point", "coordinates": [ 132.497907, 34.423454 ] } },
{ "type": "Feature", "properties": { "内容": "道上歯科医院【3:歯科】広島県福山市神辺町道上１０１１－５", "url": "https://www.iryou.teikyouseido.mhlw.go.jp/znk-web/juminkanja/S2430/initialize?prefCd=34&kikanCd=3340204840&kikanKbn=3", "url2": null }, "geometry": { "type": "Point", "coordinates": [ 133.360708, 34.556648 ] } },
{ "type": "Feature", "properties": { "内容": "医療法人社団　誠美会　川原歯科医院【3:歯科】広島県広島市中区幟町６－２６　倉本ビル２階", "url": "https://www.iryou.teikyouseido.mhlw.go.jp/znk-web/juminkanja/S2430/initialize?prefCd=34&kikanCd=3340204970&kikanKbn=3", "url2": "http://www.kawahara.server-shared.com/" }, "geometry": { "type": "Point", "coordinates": [ 132.466453, 34.395207 ] } },
{ "type": "Feature", "properties": { "内容": "もりた歯科医院【3:歯科】広島県広島市中区基町１番２０号　オプリビル３階", "url": "https://www.iryou.teikyouseido.mhlw.go.jp/znk-web/juminkanja/S2430/initialize?prefCd=34&kikanCd=3340205140&kikanKbn=3", "url2": "http://www.morita-dental.net/" }, "geometry": { "type": "Point", "coordinates": [ 132.461568, 34.398151 ] } },
{ "type": "Feature", "properties": { "内容": "なんば歯科矯正歯科【3:歯科】広島県東広島市西条上市町６－２３　１Ｆ", "url": "https://www.iryou.teikyouseido.mhlw.go.jp/znk-web/juminkanja/S2430/initialize?prefCd=34&kikanCd=3340205270&kikanKbn=3", "url2": "http://nanba-dental.com" }, "geometry": { "type": "Point", "coordinates": [ 132.747878, 34.426615 ] } },
{ "type": "Feature", "properties": { "内容": "鍋島歯科医院【3:歯科】広島県尾道市土堂一丁目１２－１１", "url": "https://www.iryou.teikyouseido.mhlw.go.jp/znk-web/juminkanja/S2430/initialize?prefCd=34&kikanCd=3340205300&kikanKbn=3", "url2": "http://nabesika.jp/" }, "geometry": { "type": "Point", "coordinates": [ 133.197145, 34.405605 ] } },
{ "type": "Feature", "properties": { "内容": "勝田歯科医院【3:歯科】広島県広島市安佐南区毘沙門台三丁目２２－１７", "url": "https://www.iryou.teikyouseido.mhlw.go.jp/znk-web/juminkanja/S2430/initialize?prefCd=34&kikanCd=3340205560&kikanKbn=3", "url2": null }, "geometry": { "type": "Point", "coordinates": [ 132.462925, 34.481779 ] } },
{ "type": "Feature", "properties": { "内容": "さんたんだ歯科医院【3:歯科】広島県安芸郡府中町本町二丁目５－１１　グランドピア府中２Ｆ", "url": "https://www.iryou.teikyouseido.mhlw.go.jp/znk-web/juminkanja/S2430/initialize?prefCd=34&kikanCd=3340205720&kikanKbn=3", "url2": "https://www.santanda.jp" }, "geometry": { "type": "Point", "coordinates": [ 132.50549, 34.396649 ] } },
{ "type": "Feature", "properties": { "内容": "杉村歯科医院【3:歯科】広島県東広島市西条中央三丁目５－１１", "url": "https://www.iryou.teikyouseido.mhlw.go.jp/znk-web/juminkanja/S2430/initialize?prefCd=34&kikanCd=3340205850&kikanKbn=3", "url2": "http://www.kimura-shika.com" }, "geometry": { "type": "Point", "coordinates": [ 132.743821, 34.41829 ] } },
{ "type": "Feature", "properties": { "内容": "うつみ歯科医院【3:歯科】広島県福山市新市町戸手５８６", "url": "https://www.iryou.teikyouseido.mhlw.go.jp/znk-web/juminkanja/S2430/initialize?prefCd=34&kikanCd=3340206020&kikanKbn=3", "url2": "http://utsumi-dental.com/index.html" }, "geometry": { "type": "Point", "coordinates": [ 133.286131, 34.548869 ] } },
{ "type": "Feature", "properties": { "内容": "ほほえみ歯科クリニック【3:歯科】広島県広島市安佐南区緑井４－１１－２２　サーラシティ緑井２Ｆ", "url": "https://www.iryou.teikyouseido.mhlw.go.jp/znk-web/juminkanja/S2430/initialize?prefCd=34&kikanCd=3340206280&kikanKbn=3", "url2": "info@hohoemi-dental.com" }, "geometry": { "type": "Point", "coordinates": [ 132.475155, 34.467378 ] } },
{ "type": "Feature", "properties": { "内容": "吉村歯科医院【3:歯科】広島県安芸高田市吉田町山手１２１７－１", "url": "https://www.iryou.teikyouseido.mhlw.go.jp/znk-web/juminkanja/S2430/initialize?prefCd=34&kikanCd=3340206440&kikanKbn=3", "url2": "http://www.citydo.com/prt/hiroshima/guide/sg/450002364.html" }, "geometry": { "type": "Point", "coordinates": [ 132.671491, 34.647204 ] } },
{ "type": "Feature", "properties": { "内容": "坂木歯科医院【3:歯科】広島県広島市中区舟入町９－７", "url": "https://www.iryou.teikyouseido.mhlw.go.jp/znk-web/juminkanja/S2430/initialize?prefCd=34&kikanCd=3340206570&kikanKbn=3", "url2": "sakaki-dental.net" }, "geometry": { "type": "Point", "coordinates": [ 132.443597, 34.389705 ] } },
{ "type": "Feature", "properties": { "内容": "小早川歯科医院【3:歯科】広島県広島市南区東雲本町二丁目５－１７", "url": "https://www.iryou.teikyouseido.mhlw.go.jp/znk-web/juminkanja/S2430/initialize?prefCd=34&kikanCd=3340206600&kikanKbn=3", "url2": null }, "geometry": { "type": "Point", "coordinates": [ 132.485566, 34.381984 ] } },
{ "type": "Feature", "properties": { "内容": "藤堂歯科医院【3:歯科】広島県広島市安佐南区緑井３丁目２０－１　神宮山壱番館２Ｆ", "url": "https://www.iryou.teikyouseido.mhlw.go.jp/znk-web/juminkanja/S2430/initialize?prefCd=34&kikanCd=3340206860&kikanKbn=3", "url2": null }, "geometry": { "type": "Point", "coordinates": [ 132.470753, 34.468722 ] } },
{ "type": "Feature", "properties": { "内容": "林歯科医院【3:歯科】広島県三次市十日市西一丁目２－１０", "url": "https://www.iryou.teikyouseido.mhlw.go.jp/znk-web/juminkanja/S2430/initialize?prefCd=34&kikanCd=3340206990&kikanKbn=3", "url2": null }, "geometry": { "type": "Point", "coordinates": [ 132.8511, 34.802585 ] } },
{ "type": "Feature", "properties": { "内容": "むらかみ歯科医院【3:歯科】広島県広島市西区南観音三丁目１－４", "url": "https://www.iryou.teikyouseido.mhlw.go.jp/znk-web/juminkanja/S2430/initialize?prefCd=34&kikanCd=3340207030&kikanKbn=3", "url2": null }, "geometry": { "type": "Point", "coordinates": [ 132.431026, 34.38702 ] } },
{ "type": "Feature", "properties": { "内容": "せと歯科クリニック【3:歯科】広島県広島市中区大手町三丁目１－１１　平野ビル２Ｆ", "url": "https://www.iryou.teikyouseido.mhlw.go.jp/znk-web/juminkanja/S2430/initialize?prefCd=34&kikanCd=3340207290&kikanKbn=3", "url2": null }, "geometry": { "type": "Point", "coordinates": [ 132.455041, 34.388622 ] } },
{ "type": "Feature", "properties": { "内容": "八丁堀かわむら歯科【3:歯科】広島県広島市中区八丁堀１１番１８号　坪井ビル２階", "url": "https://www.iryou.teikyouseido.mhlw.go.jp/znk-web/juminkanja/S2430/initialize?prefCd=34&kikanCd=3340207320&kikanKbn=3", "url2": "https://hatchobori-kawamurashika.com/" }, "geometry": { "type": "Point", "coordinates": [ 132.462123, 34.39501 ] } },
{ "type": "Feature", "properties": { "内容": "医療法人社団　益田歯科クリニック【3:歯科】広島県広島市東区牛田本町三丁目３－１５　プレシュ牛田", "url": "https://www.iryou.teikyouseido.mhlw.go.jp/znk-web/juminkanja/S2430/initialize?prefCd=34&kikanCd=3340207580&kikanKbn=3", "url2": "masuda-shika.jp/" }, "geometry": { "type": "Point", "coordinates": [ 132.469066, 34.410703 ] } },
{ "type": "Feature", "properties": { "内容": "かどわき歯科医院【3:歯科】広島県広島市佐伯区楽々園５丁目２番１号　楠ビル１階", "url": "https://www.iryou.teikyouseido.mhlw.go.jp/znk-web/juminkanja/S2430/initialize?prefCd=34&kikanCd=3340207870&kikanKbn=3", "url2": null }, "geometry": { "type": "Point", "coordinates": [ 132.355328, 34.361571 ] } },
{ "type": "Feature", "properties": { "内容": "ゆかわ歯科クリニック【3:歯科】広島県東広島市高屋町小谷３３００番地", "url": "https://www.iryou.teikyouseido.mhlw.go.jp/znk-web/juminkanja/S2430/initialize?prefCd=34&kikanCd=3340208040&kikanKbn=3", "url2": "http://www.yukawa-shika.com/" }, "geometry": { "type": "Point", "coordinates": [ 132.829629, 34.445292 ] } },
{ "type": "Feature", "properties": { "内容": "川本歯科医院【3:歯科】広島県呉市西中央２丁目１－１１", "url": "https://www.iryou.teikyouseido.mhlw.go.jp/znk-web/juminkanja/S2430/initialize?prefCd=34&kikanCd=3340208200&kikanKbn=3", "url2": "http://www.kawamotoshika.com/index.html" }, "geometry": { "type": "Point", "coordinates": [ 132.558377, 34.247368 ] } },
{ "type": "Feature", "properties": { "内容": "つちはし歯科医院【3:歯科】広島県三原市宮浦５－６－１９", "url": "https://www.iryou.teikyouseido.mhlw.go.jp/znk-web/juminkanja/S2430/initialize?prefCd=34&kikanCd=3340208330&kikanKbn=3", "url2": null }, "geometry": { "type": "Point", "coordinates": [ 133.061045, 34.396965 ] } },
{ "type": "Feature", "properties": { "内容": "梶川歯科クリニック【3:歯科】広島県呉市音戸町波多見一丁目１－４４", "url": "https://www.iryou.teikyouseido.mhlw.go.jp/znk-web/juminkanja/S2430/initialize?prefCd=34&kikanCd=3340208460&kikanKbn=3", "url2": null }, "geometry": { "type": "Point", "coordinates": [ 132.547547, 34.188038 ] } },
{ "type": "Feature", "properties": { "内容": "ふじさわ歯科医院【3:歯科】広島県広島市安芸区矢野西四丁目８－１６", "url": "https://www.iryou.teikyouseido.mhlw.go.jp/znk-web/juminkanja/S2430/initialize?prefCd=34&kikanCd=3340208620&kikanKbn=3", "url2": null }, "geometry": { "type": "Point", "coordinates": [ 132.531342, 34.351266 ] } },
{ "type": "Feature", "properties": { "内容": "石本歯科クリニック【3:歯科】広島県広島市佐伯区海老山町３－８　クレスト木屋１Ｆ", "url": "https://www.iryou.teikyouseido.mhlw.go.jp/znk-web/juminkanja/S2430/initialize?prefCd=34&kikanCd=3340208750&kikanKbn=3", "url2": "http://www.ishimoto-dc.com/" }, "geometry": { "type": "Point", "coordinates": [ 132.365494, 34.365595 ] } },
{ "type": "Feature", "properties": { "内容": "佐久間歯科医院【3:歯科】広島県安芸郡府中町みくまり二丁目１３－１４", "url": "https://www.iryou.teikyouseido.mhlw.go.jp/znk-web/juminkanja/S2430/initialize?prefCd=34&kikanCd=3340208880&kikanKbn=3", "url2": "http://www.sakuma-shika.com/" }, "geometry": { "type": "Point", "coordinates": [ 132.513369, 34.399733 ] } },
{ "type": "Feature", "properties": { "内容": "村上歯科医院【3:歯科】広島県尾道市御調町神１４９－２", "url": "https://www.iryou.teikyouseido.mhlw.go.jp/znk-web/juminkanja/S2430/initialize?prefCd=34&kikanCd=3340208910&kikanKbn=3", "url2": null }, "geometry": { "type": "Point", "coordinates": [ 133.145255, 34.515952 ] } },
{ "type": "Feature", "properties": { "内容": "よこた歯科医院【3:歯科】広島県尾道市御調町大田７８－１", "url": "https://www.iryou.teikyouseido.mhlw.go.jp/znk-web/juminkanja/S2430/initialize?prefCd=34&kikanCd=3340209050&kikanKbn=3", "url2": null }, "geometry": { "type": "Point", "coordinates": [ 133.14312, 34.510935 ] } },
{ "type": "Feature", "properties": { "内容": "にしや歯科医院【3:歯科】広島県福山市本町１－１０", "url": "https://www.iryou.teikyouseido.mhlw.go.jp/znk-web/juminkanja/S2430/initialize?prefCd=34&kikanCd=3340209340&kikanKbn=3", "url2": "http://www.fukuyama-dent.jp/dentist/user/156" }, "geometry": { "type": "Point", "coordinates": [ 133.363512, 34.493146 ] } },
{ "type": "Feature", "properties": { "内容": "医療法人皓歯会　香川矯正歯科クリニック【3:歯科】広島県呉市西中央一丁目５－７　エスケイビル６Ｆ", "url": "https://www.iryou.teikyouseido.mhlw.go.jp/znk-web/juminkanja/S2430/initialize?prefCd=34&kikanCd=3340209760&kikanKbn=3", "url2": "http://kagawaortho.in.coocan.jp/koc/" }, "geometry": { "type": "Point", "coordinates": [ 132.55715, 34.247139 ] } },
{ "type": "Feature", "properties": { "内容": "くらた歯科医院【3:歯科】広島県安芸郡府中町浜田一丁目３番１６－２０２　藤和ハイタウン府中浜田", "url": "https://www.iryou.teikyouseido.mhlw.go.jp/znk-web/juminkanja/S2430/initialize?prefCd=34&kikanCd=3340209890&kikanKbn=3", "url2": "http//www.kurata-dental.jp" }, "geometry": { "type": "Point", "coordinates": [ 132.504592, 34.389039 ] } },
{ "type": "Feature", "properties": { "内容": "三戸歯科医院【3:歯科】広島県広島市西区中広町二丁目２５－１２", "url": "https://www.iryou.teikyouseido.mhlw.go.jp/znk-web/juminkanja/S2430/initialize?prefCd=34&kikanCd=3340210030&kikanKbn=3", "url2": "http://www.mitoshika.com/" }, "geometry": { "type": "Point", "coordinates": [ 132.444041, 34.402482 ] } },
{ "type": "Feature", "properties": { "内容": "片岡歯科医院【3:歯科】広島県広島市佐伯区五日市町下河内６０－１", "url": "https://www.iryou.teikyouseido.mhlw.go.jp/znk-web/juminkanja/S2430/initialize?prefCd=34&kikanCd=3340210320&kikanKbn=3", "url2": "https://kataokadental.jimdo.com/" }, "geometry": { "type": "Point", "coordinates": [ 132.353803, 34.404922 ] } },
{ "type": "Feature", "properties": { "内容": "医療法人社団　俊美会　野村歯科医院【3:歯科】広島県広島市安芸区矢野南１丁目１７番１１号", "url": "https://www.iryou.teikyouseido.mhlw.go.jp/znk-web/juminkanja/S2430/initialize?prefCd=34&kikanCd=3340210900&kikanKbn=3", "url2": "http://www.nomura-dc-shunbi.com" }, "geometry": { "type": "Point", "coordinates": [ 132.529826, 34.345938 ] } },
{ "type": "Feature", "properties": { "内容": "藤原歯科クリニック【3:歯科】広島県呉市焼山西３丁目２０－２１", "url": "https://www.iryou.teikyouseido.mhlw.go.jp/znk-web/juminkanja/S2430/initialize?prefCd=34&kikanCd=3340211040&kikanKbn=3", "url2": null }, "geometry": { "type": "Point", "coordinates": [ 132.553703, 34.297272 ] } },
{ "type": "Feature", "properties": { "内容": "とだ歯科・矯正歯科【3:歯科】広島県廿日市市大野高畑１２３５－９", "url": "https://www.iryou.teikyouseido.mhlw.go.jp/znk-web/juminkanja/S2430/initialize?prefCd=34&kikanCd=3340211170&kikanKbn=3", "url2": "https://www.eishin-kai.com/" }, "geometry": { "type": "Point", "coordinates": [ 132.27857, 34.299913 ] } },
{ "type": "Feature", "properties": { "内容": "こばやし歯科医院【3:歯科】広島県福山市本郷町３０６５－２", "url": "https://www.iryou.teikyouseido.mhlw.go.jp/znk-web/juminkanja/S2430/initialize?prefCd=34&kikanCd=3340211330&kikanKbn=3", "url2": "http://kdc.dental" }, "geometry": { "type": "Point", "coordinates": [ 133.245832, 34.466128 ] } },
{ "type": "Feature", "properties": { "内容": "やない歯科クリニック【3:歯科】広島県広島市中区江波東１丁目１２番５０号　エスポワールビル１階", "url": "https://www.iryou.teikyouseido.mhlw.go.jp/znk-web/juminkanja/S2430/initialize?prefCd=34&kikanCd=3340211460&kikanKbn=3", "url2": null }, "geometry": { "type": "Point", "coordinates": [ 132.436765, 34.372707 ] } },
{ "type": "Feature", "properties": { "内容": "小笠原歯科医院【3:歯科】広島県広島市南区宇品御幸一丁目３－７　アネックス田村１Ｆ", "url": "https://www.iryou.teikyouseido.mhlw.go.jp/znk-web/juminkanja/S2430/initialize?prefCd=34&kikanCd=3340211590&kikanKbn=3", "url2": null }, "geometry": { "type": "Point", "coordinates": [ 132.462996, 34.370908 ] } },
{ "type": "Feature", "properties": { "内容": "あいさか歯科クリニック【3:歯科】広島県広島市安芸区畑賀２丁目２２－２９　メイゾンＲ２１７", "url": "https://www.iryou.teikyouseido.mhlw.go.jp/znk-web/juminkanja/S2430/initialize?prefCd=34&kikanCd=3340211620&kikanKbn=3", "url2": null }, "geometry": { "type": "Point", "coordinates": [ 132.553366, 34.390846 ] } },
{ "type": "Feature", "properties": { "内容": "医療法人社団　竹下歯科医院【3:歯科】広島県安芸郡府中町桃山一丁目８－４－１０３", "url": "https://www.iryou.teikyouseido.mhlw.go.jp/znk-web/juminkanja/S2430/initialize?prefCd=34&kikanCd=3340211750&kikanKbn=3", "url2": "https://takshita-dental-clinic.com" }, "geometry": { "type": "Point", "coordinates": [ 132.505361, 34.379397 ] } },
{ "type": "Feature", "properties": { "内容": "ますもと歯科医院【3:歯科】広島県東広島市八本松西一丁目１２－２２", "url": "https://www.iryou.teikyouseido.mhlw.go.jp/znk-web/juminkanja/S2430/initialize?prefCd=34&kikanCd=3340211880&kikanKbn=3", "url2": null }, "geometry": { "type": "Point", "coordinates": [ 132.681859, 34.44541 ] } },
{ "type": "Feature", "properties": { "内容": "医療法人社団　岡野おとなこども歯科クリニック【3:歯科】広島県尾道市因島土生町１８９９－８", "url": "https://www.iryou.teikyouseido.mhlw.go.jp/znk-web/juminkanja/S2430/initialize?prefCd=34&kikanCd=3340211910&kikanKbn=3", "url2": "http://okano.in/" }, "geometry": { "type": "Point", "coordinates": [ 133.178069, 34.284757 ] } },
{ "type": "Feature", "properties": { "内容": "山下歯科医院【3:歯科】広島県呉市広駅前１丁目２－５－１０１", "url": "https://www.iryou.teikyouseido.mhlw.go.jp/znk-web/juminkanja/S2430/initialize?prefCd=34&kikanCd=3340212180&kikanKbn=3", "url2": null }, "geometry": { "type": "Point", "coordinates": [ 132.627784, 34.229753 ] } },
{ "type": "Feature", "properties": { "内容": "おごろち歯科・矯正歯科【3:歯科】広島県広島市安佐南区高取北一丁目４－２５－１", "url": "https://www.iryou.teikyouseido.mhlw.go.jp/znk-web/juminkanja/S2430/initialize?prefCd=34&kikanCd=3340212210&kikanKbn=3", "url2": "http://www.ogorochi.com" }, "geometry": { "type": "Point", "coordinates": [ 132.47162, 34.451865 ] } },
{ "type": "Feature", "properties": { "内容": "本城歯科医院【3:歯科】広島県広島市安佐南区大町東二丁目７－２５－６", "url": "https://www.iryou.teikyouseido.mhlw.go.jp/znk-web/juminkanja/S2430/initialize?prefCd=34&kikanCd=3340212470&kikanKbn=3", "url2": null }, "geometry": { "type": "Point", "coordinates": [ 132.469691, 34.46192 ] } },
{ "type": "Feature", "properties": { "内容": "米谷歯科医院【3:歯科】広島県呉市本通四丁目７－３", "url": "https://www.iryou.teikyouseido.mhlw.go.jp/znk-web/juminkanja/S2430/initialize?prefCd=34&kikanCd=3340212500&kikanKbn=3", "url2": null }, "geometry": { "type": "Point", "coordinates": [ 132.569815, 34.247667 ] } },
{ "type": "Feature", "properties": { "内容": "友安歯科診療所【3:歯科】広島県東広島市高屋町白市１０４６－２", "url": "https://www.iryou.teikyouseido.mhlw.go.jp/znk-web/juminkanja/S2430/initialize?prefCd=34&kikanCd=3340212630&kikanKbn=3", "url2": "http://ww7.enjoy.ne.jp/~zxc07774/TOMOYASU.html" }, "geometry": { "type": "Point", "coordinates": [ 132.823691, 34.456144 ] } },
{ "type": "Feature", "properties": { "内容": "タケダ歯科医院【3:歯科】広島県福山市神辺町新湯野三丁目５６－１０", "url": "https://www.iryou.teikyouseido.mhlw.go.jp/znk-web/juminkanja/S2430/initialize?prefCd=34&kikanCd=3340212760&kikanKbn=3", "url2": null }, "geometry": { "type": "Point", "coordinates": [ 133.391869, 34.555992 ] } },
{ "type": "Feature", "properties": { "内容": "横山歯科医院【3:歯科】広島県福山市加茂町中野８１２", "url": "https://www.iryou.teikyouseido.mhlw.go.jp/znk-web/juminkanja/S2430/initialize?prefCd=34&kikanCd=3340213190&kikanKbn=3", "url2": "http://yokoyama-dental-clinic.com/" }, "geometry": { "type": "Point", "coordinates": [ 133.349735, 34.575507 ] } },
{ "type": "Feature", "properties": { "内容": "佐藤歯科医院【3:歯科】広島県府中市中須町１６９６－２", "url": "https://www.iryou.teikyouseido.mhlw.go.jp/znk-web/juminkanja/S2430/initialize?prefCd=34&kikanCd=3340213350&kikanKbn=3", "url2": "https://www.satodental-clinic.com/" }, "geometry": { "type": "Point", "coordinates": [ 133.255459, 34.560962 ] } },
{ "type": "Feature", "properties": { "内容": "びんご歯科クリニック【3:歯科】広島県福山市新涯町二丁目１２－４５", "url": "https://www.iryou.teikyouseido.mhlw.go.jp/znk-web/juminkanja/S2430/initialize?prefCd=34&kikanCd=3340213480&kikanKbn=3", "url2": "http://www.bingo-dc.com" }, "geometry": { "type": "Point", "coordinates": [ 133.401431, 34.461214 ] } },
{ "type": "Feature", "properties": { "内容": "中町歯科医院【3:歯科】広島県広島市中区中町５番８号　第２下中町ビル２Ｆ", "url": "https://www.iryou.teikyouseido.mhlw.go.jp/znk-web/juminkanja/S2430/initialize?prefCd=34&kikanCd=3340213770&kikanKbn=3", "url2": null }, "geometry": { "type": "Point", "coordinates": [ 132.458935, 34.390044 ] } },
{ "type": "Feature", "properties": { "内容": "中谷歯科医院【3:歯科】広島県広島市西区横川町２丁目５番１２号　中谷ビル２階", "url": "https://www.iryou.teikyouseido.mhlw.go.jp/znk-web/juminkanja/S2430/initialize?prefCd=34&kikanCd=3340213930&kikanKbn=3", "url2": "https://nakatani-shika.com/" }, "geometry": { "type": "Point", "coordinates": [ 132.450401, 34.408286 ] } },
{ "type": "Feature", "properties": { "内容": "かねこ歯科医院【3:歯科】広島県広島市佐伯区八幡三丁目２３－２５", "url": "https://www.iryou.teikyouseido.mhlw.go.jp/znk-web/juminkanja/S2430/initialize?prefCd=34&kikanCd=3340214070&kikanKbn=3", "url2": null }, "geometry": { "type": "Point", "coordinates": [ 132.358839, 34.391716 ] } },
{ "type": "Feature", "properties": { "内容": "ふじ歯科クリニック【3:歯科】広島県東広島市西条土与丸１丁目５－２６", "url": "https://www.iryou.teikyouseido.mhlw.go.jp/znk-web/juminkanja/S2430/initialize?prefCd=34&kikanCd=3340214100&kikanKbn=3", "url2": null }, "geometry": { "type": "Point", "coordinates": [ 132.751209, 34.426845 ] } },
{ "type": "Feature", "properties": { "内容": "医療法人社団　みずほ会　Ａ・Ｃデンタルクリニック【3:歯科】広島県広島市安佐南区大塚西６丁目１２番１号　Ａ・ＣＩＴＹプラザ１階", "url": "https://www.iryou.teikyouseido.mhlw.go.jp/znk-web/juminkanja/S2430/initialize?prefCd=34&kikanCd=3340214490&kikanKbn=3", "url2": "http://www.mizuho-kai.jp/iin/06acity.html" }, "geometry": { "type": "Point", "coordinates": [ 132.395876, 34.44692 ] } },
{ "type": "Feature", "properties": { "内容": "広沢歯科医院【3:歯科】広島県廿日市市佐方４ー３－３０", "url": "https://www.iryou.teikyouseido.mhlw.go.jp/znk-web/juminkanja/S2430/initialize?prefCd=34&kikanCd=3340214520&kikanKbn=3", "url2": null }, "geometry": { "type": "Point", "coordinates": [ 132.344356, 34.366233 ] } },
{ "type": "Feature", "properties": { "内容": "カメイ歯科【3:歯科】広島県尾道市栗原町９３９９－３　誠和ビル１Ｆ", "url": "https://www.iryou.teikyouseido.mhlw.go.jp/znk-web/juminkanja/S2430/initialize?prefCd=34&kikanCd=3340214650&kikanKbn=3", "url2": "http://www.kamei-dental.com" }, "geometry": { "type": "Point", "coordinates": [ 133.189418, 34.430188 ] } },
{ "type": "Feature", "properties": { "内容": "田中第二歯科【3:歯科】広島県尾道市栗原町９６５０－６１　王野ビル１階", "url": "https://www.iryou.teikyouseido.mhlw.go.jp/znk-web/juminkanja/S2430/initialize?prefCd=34&kikanCd=3340214780&kikanKbn=3", "url2": null }, "geometry": { "type": "Point", "coordinates": [ 133.191088, 34.434574 ] } },
{ "type": "Feature", "properties": { "内容": "応藤歯科【3:歯科】広島県福山市北吉津町三丁目１２－１９", "url": "https://www.iryou.teikyouseido.mhlw.go.jp/znk-web/juminkanja/S2430/initialize?prefCd=34&kikanCd=3340215110&kikanKbn=3", "url2": null }, "geometry": { "type": "Point", "coordinates": [ 133.364904, 34.497626 ] } },
{ "type": "Feature", "properties": { "内容": "医療法人　おおつぼ歯科クリニック【3:歯科】広島県広島市西区田方２丁目１４－１０", "url": "https://www.iryou.teikyouseido.mhlw.go.jp/znk-web/juminkanja/S2430/initialize?prefCd=34&kikanCd=3340215790&kikanKbn=3", "url2": "https://www.ohtsuboshika.com/" }, "geometry": { "type": "Point", "coordinates": [ 132.398351, 34.390621 ] } },
{ "type": "Feature", "properties": { "内容": "平田歯科医院【3:歯科】広島県三原市沼田東町七宝１２９９－１", "url": "https://www.iryou.teikyouseido.mhlw.go.jp/znk-web/juminkanja/S2430/initialize?prefCd=34&kikanCd=3340216090&kikanKbn=3", "url2": null }, "geometry": { "type": "Point", "coordinates": [ 133.032743, 34.385577 ] } },
{ "type": "Feature", "properties": { "内容": "新市歯科医院【3:歯科】広島県福山市新市町新市４６２－１", "url": "https://www.iryou.teikyouseido.mhlw.go.jp/znk-web/juminkanja/S2430/initialize?prefCd=34&kikanCd=3340216120&kikanKbn=3", "url2": null }, "geometry": { "type": "Point", "coordinates": [ 133.274993, 34.550536 ] } },
{ "type": "Feature", "properties": { "内容": "すがなみ歯科【3:歯科】広島県福山市神辺町十三軒屋１５８－３", "url": "https://www.iryou.teikyouseido.mhlw.go.jp/znk-web/juminkanja/S2430/initialize?prefCd=34&kikanCd=3340216250&kikanKbn=3", "url2": "www.suganami-jp.com" }, "geometry": { "type": "Point", "coordinates": [ 133.354347, 34.548287 ] } },
{ "type": "Feature", "properties": { "内容": "キカワ歯科医院【3:歯科】広島県三原市皆実三丁目２－５　ナカタビル１Ｆ", "url": "https://www.iryou.teikyouseido.mhlw.go.jp/znk-web/juminkanja/S2430/initialize?prefCd=34&kikanCd=3340216380&kikanKbn=3", "url2": null }, "geometry": { "type": "Point", "coordinates": [ 133.067184, 34.392521 ] } },
{ "type": "Feature", "properties": { "内容": "山﨑歯科医院【3:歯科】広島県広島市東区若草町２１－１", "url": "https://www.iryou.teikyouseido.mhlw.go.jp/znk-web/juminkanja/S2430/initialize?prefCd=34&kikanCd=3340216410&kikanKbn=3", "url2": "http://www.y-ydo.com/" }, "geometry": { "type": "Point", "coordinates": [ 132.479015, 34.397218 ] } },
{ "type": "Feature", "properties": { "内容": "かわはら歯科クリニック【3:歯科】広島県広島市南区青崎二丁目４－３２", "url": "https://www.iryou.teikyouseido.mhlw.go.jp/znk-web/juminkanja/S2430/initialize?prefCd=34&kikanCd=3340216540&kikanKbn=3", "url2": null }, "geometry": { "type": "Point", "coordinates": [ 132.508074, 34.374513 ] } },
{ "type": "Feature", "properties": { "内容": "こにし歯科医院【3:歯科】広島県広島市佐伯区皆賀一丁目１３－５－３", "url": "https://www.iryou.teikyouseido.mhlw.go.jp/znk-web/juminkanja/S2430/initialize?prefCd=34&kikanCd=3340216700&kikanKbn=3", "url2": null }, "geometry": { "type": "Point", "coordinates": [ 132.370954, 34.370064 ] } },
{ "type": "Feature", "properties": { "内容": "よしの歯科クリニック【3:歯科】広島県広島市西区己斐本町３丁目　５－１４", "url": "https://www.iryou.teikyouseido.mhlw.go.jp/znk-web/juminkanja/S2430/initialize?prefCd=34&kikanCd=3340216960&kikanKbn=3", "url2": null }, "geometry": { "type": "Point", "coordinates": [ 132.426098, 34.39501 ] } },
{ "type": "Feature", "properties": { "内容": "島崎歯科医院【3:歯科】広島県東広島市西条町寺家６７３１番地１号", "url": "https://www.iryou.teikyouseido.mhlw.go.jp/znk-web/juminkanja/S2430/initialize?prefCd=34&kikanCd=3340217130&kikanKbn=3", "url2": "https://www.shimasaki-dental.com/" }, "geometry": { "type": "Point", "coordinates": [ 132.725433, 34.431657 ] } },
{ "type": "Feature", "properties": { "内容": "久保歯科医院【3:歯科】広島県広島市西区南観音二丁目７－２１－２平野ビル２階", "url": "https://www.iryou.teikyouseido.mhlw.go.jp/znk-web/juminkanja/S2430/initialize?prefCd=34&kikanCd=3340217260&kikanKbn=3", "url2": null }, "geometry": { "type": "Point", "coordinates": [ 132.429982, 34.384032 ] } },
{ "type": "Feature", "properties": { "内容": "はしづか歯科医院【3:歯科】広島県尾道市新浜二丁目６－２５　橋塚新浜ビル２Ｆ", "url": "https://www.iryou.teikyouseido.mhlw.go.jp/znk-web/juminkanja/S2430/initialize?prefCd=34&kikanCd=3340217550&kikanKbn=3", "url2": null }, "geometry": { "type": "Point", "coordinates": [ 133.179145, 34.400846 ] } },
{ "type": "Feature", "properties": { "内容": "きむら歯科矯正歯科【3:歯科】広島県広島市安佐北区可部五丁目１－２６　ヴァーンベール細田２０４号", "url": "https://www.iryou.teikyouseido.mhlw.go.jp/znk-web/juminkanja/S2430/initialize?prefCd=34&kikanCd=3340217710&kikanKbn=3", "url2": "http://kimurashika.biz/" }, "geometry": { "type": "Point", "coordinates": [ 132.511919, 34.521025 ] } },
{ "type": "Feature", "properties": { "内容": "里見歯科医院【3:歯科】広島県呉市焼山中央二丁目９－１２", "url": "https://www.iryou.teikyouseido.mhlw.go.jp/znk-web/juminkanja/S2430/initialize?prefCd=34&kikanCd=3340217840&kikanKbn=3", "url2": null }, "geometry": { "type": "Point", "coordinates": [ 132.560147, 34.296272 ] } },
{ "type": "Feature", "properties": { "内容": "おおつき歯科医院【3:歯科】広島県呉市焼山東三丁目４－１４", "url": "https://www.iryou.teikyouseido.mhlw.go.jp/znk-web/juminkanja/S2430/initialize?prefCd=34&kikanCd=3340218140&kikanKbn=3", "url2": "http://www.ootsuki-sika.com" }, "geometry": { "type": "Point", "coordinates": [ 132.565453, 34.291412 ] } },
{ "type": "Feature", "properties": { "内容": "薮本歯科クリニック【3:歯科】広島県東広島市西条岡町３－２５", "url": "https://www.iryou.teikyouseido.mhlw.go.jp/znk-web/juminkanja/S2430/initialize?prefCd=34&kikanCd=3340218560&kikanKbn=3", "url2": "www.yabumoto-dental.com" }, "geometry": { "type": "Point", "coordinates": [ 132.742609, 34.430283 ] } },
{ "type": "Feature", "properties": { "内容": "歯科医院スマイルライン【3:歯科】広島県呉市広大新開１－３－９", "url": "https://www.iryou.teikyouseido.mhlw.go.jp/znk-web/juminkanja/S2430/initialize?prefCd=34&kikanCd=3340218720&kikanKbn=3", "url2": null }, "geometry": { "type": "Point", "coordinates": [ 132.62259, 34.231475 ] } },
{ "type": "Feature", "properties": { "内容": "もりざね歯科医院【3:歯科】広島県呉市焼山此原町４－２", "url": "https://www.iryou.teikyouseido.mhlw.go.jp/znk-web/juminkanja/S2430/initialize?prefCd=34&kikanCd=3340218850&kikanKbn=3", "url2": "http://kure-morizane-dc.com/" }, "geometry": { "type": "Point", "coordinates": [ 132.550145, 34.281477 ] } },
{ "type": "Feature", "properties": { "内容": "おおたに歯科【3:歯科】広島県東広島市高屋町杵原１１０８－１５", "url": "https://www.iryou.teikyouseido.mhlw.go.jp/znk-web/juminkanja/S2430/initialize?prefCd=34&kikanCd=3340219020&kikanKbn=3", "url2": null }, "geometry": { "type": "Point", "coordinates": [ 132.786396, 34.452554 ] } },
{ "type": "Feature", "properties": { "内容": "三宅歯科医院【3:歯科】広島県広島市中区光南一丁目３－２６", "url": "https://www.iryou.teikyouseido.mhlw.go.jp/znk-web/juminkanja/S2430/initialize?prefCd=34&kikanCd=3340219150&kikanKbn=3", "url2": null }, "geometry": { "type": "Point", "coordinates": [ 132.447807, 34.369302 ] } },
{ "type": "Feature", "properties": { "内容": "後藤歯科医院【3:歯科】広島県広島市中区橋本町１０－１", "url": "https://www.iryou.teikyouseido.mhlw.go.jp/znk-web/juminkanja/S2430/initialize?prefCd=34&kikanCd=3340219280&kikanKbn=3", "url2": null }, "geometry": { "type": "Point", "coordinates": [ 132.468512, 34.393427 ] } },
{ "type": "Feature", "properties": { "内容": "おがわ歯科医院【3:歯科】広島県呉市川尻町西一丁目６－３３", "url": "https://www.iryou.teikyouseido.mhlw.go.jp/znk-web/juminkanja/S2430/initialize?prefCd=34&kikanCd=3340219310&kikanKbn=3", "url2": null }, "geometry": { "type": "Point", "coordinates": [ 132.694222, 34.231504 ] } },
{ "type": "Feature", "properties": { "内容": "森本歯科クリニック【3:歯科】広島県広島市中区白島九軒町２４－３ライオンズマンション白島九軒町１０１号", "url": "https://www.iryou.teikyouseido.mhlw.go.jp/znk-web/juminkanja/S2430/initialize?prefCd=34&kikanCd=3340219440&kikanKbn=3", "url2": "https://www.morimoto-dental.info" }, "geometry": { "type": "Point", "coordinates": [ 132.467011, 34.406759 ] } },
{ "type": "Feature", "properties": { "内容": "きらら歯科医院【3:歯科】広島県大竹市西栄３丁目１７番７号", "url": "https://www.iryou.teikyouseido.mhlw.go.jp/znk-web/juminkanja/S2430/initialize?prefCd=34&kikanCd=3340219600&kikanKbn=3", "url2": null }, "geometry": { "type": "Point", "coordinates": [ 132.226601, 34.214399 ] } },
{ "type": "Feature", "properties": { "内容": "医療法人　大谷歯科クリニック【3:歯科】広島県広島市中区大手町二丁目７－２６", "url": "https://www.iryou.teikyouseido.mhlw.go.jp/znk-web/juminkanja/S2430/initialize?prefCd=34&kikanCd=3340220000&kikanKbn=3", "url2": "http://www2.plala.or.jp/OTANIshika" }, "geometry": { "type": "Point", "coordinates": [ 132.456068, 34.392427 ] } },
{ "type": "Feature", "properties": { "内容": "かわの歯科【3:歯科】広島県東広島市西条中央一丁目１６－６－２Ｆ", "url": "https://www.iryou.teikyouseido.mhlw.go.jp/znk-web/juminkanja/S2430/initialize?prefCd=34&kikanCd=3340220550&kikanKbn=3", "url2": null }, "geometry": { "type": "Point", "coordinates": [ 132.73852, 34.420317 ] } },
{ "type": "Feature", "properties": { "内容": "第二薮本歯科医院【3:歯科】広島県東広島市西条町田口３４５２－１", "url": "https://www.iryou.teikyouseido.mhlw.go.jp/znk-web/juminkanja/S2430/initialize?prefCd=34&kikanCd=3340220680&kikanKbn=3", "url2": "http://yab-d.com" }, "geometry": { "type": "Point", "coordinates": [ 132.717963, 34.390154 ] } },
{ "type": "Feature", "properties": { "内容": "たがみ歯科医院【3:歯科】広島県福山市新市町戸手７０１－７", "url": "https://www.iryou.teikyouseido.mhlw.go.jp/znk-web/juminkanja/S2430/initialize?prefCd=34&kikanCd=3340220710&kikanKbn=3", "url2": null }, "geometry": { "type": "Point", "coordinates": [ 133.297991, 34.547731 ] } },
{ "type": "Feature", "properties": { "内容": "医療法人社団　安芸歯科クリニック【3:歯科】広島県廿日市市大野３３００－１６", "url": "https://www.iryou.teikyouseido.mhlw.go.jp/znk-web/juminkanja/S2430/initialize?prefCd=34&kikanCd=3340221300&kikanKbn=3", "url2": null }, "geometry": { "type": "Point", "coordinates": [ 132.289836, 34.305461 ] } },
{ "type": "Feature", "properties": { "内容": "竹口歯科【3:歯科】広島県広島市南区段原二丁目１－７", "url": "https://www.iryou.teikyouseido.mhlw.go.jp/znk-web/juminkanja/S2430/initialize?prefCd=34&kikanCd=3340221720&kikanKbn=3", "url2": "http//www.takeguchi-dental.com" }, "geometry": { "type": "Point", "coordinates": [ 132.476789, 34.389178 ] } },
{ "type": "Feature", "properties": { "内容": "医療法人玉田歯科【3:歯科】広島県広島市南区段原三丁目３－２７　段原メディカルビル３Ｆ", "url": "https://www.iryou.teikyouseido.mhlw.go.jp/znk-web/juminkanja/S2430/initialize?prefCd=34&kikanCd=3340221980&kikanKbn=3", "url2": "http://tdcjp.com" }, "geometry": { "type": "Point", "coordinates": [ 132.477306, 34.389091 ] } },
{ "type": "Feature", "properties": { "内容": "中川歯科医院【3:歯科】広島県廿日市市塩屋二丁目４－５", "url": "https://www.iryou.teikyouseido.mhlw.go.jp/znk-web/juminkanja/S2430/initialize?prefCd=34&kikanCd=3340222020&kikanKbn=3", "url2": null }, "geometry": { "type": "Point", "coordinates": [ 132.263536, 34.283339 ] } },
{ "type": "Feature", "properties": { "内容": "しんき歯科医院【3:歯科】広島県福山市南蔵王町六丁目２５－５", "url": "https://www.iryou.teikyouseido.mhlw.go.jp/znk-web/juminkanja/S2430/initialize?prefCd=34&kikanCd=3340222280&kikanKbn=3", "url2": "http://www.shinki-shika.com" }, "geometry": { "type": "Point", "coordinates": [ 133.405435, 34.499611 ] } },
{ "type": "Feature", "properties": { "内容": "きたこが歯科医院【3:歯科】広島県福山市神辺町道上２７０１－１", "url": "https://www.iryou.teikyouseido.mhlw.go.jp/znk-web/juminkanja/S2430/initialize?prefCd=34&kikanCd=3340222310&kikanKbn=3", "url2": null }, "geometry": { "type": "Point", "coordinates": [ 133.353595, 34.555477 ] } },
{ "type": "Feature", "properties": { "内容": "細川歯科医院【3:歯科】広島県庄原市東城町東城２３８番地", "url": "https://www.iryou.teikyouseido.mhlw.go.jp/znk-web/juminkanja/S2430/initialize?prefCd=34&kikanCd=3340222440&kikanKbn=3", "url2": null }, "geometry": { "type": "Point", "coordinates": [ 133.272533, 34.897721 ] } },
{ "type": "Feature", "properties": { "内容": "ケーシーデンタルクリニック【3:歯科】広島県三原市糸崎２丁目９番４３号", "url": "https://www.iryou.teikyouseido.mhlw.go.jp/znk-web/juminkanja/S2430/initialize?prefCd=34&kikanCd=3340222600&kikanKbn=3", "url2": null }, "geometry": { "type": "Point", "coordinates": [ 133.098389, 34.39584 ] } },
{ "type": "Feature", "properties": { "内容": "板阪歯科医院【3:歯科】広島県尾道市高須町４７５６－２９", "url": "https://www.iryou.teikyouseido.mhlw.go.jp/znk-web/juminkanja/S2430/initialize?prefCd=34&kikanCd=3340222730&kikanKbn=3", "url2": null }, "geometry": { "type": "Point", "coordinates": [ 133.236787, 34.436976 ] } },
{ "type": "Feature", "properties": { "内容": "岡本歯科医院【3:歯科】広島県呉市焼山中央２丁目７番１２号　２０１", "url": "https://www.iryou.teikyouseido.mhlw.go.jp/znk-web/juminkanja/S2430/initialize?prefCd=34&kikanCd=3340222990&kikanKbn=3", "url2": null }, "geometry": { "type": "Point", "coordinates": [ 132.558257, 34.296204 ] } },
{ "type": "Feature", "properties": { "内容": "医療法人社団麻佑会　くにし歯科医院【3:歯科】広島県広島市佐伯区八幡東３丁目２８番１７号　クロスロード４階", "url": "https://www.iryou.teikyouseido.mhlw.go.jp/znk-web/juminkanja/S2430/initialize?prefCd=34&kikanCd=3340223740&kikanKbn=3", "url2": "kunishidental.web.fc2.cor" }, "geometry": { "type": "Point", "coordinates": [ 132.361826, 34.384287 ] } },
{ "type": "Feature", "properties": { "内容": "瀧口歯科医院【3:歯科】広島県三次市布野町上布野１３５１－１９", "url": "https://www.iryou.teikyouseido.mhlw.go.jp/znk-web/juminkanja/S2430/initialize?prefCd=34&kikanCd=3340223900&kikanKbn=3", "url2": null }, "geometry": { "type": "Point", "coordinates": [ 132.783741, 34.883825 ] } },
{ "type": "Feature", "properties": { "内容": "五日市ファミリー歯科【3:歯科】広島県広島市佐伯区五日市駅前２丁目１８番１号　アネックスＫＳ２Ｆ", "url": "https://www.iryou.teikyouseido.mhlw.go.jp/znk-web/juminkanja/S2430/initialize?prefCd=34&kikanCd=3340224040&kikanKbn=3", "url2": null }, "geometry": { "type": "Point", "coordinates": [ 132.366382, 34.369706 ] } },
{ "type": "Feature", "properties": { "内容": "小田歯科・矯正歯科【3:歯科】広島県広島市安佐南区大町西三丁目２１－１３アド・グレイス１Ｆ", "url": "https://www.iryou.teikyouseido.mhlw.go.jp/znk-web/juminkanja/S2430/initialize?prefCd=34&kikanCd=3340224200&kikanKbn=3", "url2": "https://oda-ortho.net" }, "geometry": { "type": "Point", "coordinates": [ 132.465481, 34.460753 ] } },
{ "type": "Feature", "properties": { "内容": "橋本歯科医院【3:歯科】広島県広島市南区翠三丁目１１－１２", "url": "https://www.iryou.teikyouseido.mhlw.go.jp/znk-web/juminkanja/S2430/initialize?prefCd=34&kikanCd=3340224330&kikanKbn=3", "url2": null }, "geometry": { "type": "Point", "coordinates": [ 132.47129, 34.37093 ] } },
{ "type": "Feature", "properties": { "内容": "井上歯科医院【3:歯科】広島県広島市西区己斐本町３丁目５番４号", "url": "https://www.iryou.teikyouseido.mhlw.go.jp/znk-web/juminkanja/S2430/initialize?prefCd=34&kikanCd=3340224590&kikanKbn=3", "url2": null }, "geometry": { "type": "Point", "coordinates": [ 132.426404, 34.395426 ] } },
{ "type": "Feature", "properties": { "内容": "泉川歯科医院【3:歯科】広島県広島市安佐南区大町東１丁目７－１２", "url": "https://www.iryou.teikyouseido.mhlw.go.jp/znk-web/juminkanja/S2430/initialize?prefCd=34&kikanCd=3340224880&kikanKbn=3", "url2": null }, "geometry": { "type": "Point", "coordinates": [ 132.467418, 34.455744 ] } },
{ "type": "Feature", "properties": { "内容": "小川矯正歯科【3:歯科】広島県福山市伏見町４－３２", "url": "https://www.iryou.teikyouseido.mhlw.go.jp/znk-web/juminkanja/S2430/initialize?prefCd=34&kikanCd=3340225050&kikanKbn=3", "url2": "http://www.enjoy.ne.jp/~smile/" }, "geometry": { "type": "Point", "coordinates": [ 133.363961, 34.488211 ] } },
{ "type": "Feature", "properties": { "内容": "医療法人　ふくはら歯科医院【3:歯科】広島県福山市大門町津之下１７３－３", "url": "https://www.iryou.teikyouseido.mhlw.go.jp/znk-web/juminkanja/S2430/initialize?prefCd=34&kikanCd=3340225180&kikanKbn=3", "url2": "https://www.fukuhara-dc2.com/" }, "geometry": { "type": "Point", "coordinates": [ 133.429872, 34.492461 ] } },
{ "type": "Feature", "properties": { "内容": "やまもと歯科【3:歯科】広島県尾道市栗原西二丁目１－９", "url": "https://www.iryou.teikyouseido.mhlw.go.jp/znk-web/juminkanja/S2430/initialize?prefCd=34&kikanCd=3340225340&kikanKbn=3", "url2": null }, "geometry": { "type": "Point", "coordinates": [ 133.188895, 34.410549 ] } },
{ "type": "Feature", "properties": { "内容": "なかおか歯科【3:歯科】広島県安芸高田市吉田町吉田３７９９", "url": "https://www.iryou.teikyouseido.mhlw.go.jp/znk-web/juminkanja/S2430/initialize?prefCd=34&kikanCd=3340225470&kikanKbn=3", "url2": null }, "geometry": { "type": "Point", "coordinates": [ 132.701993, 34.665732 ] } },
{ "type": "Feature", "properties": { "内容": "ささき歯科【3:歯科】広島県広島市安佐南区西原１－２５－１３－１", "url": "https://www.iryou.teikyouseido.mhlw.go.jp/znk-web/juminkanja/S2430/initialize?prefCd=34&kikanCd=3340225920&kikanKbn=3", "url2": null }, "geometry": { "type": "Point", "coordinates": [ 132.462566, 34.432713 ] } },
{ "type": "Feature", "properties": { "内容": "さくま小児歯科クリニック【3:歯科】広島県広島市安佐北区可部南二丁目２番５号の１０５", "url": "https://www.iryou.teikyouseido.mhlw.go.jp/znk-web/juminkanja/S2430/initialize?prefCd=34&kikanCd=3340226190&kikanKbn=3", "url2": "http://www.citydo.com/sp/082-810-0555/" }, "geometry": { "type": "Point", "coordinates": [ 132.515193, 34.504866 ] } },
{ "type": "Feature", "properties": { "内容": "さがら歯科【3:歯科】広島県広島市佐伯区楽々園４－７－１", "url": "https://www.iryou.teikyouseido.mhlw.go.jp/znk-web/juminkanja/S2430/initialize?prefCd=34&kikanCd=3340226220&kikanKbn=3", "url2": null }, "geometry": { "type": "Point", "coordinates": [ 132.352282, 34.362975 ] } },
{ "type": "Feature", "properties": { "内容": "阿賀中央歯科医院【3:歯科】広島県呉市阿賀中央６丁目２－１１　アガプラザ２Ｆ", "url": "https://www.iryou.teikyouseido.mhlw.go.jp/znk-web/juminkanja/S2430/initialize?prefCd=34&kikanCd=3340226350&kikanKbn=3", "url2": null }, "geometry": { "type": "Point", "coordinates": [ 132.600591, 34.236585 ] } },
{ "type": "Feature", "properties": { "内容": "中村歯科クリニック【3:歯科】広島県広島市中区本川町２－１－２４　マルサンビル２階", "url": "https://www.iryou.teikyouseido.mhlw.go.jp/znk-web/juminkanja/S2430/initialize?prefCd=34&kikanCd=3340226510&kikanKbn=3", "url2": null }, "geometry": { "type": "Point", "coordinates": [ 132.451207, 34.397732 ] } },
{ "type": "Feature", "properties": { "内容": "こうの歯科医院【3:歯科】広島県山県郡安芸太田町大字加計３５３７－４", "url": "https://www.iryou.teikyouseido.mhlw.go.jp/znk-web/juminkanja/S2430/initialize?prefCd=34&kikanCd=3340226930&kikanKbn=3", "url2": null }, "geometry": { "type": "Point", "coordinates": [ 132.320264, 34.610179 ] } },
{ "type": "Feature", "properties": { "内容": "多治米歯科【3:歯科】広島県福山市多治米町１丁目２５番１５号", "url": "https://www.iryou.teikyouseido.mhlw.go.jp/znk-web/juminkanja/S2430/initialize?prefCd=34&kikanCd=3340227070&kikanKbn=3", "url2": "http://tajime-shika.com" }, "geometry": { "type": "Point", "coordinates": [ 133.379146, 34.474012 ] } },
{ "type": "Feature", "properties": { "内容": "やまき歯科医院【3:歯科】広島県広島市安佐北区亀崎２－１４－２１", "url": "https://www.iryou.teikyouseido.mhlw.go.jp/znk-web/juminkanja/S2430/initialize?prefCd=34&kikanCd=3340227100&kikanKbn=3", "url2": null }, "geometry": { "type": "Point", "coordinates": [ 132.521392, 34.482835 ] } },
{ "type": "Feature", "properties": { "内容": "医療法人　ふじわら歯科医院【3:歯科】広島県広島市安佐南区中筋３－２９－２３フルリール沖西２Ｆ", "url": "https://www.iryou.teikyouseido.mhlw.go.jp/znk-web/juminkanja/S2430/initialize?prefCd=34&kikanCd=3340227230&kikanKbn=3", "url2": null }, "geometry": { "type": "Point", "coordinates": [ 132.477564, 34.45156 ] } },
{ "type": "Feature", "properties": { "内容": "亀本歯科クリニック【3:歯科】広島県呉市吉浦中町１丁目４番地１号", "url": "https://www.iryou.teikyouseido.mhlw.go.jp/znk-web/juminkanja/S2430/initialize?prefCd=34&kikanCd=3340227490&kikanKbn=3", "url2": "http://www.mo-mo.or.jp/index.html" }, "geometry": { "type": "Point", "coordinates": [ 132.528777, 34.257836 ] } },
{ "type": "Feature", "properties": { "内容": "いいだ歯科クリニック【3:歯科】広島県安芸郡府中町大須２－３－７１", "url": "https://www.iryou.teikyouseido.mhlw.go.jp/znk-web/juminkanja/S2430/initialize?prefCd=34&kikanCd=3340227520&kikanKbn=3", "url2": null }, "geometry": { "type": "Point", "coordinates": [ 132.496696, 34.394418 ] } },
{ "type": "Feature", "properties": { "内容": "スマイル　デンタル　クリニック【3:歯科】広島県東広島市高屋町中島４５１－５　伊藤ビル２階", "url": "https://www.iryou.teikyouseido.mhlw.go.jp/znk-web/juminkanja/S2430/initialize?prefCd=34&kikanCd=3340227650&kikanKbn=3", "url2": null }, "geometry": { "type": "Point", "coordinates": [ 132.787566, 34.446677 ] } },
{ "type": "Feature", "properties": { "内容": "いずみもと歯科医院【3:歯科】広島県広島市南区南蟹屋１丁目１－２５　上田ビル２Ｆ", "url": "https://www.iryou.teikyouseido.mhlw.go.jp/znk-web/juminkanja/S2430/initialize?prefCd=34&kikanCd=3340227780&kikanKbn=3", "url2": "http://www.izumimotoshika.com/" }, "geometry": { "type": "Point", "coordinates": [ 132.485705, 34.38965 ] } },
{ "type": "Feature", "properties": { "内容": "広島医療生活協同組合　コープ共立歯科【3:歯科】広島県広島市安佐南区中須２－２０－３９", "url": "https://www.iryou.teikyouseido.mhlw.go.jp/znk-web/juminkanja/S2430/initialize?prefCd=34&kikanCd=3340227940&kikanKbn=3", "url2": "http://www.urban.ne.jp/home/coopsika" }, "geometry": { "type": "Point", "coordinates": [ 132.474952, 34.460448 ] } },
{ "type": "Feature", "properties": { "内容": "エトワール歯科【3:歯科】広島県東広島市八本松南四丁目１－２８", "url": "https://www.iryou.teikyouseido.mhlw.go.jp/znk-web/juminkanja/S2430/initialize?prefCd=34&kikanCd=3340228110&kikanKbn=3", "url2": null }, "geometry": { "type": "Point", "coordinates": [ 132.697316, 34.438631 ] } },
{ "type": "Feature", "properties": { "内容": "しだはら歯科医院【3:歯科】広島県安芸郡府中町本町５丁目２－１２", "url": "https://www.iryou.teikyouseido.mhlw.go.jp/znk-web/juminkanja/S2430/initialize?prefCd=34&kikanCd=3340228370&kikanKbn=3", "url2": null }, "geometry": { "type": "Point", "coordinates": [ 132.502481, 34.397816 ] } },
{ "type": "Feature", "properties": { "内容": "川口歯科医院【3:歯科】広島県大竹市玖波一丁目５－２", "url": "https://www.iryou.teikyouseido.mhlw.go.jp/znk-web/juminkanja/S2430/initialize?prefCd=34&kikanCd=3340228400&kikanKbn=3", "url2": null }, "geometry": { "type": "Point", "coordinates": [ 132.228104, 34.253995 ] } },
{ "type": "Feature", "properties": { "内容": "ありもり歯科医院【3:歯科】広島県安芸郡府中町八幡二丁目１３－２０", "url": "https://www.iryou.teikyouseido.mhlw.go.jp/znk-web/juminkanja/S2430/initialize?prefCd=34&kikanCd=3340228790&kikanKbn=3", "url2": null }, "geometry": { "type": "Point", "coordinates": [ 132.510564, 34.39015 ] } },
{ "type": "Feature", "properties": { "内容": "細川歯科【3:歯科】広島県府中市鵜飼町３７－５", "url": "https://www.iryou.teikyouseido.mhlw.go.jp/znk-web/juminkanja/S2430/initialize?prefCd=34&kikanCd=3340228820&kikanKbn=3", "url2": null }, "geometry": { "type": "Point", "coordinates": [ 133.243465, 34.568652 ] } },
{ "type": "Feature", "properties": { "内容": "からさき歯科医院【3:歯科】広島県広島市西区庚午北２丁目１１－２０　フィネスヒロタ１階", "url": "https://www.iryou.teikyouseido.mhlw.go.jp/znk-web/juminkanja/S2430/initialize?prefCd=34&kikanCd=3340228950&kikanKbn=3", "url2": null }, "geometry": { "type": "Point", "coordinates": [ 132.420372, 34.3912 ] } },
{ "type": "Feature", "properties": { "内容": "髙本歯科医院【3:歯科】広島県三次市三良坂町三良坂４２５４－１，２", "url": "https://www.iryou.teikyouseido.mhlw.go.jp/znk-web/juminkanja/S2430/initialize?prefCd=34&kikanCd=3340229410&kikanKbn=3", "url2": null }, "geometry": { "type": "Point", "coordinates": [ 132.957431, 34.762354 ] } },
{ "type": "Feature", "properties": { "内容": "藤井歯科医院【3:歯科】広島県広島市西区己斐本町１丁目１９－１１　清水ビル３Ｆ", "url": "https://www.iryou.teikyouseido.mhlw.go.jp/znk-web/juminkanja/S2430/initialize?prefCd=34&kikanCd=3340229830&kikanKbn=3", "url2": "http://pkpkfujii8148.com/" }, "geometry": { "type": "Point", "coordinates": [ 132.428098, 34.396509 ] } },
{ "type": "Feature", "properties": { "内容": "福岡歯科医院【3:歯科】広島県広島市安佐北区上深川町７５８－１", "url": "https://www.iryou.teikyouseido.mhlw.go.jp/znk-web/juminkanja/S2430/initialize?prefCd=34&kikanCd=3340230100&kikanKbn=3", "url2": null }, "geometry": { "type": "Point", "coordinates": [ 132.561389, 34.474865 ] } },
{ "type": "Feature", "properties": { "内容": "あだち歯科医院【3:歯科】広島県広島市安佐北区落合南１丁目１１－１３", "url": "https://www.iryou.teikyouseido.mhlw.go.jp/znk-web/juminkanja/S2430/initialize?prefCd=34&kikanCd=3340230490&kikanKbn=3", "url2": "http://www.adachi-dc.jp/" }, "geometry": { "type": "Point", "coordinates": [ 132.507005, 34.467031 ] } },
{ "type": "Feature", "properties": { "内容": "兼池歯科【3:歯科】広島県広島市佐伯区五日市駅前二丁目１５－２", "url": "https://www.iryou.teikyouseido.mhlw.go.jp/znk-web/juminkanja/S2430/initialize?prefCd=34&kikanCd=3340230520&kikanKbn=3", "url2": null }, "geometry": { "type": "Point", "coordinates": [ 132.3651, 34.369285 ] } },
{ "type": "Feature", "properties": { "内容": "矢賀駅前歯科医院【3:歯科】広島県広島市東区矢賀４丁目１１番２８号", "url": "https://www.iryou.teikyouseido.mhlw.go.jp/znk-web/juminkanja/S2430/initialize?prefCd=34&kikanCd=3340231080&kikanKbn=3", "url2": null }, "geometry": { "type": "Point", "coordinates": [ 132.498149, 34.397677 ] } },
{ "type": "Feature", "properties": { "内容": "高山歯科【3:歯科】広島県広島市東区温品七丁目１８－４秀和ビル２０１号", "url": "https://www.iryou.teikyouseido.mhlw.go.jp/znk-web/juminkanja/S2430/initialize?prefCd=34&kikanCd=3340231110&kikanKbn=3", "url2": null }, "geometry": { "type": "Point", "coordinates": [ 132.509813, 34.412842 ] } },
{ "type": "Feature", "properties": { "内容": "橘髙歯科医院【3:歯科】広島県福山市港町１丁目３番１４号", "url": "https://www.iryou.teikyouseido.mhlw.go.jp/znk-web/juminkanja/S2430/initialize?prefCd=34&kikanCd=3340231660&kikanKbn=3", "url2": null }, "geometry": { "type": "Point", "coordinates": [ 133.381043, 34.486461 ] } },
{ "type": "Feature", "properties": { "内容": "庄原市口和歯科診療所【3:歯科】広島県庄原市口和町永田４２０－１", "url": "https://www.iryou.teikyouseido.mhlw.go.jp/znk-web/juminkanja/S2430/initialize?prefCd=34&kikanCd=3340231790&kikanKbn=3", "url2": null }, "geometry": { "type": "Point", "coordinates": [ 132.917047, 34.887548 ] } },
{ "type": "Feature", "properties": { "内容": "まつお歯科クリニック【3:歯科】広島県広島市南区翠二丁目９－２２　松尾ビル翠２Ｆ", "url": "https://www.iryou.teikyouseido.mhlw.go.jp/znk-web/juminkanja/S2430/initialize?prefCd=34&kikanCd=3340231820&kikanKbn=3", "url2": "http://www.matsuo-shika.com" }, "geometry": { "type": "Point", "coordinates": [ 132.469061, 34.373176 ] } },
{ "type": "Feature", "properties": { "内容": "ひで歯科医院【3:歯科】広島県広島市中区西平塚町４番１０号　秀和ビル", "url": "https://www.iryou.teikyouseido.mhlw.go.jp/znk-web/juminkanja/S2430/initialize?prefCd=34&kikanCd=3340231950&kikanKbn=3", "url2": null }, "geometry": { "type": "Point", "coordinates": [ 132.468206, 34.389539 ] } },
{ "type": "Feature", "properties": { "内容": "原田歯科医院【3:歯科】広島県広島市安佐南区緑井六丁目９番１号", "url": "https://www.iryou.teikyouseido.mhlw.go.jp/znk-web/juminkanja/S2430/initialize?prefCd=34&kikanCd=3340232090&kikanKbn=3", "url2": "http://harada-dent.jp/" }, "geometry": { "type": "Point", "coordinates": [ 132.488117, 34.476835 ] } },
{ "type": "Feature", "properties": { "内容": "佐東歯科医院【3:歯科】広島県広島市安佐北区可部五丁目６－１６　コンフォート和泉１階", "url": "https://www.iryou.teikyouseido.mhlw.go.jp/znk-web/juminkanja/S2430/initialize?prefCd=34&kikanCd=3340232120&kikanKbn=3", "url2": null }, "geometry": { "type": "Point", "coordinates": [ 132.507283, 34.522196 ] } },
{ "type": "Feature", "properties": { "内容": "上本歯科医院【3:歯科】広島県広島市佐伯区五日市中央一丁目３－２６", "url": "https://www.iryou.teikyouseido.mhlw.go.jp/znk-web/juminkanja/S2430/initialize?prefCd=34&kikanCd=3340232250&kikanKbn=3", "url2": null }, "geometry": { "type": "Point", "coordinates": [ 132.351606, 34.367567 ] } },
{ "type": "Feature", "properties": { "内容": "西野歯科【3:歯科】広島県竹原市西野町２１５３－３", "url": "https://www.iryou.teikyouseido.mhlw.go.jp/znk-web/juminkanja/S2430/initialize?prefCd=34&kikanCd=3340232380&kikanKbn=3", "url2": null }, "geometry": { "type": "Point", "coordinates": [ 132.890337, 34.396184 ] } },
{ "type": "Feature", "properties": { "内容": "村田歯科医院【3:歯科】広島県呉市倉橋町６６３０－６", "url": "https://www.iryou.teikyouseido.mhlw.go.jp/znk-web/juminkanja/S2430/initialize?prefCd=34&kikanCd=3340232410&kikanKbn=3", "url2": null }, "geometry": { "type": "Point", "coordinates": [ 132.501357, 34.1293 ] } },
{ "type": "Feature", "properties": { "内容": "あおば歯科【3:歯科】広島県広島市安佐南区祇園５－３－８　フィネス岡西１階", "url": "https://www.iryou.teikyouseido.mhlw.go.jp/znk-web/juminkanja/S2430/initialize?prefCd=34&kikanCd=3340232960&kikanKbn=3", "url2": "http://www.aoba-dental-clinic.com/" }, "geometry": { "type": "Point", "coordinates": [ 132.461176, 34.446005 ] } },
{ "type": "Feature", "properties": { "内容": "ナタリーデンタルクリニック【3:歯科】広島県廿日市市阿品三丁目１番１号　フジグランナタリ－１階", "url": "https://www.iryou.teikyouseido.mhlw.go.jp/znk-web/juminkanja/S2430/initialize?prefCd=34&kikanCd=3340233000&kikanKbn=3", "url2": "https://www.natalie-dental.com/" }, "geometry": { "type": "Point", "coordinates": [ 132.315361, 34.321654 ] } },
{ "type": "Feature", "properties": { "内容": "和田本デンタルオフィス【3:歯科】広島県広島市中区紙屋町二丁目２－２", "url": "https://www.iryou.teikyouseido.mhlw.go.jp/znk-web/juminkanja/S2430/initialize?prefCd=34&kikanCd=3340233260&kikanKbn=3", "url2": null }, "geometry": { "type": "Point", "coordinates": [ 132.457059, 34.394546 ] } },
{ "type": "Feature", "properties": { "内容": "松本歯科医院【3:歯科】広島県福山市新浜町１－４－１８", "url": "https://www.iryou.teikyouseido.mhlw.go.jp/znk-web/juminkanja/S2430/initialize?prefCd=34&kikanCd=3340233390&kikanKbn=3", "url2": "http://www.e-dental-smile.com/" }, "geometry": { "type": "Point", "coordinates": [ 133.3966, 34.477047 ] } },
{ "type": "Feature", "properties": { "内容": "まつもと歯科医院【3:歯科】広島県福山市新涯町五丁目２－１８", "url": "https://www.iryou.teikyouseido.mhlw.go.jp/znk-web/juminkanja/S2430/initialize?prefCd=34&kikanCd=3340233420&kikanKbn=3", "url2": "http://www.egaonijishin.jp" }, "geometry": { "type": "Point", "coordinates": [ 133.386093, 34.457225 ] } },
{ "type": "Feature", "properties": { "内容": "たまき歯科医院【3:歯科】広島県広島市東区牛田本町二丁目１－２１リライアンス牛田１Ｆ", "url": "https://www.iryou.teikyouseido.mhlw.go.jp/znk-web/juminkanja/S2430/initialize?prefCd=34&kikanCd=3340233550&kikanKbn=3", "url2": null }, "geometry": { "type": "Point", "coordinates": [ 132.470623, 34.411744 ] } },
{ "type": "Feature", "properties": { "内容": "ファミリー歯科クリニック【3:歯科】広島県福山市大門町１丁目３８番２６号", "url": "https://www.iryou.teikyouseido.mhlw.go.jp/znk-web/juminkanja/S2430/initialize?prefCd=34&kikanCd=3340233680&kikanKbn=3", "url2": "http;//www.family4322.com/" }, "geometry": { "type": "Point", "coordinates": [ 133.440183, 34.497595 ] } },
{ "type": "Feature", "properties": { "内容": "里見歯科【3:歯科】広島県呉市郷原野路の里１丁目１７番６号", "url": "https://www.iryou.teikyouseido.mhlw.go.jp/znk-web/juminkanja/S2430/initialize?prefCd=34&kikanCd=3340233970&kikanKbn=3", "url2": null }, "geometry": { "type": "Point", "coordinates": [ 132.644807, 34.301996 ] } },
{ "type": "Feature", "properties": { "内容": "信森歯科・こども歯科クリニック【3:歯科】広島県福山市明治町１１－１", "url": "https://www.iryou.teikyouseido.mhlw.go.jp/znk-web/juminkanja/S2430/initialize?prefCd=34&kikanCd=3340234010&kikanKbn=3", "url2": "http://nobumori-dc.jp/" }, "geometry": { "type": "Point", "coordinates": [ 133.367238, 34.482572 ] } },
{ "type": "Feature", "properties": { "内容": "医療法人社団　マコト矯正歯科クリニック【3:歯科】広島県三原市館町一丁目７－１　金山ビル２階", "url": "https://www.iryou.teikyouseido.mhlw.go.jp/znk-web/juminkanja/S2430/initialize?prefCd=34&kikanCd=3340234270&kikanKbn=3", "url2": "https://www.makoto-kyosei.jp/" }, "geometry": { "type": "Point", "coordinates": [ 133.085904, 34.401021 ] } },
{ "type": "Feature", "properties": { "内容": "仁野歯科クリニック【3:歯科】広島県広島市中区八丁堀１２－２２　築地ビル　２Ｆ", "url": "https://www.iryou.teikyouseido.mhlw.go.jp/znk-web/juminkanja/S2430/initialize?prefCd=34&kikanCd=3340234300&kikanKbn=3", "url2": null }, "geometry": { "type": "Point", "coordinates": [ 132.46354, 34.395538 ] } },
{ "type": "Feature", "properties": { "内容": "なべしま歯科医院【3:歯科】広島県福山市春日町一丁目２－４７", "url": "https://www.iryou.teikyouseido.mhlw.go.jp/znk-web/juminkanja/S2430/initialize?prefCd=34&kikanCd=3340234560&kikanKbn=3", "url2": "https://nabeshimashika.com" }, "geometry": { "type": "Point", "coordinates": [ 133.407215, 34.506461 ] } },
{ "type": "Feature", "properties": { "内容": "医療法人くろせ歯科クリニック【3:歯科】広島県尾道市向島町５５３４－１２３", "url": "https://www.iryou.teikyouseido.mhlw.go.jp/znk-web/juminkanja/S2430/initialize?prefCd=34&kikanCd=3340234720&kikanKbn=3", "url2": null }, "geometry": { "type": "Point", "coordinates": [ 133.199506, 34.397912 ] } },
{ "type": "Feature", "properties": { "内容": "医療法人社団　小町歯科クリニック【3:歯科】広島県広島市中区小町２－２０　小町メールビル２階", "url": "https://www.iryou.teikyouseido.mhlw.go.jp/znk-web/juminkanja/S2430/initialize?prefCd=34&kikanCd=3340235020&kikanKbn=3", "url2": "http://www.komachishika.jp/" }, "geometry": { "type": "Point", "coordinates": [ 132.457247, 34.388642 ] } },
{ "type": "Feature", "properties": { "内容": "白木歯科医院【3:歯科】広島県福山市駅家町江良７７５－５", "url": "https://www.iryou.teikyouseido.mhlw.go.jp/znk-web/juminkanja/S2430/initialize?prefCd=34&kikanCd=3340235280&kikanKbn=3", "url2": null }, "geometry": { "type": "Point", "coordinates": [ 133.322878, 34.542204 ] } },
{ "type": "Feature", "properties": { "内容": "なかます歯科医院【3:歯科】広島県山県郡北広島町新庄９１９－３", "url": "https://www.iryou.teikyouseido.mhlw.go.jp/znk-web/juminkanja/S2430/initialize?prefCd=34&kikanCd=3340235440&kikanKbn=3", "url2": null }, "geometry": { "type": "Point", "coordinates": [ 132.490965, 34.763444 ] } },
{ "type": "Feature", "properties": { "内容": "小島歯科医院【3:歯科】広島県広島市南区西霞町７番１３号", "url": "https://www.iryou.teikyouseido.mhlw.go.jp/znk-web/juminkanja/S2430/initialize?prefCd=34&kikanCd=3340235730&kikanKbn=3", "url2": null }, "geometry": { "type": "Point", "coordinates": [ 132.481372, 34.37679 ] } },
{ "type": "Feature", "properties": { "内容": "栗栖歯科クリニック【3:歯科】広島県廿日市市宮内北山３－１－５", "url": "https://www.iryou.teikyouseido.mhlw.go.jp/znk-web/juminkanja/S2430/initialize?prefCd=34&kikanCd=3340235860&kikanKbn=3", "url2": null }, "geometry": { "type": "Point", "coordinates": [ 132.313388, 34.348513 ] } },
{ "type": "Feature", "properties": { "内容": "医療法人社団　しげもと歯科クリニック【3:歯科】広島県東広島市黒瀬町兼広１４１", "url": "https://www.iryou.teikyouseido.mhlw.go.jp/znk-web/juminkanja/S2430/initialize?prefCd=34&kikanCd=3340235990&kikanKbn=3", "url2": "http://www.shigemoto-dental.com/" }, "geometry": { "type": "Point", "coordinates": [ 132.663493, 34.322931 ] } },
{ "type": "Feature", "properties": { "内容": "明見歯科医院【3:歯科】広島県広島市安佐南区長束西一丁目５番９号", "url": "https://www.iryou.teikyouseido.mhlw.go.jp/znk-web/juminkanja/S2430/initialize?prefCd=34&kikanCd=3340236030&kikanKbn=3", "url2": "http://myokendc.com/" }, "geometry": { "type": "Point", "coordinates": [ 132.44965, 34.429701 ] } },
{ "type": "Feature", "properties": { "内容": "ダンデンタルクリニック【3:歯科】広島県広島市安佐南区祇園一丁目３６－９", "url": "https://www.iryou.teikyouseido.mhlw.go.jp/znk-web/juminkanja/S2430/initialize?prefCd=34&kikanCd=3340236160&kikanKbn=3", "url2": "http://asaminamiku-sika-dandc.com/" }, "geometry": { "type": "Point", "coordinates": [ 132.460471, 34.433712 ] } },
{ "type": "Feature", "properties": { "内容": "はま歯科医院【3:歯科】広島県福山市奈良津町三丁目５－２４", "url": "https://www.iryou.teikyouseido.mhlw.go.jp/znk-web/juminkanja/S2430/initialize?prefCd=34&kikanCd=3340236290&kikanKbn=3", "url2": "http://www.6366.jp/" }, "geometry": { "type": "Point", "coordinates": [ 133.374683, 34.459131 ] } },
{ "type": "Feature", "properties": { "内容": "聖和歯科クリニック【3:歯科】広島県福山市沖野上町３丁目８番３号", "url": "https://www.iryou.teikyouseido.mhlw.go.jp/znk-web/juminkanja/S2430/initialize?prefCd=34&kikanCd=3340236320&kikanKbn=3", "url2": "http://www.seiwa-dental.com" }, "geometry": { "type": "Point", "coordinates": [ 133.374794, 34.472768 ] } },
{ "type": "Feature", "properties": { "内容": "よしだ歯科【3:歯科】広島県呉市音戸町波多見１丁目３５番２８号", "url": "https://www.iryou.teikyouseido.mhlw.go.jp/znk-web/juminkanja/S2430/initialize?prefCd=34&kikanCd=3340236580&kikanKbn=3", "url2": null }, "geometry": { "type": "Point", "coordinates": [ 132.550273, 34.185074 ] } },
{ "type": "Feature", "properties": { "内容": "医療法人　もりもと矯正歯科【3:歯科】広島県広島市安佐南区中筋三丁目７－１８　パレグレース中筋３Ｆ", "url": "https://www.iryou.teikyouseido.mhlw.go.jp/znk-web/juminkanja/S2430/initialize?prefCd=34&kikanCd=3340236610&kikanKbn=3", "url2": "http://www.morimoto-kyousei.jp" }, "geometry": { "type": "Point", "coordinates": [ 132.478286, 34.454476 ] } },
{ "type": "Feature", "properties": { "内容": "中林齒科クリニック【3:歯科】広島県広島市佐伯区海老園　２－６－２２", "url": "https://www.iryou.teikyouseido.mhlw.go.jp/znk-web/juminkanja/S2430/initialize?prefCd=34&kikanCd=3340236740&kikanKbn=3", "url2": null }, "geometry": { "type": "Point", "coordinates": [ 132.361577, 34.364984 ] } },
{ "type": "Feature", "properties": { "内容": "たまやま歯科医院【3:歯科】広島県三原市宮浦六丁目７－２７", "url": "https://www.iryou.teikyouseido.mhlw.go.jp/znk-web/juminkanja/S2430/initialize?prefCd=34&kikanCd=3340236870&kikanKbn=3", "url2": null }, "geometry": { "type": "Point", "coordinates": [ 133.060907, 34.39441 ] } },
{ "type": "Feature", "properties": { "内容": "藤井歯科医院【3:歯科】広島県広島市安芸区瀬野１－２３－２９", "url": "https://www.iryou.teikyouseido.mhlw.go.jp/znk-web/juminkanja/S2430/initialize?prefCd=34&kikanCd=3340237040&kikanKbn=3", "url2": null }, "geometry": { "type": "Point", "coordinates": [ 132.60211, 34.421426 ] } },
{ "type": "Feature", "properties": { "内容": "山村歯科医院【3:歯科】広島県広島市安佐北区深川三丁目２５－１９", "url": "https://www.iryou.teikyouseido.mhlw.go.jp/znk-web/juminkanja/S2430/initialize?prefCd=34&kikanCd=3340237330&kikanKbn=3", "url2": "https://yamamuradental.net/" }, "geometry": { "type": "Point", "coordinates": [ 132.525002, 34.488946 ] } },
{ "type": "Feature", "properties": { "内容": "小倉歯科クリニック【3:歯科】広島県福山市南蔵王町五丁目１６－３５", "url": "https://www.iryou.teikyouseido.mhlw.go.jp/znk-web/juminkanja/S2430/initialize?prefCd=34&kikanCd=3340237460&kikanKbn=3", "url2": "http://www.kokura-dc.com" }, "geometry": { "type": "Point", "coordinates": [ 133.403198, 34.504816 ] } },
{ "type": "Feature", "properties": { "内容": "石本歯科クリニック【3:歯科】広島県呉市広白石１丁目１番９号", "url": "https://www.iryou.teikyouseido.mhlw.go.jp/znk-web/juminkanja/S2430/initialize?prefCd=34&kikanCd=3340237590&kikanKbn=3", "url2": null }, "geometry": { "type": "Point", "coordinates": [ 132.63233, 34.227871 ] } },
{ "type": "Feature", "properties": { "内容": "近藤歯科医院【3:歯科】広島県安芸高田市八千代町佐々井１３９１－１", "url": "https://www.iryou.teikyouseido.mhlw.go.jp/znk-web/juminkanja/S2430/initialize?prefCd=34&kikanCd=3340237880&kikanKbn=3", "url2": null }, "geometry": { "type": "Point", "coordinates": [ 132.607881, 34.620268 ] } },
{ "type": "Feature", "properties": { "内容": "石本歯科医院【3:歯科】広島県安芸郡熊野町萩原９－１６－５", "url": "https://www.iryou.teikyouseido.mhlw.go.jp/znk-web/juminkanja/S2430/initialize?prefCd=34&kikanCd=3340238210&kikanKbn=3", "url2": null }, "geometry": { "type": "Point", "coordinates": [ 132.591803, 34.347799 ] } },
{ "type": "Feature", "properties": { "内容": "のりこ歯科医院【3:歯科】広島県呉市中通二丁目２－４　河内ビル２０１", "url": "https://www.iryou.teikyouseido.mhlw.go.jp/znk-web/juminkanja/S2430/initialize?prefCd=34&kikanCd=3340238890&kikanKbn=3", "url2": null }, "geometry": { "type": "Point", "coordinates": [ 132.562717, 34.244833 ] } },
{ "type": "Feature", "properties": { "内容": "二井歯科クリニック【3:歯科】広島県広島市安佐北区亀崎一丁目３番２３号", "url": "https://www.iryou.teikyouseido.mhlw.go.jp/znk-web/juminkanja/S2430/initialize?prefCd=34&kikanCd=3340239220&kikanKbn=3", "url2": "http://www.nii-dental-clinic.com/" }, "geometry": { "type": "Point", "coordinates": [ 132.524225, 34.481308 ] } },
{ "type": "Feature", "properties": { "内容": "東中央デンタルクリニック【3:歯科】広島県呉市東中央２丁目４－２１－１Ｆ", "url": "https://www.iryou.teikyouseido.mhlw.go.jp/znk-web/juminkanja/S2430/initialize?prefCd=34&kikanCd=3340239350&kikanKbn=3", "url2": "http://www.ne.jp/asahi/higashi/chuou/toiawase.htm" }, "geometry": { "type": "Point", "coordinates": [ 132.57051, 34.251472 ] } },
{ "type": "Feature", "properties": { "内容": "たかひろデンタルクリニック【3:歯科】広島県東広島市西条町御薗宇４３０２", "url": "https://www.iryou.teikyouseido.mhlw.go.jp/znk-web/juminkanja/S2430/initialize?prefCd=34&kikanCd=3340239480&kikanKbn=3", "url2": null }, "geometry": { "type": "Point", "coordinates": [ 132.749404, 34.406542 ] } },
{ "type": "Feature", "properties": { "内容": "松岡歯科医院【3:歯科】広島県三次市十日市東四丁目１－３０サングリーン２階２１５号", "url": "https://www.iryou.teikyouseido.mhlw.go.jp/znk-web/juminkanja/S2430/initialize?prefCd=34&kikanCd=3340239770&kikanKbn=3", "url2": "http://k-matsuoka-dc.jp" }, "geometry": { "type": "Point", "coordinates": [ 132.860136, 34.804146 ] } },
{ "type": "Feature", "properties": { "内容": "柏原ファミリー歯科【3:歯科】広島県尾道市向島町５５８１－２０", "url": "https://www.iryou.teikyouseido.mhlw.go.jp/znk-web/juminkanja/S2430/initialize?prefCd=34&kikanCd=3340239800&kikanKbn=3", "url2": null }, "geometry": { "type": "Point", "coordinates": [ 133.193479, 34.394829 ] } },
{ "type": "Feature", "properties": { "内容": "医療法人爽風会【3:歯科】広島県広島市佐伯区五日市五丁目６－２６", "url": "https://www.iryou.teikyouseido.mhlw.go.jp/znk-web/juminkanja/S2430/initialize?prefCd=34&kikanCd=3340240040&kikanKbn=3", "url2": "aisika.net" }, "geometry": { "type": "Point", "coordinates": [ 132.358682, 34.373187 ] } },
{ "type": "Feature", "properties": { "内容": "平岡歯科医院【3:歯科】広島県呉市焼山北１丁目７番１０号", "url": "https://www.iryou.teikyouseido.mhlw.go.jp/znk-web/juminkanja/S2430/initialize?prefCd=34&kikanCd=3340240170&kikanKbn=3", "url2": null }, "geometry": { "type": "Point", "coordinates": [ 132.55837, 34.299022 ] } },
{ "type": "Feature", "properties": { "内容": "しばた歯科【3:歯科】広島県福山市神辺町下御領４６８－９", "url": "https://www.iryou.teikyouseido.mhlw.go.jp/znk-web/juminkanja/S2430/initialize?prefCd=34&kikanCd=3340240200&kikanKbn=3", "url2": null }, "geometry": { "type": "Point", "coordinates": [ 133.401037, 34.562426 ] } },
{ "type": "Feature", "properties": { "内容": "平岡歯科医院【3:歯科】広島県世羅郡世羅町寺町１２２１－１", "url": "https://www.iryou.teikyouseido.mhlw.go.jp/znk-web/juminkanja/S2430/initialize?prefCd=34&kikanCd=3340240330&kikanKbn=3", "url2": null }, "geometry": { "type": "Point", "coordinates": [ 133.038011, 34.587861 ] } },
{ "type": "Feature", "properties": { "内容": "これなが歯科医院【3:歯科】広島県大竹市晴海１－６－１０　晴海プラザ２Ｆ", "url": "https://www.iryou.teikyouseido.mhlw.go.jp/znk-web/juminkanja/S2430/initialize?prefCd=34&kikanCd=3340240460&kikanKbn=3", "url2": "https://korenaga-dc.info/" }, "geometry": { "type": "Point", "coordinates": [ 132.223233, 34.241967 ] } },
{ "type": "Feature", "properties": { "内容": "もりうえ歯科【3:歯科】広島県安芸郡府中町大須３丁目８－５６　大田ビル１階", "url": "https://www.iryou.teikyouseido.mhlw.go.jp/znk-web/juminkanja/S2430/initialize?prefCd=34&kikanCd=3340240590&kikanKbn=3", "url2": null }, "geometry": { "type": "Point", "coordinates": [ 132.501096, 34.397477 ] } },
{ "type": "Feature", "properties": { "内容": "夢ケ丘歯科医院【3:歯科】広島県呉市押込西平町２０－１６", "url": "https://www.iryou.teikyouseido.mhlw.go.jp/znk-web/juminkanja/S2430/initialize?prefCd=34&kikanCd=3340240620&kikanKbn=3", "url2": null }, "geometry": { "type": "Point", "coordinates": [ 132.557397, 34.316354 ] } },
{ "type": "Feature", "properties": { "内容": "安名歯科医院【3:歯科】広島県神石郡神石高原町下豊松７６２－４", "url": "https://www.iryou.teikyouseido.mhlw.go.jp/znk-web/juminkanja/S2430/initialize?prefCd=34&kikanCd=3340240880&kikanKbn=3", "url2": null }, "geometry": { "type": "Point", "coordinates": [ 133.337894, 34.774707 ] } },
{ "type": "Feature", "properties": { "内容": "医療法人なかま　ささき歯科クリニック【3:歯科】広島県東広島市河内町中河内６５５－１", "url": "https://www.iryou.teikyouseido.mhlw.go.jp/znk-web/juminkanja/S2430/initialize?prefCd=34&kikanCd=3340241050&kikanKbn=3", "url2": "www.sasakidc.net" }, "geometry": { "type": "Point", "coordinates": [ 132.891415, 34.469148 ] } },
{ "type": "Feature", "properties": { "内容": "石井歯科クリニック【3:歯科】広島県竹原市竹原町３０７８番地１４", "url": "https://www.iryou.teikyouseido.mhlw.go.jp/znk-web/juminkanja/S2430/initialize?prefCd=34&kikanCd=3340241180&kikanKbn=3", "url2": "https://www.hpda.or.jp/search/996/" }, "geometry": { "type": "Point", "coordinates": [ 132.89958, 34.338371 ] } },
{ "type": "Feature", "properties": { "内容": "医療法人社団オーデック　土井ファミリー歯科医院【3:歯科】広島県広島市安佐南区上安三丁目１－１０", "url": "https://www.iryou.teikyouseido.mhlw.go.jp/znk-web/juminkanja/S2430/initialize?prefCd=34&kikanCd=3340241470&kikanKbn=3", "url2": "http://doi-family-dental.com" }, "geometry": { "type": "Point", "coordinates": [ 132.447734, 34.476106 ] } },
{ "type": "Feature", "properties": { "内容": "医療法人社団　碧雄会　おきとう歯科クリニック【3:歯科】広島県福山市神辺町新徳田三丁目４９５番地", "url": "https://www.iryou.teikyouseido.mhlw.go.jp/znk-web/juminkanja/S2430/initialize?prefCd=34&kikanCd=3340241630&kikanKbn=3", "url2": "http://okito-dental.com/" }, "geometry": { "type": "Point", "coordinates": [ 133.36287, 34.547086 ] } },
{ "type": "Feature", "properties": { "内容": "アルファ　デンタル　オフィス【3:歯科】広島県呉市和庄１－３－１", "url": "https://www.iryou.teikyouseido.mhlw.go.jp/znk-web/juminkanja/S2430/initialize?prefCd=34&kikanCd=3340241760&kikanKbn=3", "url2": "http://www.alpha-do.jp" }, "geometry": { "type": "Point", "coordinates": [ 132.571299, 34.246714 ] } },
{ "type": "Feature", "properties": { "内容": "石井歯科医院【3:歯科】広島県尾道市山波町字大多志２４３－１９", "url": "https://www.iryou.teikyouseido.mhlw.go.jp/znk-web/juminkanja/S2430/initialize?prefCd=34&kikanCd=3340241920&kikanKbn=3", "url2": "https://www.onomichi-ishii-dental.com" }, "geometry": { "type": "Point", "coordinates": [ 133.227206, 34.424382 ] } },
{ "type": "Feature", "properties": { "内容": "聖心矯正歯科医院【3:歯科】広島県広島市西区己斐本町１丁目９番２０号　西広島ビル３階", "url": "https://www.iryou.teikyouseido.mhlw.go.jp/znk-web/juminkanja/S2430/initialize?prefCd=34&kikanCd=3340242060&kikanKbn=3", "url2": null }, "geometry": { "type": "Point", "coordinates": [ 132.429265, 34.398148 ] } },
{ "type": "Feature", "properties": { "内容": "クリスタル歯科クリニック【3:歯科】広島県広島市東区牛田東二丁目１２番３６号", "url": "https://www.iryou.teikyouseido.mhlw.go.jp/znk-web/juminkanja/S2430/initialize?prefCd=34&kikanCd=3340242220&kikanKbn=3", "url2": "http://www.crystal-f.com" }, "geometry": { "type": "Point", "coordinates": [ 132.481565, 34.414008 ] } },
{ "type": "Feature", "properties": { "内容": "かしま歯科【3:歯科】広島県広島市安佐南区大町西一丁目４番３８号", "url": "https://www.iryou.teikyouseido.mhlw.go.jp/znk-web/juminkanja/S2430/initialize?prefCd=34&kikanCd=3340242350&kikanKbn=3", "url2": null }, "geometry": { "type": "Point", "coordinates": [ 132.466584, 34.457948 ] } },
{ "type": "Feature", "properties": { "内容": "三条歯科【3:歯科】広島県呉市三条二丁目１１－１７　　井上ビル１０１", "url": "https://www.iryou.teikyouseido.mhlw.go.jp/znk-web/juminkanja/S2430/initialize?prefCd=34&kikanCd=3340242480&kikanKbn=3", "url2": null }, "geometry": { "type": "Point", "coordinates": [ 132.552389, 34.247304 ] } },
{ "type": "Feature", "properties": { "内容": "海田デンタルクリニック【3:歯科】広島県安芸郡海田町南昭和町９－２２", "url": "https://www.iryou.teikyouseido.mhlw.go.jp/znk-web/juminkanja/S2430/initialize?prefCd=34&kikanCd=3340242640&kikanKbn=3", "url2": "https://www.miyake.ac.jp/hda/lp/clinic/" }, "geometry": { "type": "Point", "coordinates": [ 132.535417, 34.367071 ] } },
{ "type": "Feature", "properties": { "内容": "中島歯科クリニック【3:歯科】広島県広島市安佐南区大塚西二丁目１番３２号　第１２平勝ビル２０１", "url": "https://www.iryou.teikyouseido.mhlw.go.jp/znk-web/juminkanja/S2430/initialize?prefCd=34&kikanCd=3340242770&kikanKbn=3", "url2": "nakashima-dental-cli.com" }, "geometry": { "type": "Point", "coordinates": [ 132.403598, 34.444115 ] } },
{ "type": "Feature", "properties": { "内容": "おかだ歯科【3:歯科】広島県尾道市西御所町６－２９", "url": "https://www.iryou.teikyouseido.mhlw.go.jp/znk-web/juminkanja/S2430/initialize?prefCd=34&kikanCd=3340243070&kikanKbn=3", "url2": null }, "geometry": { "type": "Point", "coordinates": [ 133.189733, 34.402546 ] } },
{ "type": "Feature", "properties": { "内容": "いわい歯科医院【3:歯科】広島県広島市東区光町１丁目１１番１３号　光町大丈ビル　２０２号室", "url": "https://www.iryou.teikyouseido.mhlw.go.jp/znk-web/juminkanja/S2430/initialize?prefCd=34&kikanCd=3340243100&kikanKbn=3", "url2": "http://www.iwai-dc.jp/" }, "geometry": { "type": "Point", "coordinates": [ 132.477704, 34.399424 ] } },
{ "type": "Feature", "properties": { "内容": "さいとう歯科医院【3:歯科】広島県広島市佐伯区三筋二丁目７番２号", "url": "https://www.iryou.teikyouseido.mhlw.go.jp/znk-web/juminkanja/S2430/initialize?prefCd=34&kikanCd=3340243230&kikanKbn=3", "url2": "www.saitodc.jp" }, "geometry": { "type": "Point", "coordinates": [ 132.34905, 34.367178 ] } },
{ "type": "Feature", "properties": { "内容": "医療法人　奥井歯科医院【3:歯科】広島県廿日市市串戸２丁目１６番２号", "url": "https://www.iryou.teikyouseido.mhlw.go.jp/znk-web/juminkanja/S2430/initialize?prefCd=34&kikanCd=3340243490&kikanKbn=3", "url2": null }, "geometry": { "type": "Point", "coordinates": [ 132.327081, 34.346849 ] } },
{ "type": "Feature", "properties": { "内容": "よしだ矯正歯科【3:歯科】広島県広島市西区古江新町４－１８　４Ｆ", "url": "https://www.iryou.teikyouseido.mhlw.go.jp/znk-web/juminkanja/S2430/initialize?prefCd=34&kikanCd=3340243650&kikanKbn=3", "url2": "yoo.jp" }, "geometry": { "type": "Point", "coordinates": [ 132.410378, 34.385455 ] } },
{ "type": "Feature", "properties": { "内容": "医療法人社団　ＩＧＬ医療会　歯科クリニックエーデルワイス【3:歯科】広島県広島市安佐北区あさひが丘３丁目１８－１３－７－１０１", "url": "https://www.iryou.teikyouseido.mhlw.go.jp/znk-web/juminkanja/S2430/initialize?prefCd=34&kikanCd=3340243780&kikanKbn=3", "url2": "http://www.igl.or.jp/c05iryo/shika.html" }, "geometry": { "type": "Point", "coordinates": [ 132.436509, 34.506192 ] } },
{ "type": "Feature", "properties": { "内容": "うえはら歯科医院【3:歯科】広島県呉市焼山中央２丁目４－８", "url": "https://www.iryou.teikyouseido.mhlw.go.jp/znk-web/juminkanja/S2430/initialize?prefCd=34&kikanCd=3340243940&kikanKbn=3", "url2": "http://u-d-c.jp" }, "geometry": { "type": "Point", "coordinates": [ 132.555898, 34.296328 ] } },
{ "type": "Feature", "properties": { "内容": "田中歯科医院【3:歯科】広島県三原市宮沖二丁目１番１８号", "url": "https://www.iryou.teikyouseido.mhlw.go.jp/znk-web/juminkanja/S2430/initialize?prefCd=34&kikanCd=3340244370&kikanKbn=3", "url2": null }, "geometry": { "type": "Point", "coordinates": [ 133.075645, 34.395755 ] } },
{ "type": "Feature", "properties": { "内容": "医療法人社団　かみて歯科クリニック【3:歯科】広島県廿日市市津田４２３３番地１", "url": "https://www.iryou.teikyouseido.mhlw.go.jp/znk-web/juminkanja/S2430/initialize?prefCd=34&kikanCd=3340244530&kikanKbn=3", "url2": null }, "geometry": { "type": "Point", "coordinates": [ 132.178773, 34.366075 ] } },
{ "type": "Feature", "properties": { "内容": "いのくち歯科クリニック【3:歯科】広島県広島市西区己斐本町１丁目８－２６", "url": "https://www.iryou.teikyouseido.mhlw.go.jp/znk-web/juminkanja/S2430/initialize?prefCd=34&kikanCd=3340244790&kikanKbn=3", "url2": null }, "geometry": { "type": "Point", "coordinates": [ 132.429931, 34.39812 ] } },
{ "type": "Feature", "properties": { "内容": "トリプルエープラスデンタルクリニック【3:歯科】広島県広島市東区牛田本町四丁目１番７号サドラーズウエルズ２Ｆ", "url": "https://www.iryou.teikyouseido.mhlw.go.jp/znk-web/juminkanja/S2430/initialize?prefCd=34&kikanCd=3340244950&kikanKbn=3", "url2": "https://aaaplusdc.com/" }, "geometry": { "type": "Point", "coordinates": [ 132.469677, 34.411703 ] } },
{ "type": "Feature", "properties": { "内容": "医療法人鳩医会　熊谷歯科クリニック【3:歯科】広島県広島市中区西十日市町１番４号ー２Ｆ", "url": "https://www.iryou.teikyouseido.mhlw.go.jp/znk-web/juminkanja/S2430/initialize?prefCd=34&kikanCd=3340245120&kikanKbn=3", "url2": "http://www.kumagai-dental.com" }, "geometry": { "type": "Point", "coordinates": [ 132.447041, 34.398454 ] } },
{ "type": "Feature", "properties": { "内容": "はしもと歯科矯正歯科【3:歯科】広島県尾道市高須町８９３－１", "url": "https://www.iryou.teikyouseido.mhlw.go.jp/znk-web/juminkanja/S2430/initialize?prefCd=34&kikanCd=3340245380&kikanKbn=3", "url2": "http://www.0848.jp" }, "geometry": { "type": "Point", "coordinates": [ 133.230752, 34.435186 ] } },
{ "type": "Feature", "properties": { "内容": "第二沖山歯科医院【3:歯科】広島県呉市本通６丁目７－３－１０１", "url": "https://www.iryou.teikyouseido.mhlw.go.jp/znk-web/juminkanja/S2430/initialize?prefCd=34&kikanCd=3340245410&kikanKbn=3", "url2": null }, "geometry": { "type": "Point", "coordinates": [ 132.573981, 34.249443 ] } },
{ "type": "Feature", "properties": { "内容": "まつお歯科医院【3:歯科】広島県三次市畠敷町２４－１", "url": "https://www.iryou.teikyouseido.mhlw.go.jp/znk-web/juminkanja/S2430/initialize?prefCd=34&kikanCd=3340245540&kikanKbn=3", "url2": "http://www.mdc59.com/" }, "geometry": { "type": "Point", "coordinates": [ 132.870023, 34.811469 ] } },
{ "type": "Feature", "properties": { "内容": "あゆみ歯科【3:歯科】広島県広島市南区東雲３丁目３－２１", "url": "https://www.iryou.teikyouseido.mhlw.go.jp/znk-web/juminkanja/S2430/initialize?prefCd=34&kikanCd=3340245670&kikanKbn=3", "url2": null }, "geometry": { "type": "Point", "coordinates": [ 132.49276, 34.379179 ] } },
{ "type": "Feature", "properties": { "内容": "やました歯科【3:歯科】広島県広島市安佐北区可部南三丁目３－２３", "url": "https://www.iryou.teikyouseido.mhlw.go.jp/znk-web/juminkanja/S2430/initialize?prefCd=34&kikanCd=3340245700&kikanKbn=3", "url2": "https://yamashita-dc-hiroshima.com" }, "geometry": { "type": "Point", "coordinates": [ 132.515124, 34.502767 ] } },
{ "type": "Feature", "properties": { "内容": "土本歯科医院【3:歯科】広島県呉市伏原１丁目３－１８", "url": "https://www.iryou.teikyouseido.mhlw.go.jp/znk-web/juminkanja/S2430/initialize?prefCd=34&kikanCd=3340246130&kikanKbn=3", "url2": null }, "geometry": { "type": "Point", "coordinates": [ 132.574481, 34.253916 ] } },
{ "type": "Feature", "properties": { "内容": "宝諸歯科医院【3:歯科】広島県福山市三之丸町１１番１０号", "url": "https://www.iryou.teikyouseido.mhlw.go.jp/znk-web/juminkanja/S2430/initialize?prefCd=34&kikanCd=3340246260&kikanKbn=3", "url2": null }, "geometry": { "type": "Point", "coordinates": [ 133.359294, 34.487655 ] } },
{ "type": "Feature", "properties": { "内容": "矯正歯科森本【3:歯科】広島県三次市畠敷町８８０－３", "url": "https://www.iryou.teikyouseido.mhlw.go.jp/znk-web/juminkanja/S2430/initialize?prefCd=34&kikanCd=3340246390&kikanKbn=3", "url2": "https://www.orthod.info/" }, "geometry": { "type": "Point", "coordinates": [ 132.879597, 34.81064 ] } },
{ "type": "Feature", "properties": { "内容": "石本歯科医院【3:歯科】広島県広島市中区鉄砲町９－２４　カサヴェルデ八丁堀２Ｆ", "url": "https://www.iryou.teikyouseido.mhlw.go.jp/znk-web/juminkanja/S2430/initialize?prefCd=34&kikanCd=3340246420&kikanKbn=3", "url2": null }, "geometry": { "type": "Point", "coordinates": [ 132.465007, 34.394655 ] } },
{ "type": "Feature", "properties": { "内容": "南青山デンタルクリニック広島医院【3:歯科】広島県広島市中区胡町４－２４　クリタ胡町ビル３Ｆ", "url": "https://www.iryou.teikyouseido.mhlw.go.jp/znk-web/juminkanja/S2430/initialize?prefCd=34&kikanCd=3340246550&kikanKbn=3", "url2": "http://www.41shika.com/" }, "geometry": { "type": "Point", "coordinates": [ 132.46529, 34.393066 ] } },
{ "type": "Feature", "properties": { "内容": "中村歯科医院【3:歯科】広島県広島市中区大手町五丁目４－１４", "url": "https://www.iryou.teikyouseido.mhlw.go.jp/znk-web/juminkanja/S2430/initialize?prefCd=34&kikanCd=3340246680&kikanKbn=3", "url2": "https://cool-breath1.com" }, "geometry": { "type": "Point", "coordinates": [ 132.450819, 34.384289 ] } },
{ "type": "Feature", "properties": { "内容": "澤田歯科医院【3:歯科】広島県広島市中区新天地４－１０", "url": "https://www.iryou.teikyouseido.mhlw.go.jp/znk-web/juminkanja/S2430/initialize?prefCd=34&kikanCd=3340246710&kikanKbn=3", "url2": null }, "geometry": { "type": "Point", "coordinates": [ 132.46168, 34.391815 ] } },
{ "type": "Feature", "properties": { "内容": "ふじた歯科医院【3:歯科】広島県呉市音戸町高須三丁目８－７－１２", "url": "https://www.iryou.teikyouseido.mhlw.go.jp/znk-web/juminkanja/S2430/initialize?prefCd=34&kikanCd=3340246840&kikanKbn=3", "url2": null }, "geometry": { "type": "Point", "coordinates": [ 132.542209, 34.187728 ] } },
{ "type": "Feature", "properties": { "内容": "医療法人　久保木歯科医院【3:歯科】広島県広島市中区袋町５番３号　久保木ビル２階", "url": "https://www.iryou.teikyouseido.mhlw.go.jp/znk-web/juminkanja/S2430/initialize?prefCd=34&kikanCd=3340247300&kikanKbn=3", "url2": null }, "geometry": { "type": "Point", "coordinates": [ 132.457874, 34.391538 ] } },
{ "type": "Feature", "properties": { "内容": "はもう歯科クリニック【3:歯科】広島県東広島市西条町御薗宇４２８１－１　日高クリニックビル３０１", "url": "https://www.iryou.teikyouseido.mhlw.go.jp/znk-web/juminkanja/S2430/initialize?prefCd=34&kikanCd=3340247720&kikanKbn=3", "url2": "http://nttbj.itp.ne.jp/0824216480/index.html" }, "geometry": { "type": "Point", "coordinates": [ 132.751237, 34.406792 ] } },
{ "type": "Feature", "properties": { "内容": "さくらい歯科クリニック【3:歯科】広島県広島市佐伯区八幡東四丁目３２番２号", "url": "https://www.iryou.teikyouseido.mhlw.go.jp/znk-web/juminkanja/S2430/initialize?prefCd=34&kikanCd=3340248020&kikanKbn=3", "url2": "www.sdc-dental.com" }, "geometry": { "type": "Point", "coordinates": [ 132.366037, 34.392722 ] } },
{ "type": "Feature", "properties": { "内容": "かしはら歯科医院【3:歯科】広島県呉市本通４丁目１０－４", "url": "https://www.iryou.teikyouseido.mhlw.go.jp/znk-web/juminkanja/S2430/initialize?prefCd=34&kikanCd=3340248310&kikanKbn=3", "url2": null }, "geometry": { "type": "Point", "coordinates": [ 132.567662, 34.245601 ] } },
{ "type": "Feature", "properties": { "内容": "ほりえ歯科【3:歯科】広島県広島市佐伯区藤の木３丁目２１番１４号", "url": "https://www.iryou.teikyouseido.mhlw.go.jp/znk-web/juminkanja/S2430/initialize?prefCd=34&kikanCd=3340248440&kikanKbn=3", "url2": null }, "geometry": { "type": "Point", "coordinates": [ 132.363686, 34.42095 ] } },
{ "type": "Feature", "properties": { "内容": "医療法人　森田会　平和通り歯科口腔外科【3:歯科】広島県広島市中区中町７－２２　住友生命平和大通りビル２Ｆ", "url": "https://www.iryou.teikyouseido.mhlw.go.jp/znk-web/juminkanja/S2430/initialize?prefCd=34&kikanCd=3340248570&kikanKbn=3", "url2": "www.heiwadori-dental.com/" }, "geometry": { "type": "Point", "coordinates": [ 132.456946, 34.390703 ] } },
{ "type": "Feature", "properties": { "内容": "医療法人坂本会　坂本歯科【3:歯科】広島県呉市安浦町中央四丁目１番５号", "url": "https://www.iryou.teikyouseido.mhlw.go.jp/znk-web/juminkanja/S2430/initialize?prefCd=34&kikanCd=3340248730&kikanKbn=3", "url2": "http://www.dc-sakamoto.com/" }, "geometry": { "type": "Point", "coordinates": [ 132.742855, 34.282944 ] } },
{ "type": "Feature", "properties": { "内容": "よりかね歯科医院【3:歯科】広島県三原市頼兼１丁目２番１２号", "url": "https://www.iryou.teikyouseido.mhlw.go.jp/znk-web/juminkanja/S2430/initialize?prefCd=34&kikanCd=3340248990&kikanKbn=3", "url2": "http://www.yorikane-dental.com/" }, "geometry": { "type": "Point", "coordinates": [ 133.058761, 34.399868 ] } },
{ "type": "Feature", "properties": { "内容": "押尾歯科医院【3:歯科】広島県広島市中区東白島町１１番１１号　押尾第２ビル２階", "url": "https://www.iryou.teikyouseido.mhlw.go.jp/znk-web/juminkanja/S2430/initialize?prefCd=34&kikanCd=3340249030&kikanKbn=3", "url2": null }, "geometry": { "type": "Point", "coordinates": [ 132.463622, 34.406148 ] } },
{ "type": "Feature", "properties": { "内容": "よしおか歯科クリニック【3:歯科】広島県東広島市黒瀬町楢原８９４－２", "url": "https://www.iryou.teikyouseido.mhlw.go.jp/znk-web/juminkanja/S2430/initialize?prefCd=34&kikanCd=3340249320&kikanKbn=3", "url2": null }, "geometry": { "type": "Point", "coordinates": [ 132.659039, 34.331635 ] } },
{ "type": "Feature", "properties": { "内容": "さとう歯科医院【3:歯科】広島県三次市吉舎町吉舎１５８４－１", "url": "https://www.iryou.teikyouseido.mhlw.go.jp/znk-web/juminkanja/S2430/initialize?prefCd=34&kikanCd=3340249450&kikanKbn=3", "url2": null }, "geometry": { "type": "Point", "coordinates": [ 132.997788, 34.715134 ] } },
{ "type": "Feature", "properties": { "内容": "医療法人奏友会やまさき歯科医院【3:歯科】広島県江田島市能美町鹿川３２３０番地２", "url": "https://www.iryou.teikyouseido.mhlw.go.jp/znk-web/juminkanja/S2430/initialize?prefCd=34&kikanCd=3340249580&kikanKbn=3", "url2": null }, "geometry": { "type": "Point", "coordinates": [ 132.445023, 34.196614 ] } },
{ "type": "Feature", "properties": { "内容": "明神歯科・矯正歯科医院【3:歯科】広島県福山市明神町１丁目５番４１号", "url": "https://www.iryou.teikyouseido.mhlw.go.jp/znk-web/juminkanja/S2430/initialize?prefCd=34&kikanCd=3340249610&kikanKbn=3", "url2": "http://www.myojin-ortho.com" }, "geometry": { "type": "Point", "coordinates": [ 133.392468, 34.491312 ] } },
{ "type": "Feature", "properties": { "内容": "イチロー歯科診療所【3:歯科】広島県広島市佐伯区五日市駅前一丁目５番２５号　平田ビル２階", "url": "https://www.iryou.teikyouseido.mhlw.go.jp/znk-web/juminkanja/S2430/initialize?prefCd=34&kikanCd=3340249740&kikanKbn=3", "url2": "http:/www.megaegg.ne.jp/~ekimaeichirosika/" }, "geometry": { "type": "Point", "coordinates": [ 132.367632, 34.3679 ] } },
{ "type": "Feature", "properties": { "内容": "スカイステージ歯科【3:歯科】広島県広島市安佐南区緑井１丁目５－１－３０７　緑井スカイステージ３Ｆ", "url": "https://www.iryou.teikyouseido.mhlw.go.jp/znk-web/juminkanja/S2430/initialize?prefCd=34&kikanCd=3340249870&kikanKbn=3", "url2": "http://www.skystage-dental.com" }, "geometry": { "type": "Point", "coordinates": [ 132.475174, 34.466003 ] } },
{ "type": "Feature", "properties": { "内容": "ロワール歯科【3:歯科】広島県広島市西区横川町二丁目１０－１０", "url": "https://www.iryou.teikyouseido.mhlw.go.jp/znk-web/juminkanja/S2430/initialize?prefCd=34&kikanCd=3340249900&kikanKbn=3", "url2": "https://reiko-dc.com" }, "geometry": { "type": "Point", "coordinates": [ 132.450485, 34.407259 ] } },
{ "type": "Feature", "properties": { "内容": "田村歯科医院【3:歯科】広島県広島市西区高須１丁目１０番２７号", "url": "https://www.iryou.teikyouseido.mhlw.go.jp/znk-web/juminkanja/S2430/initialize?prefCd=34&kikanCd=3340250010&kikanKbn=3", "url2": null }, "geometry": { "type": "Point", "coordinates": [ 132.416238, 34.391871 ] } },
{ "type": "Feature", "properties": { "内容": "みやた歯科クリニック【3:歯科】広島県福山市御幸町森脇８８－１", "url": "https://www.iryou.teikyouseido.mhlw.go.jp/znk-web/juminkanja/S2430/initialize?prefCd=34&kikanCd=3340250270&kikanKbn=3", "url2": null }, "geometry": { "type": "Point", "coordinates": [ 133.362405, 34.485905 ] } },
{ "type": "Feature", "properties": { "内容": "古江東歯科クリニック【3:歯科】広島県広島市西区古江東町３番４号", "url": "https://www.iryou.teikyouseido.mhlw.go.jp/znk-web/juminkanja/S2430/initialize?prefCd=34&kikanCd=3340250430&kikanKbn=3", "url2": null }, "geometry": { "type": "Point", "coordinates": [ 132.412516, 34.389288 ] } },
{ "type": "Feature", "properties": { "内容": "中筋歯科クリニック【3:歯科】広島県広島市安佐南区中筋三丁目７－１８　パレグレース中筋２Ｆ", "url": "https://www.iryou.teikyouseido.mhlw.go.jp/znk-web/juminkanja/S2430/initialize?prefCd=34&kikanCd=3340250560&kikanKbn=3", "url2": "nakasuji-dental.com" }, "geometry": { "type": "Point", "coordinates": [ 132.478344, 34.454453 ] } },
{ "type": "Feature", "properties": { "内容": "クボ歯科クリニック【3:歯科】広島県安芸郡坂町坂西一丁目２３番８号", "url": "https://www.iryou.teikyouseido.mhlw.go.jp/znk-web/juminkanja/S2430/initialize?prefCd=34&kikanCd=3340250720&kikanKbn=3", "url2": "http://kubo-dc08.com" }, "geometry": { "type": "Point", "coordinates": [ 132.516371, 34.336962 ] } },
{ "type": "Feature", "properties": { "内容": "もりかわ歯科医院【3:歯科】広島県福山市新涯町二丁目６番３１号　もりかわビル２Ｆ", "url": "https://www.iryou.teikyouseido.mhlw.go.jp/znk-web/juminkanja/S2430/initialize?prefCd=34&kikanCd=3340250850&kikanKbn=3", "url2": "http://www.morikawa-shika.jp/" }, "geometry": { "type": "Point", "coordinates": [ 133.396794, 34.46253 ] } },
{ "type": "Feature", "properties": { "内容": "よしだ歯科【3:歯科】広島県呉市中央６丁目６－２", "url": "https://www.iryou.teikyouseido.mhlw.go.jp/znk-web/juminkanja/S2430/initialize?prefCd=34&kikanCd=3340250980&kikanKbn=3", "url2": "http://kureshi-yoshidadc.com/" }, "geometry": { "type": "Point", "coordinates": [ 132.568565, 34.251472 ] } },
{ "type": "Feature", "properties": { "内容": "おがた歯科【3:歯科】広島県三原市宮浦３丁目３０－３０", "url": "https://www.iryou.teikyouseido.mhlw.go.jp/znk-web/juminkanja/S2430/initialize?prefCd=34&kikanCd=3340251150&kikanKbn=3", "url2": "-" }, "geometry": { "type": "Point", "coordinates": [ 133.066166, 34.395491 ] } },
{ "type": "Feature", "properties": { "内容": "いまおか歯科クリニック【3:歯科】広島県広島市安佐北区口田１丁目１５番２０号", "url": "https://www.iryou.teikyouseido.mhlw.go.jp/znk-web/juminkanja/S2430/initialize?prefCd=34&kikanCd=3340251440&kikanKbn=3", "url2": null }, "geometry": { "type": "Point", "coordinates": [ 132.495589, 34.462587 ] } },
{ "type": "Feature", "properties": { "内容": "第二森田歯科医院【3:歯科】広島県呉市天応西条一丁目３－７ＭＫビル１Ｆ", "url": "https://www.iryou.teikyouseido.mhlw.go.jp/znk-web/juminkanja/S2430/initialize?prefCd=34&kikanCd=3340251600&kikanKbn=3", "url2": null }, "geometry": { "type": "Point", "coordinates": [ 132.519984, 34.288078 ] } },
{ "type": "Feature", "properties": { "内容": "せのお歯科医院【3:歯科】広島県広島市南区宇品西四丁目１番５６号", "url": "https://www.iryou.teikyouseido.mhlw.go.jp/znk-web/juminkanja/S2430/initialize?prefCd=34&kikanCd=3340251730&kikanKbn=3", "url2": "http://www.senoo-shika.com/" }, "geometry": { "type": "Point", "coordinates": [ 132.458989, 34.359187 ] } },
{ "type": "Feature", "properties": { "内容": "のざき歯科・東広島おとなこども矯正歯科【3:歯科】広島県東広島市西条中央六丁目１２－１６", "url": "https://www.iryou.teikyouseido.mhlw.go.jp/znk-web/juminkanja/S2430/initialize?prefCd=34&kikanCd=3340251860&kikanKbn=3", "url2": "https://nozaki-dent.com/" }, "geometry": { "type": "Point", "coordinates": [ 132.738547, 34.418028 ] } },
{ "type": "Feature", "properties": { "内容": "杉原歯科医院【3:歯科】広島県福山市南町１５番２号", "url": "https://www.iryou.teikyouseido.mhlw.go.jp/znk-web/juminkanja/S2430/initialize?prefCd=34&kikanCd=3340251990&kikanKbn=3", "url2": null }, "geometry": { "type": "Point", "coordinates": [ 133.371488, 34.483572 ] } },
{ "type": "Feature", "properties": { "内容": "門利歯科医院【3:歯科】広島県福山市駅家町万能倉１４９番地７", "url": "https://www.iryou.teikyouseido.mhlw.go.jp/znk-web/juminkanja/S2430/initialize?prefCd=34&kikanCd=3340252030&kikanKbn=3", "url2": null }, "geometry": { "type": "Point", "coordinates": [ 133.337988, 34.55162 ] } },
{ "type": "Feature", "properties": { "内容": "医療法人社団　峰良会　麻の実歯科医院【3:歯科】広島県安芸郡府中町八幡２－３－３", "url": "https://www.iryou.teikyouseido.mhlw.go.jp/znk-web/juminkanja/S2430/initialize?prefCd=34&kikanCd=3340252160&kikanKbn=3", "url2": "http://asanomi-dc.com/" }, "geometry": { "type": "Point", "coordinates": [ 132.515355, 34.390824 ] } },
{ "type": "Feature", "properties": { "内容": "やまだ歯科【3:歯科】広島県廿日市市梅原２丁目１－２３　プラティーク川島１階", "url": "https://www.iryou.teikyouseido.mhlw.go.jp/znk-web/juminkanja/S2430/initialize?prefCd=34&kikanCd=3340252290&kikanKbn=3", "url2": null }, "geometry": { "type": "Point", "coordinates": [ 132.270352, 34.285882 ] } },
{ "type": "Feature", "properties": { "内容": "クラーク矯正歯科【3:歯科】広島県三原市港町１丁目２－３　船木商事ビル１Ｆ", "url": "https://www.iryou.teikyouseido.mhlw.go.jp/znk-web/juminkanja/S2430/initialize?prefCd=34&kikanCd=3340252320&kikanKbn=3", "url2": "http://clark-kyousei.ftw.jp/" }, "geometry": { "type": "Point", "coordinates": [ 133.081405, 34.399965 ] } },
{ "type": "Feature", "properties": { "内容": "かわむら歯科医院【3:歯科】広島県福山市南本庄５丁目７番１号", "url": "https://www.iryou.teikyouseido.mhlw.go.jp/znk-web/juminkanja/S2430/initialize?prefCd=34&kikanCd=3340252450&kikanKbn=3", "url2": null }, "geometry": { "type": "Point", "coordinates": [ 133.352323, 34.482405 ] } },
{ "type": "Feature", "properties": { "内容": "うじな歯科医院【3:歯科】広島県広島市南区宇品西４丁目　３－２－２０６", "url": "https://www.iryou.teikyouseido.mhlw.go.jp/znk-web/juminkanja/S2430/initialize?prefCd=34&kikanCd=3340252610&kikanKbn=3", "url2": null }, "geometry": { "type": "Point", "coordinates": [ 132.460073, 34.357336 ] } },
{ "type": "Feature", "properties": { "内容": "あさみ歯科医院【3:歯科】広島県福山市金江町藁江１４０番地", "url": "https://www.iryou.teikyouseido.mhlw.go.jp/znk-web/juminkanja/S2430/initialize?prefCd=34&kikanCd=3340252740&kikanKbn=3", "url2": null }, "geometry": { "type": "Point", "coordinates": [ 133.278581, 34.433215 ] } },
{ "type": "Feature", "properties": { "内容": "おやま歯科・矯正歯科クリニック【3:歯科】広島県広島市中区本川町１丁目１番２２号　デルタビル２階", "url": "https://www.iryou.teikyouseido.mhlw.go.jp/znk-web/juminkanja/S2430/initialize?prefCd=34&kikanCd=3340252870&kikanKbn=3", "url2": "http://www.oyama-dental-orthod.com" }, "geometry": { "type": "Point", "coordinates": [ 132.45043, 34.396649 ] } },
{ "type": "Feature", "properties": { "内容": "近藤歯科【3:歯科】広島県三原市宮浦５－２－７", "url": "https://www.iryou.teikyouseido.mhlw.go.jp/znk-web/juminkanja/S2430/initialize?prefCd=34&kikanCd=3340252900&kikanKbn=3", "url2": "http://kondoh-shika.com" }, "geometry": { "type": "Point", "coordinates": [ 133.063156, 34.396521 ] } },
{ "type": "Feature", "properties": { "内容": "ふるはし歯科医院【3:歯科】広島県広島市安佐南区山本３－６－６", "url": "https://www.iryou.teikyouseido.mhlw.go.jp/znk-web/juminkanja/S2430/initialize?prefCd=34&kikanCd=3340253170&kikanKbn=3", "url2": "http://2784dental.starfree.jp/" }, "geometry": { "type": "Point", "coordinates": [ 132.455538, 34.438755 ] } },
{ "type": "Feature", "properties": { "内容": "波田歯科医院【3:歯科】広島県広島市中区吉島西１丁目２０番５号", "url": "https://www.iryou.teikyouseido.mhlw.go.jp/znk-web/juminkanja/S2430/initialize?prefCd=34&kikanCd=3340253200&kikanKbn=3", "url2": null }, "geometry": { "type": "Point", "coordinates": [ 132.448458, 34.374401 ] } },
{ "type": "Feature", "properties": { "内容": "医療法人　双樹会　高井歯科医院【3:歯科】広島県広島市安佐南区東原一丁目１番２号シーブリーズ東原七番館", "url": "https://www.iryou.teikyouseido.mhlw.go.jp/znk-web/juminkanja/S2430/initialize?prefCd=34&kikanCd=3340253460&kikanKbn=3", "url2": "www.takaishika.com" }, "geometry": { "type": "Point", "coordinates": [ 132.479998, 34.443767 ] } },
{ "type": "Feature", "properties": { "内容": "おおた歯科医院【3:歯科】広島県福山市水呑町三新田一丁目７８６番地", "url": "https://www.iryou.teikyouseido.mhlw.go.jp/znk-web/juminkanja/S2430/initialize?prefCd=34&kikanCd=3340253590&kikanKbn=3", "url2": "http://www.ota-dc.jp" }, "geometry": { "type": "Point", "coordinates": [ 133.385322, 34.444132 ] } },
{ "type": "Feature", "properties": { "内容": "歯科室　むつてっせん【3:歯科】広島県福山市三吉町三丁目２番６号", "url": "https://www.iryou.teikyouseido.mhlw.go.jp/znk-web/juminkanja/S2430/initialize?prefCd=34&kikanCd=3340253620&kikanKbn=3", "url2": "http://www.mutsutessen.com" }, "geometry": { "type": "Point", "coordinates": [ 133.375656, 34.492446 ] } },
{ "type": "Feature", "properties": { "内容": "西田歯科医院【3:歯科】広島県呉市広本町３丁目３－９", "url": "https://www.iryou.teikyouseido.mhlw.go.jp/znk-web/juminkanja/S2430/initialize?prefCd=34&kikanCd=3340253750&kikanKbn=3", "url2": "https://www.nishida-dental.info/" }, "geometry": { "type": "Point", "coordinates": [ 132.622395, 34.235169 ] } },
{ "type": "Feature", "properties": { "内容": "山脇歯科【3:歯科】広島県広島市安佐南区長楽寺町一丁目１９－１", "url": "https://www.iryou.teikyouseido.mhlw.go.jp/znk-web/juminkanja/S2430/initialize?prefCd=34&kikanCd=3340253880&kikanKbn=3", "url2": "yamawakisika.com" }, "geometry": { "type": "Point", "coordinates": [ 132.433634, 34.473781 ] } },
{ "type": "Feature", "properties": { "内容": "かんばら歯科【3:歯科】広島県福山市川口町１－８－１　アドライフコーポ１０１", "url": "https://www.iryou.teikyouseido.mhlw.go.jp/znk-web/juminkanja/S2430/initialize?prefCd=34&kikanCd=3340253910&kikanKbn=3", "url2": "http://www006.upp.so-net.ne.jp/kanbarasika/" }, "geometry": { "type": "Point", "coordinates": [ 133.387931, 34.472159 ] } },
{ "type": "Feature", "properties": { "内容": "医療法人社団　浅倉歯科医院【3:歯科】広島県東広島市高屋町造賀３５９５番地の２", "url": "https://www.iryou.teikyouseido.mhlw.go.jp/znk-web/juminkanja/S2430/initialize?prefCd=34&kikanCd=3340254180&kikanKbn=3", "url2": "http://www.asakurashika.com/" }, "geometry": { "type": "Point", "coordinates": [ 132.760678, 34.483064 ] } },
{ "type": "Feature", "properties": { "内容": "医療法人社団くろだ歯科クリニック【3:歯科】広島県呉市郷町６－３１", "url": "https://www.iryou.teikyouseido.mhlw.go.jp/znk-web/juminkanja/S2430/initialize?prefCd=34&kikanCd=3340254210&kikanKbn=3", "url2": "http://www.kuroda-dc.net/" }, "geometry": { "type": "Point", "coordinates": [ 132.569565, 34.255249 ] } },
{ "type": "Feature", "properties": { "内容": "医療法人　あおき歯科クリニック【3:歯科】広島県広島市東区光町二丁目１２－１０　日宝ビル１Ｆ", "url": "https://www.iryou.teikyouseido.mhlw.go.jp/znk-web/juminkanja/S2430/initialize?prefCd=34&kikanCd=3340254340&kikanKbn=3", "url2": "http://www.aoki-dental.jp" }, "geometry": { "type": "Point", "coordinates": [ 132.481463, 34.399893 ] } },
{ "type": "Feature", "properties": { "内容": "よこがわ歯科【3:歯科】広島県広島市西区横川町３－２－２９　ＪＲ横川駅ビル３Ｆ", "url": "https://www.iryou.teikyouseido.mhlw.go.jp/znk-web/juminkanja/S2430/initialize?prefCd=34&kikanCd=3340254630&kikanKbn=3", "url2": "http://www.yokogawa-d.com/" }, "geometry": { "type": "Point", "coordinates": [ 132.450151, 34.409953 ] } },
{ "type": "Feature", "properties": { "内容": "ドーン歯科クリニック【3:歯科】広島県広島市西区三篠町三丁目１０－９", "url": "https://www.iryou.teikyouseido.mhlw.go.jp/znk-web/juminkanja/S2430/initialize?prefCd=34&kikanCd=3340254760&kikanKbn=3", "url2": "https://www.dawn-dental.com" }, "geometry": { "type": "Point", "coordinates": [ 132.453009, 34.415771 ] } },
{ "type": "Feature", "properties": { "内容": "くりはら歯科医院【3:歯科】広島県三原市宮沖三丁目８－１３", "url": "https://www.iryou.teikyouseido.mhlw.go.jp/znk-web/juminkanja/S2430/initialize?prefCd=34&kikanCd=3340254890&kikanKbn=3", "url2": "http://kurihara-perio-dental.com" }, "geometry": { "type": "Point", "coordinates": [ 133.073822, 34.394104 ] } },
{ "type": "Feature", "properties": { "内容": "宗郷町デンタルクリニック【3:歯科】広島県三原市宗郷３－３－５", "url": "https://www.iryou.teikyouseido.mhlw.go.jp/znk-web/juminkanja/S2430/initialize?prefCd=34&kikanCd=3340254920&kikanKbn=3", "url2": null }, "geometry": { "type": "Point", "coordinates": [ 133.06174, 34.386049 ] } },
{ "type": "Feature", "properties": { "内容": "医療法人三日月会宗近歯科医院【3:歯科】広島県東広島市西条町田口２７２４－１", "url": "https://www.iryou.teikyouseido.mhlw.go.jp/znk-web/juminkanja/S2430/initialize?prefCd=34&kikanCd=3340255060&kikanKbn=3", "url2": "munechika.cihp2.jp" }, "geometry": { "type": "Point", "coordinates": [ 132.73626, 34.390293 ] } },
{ "type": "Feature", "properties": { "内容": "山田歯科医院【3:歯科】広島県広島市安芸区船越３丁目１３番１６号", "url": "https://www.iryou.teikyouseido.mhlw.go.jp/znk-web/juminkanja/S2430/initialize?prefCd=34&kikanCd=3340255190&kikanKbn=3", "url2": null }, "geometry": { "type": "Point", "coordinates": [ 132.521812, 34.375117 ] } },
{ "type": "Feature", "properties": { "内容": "前田歯科【3:歯科】広島県広島市安佐南区上安２丁目４－３９　ＭＧビル　３Ｆ", "url": "https://www.iryou.teikyouseido.mhlw.go.jp/znk-web/juminkanja/S2430/initialize?prefCd=34&kikanCd=3340255350&kikanKbn=3", "url2": "http://www.maeda-dental.net" }, "geometry": { "type": "Point", "coordinates": [ 132.446426, 34.47264 ] } },
{ "type": "Feature", "properties": { "内容": "よしたか歯科医院【3:歯科】広島県広島市中区河原町９－１０　アンフィニ河原町　２Ｆ", "url": "https://www.iryou.teikyouseido.mhlw.go.jp/znk-web/juminkanja/S2430/initialize?prefCd=34&kikanCd=3340255930&kikanKbn=3", "url2": "http://yoshitaka-dental.com/" }, "geometry": { "type": "Point", "coordinates": [ 132.445675, 34.389952 ] } },
{ "type": "Feature", "properties": { "内容": "あらみつ歯科医院【3:歯科】広島県広島市中区舟入本町３－１６　パークハイム舟入本町１Ｆ", "url": "https://www.iryou.teikyouseido.mhlw.go.jp/znk-web/juminkanja/S2430/initialize?prefCd=34&kikanCd=3340256070&kikanKbn=3", "url2": null }, "geometry": { "type": "Point", "coordinates": [ 132.443893, 34.385681 ] } },
{ "type": "Feature", "properties": { "内容": "内藤歯科医院【3:歯科】広島県東広島市八本松町米満６４０－２", "url": "https://www.iryou.teikyouseido.mhlw.go.jp/znk-web/juminkanja/S2430/initialize?prefCd=34&kikanCd=3340256100&kikanKbn=3", "url2": null }, "geometry": { "type": "Point", "coordinates": [ 132.718183, 34.450064 ] } },
{ "type": "Feature", "properties": { "内容": "いとう歯科【3:歯科】広島県福山市西新涯町一丁目２－３５", "url": "https://www.iryou.teikyouseido.mhlw.go.jp/znk-web/juminkanja/S2430/initialize?prefCd=34&kikanCd=3340256360&kikanKbn=3", "url2": "http://www.itoudental.com/" }, "geometry": { "type": "Point", "coordinates": [ 133.378544, 34.462214 ] } },
{ "type": "Feature", "properties": { "内容": "黒岩歯科医院【3:歯科】広島県安芸高田市向原町坂９－１", "url": "https://www.iryou.teikyouseido.mhlw.go.jp/znk-web/juminkanja/S2430/initialize?prefCd=34&kikanCd=3340256490&kikanKbn=3", "url2": null }, "geometry": { "type": "Point", "coordinates": [ 132.719786, 34.615936 ] } },
{ "type": "Feature", "properties": { "内容": "かいた駅前歯科【3:歯科】広島県安芸郡海田町窪町２－１４ハンドウビル３Ｆ", "url": "https://www.iryou.teikyouseido.mhlw.go.jp/znk-web/juminkanja/S2430/initialize?prefCd=34&kikanCd=3340256810&kikanKbn=3", "url2": null }, "geometry": { "type": "Point", "coordinates": [ 132.529813, 34.371625 ] } },
{ "type": "Feature", "properties": { "内容": "よしだ歯科【3:歯科】広島県福山市南蔵王町二丁目１０－１８", "url": "https://www.iryou.teikyouseido.mhlw.go.jp/znk-web/juminkanja/S2430/initialize?prefCd=34&kikanCd=3340257080&kikanKbn=3", "url2": null }, "geometry": { "type": "Point", "coordinates": [ 133.393874, 34.503987 ] } },
{ "type": "Feature", "properties": { "内容": "あだち歯科【3:歯科】広島県福山市川口町四丁目１２番４６号", "url": "https://www.iryou.teikyouseido.mhlw.go.jp/znk-web/juminkanja/S2430/initialize?prefCd=34&kikanCd=3340257110&kikanKbn=3", "url2": null }, "geometry": { "type": "Point", "coordinates": [ 133.384188, 34.465169 ] } },
{ "type": "Feature", "properties": { "内容": "ダイヤモンドシティ歯科【3:歯科】広島県安芸郡府中町大須２－１－１", "url": "https://www.iryou.teikyouseido.mhlw.go.jp/znk-web/juminkanja/S2430/initialize?prefCd=34&kikanCd=3340257240&kikanKbn=3", "url2": null }, "geometry": { "type": "Point", "coordinates": [ 132.499755, 34.392568 ] } },
{ "type": "Feature", "properties": { "内容": "もうり歯科【3:歯科】広島県広島市東区福田７－３－１４　ニューコスモス１０１", "url": "https://www.iryou.teikyouseido.mhlw.go.jp/znk-web/juminkanja/S2430/initialize?prefCd=34&kikanCd=3340257370&kikanKbn=3", "url2": null }, "geometry": { "type": "Point", "coordinates": [ 132.547252, 34.454672 ] } },
{ "type": "Feature", "properties": { "内容": "森歯科医院【3:歯科】広島県東広島市西条栄町２－２１", "url": "https://www.iryou.teikyouseido.mhlw.go.jp/znk-web/juminkanja/S2430/initialize?prefCd=34&kikanCd=3340257400&kikanKbn=3", "url2": null }, "geometry": { "type": "Point", "coordinates": [ 132.743876, 34.428928 ] } },
{ "type": "Feature", "properties": { "内容": "みやけ歯科医院【3:歯科】広島県三原市西町２丁目１番　２３号", "url": "https://www.iryou.teikyouseido.mhlw.go.jp/znk-web/juminkanja/S2430/initialize?prefCd=34&kikanCd=3340257530&kikanKbn=3", "url2": null }, "geometry": { "type": "Point", "coordinates": [ 133.0761, 34.402381 ] } },
{ "type": "Feature", "properties": { "内容": "医療法人　やましろ歯科クリニック【3:歯科】広島県広島市東区福田５丁目４０８４－６", "url": "https://www.iryou.teikyouseido.mhlw.go.jp/znk-web/juminkanja/S2430/initialize?prefCd=34&kikanCd=3340257790&kikanKbn=3", "url2": null }, "geometry": { "type": "Point", "coordinates": [ 132.54328, 34.453616 ] } },
{ "type": "Feature", "properties": { "内容": "やすさか歯科【3:歯科】広島県三原市宮浦６－６－２７　エクセルシア山崎１０１号室", "url": "https://www.iryou.teikyouseido.mhlw.go.jp/znk-web/juminkanja/S2430/initialize?prefCd=34&kikanCd=3340258090&kikanKbn=3", "url2": "http://yasusaka118.com" }, "geometry": { "type": "Point", "coordinates": [ 133.062323, 34.39541 ] } },
{ "type": "Feature", "properties": { "内容": "はしもと歯科クリニック【3:歯科】広島県広島市中区千田町１－１２－１９", "url": "https://www.iryou.teikyouseido.mhlw.go.jp/znk-web/juminkanja/S2430/initialize?prefCd=34&kikanCd=3340258120&kikanKbn=3", "url2": "http://www.hashimoto-dental.jp/" }, "geometry": { "type": "Point", "coordinates": [ 132.455291, 34.380706 ] } },
{ "type": "Feature", "properties": { "内容": "豊浜町歯科診療所【3:歯科】広島県呉市豊浜町豊島３５２６－１２", "url": "https://www.iryou.teikyouseido.mhlw.go.jp/znk-web/juminkanja/S2430/initialize?prefCd=34&kikanCd=3340258380&kikanKbn=3", "url2": null }, "geometry": { "type": "Point", "coordinates": [ 132.799161, 34.175317 ] } },
{ "type": "Feature", "properties": { "内容": "川口歯科医院【3:歯科】広島県東広島市西条栄町１ー４　　ＦＬＡＴＦＯＲＭ　２０１", "url": "https://www.iryou.teikyouseido.mhlw.go.jp/znk-web/juminkanja/S2430/initialize?prefCd=34&kikanCd=3340258830&kikanKbn=3", "url2": "http://www.kawaguchi-dental.com/" }, "geometry": { "type": "Point", "coordinates": [ 132.743209, 34.429345 ] } },
{ "type": "Feature", "properties": { "内容": "かしわ歯科医院【3:歯科】広島県広島市安佐南区伴東五丁目２０番４４号", "url": "https://www.iryou.teikyouseido.mhlw.go.jp/znk-web/juminkanja/S2430/initialize?prefCd=34&kikanCd=3340259000&kikanKbn=3", "url2": "https://www.kashiwa-do.com/" }, "geometry": { "type": "Point", "coordinates": [ 132.421873, 34.467585 ] } },
{ "type": "Feature", "properties": { "内容": "医療法人社団　樹会　戸河内廣安歯科医院【3:歯科】広島県山県郡安芸太田町上殿字東神田１８６２－１", "url": "https://www.iryou.teikyouseido.mhlw.go.jp/znk-web/juminkanja/S2430/initialize?prefCd=34&kikanCd=3340259260&kikanKbn=3", "url2": null }, "geometry": { "type": "Point", "coordinates": [ 132.274769, 34.578459 ] } },
{ "type": "Feature", "properties": { "内容": "そだ歯科【3:歯科】広島県廿日市市下平良一丁目３－１", "url": "https://www.iryou.teikyouseido.mhlw.go.jp/znk-web/juminkanja/S2430/initialize?prefCd=34&kikanCd=3340259390&kikanKbn=3", "url2": null }, "geometry": { "type": "Point", "coordinates": [ 132.332384, 34.350307 ] } },
{ "type": "Feature", "properties": { "内容": "まさき歯科クリニック【3:歯科】広島県廿日市市宮内四丁目１０－１０　１階", "url": "https://www.iryou.teikyouseido.mhlw.go.jp/znk-web/juminkanja/S2430/initialize?prefCd=34&kikanCd=3340259420&kikanKbn=3", "url2": "www.masaki-shika.jp" }, "geometry": { "type": "Point", "coordinates": [ 132.312499, 34.348762 ] } },
{ "type": "Feature", "properties": { "内容": "広島中央矯正歯科【3:歯科】広島県広島市中区八丁堀１１－１０　ＫＳビル５Ｆ", "url": "https://www.iryou.teikyouseido.mhlw.go.jp/znk-web/juminkanja/S2430/initialize?prefCd=34&kikanCd=3340259710&kikanKbn=3", "url2": "http://www.keiseigeka.co.jp/kyouseishika-hiroshima" }, "geometry": { "type": "Point", "coordinates": [ 132.462429, 34.39501 ] } },
{ "type": "Feature", "properties": { "内容": "地御前歯科クリニック【3:歯科】広島県廿日市市地御前１丁目４－２１", "url": "https://www.iryou.teikyouseido.mhlw.go.jp/znk-web/juminkanja/S2430/initialize?prefCd=34&kikanCd=3340260110&kikanKbn=3", "url2": "https://www.facebook.com/jigozen/" }, "geometry": { "type": "Point", "coordinates": [ 132.320693, 34.341402 ] } },
{ "type": "Feature", "properties": { "内容": "原田歯科医院【3:歯科】広島県広島市西区観音新町２丁目２番７号", "url": "https://www.iryou.teikyouseido.mhlw.go.jp/znk-web/juminkanja/S2430/initialize?prefCd=34&kikanCd=3340260240&kikanKbn=3", "url2": null }, "geometry": { "type": "Point", "coordinates": [ 132.425794, 34.377734 ] } },
{ "type": "Feature", "properties": { "内容": "金のすず歯科【3:歯科】広島県広島市中区大手町５丁目７－３　マツヲビル３Ｆ", "url": "https://www.iryou.teikyouseido.mhlw.go.jp/znk-web/juminkanja/S2430/initialize?prefCd=34&kikanCd=3340260370&kikanKbn=3", "url2": null }, "geometry": { "type": "Point", "coordinates": [ 132.453308, 34.38316 ] } },
{ "type": "Feature", "properties": { "内容": "医療法人社団優人会　大原駅前歯科【3:歯科】広島県広島市安佐南区伴東七丁目５９番１号　大原ビル３Ｆ", "url": "https://www.iryou.teikyouseido.mhlw.go.jp/znk-web/juminkanja/S2430/initialize?prefCd=34&kikanCd=3340260400&kikanKbn=3", "url2": "http://www7b.biglobe.ne.jp/~oobaraekimaesika/" }, "geometry": { "type": "Point", "coordinates": [ 132.412704, 34.463638 ] } },
{ "type": "Feature", "properties": { "内容": "しげはら歯科クリニック【3:歯科】広島県府中市府中町７１３－１", "url": "https://www.iryou.teikyouseido.mhlw.go.jp/znk-web/juminkanja/S2430/initialize?prefCd=34&kikanCd=3340260530&kikanKbn=3", "url2": "https://www.shigehara-dentalclinic.com/" }, "geometry": { "type": "Point", "coordinates": [ 133.231634, 34.574393 ] } },
{ "type": "Feature", "properties": { "内容": "森本歯科医院【3:歯科】広島県江田島市大柿町大原４８３－１", "url": "https://www.iryou.teikyouseido.mhlw.go.jp/znk-web/juminkanja/S2430/initialize?prefCd=34&kikanCd=3340260660&kikanKbn=3", "url2": null }, "geometry": { "type": "Point", "coordinates": [ 132.463395, 34.175773 ] } },
{ "type": "Feature", "properties": { "内容": "瀬川歯科医院【3:歯科】広島県広島市安佐北区口田３－２６－５　ＭＤＲビル３Ｆ", "url": "https://www.iryou.teikyouseido.mhlw.go.jp/znk-web/juminkanja/S2430/initialize?prefCd=34&kikanCd=3340260820&kikanKbn=3", "url2": "https://www.segawashikaiin.com/" }, "geometry": { "type": "Point", "coordinates": [ 132.504339, 34.465698 ] } },
{ "type": "Feature", "properties": { "内容": "ななほし歯科クリニック【3:歯科】広島県広島市東区光町１－８－６　サンハウス山岡１Ｆ", "url": "https://www.iryou.teikyouseido.mhlw.go.jp/znk-web/juminkanja/S2430/initialize?prefCd=34&kikanCd=3340260950&kikanKbn=3", "url2": "http://www.nanahoshi-dc.com" }, "geometry": { "type": "Point", "coordinates": [ 132.480344, 34.399371 ] } },
{ "type": "Feature", "properties": { "内容": "ＡＩＣデンタルクリニック【3:歯科】広島県広島市中区中町８－６　フジタビル２階", "url": "https://www.iryou.teikyouseido.mhlw.go.jp/znk-web/juminkanja/S2430/initialize?prefCd=34&kikanCd=3340261090&kikanKbn=3", "url2": "http://www.implantcentre.jp" }, "geometry": { "type": "Point", "coordinates": [ 132.457846, 34.388289 ] } },
{ "type": "Feature", "properties": { "内容": "きっかわ歯科クリニック【3:歯科】広島県東広島市黒瀬町楢原１００－１　ゆめタウン黒瀬２階", "url": "https://www.iryou.teikyouseido.mhlw.go.jp/znk-web/juminkanja/S2430/initialize?prefCd=34&kikanCd=3340261120&kikanKbn=3", "url2": "https://www.kikkawa-dental-clinic.com" }, "geometry": { "type": "Point", "coordinates": [ 132.66533, 34.324079 ] } },
{ "type": "Feature", "properties": { "内容": "山手町歯科【3:歯科】広島県福山市山手町四丁目２－２７", "url": "https://www.iryou.teikyouseido.mhlw.go.jp/znk-web/juminkanja/S2430/initialize?prefCd=34&kikanCd=3340261250&kikanKbn=3", "url2": null }, "geometry": { "type": "Point", "coordinates": [ 133.332935, 34.492737 ] } },
{ "type": "Feature", "properties": { "内容": "うらべ歯科【3:歯科】広島県福山市駅家町江良２６４－４", "url": "https://www.iryou.teikyouseido.mhlw.go.jp/znk-web/juminkanja/S2430/initialize?prefCd=34&kikanCd=3340261410&kikanKbn=3", "url2": null }, "geometry": { "type": "Point", "coordinates": [ 133.33035, 34.541315 ] } },
{ "type": "Feature", "properties": { "内容": "きむら歯科【3:歯科】広島県広島市東区中山西２－６－１５", "url": "https://www.iryou.teikyouseido.mhlw.go.jp/znk-web/juminkanja/S2430/initialize?prefCd=34&kikanCd=3340261670&kikanKbn=3", "url2": "http://kimuratagon.com" }, "geometry": { "type": "Point", "coordinates": [ 132.496731, 34.40822 ] } },
{ "type": "Feature", "properties": { "内容": "デンタルクリニックパステル【3:歯科】広島県福山市東深津町２－７－２７　グラミュール東深津１Ｆ", "url": "https://www.iryou.teikyouseido.mhlw.go.jp/znk-web/juminkanja/S2430/initialize?prefCd=34&kikanCd=3340261960&kikanKbn=3", "url2": null }, "geometry": { "type": "Point", "coordinates": [ 133.390514, 34.496516 ] } },
{ "type": "Feature", "properties": { "内容": "医療法人社団　おおぞら会　おかもと歯科医院【3:歯科】広島県呉市押込４－２８－２", "url": "https://www.iryou.teikyouseido.mhlw.go.jp/znk-web/juminkanja/S2430/initialize?prefCd=34&kikanCd=3340262260&kikanKbn=3", "url2": "http://www.okamoto-d.com" }, "geometry": { "type": "Point", "coordinates": [ 132.565762, 34.323914 ] } },
{ "type": "Feature", "properties": { "内容": "しげまさ歯科【3:歯科】広島県福山市神辺町上御領３８７－３番地", "url": "https://www.iryou.teikyouseido.mhlw.go.jp/znk-web/juminkanja/S2430/initialize?prefCd=34&kikanCd=3340262680&kikanKbn=3", "url2": "https://shigemasa-shika.com" }, "geometry": { "type": "Point", "coordinates": [ 133.405889, 34.567109 ] } },
{ "type": "Feature", "properties": { "内容": "ブライトデンタルクリニック【3:歯科】広島県広島市中区三川町２－８井手ビル３Ａ", "url": "https://www.iryou.teikyouseido.mhlw.go.jp/znk-web/juminkanja/S2430/initialize?prefCd=34&kikanCd=3340263010&kikanKbn=3", "url2": "http://www.brite-dc.com" }, "geometry": { "type": "Point", "coordinates": [ 132.462123, 34.390288 ] } },
{ "type": "Feature", "properties": { "内容": "杉村歯科医院【3:歯科】広島県廿日市市宮内４５２１－１　サンシャインヒルズ１Ｆ", "url": "https://www.iryou.teikyouseido.mhlw.go.jp/znk-web/juminkanja/S2430/initialize?prefCd=34&kikanCd=3340263270&kikanKbn=3", "url2": null }, "geometry": { "type": "Point", "coordinates": [ 132.307965, 34.34608 ] } },
{ "type": "Feature", "properties": { "内容": "てらおか歯科クリニック【3:歯科】広島県福山市新市町新市３８７番地３", "url": "https://www.iryou.teikyouseido.mhlw.go.jp/znk-web/juminkanja/S2430/initialize?prefCd=34&kikanCd=3340263300&kikanKbn=3", "url2": "https://www.teraoka-dental.com" }, "geometry": { "type": "Point", "coordinates": [ 133.273655, 34.554266 ] } },
{ "type": "Feature", "properties": { "内容": "とまと歯科クリニック【3:歯科】広島県安芸郡熊野町出来庭４丁目１７－２", "url": "https://www.iryou.teikyouseido.mhlw.go.jp/znk-web/juminkanja/S2430/initialize?prefCd=34&kikanCd=3340263560&kikanKbn=3", "url2": "http://tomato-dc.com" }, "geometry": { "type": "Point", "coordinates": [ 132.572645, 34.333102 ] } },
{ "type": "Feature", "properties": { "内容": "医療法人　青心会　こころ歯科クリニック【3:歯科】広島県広島市安佐南区伴南４丁目２０－６", "url": "https://www.iryou.teikyouseido.mhlw.go.jp/znk-web/juminkanja/S2430/initialize?prefCd=34&kikanCd=3340263720&kikanKbn=3", "url2": "http://www.cocoro-dc.jp/" }, "geometry": { "type": "Point", "coordinates": [ 132.379992, 34.449387 ] } },
{ "type": "Feature", "properties": { "内容": "砂田歯科医院【3:歯科】広島県尾道市山波町１９０５番地９", "url": "https://www.iryou.teikyouseido.mhlw.go.jp/znk-web/juminkanja/S2430/initialize?prefCd=34&kikanCd=3340263850&kikanKbn=3", "url2": "http://www.sunada-dental.com" }, "geometry": { "type": "Point", "coordinates": [ 133.224004, 34.4098 ] } },
{ "type": "Feature", "properties": { "内容": "かねだ歯科医院【3:歯科】広島県福山市千田町２丁目４１番１１号", "url": "https://www.iryou.teikyouseido.mhlw.go.jp/znk-web/juminkanja/S2430/initialize?prefCd=34&kikanCd=3340263980&kikanKbn=3", "url2": "http://www.kaneda-dental.jp/" }, "geometry": { "type": "Point", "coordinates": [ 133.376948, 34.519416 ] } },
{ "type": "Feature", "properties": { "内容": "河内歯科医院【3:歯科】広島県広島市南区宇品西４－１－１", "url": "https://www.iryou.teikyouseido.mhlw.go.jp/znk-web/juminkanja/S2430/initialize?prefCd=34&kikanCd=3340264020&kikanKbn=3", "url2": "https://www.kouchi-dentalclinic.com/" }, "geometry": { "type": "Point", "coordinates": [ 132.460388, 34.359202 ] } },
{ "type": "Feature", "properties": { "内容": "はなのき歯科クリニック【3:歯科】広島県広島市安佐南区大塚西６－６－１", "url": "https://www.iryou.teikyouseido.mhlw.go.jp/znk-web/juminkanja/S2430/initialize?prefCd=34&kikanCd=3340264280&kikanKbn=3", "url2": "http://www.hananokisika.jp/" }, "geometry": { "type": "Point", "coordinates": [ 132.389432, 34.44792 ] } },
{ "type": "Feature", "properties": { "内容": "ひらた歯科【3:歯科】広島県広島市佐伯区五日市駅前１丁目１３番４号　五日市駅東ビル２階", "url": "https://www.iryou.teikyouseido.mhlw.go.jp/znk-web/juminkanja/S2430/initialize?prefCd=34&kikanCd=3340264310&kikanKbn=3", "url2": null }, "geometry": { "type": "Point", "coordinates": [ 132.368354, 34.367123 ] } },
{ "type": "Feature", "properties": { "内容": "すずき歯科クリニック【3:歯科】広島県福山市春日町吉田８３４", "url": "https://www.iryou.teikyouseido.mhlw.go.jp/znk-web/juminkanja/S2430/initialize?prefCd=34&kikanCd=3340264440&kikanKbn=3", "url2": "https://www.suzuki-smile.com/" }, "geometry": { "type": "Point", "coordinates": [ 133.406139, 34.509286 ] } },
{ "type": "Feature", "properties": { "内容": "高橋歯科クリニック【3:歯科】広島県福山市加茂町中野２４４", "url": "https://www.iryou.teikyouseido.mhlw.go.jp/znk-web/juminkanja/S2430/initialize?prefCd=34&kikanCd=3340264570&kikanKbn=3", "url2": "http://www.takahashi-dental-cl.com" }, "geometry": { "type": "Point", "coordinates": [ 133.345403, 34.569646 ] } },
{ "type": "Feature", "properties": { "内容": "こばやし歯科医院【3:歯科】広島県広島市西区横川町２－７－１９　横川メディカルプラザ４階", "url": "https://www.iryou.teikyouseido.mhlw.go.jp/znk-web/juminkanja/S2430/initialize?prefCd=34&kikanCd=3340264600&kikanKbn=3", "url2": "http://kobayashishika.com" }, "geometry": { "type": "Point", "coordinates": [ 132.449049, 34.408824 ] } },
{ "type": "Feature", "properties": { "内容": "ヴィラ歯科【3:歯科】広島県廿日市市阿品４－５１－２６", "url": "https://www.iryou.teikyouseido.mhlw.go.jp/znk-web/juminkanja/S2430/initialize?prefCd=34&kikanCd=3340264730&kikanKbn=3", "url2": null }, "geometry": { "type": "Point", "coordinates": [ 132.310244, 34.319277 ] } },
{ "type": "Feature", "properties": { "内容": "いわい歯科クリニック【3:歯科】広島県廿日市市上平良１３０７－２", "url": "https://www.iryou.teikyouseido.mhlw.go.jp/znk-web/juminkanja/S2430/initialize?prefCd=34&kikanCd=3340264860&kikanKbn=3", "url2": null }, "geometry": { "type": "Point", "coordinates": [ 132.317304, 34.356262 ] } },
{ "type": "Feature", "properties": { "内容": "ブランデンタルクリニック【3:歯科】広島県福山市引野町１－１９－３", "url": "https://www.iryou.teikyouseido.mhlw.go.jp/znk-web/juminkanja/S2430/initialize?prefCd=34&kikanCd=3340264990&kikanKbn=3", "url2": "http://www.blanc-dental.com" }, "geometry": { "type": "Point", "coordinates": [ 133.405424, 34.496882 ] } },
{ "type": "Feature", "properties": { "内容": "もりした歯科クリニック【3:歯科】広島県広島市安佐南区東原２－６－３２－１０１", "url": "https://www.iryou.teikyouseido.mhlw.go.jp/znk-web/juminkanja/S2430/initialize?prefCd=34&kikanCd=3340265160&kikanKbn=3", "url2": "http://www.morishita-dental.com/04.html" }, "geometry": { "type": "Point", "coordinates": [ 132.480953, 34.444283 ] } },
{ "type": "Feature", "properties": { "内容": "やまさき歯科【3:歯科】広島県広島市安佐南区山本１－９－２６", "url": "https://www.iryou.teikyouseido.mhlw.go.jp/znk-web/juminkanja/S2430/initialize?prefCd=34&kikanCd=3340265290&kikanKbn=3", "url2": "http://www.yamasaki-dc.jp/pc/" }, "geometry": { "type": "Point", "coordinates": [ 132.453844, 34.436978 ] } },
{ "type": "Feature", "properties": { "内容": "みむら歯科医院【3:歯科】広島県広島市安佐北区上深川町７８４－５　平岩ビル１Ｆ", "url": "https://www.iryou.teikyouseido.mhlw.go.jp/znk-web/juminkanja/S2430/initialize?prefCd=34&kikanCd=3340265320&kikanKbn=3", "url2": null }, "geometry": { "type": "Point", "coordinates": [ 132.563, 34.476337 ] } },
{ "type": "Feature", "properties": { "内容": "むらかみ歯科医院【3:歯科】広島県呉市吉浦中町１丁目１２番１４号", "url": "https://www.iryou.teikyouseido.mhlw.go.jp/znk-web/juminkanja/S2430/initialize?prefCd=34&kikanCd=3340265450&kikanKbn=3", "url2": null }, "geometry": { "type": "Point", "coordinates": [ 132.528561, 34.259094 ] } },
{ "type": "Feature", "properties": { "内容": "横田歯科医院【3:歯科】広島県廿日市市新宮１－２－２６", "url": "https://www.iryou.teikyouseido.mhlw.go.jp/znk-web/juminkanja/S2430/initialize?prefCd=34&kikanCd=3340265580&kikanKbn=3", "url2": "http://www.hashida-dental.com" }, "geometry": { "type": "Point", "coordinates": [ 132.330108, 34.351957 ] } },
{ "type": "Feature", "properties": { "内容": "岡本歯科医院【3:歯科】広島県福山市松永町３５２番地の１３", "url": "https://www.iryou.teikyouseido.mhlw.go.jp/znk-web/juminkanja/S2430/initialize?prefCd=34&kikanCd=3340265610&kikanKbn=3", "url2": "http://www.okamoto-dent.com" }, "geometry": { "type": "Point", "coordinates": [ 133.260943, 34.452296 ] } },
{ "type": "Feature", "properties": { "内容": "池本歯科医院【3:歯科】広島県広島市中区加古町１－２７", "url": "https://www.iryou.teikyouseido.mhlw.go.jp/znk-web/juminkanja/S2430/initialize?prefCd=34&kikanCd=3340265740&kikanKbn=3", "url2": "http://idc4114.com" }, "geometry": { "type": "Point", "coordinates": [ 132.450374, 34.388761 ] } },
{ "type": "Feature", "properties": { "内容": "中村歯科【3:歯科】広島県広島市南区皆実町４－２－１２", "url": "https://www.iryou.teikyouseido.mhlw.go.jp/znk-web/juminkanja/S2430/initialize?prefCd=34&kikanCd=3340265870&kikanKbn=3", "url2": "http://www.nakamura-d.net" }, "geometry": { "type": "Point", "coordinates": [ 132.471095, 34.376485 ] } },
{ "type": "Feature", "properties": { "内容": "くまの歯科クリニック【3:歯科】広島県安芸郡熊野町平谷１丁目１５－８", "url": "https://www.iryou.teikyouseido.mhlw.go.jp/znk-web/juminkanja/S2430/initialize?prefCd=34&kikanCd=3340265900&kikanKbn=3", "url2": "http://nttbj.itp.ne.jp/0828546480/index.html" }, "geometry": { "type": "Point", "coordinates": [ 132.564451, 34.326908 ] } },
{ "type": "Feature", "properties": { "内容": "さの歯科医院【3:歯科】広島県府中市中須町１５－５", "url": "https://www.iryou.teikyouseido.mhlw.go.jp/znk-web/juminkanja/S2430/initialize?prefCd=34&kikanCd=3340266040&kikanKbn=3", "url2": "http://www.sano-dc.net" }, "geometry": { "type": "Point", "coordinates": [ 133.269188, 34.555729 ] } },
{ "type": "Feature", "properties": { "内容": "九軒町歯科【3:歯科】広島県広島市中区白島九軒町６－９　第３原田ビル１Ｆ", "url": "https://www.iryou.teikyouseido.mhlw.go.jp/znk-web/juminkanja/S2430/initialize?prefCd=34&kikanCd=3340266170&kikanKbn=3", "url2": null }, "geometry": { "type": "Point", "coordinates": [ 132.465928, 34.40762 ] } },
{ "type": "Feature", "properties": { "内容": "ヒライワ歯科医院【3:歯科】広島県広島市安佐南区上安２－３２－１１", "url": "https://www.iryou.teikyouseido.mhlw.go.jp/znk-web/juminkanja/S2430/initialize?prefCd=34&kikanCd=3340266200&kikanKbn=3", "url2": "http://hiraiwashika.com" }, "geometry": { "type": "Point", "coordinates": [ 132.443843, 34.476307 ] } },
{ "type": "Feature", "properties": { "内容": "うつのみや歯科【3:歯科】広島県広島市安佐北区亀山２丁目６番１８号", "url": "https://www.iryou.teikyouseido.mhlw.go.jp/znk-web/juminkanja/S2430/initialize?prefCd=34&kikanCd=3340266590&kikanKbn=3", "url2": "http://utsunomiya-dental.com/" }, "geometry": { "type": "Point", "coordinates": [ 132.504252, 34.520092 ] } },
{ "type": "Feature", "properties": { "内容": "砂田歯科医院【3:歯科】広島県三原市沼田東町本市４１３番地３号", "url": "https://www.iryou.teikyouseido.mhlw.go.jp/znk-web/juminkanja/S2430/initialize?prefCd=34&kikanCd=3340266880&kikanKbn=3", "url2": null }, "geometry": { "type": "Point", "coordinates": [ 133.020966, 34.39127 ] } },
{ "type": "Feature", "properties": { "内容": "阿品ファミリー歯科【3:歯科】広島県廿日市市阿品４丁目４８－１７", "url": "https://www.iryou.teikyouseido.mhlw.go.jp/znk-web/juminkanja/S2430/initialize?prefCd=34&kikanCd=3340266910&kikanKbn=3", "url2": "http://ajina-family.kamu-come.com/" }, "geometry": { "type": "Point", "coordinates": [ 132.312667, 34.32221 ] } },
{ "type": "Feature", "properties": { "内容": "ぎゅう歯科【3:歯科】広島県福山市伊勢丘二丁目１－２", "url": "https://www.iryou.teikyouseido.mhlw.go.jp/znk-web/juminkanja/S2430/initialize?prefCd=34&kikanCd=3340267210&kikanKbn=3", "url2": null }, "geometry": { "type": "Point", "coordinates": [ 133.423983, 34.502488 ] } },
{ "type": "Feature", "properties": { "内容": "さくら歯科医院【3:歯科】広島県福山市多治米町五丁目２５－８レジデンスマサノ３", "url": "https://www.iryou.teikyouseido.mhlw.go.jp/znk-web/juminkanja/S2430/initialize?prefCd=34&kikanCd=3340267630&kikanKbn=3", "url2": null }, "geometry": { "type": "Point", "coordinates": [ 133.373196, 34.466388 ] } },
{ "type": "Feature", "properties": { "内容": "友野歯科クリニック【3:歯科】広島県福山市沼隈町草深６１－１", "url": "https://www.iryou.teikyouseido.mhlw.go.jp/znk-web/juminkanja/S2430/initialize?prefCd=34&kikanCd=3340268060&kikanKbn=3", "url2": "http://www.tomono-dent.jp" }, "geometry": { "type": "Point", "coordinates": [ 133.362405, 34.485905 ] } },
{ "type": "Feature", "properties": { "内容": "新谷歯科医院【3:歯科】広島県安芸郡府中町緑ケ丘１６番９号", "url": "https://www.iryou.teikyouseido.mhlw.go.jp/znk-web/juminkanja/S2430/initialize?prefCd=34&kikanCd=3340268190&kikanKbn=3", "url2": null }, "geometry": { "type": "Point", "coordinates": [ 132.505535, 34.383465 ] } },
{ "type": "Feature", "properties": { "内容": "ふくなが歯科クリニック【3:歯科】広島県呉市三条１－５－１６", "url": "https://www.iryou.teikyouseido.mhlw.go.jp/znk-web/juminkanja/S2430/initialize?prefCd=34&kikanCd=3340268510&kikanKbn=3", "url2": null }, "geometry": { "type": "Point", "coordinates": [ 132.551095, 34.245111 ] } },
{ "type": "Feature", "properties": { "内容": "マイ歯科【3:歯科】広島県東広島市安芸津町風早　字　江川　１１１８番１", "url": "https://www.iryou.teikyouseido.mhlw.go.jp/znk-web/juminkanja/S2430/initialize?prefCd=34&kikanCd=3340268640&kikanKbn=3", "url2": null }, "geometry": { "type": "Point", "coordinates": [ 132.795377, 34.313719 ] } },
{ "type": "Feature", "properties": { "内容": "Ｃ’ｓデンタルクリニック【3:歯科】広島県福山市西町３丁目１５番１７号", "url": "https://www.iryou.teikyouseido.mhlw.go.jp/znk-web/juminkanja/S2430/initialize?prefCd=34&kikanCd=3340268800&kikanKbn=3", "url2": "http://www.cs-dc.jp/" }, "geometry": { "type": "Point", "coordinates": [ 133.354794, 34.493071 ] } },
{ "type": "Feature", "properties": { "内容": "チャイルド歯科おとな・こども【3:歯科】広島県廿日市市新宮１－１０－４３", "url": "https://www.iryou.teikyouseido.mhlw.go.jp/znk-web/juminkanja/S2430/initialize?prefCd=34&kikanCd=3340269070&kikanKbn=3", "url2": "child-shika.com" }, "geometry": { "type": "Point", "coordinates": [ 132.329875, 34.350963 ] } },
{ "type": "Feature", "properties": { "内容": "西川歯科医院【3:歯科】広島県呉市広中新開２丁目５番７号", "url": "https://www.iryou.teikyouseido.mhlw.go.jp/znk-web/juminkanja/S2430/initialize?prefCd=34&kikanCd=3340269100&kikanKbn=3", "url2": "https://www.nishikawadental-kurehiro.net" }, "geometry": { "type": "Point", "coordinates": [ 132.622811, 34.239252 ] } },
{ "type": "Feature", "properties": { "内容": "医療法人慶愛会たに歯科クリニック【3:歯科】広島県広島市南区宇品御幸３丁目２番６号　シティハイツ宇品　１０２号", "url": "https://www.iryou.teikyouseido.mhlw.go.jp/znk-web/juminkanja/S2430/initialize?prefCd=34&kikanCd=3340269360&kikanKbn=3", "url2": "http://www.tani-dc.jp" }, "geometry": { "type": "Point", "coordinates": [ 132.463874, 34.36268 ] } },
{ "type": "Feature", "properties": { "内容": "山陽歯科クリニック【3:歯科】広島県福山市沼隈町中山南１０８３－１", "url": "https://www.iryou.teikyouseido.mhlw.go.jp/znk-web/juminkanja/S2430/initialize?prefCd=34&kikanCd=3340269490&kikanKbn=3", "url2": null }, "geometry": { "type": "Point", "coordinates": [ 133.321662, 34.416301 ] } },
{ "type": "Feature", "properties": { "内容": "杉村歯科医院【3:歯科】広島県広島市南区宇品西５－１１－１－１０４", "url": "https://www.iryou.teikyouseido.mhlw.go.jp/znk-web/juminkanja/S2430/initialize?prefCd=34&kikanCd=3340269520&kikanKbn=3", "url2": "http://www.kimura-shika-ujina.com" }, "geometry": { "type": "Point", "coordinates": [ 132.458153, 34.361486 ] } },
{ "type": "Feature", "properties": { "内容": "医療法人社団いつき会　もりもと歯科クリニック【3:歯科】広島県広島市西区己斐上１－１１－３６　ここから己斐上ビル３Ｆ", "url": "https://www.iryou.teikyouseido.mhlw.go.jp/znk-web/juminkanja/S2430/initialize?prefCd=34&kikanCd=3340269650&kikanKbn=3", "url2": "http://www.morimotodc.com/" }, "geometry": { "type": "Point", "coordinates": [ 132.419598, 34.405369 ] } },
{ "type": "Feature", "properties": { "内容": "中村歯科医院【3:歯科】広島県広島市安芸区中野３－９－６　れんげビル３Ｆ", "url": "https://www.iryou.teikyouseido.mhlw.go.jp/znk-web/juminkanja/S2430/initialize?prefCd=34&kikanCd=3340269940&kikanKbn=3", "url2": null }, "geometry": { "type": "Point", "coordinates": [ 132.564837, 34.392734 ] } },
{ "type": "Feature", "properties": { "内容": "久米歯科医院【3:歯科】広島県広島市中区千田町３丁目１０番３号", "url": "https://www.iryou.teikyouseido.mhlw.go.jp/znk-web/juminkanja/S2430/initialize?prefCd=34&kikanCd=3340270180&kikanKbn=3", "url2": "sendamachi-kumeshika.cihp2.jp" }, "geometry": { "type": "Point", "coordinates": [ 132.458319, 34.376734 ] } },
{ "type": "Feature", "properties": { "内容": "高美が丘歯科医院【3:歯科】広島県東広島市高屋高美が丘五丁目１－１９", "url": "https://www.iryou.teikyouseido.mhlw.go.jp/znk-web/juminkanja/S2430/initialize?prefCd=34&kikanCd=3340270470&kikanKbn=3", "url2": null }, "geometry": { "type": "Point", "coordinates": [ 132.791482, 34.460981 ] } },
{ "type": "Feature", "properties": { "内容": "医療法人社団石田歯科矯正歯科クリニック【3:歯科】広島県広島市中区八丁堀４－４　エイトバレー八丁堀２Ｆ", "url": "https://www.iryou.teikyouseido.mhlw.go.jp/znk-web/juminkanja/S2430/initialize?prefCd=34&kikanCd=3340270500&kikanKbn=3", "url2": "http://www.ishida-dental.jp/" }, "geometry": { "type": "Point", "coordinates": [ 132.464012, 34.397149 ] } },
{ "type": "Feature", "properties": { "内容": "おおはら歯科クリニック【3:歯科】広島県広島市佐伯区楽々園４－１－３０", "url": "https://www.iryou.teikyouseido.mhlw.go.jp/znk-web/juminkanja/S2430/initialize?prefCd=34&kikanCd=3340270630&kikanKbn=3", "url2": "http://www.oharashika.com" }, "geometry": { "type": "Point", "coordinates": [ 132.352977, 34.363862 ] } },
{ "type": "Feature", "properties": { "内容": "あいおい通り歯科クリニック【3:歯科】広島県広島市西区上天満町１０－３９　ニューてんま１Ｆ", "url": "https://www.iryou.teikyouseido.mhlw.go.jp/znk-web/juminkanja/S2430/initialize?prefCd=34&kikanCd=3340270760&kikanKbn=3", "url2": "http://www.aioi-dent.com" }, "geometry": { "type": "Point", "coordinates": [ 132.440319, 34.398482 ] } },
{ "type": "Feature", "properties": { "内容": "医療法人社団　松本歯科医院【3:歯科】広島県広島市安佐北区亀山３－１－４４", "url": "https://www.iryou.teikyouseido.mhlw.go.jp/znk-web/juminkanja/S2430/initialize?prefCd=34&kikanCd=3340270920&kikanKbn=3", "url2": "http://www.matsumotodc.mimoza.jp" }, "geometry": { "type": "Point", "coordinates": [ 132.502558, 34.523803 ] } },
{ "type": "Feature", "properties": { "内容": "山崎歯科クリニック【3:歯科】広島県広島市安佐北区口田一丁目５番９号", "url": "https://www.iryou.teikyouseido.mhlw.go.jp/znk-web/juminkanja/S2430/initialize?prefCd=34&kikanCd=3340271060&kikanKbn=3", "url2": "www.yamasaki-shika.com" }, "geometry": { "type": "Point", "coordinates": [ 132.498089, 34.462531 ] } },
{ "type": "Feature", "properties": { "内容": "みちる矯正歯科【3:歯科】広島県東広島市西条岡町９－７", "url": "https://www.iryou.teikyouseido.mhlw.go.jp/znk-web/juminkanja/S2430/initialize?prefCd=34&kikanCd=3340271220&kikanKbn=3", "url2": "http://michiru-orthodontic.com" }, "geometry": { "type": "Point", "coordinates": [ 132.742709, 34.429484 ] } },
{ "type": "Feature", "properties": { "内容": "近藤歯科医院【3:歯科】広島県広島市西区中広町３－２１－６", "url": "https://www.iryou.teikyouseido.mhlw.go.jp/znk-web/juminkanja/S2430/initialize?prefCd=34&kikanCd=3340271350&kikanKbn=3", "url2": null }, "geometry": { "type": "Point", "coordinates": [ 132.442861, 34.404783 ] } },
{ "type": "Feature", "properties": { "内容": "はしもと歯科医院【3:歯科】広島県広島市中区西川口町１２－３コーポ西川口１階", "url": "https://www.iryou.teikyouseido.mhlw.go.jp/znk-web/juminkanja/S2430/initialize?prefCd=34&kikanCd=3340271640&kikanKbn=3", "url2": "http://www.hashi-dental.jp/" }, "geometry": { "type": "Point", "coordinates": [ 132.439717, 34.381287 ] } },
{ "type": "Feature", "properties": { "内容": "山中歯科クリニック【3:歯科】広島県廿日市市須賀３－３１", "url": "https://www.iryou.teikyouseido.mhlw.go.jp/znk-web/juminkanja/S2430/initialize?prefCd=34&kikanCd=3340271770&kikanKbn=3", "url2": "http://www.yamanakashika.com" }, "geometry": { "type": "Point", "coordinates": [ 132.333497, 34.354262 ] } },
{ "type": "Feature", "properties": { "内容": "細原歯科医院【3:歯科】広島県広島市東区尾長西２－１１－３０", "url": "https://www.iryou.teikyouseido.mhlw.go.jp/znk-web/juminkanja/S2430/initialize?prefCd=34&kikanCd=3340271930&kikanKbn=3", "url2": null }, "geometry": { "type": "Point", "coordinates": [ 132.487381, 34.400283 ] } },
{ "type": "Feature", "properties": { "内容": "おおさわ歯科医院【3:歯科】広島県広島市西区楠木町４丁目９番２６号　４Ｆ", "url": "https://www.iryou.teikyouseido.mhlw.go.jp/znk-web/juminkanja/S2430/initialize?prefCd=34&kikanCd=3340272100&kikanKbn=3", "url2": null }, "geometry": { "type": "Point", "coordinates": [ 132.4594, 34.415813 ] } },
{ "type": "Feature", "properties": { "内容": "あおぞら歯科医院【3:歯科】広島県安芸郡府中町宮の町一丁目１－２６", "url": "https://www.iryou.teikyouseido.mhlw.go.jp/znk-web/juminkanja/S2430/initialize?prefCd=34&kikanCd=3340272360&kikanKbn=3", "url2": "http://www.aozora-dc.info/" }, "geometry": { "type": "Point", "coordinates": [ 132.508891, 34.395728 ] } },
{ "type": "Feature", "properties": { "内容": "安登歯科クリニック【3:歯科】広島県呉市安浦町安登西六丁目１番１８号", "url": "https://www.iryou.teikyouseido.mhlw.go.jp/znk-web/juminkanja/S2430/initialize?prefCd=34&kikanCd=3340272490&kikanKbn=3", "url2": null }, "geometry": { "type": "Point", "coordinates": [ 132.720522, 34.252019 ] } },
{ "type": "Feature", "properties": { "内容": "亀宝歯科医院【3:歯科】広島県広島市安佐南区祇園２丁目３１－１６－１", "url": "https://www.iryou.teikyouseido.mhlw.go.jp/znk-web/juminkanja/S2430/initialize?prefCd=34&kikanCd=3340272780&kikanKbn=3", "url2": "http://www.kiho-do.com/" }, "geometry": { "type": "Point", "coordinates": [ 132.465232, 34.44095 ] } },
{ "type": "Feature", "properties": { "内容": "ＩＫＥＤＡ　ＤＥＮＴＡＬ　ＣＬＩＮＩＣ【3:歯科】広島県福山市大門町３丁目２３番３２号", "url": "https://www.iryou.teikyouseido.mhlw.go.jp/znk-web/juminkanja/S2430/initialize?prefCd=34&kikanCd=3340272810&kikanKbn=3", "url2": null }, "geometry": { "type": "Point", "coordinates": [ 133.43926, 34.493711 ] } },
{ "type": "Feature", "properties": { "内容": "かとう歯科・矯正歯科【3:歯科】広島県広島市東区牛田新町３－７－４３", "url": "https://www.iryou.teikyouseido.mhlw.go.jp/znk-web/juminkanja/S2430/initialize?prefCd=34&kikanCd=3340272940&kikanKbn=3", "url2": "https://www.hanarabi.net/" }, "geometry": { "type": "Point", "coordinates": [ 132.471649, 34.428507 ] } },
{ "type": "Feature", "properties": { "内容": "医療法人社団淳和会　川添歯科クリニック【3:歯科】広島県広島市安佐南区古市３－４－１６", "url": "https://www.iryou.teikyouseido.mhlw.go.jp/znk-web/juminkanja/S2430/initialize?prefCd=34&kikanCd=3340273080&kikanKbn=3", "url2": "https://kawazoe-dental.com/" }, "geometry": { "type": "Point", "coordinates": [ 132.468898, 34.451227 ] } },
{ "type": "Feature", "properties": { "内容": "くにはら歯科医院【3:歯科】広島県広島市西区中広町二丁目１７－８", "url": "https://www.iryou.teikyouseido.mhlw.go.jp/znk-web/juminkanja/S2430/initialize?prefCd=34&kikanCd=3340273240&kikanKbn=3", "url2": null }, "geometry": { "type": "Point", "coordinates": [ 132.440719, 34.402972 ] } },
{ "type": "Feature", "properties": { "内容": "山我歯科医院【3:歯科】広島県広島市西区草津本町３０－３　２Ｆ", "url": "https://www.iryou.teikyouseido.mhlw.go.jp/znk-web/juminkanja/S2430/initialize?prefCd=34&kikanCd=3340273370&kikanKbn=3", "url2": "https://yamagadental.com" }, "geometry": { "type": "Point", "coordinates": [ 132.40324, 34.379039 ] } },
{ "type": "Feature", "properties": { "内容": "山本歯科【3:歯科】広島県広島市中区江波本町５番３０号", "url": "https://www.iryou.teikyouseido.mhlw.go.jp/znk-web/juminkanja/S2430/initialize?prefCd=34&kikanCd=3340273400&kikanKbn=3", "url2": null }, "geometry": { "type": "Point", "coordinates": [ 132.435643, 34.370137 ] } },
{ "type": "Feature", "properties": { "内容": "きらら歯科【3:歯科】広島県東広島市西条町寺家３７９１－１", "url": "https://www.iryou.teikyouseido.mhlw.go.jp/znk-web/juminkanja/S2430/initialize?prefCd=34&kikanCd=3340273660&kikanKbn=3", "url2": "http://www.kirara-dc.jp/" }, "geometry": { "type": "Point", "coordinates": [ 132.720155, 34.439399 ] } },
{ "type": "Feature", "properties": { "内容": "重河デンタルクリニック【3:歯科】広島県東広島市西条町寺家７３７１－１", "url": "https://www.iryou.teikyouseido.mhlw.go.jp/znk-web/juminkanja/S2430/initialize?prefCd=34&kikanCd=3340273790&kikanKbn=3", "url2": "https://www.shigekawa.com" }, "geometry": { "type": "Point", "coordinates": [ 132.728461, 34.420457 ] } },
{ "type": "Feature", "properties": { "内容": "医療法人やまだ矯正歯科クリニック【3:歯科】広島県広島市南区金屋町２－１５ー４階", "url": "https://www.iryou.teikyouseido.mhlw.go.jp/znk-web/juminkanja/S2430/initialize?prefCd=34&kikanCd=3340273820&kikanKbn=3", "url2": "http://www.yamada-kyousei-clinic.com/" }, "geometry": { "type": "Point", "coordinates": [ 132.472303, 34.392378 ] } },
{ "type": "Feature", "properties": { "内容": "ゆかり歯科クリニック【3:歯科】広島県広島市安佐南区川内３－１－２２", "url": "https://www.iryou.teikyouseido.mhlw.go.jp/znk-web/juminkanja/S2430/initialize?prefCd=34&kikanCd=3340273950&kikanKbn=3", "url2": null }, "geometry": { "type": "Point", "coordinates": [ 132.490005, 34.461324 ] } },
{ "type": "Feature", "properties": { "内容": "かくたに歯科医院【3:歯科】広島県三次市三次町１３４５－８番地", "url": "https://www.iryou.teikyouseido.mhlw.go.jp/znk-web/juminkanja/S2430/initialize?prefCd=34&kikanCd=3340274120&kikanKbn=3", "url2": null }, "geometry": { "type": "Point", "coordinates": [ 132.84424, 34.809393 ] } },
{ "type": "Feature", "properties": { "内容": "平田歯科診療所【3:歯科】広島県豊田郡大崎上島町中野２２０１番地の２", "url": "https://www.iryou.teikyouseido.mhlw.go.jp/znk-web/juminkanja/S2430/initialize?prefCd=34&kikanCd=3340274380&kikanKbn=3", "url2": null }, "geometry": { "type": "Point", "coordinates": [ 132.889761, 34.244339 ] } },
{ "type": "Feature", "properties": { "内容": "吉岡歯科医院【3:歯科】広島県広島市中区十日市町二丁目９番５号　大濱ビルⅡ１階", "url": "https://www.iryou.teikyouseido.mhlw.go.jp/znk-web/juminkanja/S2430/initialize?prefCd=34&kikanCd=3340274410&kikanKbn=3", "url2": "http://www.yoshiokashika.com/" }, "geometry": { "type": "Point", "coordinates": [ 132.448124, 34.398426 ] } },
{ "type": "Feature", "properties": { "内容": "スマイル歯科医院【3:歯科】広島県山県郡北広島町有田字河本６５９－１", "url": "https://www.iryou.teikyouseido.mhlw.go.jp/znk-web/juminkanja/S2430/initialize?prefCd=34&kikanCd=3340274670&kikanKbn=3", "url2": null }, "geometry": { "type": "Point", "coordinates": [ 132.539323, 34.675724 ] } },
{ "type": "Feature", "properties": { "内容": "レイラ歯科クリニック【3:歯科】広島県広島市西区楠木町３－２－２０　楠木ハイツ１Ｆ", "url": "https://www.iryou.teikyouseido.mhlw.go.jp/znk-web/juminkanja/S2430/initialize?prefCd=34&kikanCd=3340274700&kikanKbn=3", "url2": null }, "geometry": { "type": "Point", "coordinates": [ 132.4579, 34.413953 ] } },
{ "type": "Feature", "properties": { "内容": "ＨＡＲＶＥＳＴ　ＤＥＮＴＡＬ　ＣＬＩＮＩＣ【3:歯科】広島県福山市神辺町新湯野３９－５", "url": "https://www.iryou.teikyouseido.mhlw.go.jp/znk-web/juminkanja/S2430/initialize?prefCd=34&kikanCd=3340274960&kikanKbn=3", "url2": "http://www.harvest-dc.com" }, "geometry": { "type": "Point", "coordinates": [ 133.390601, 34.559871 ] } },
{ "type": "Feature", "properties": { "内容": "志田原歯科小児歯科医院【3:歯科】広島県福山市三吉町四丁目７－４０", "url": "https://www.iryou.teikyouseido.mhlw.go.jp/znk-web/juminkanja/S2430/initialize?prefCd=34&kikanCd=3340275130&kikanKbn=3", "url2": null }, "geometry": { "type": "Point", "coordinates": [ 133.376487, 34.49354 ] } },
{ "type": "Feature", "properties": { "内容": "聖歯科クリニック【3:歯科】広島県広島市安芸区矢野西一丁目３２番１１号アイスタ矢野２階", "url": "https://www.iryou.teikyouseido.mhlw.go.jp/znk-web/juminkanja/S2430/initialize?prefCd=34&kikanCd=3340275260&kikanKbn=3", "url2": "http://www.hijiri-dental.com" }, "geometry": { "type": "Point", "coordinates": [ 132.531687, 34.351763 ] } },
{ "type": "Feature", "properties": { "内容": "医療法人　さつき歯科クリニック【3:歯科】広島県広島市安佐南区西原４丁目１９－６", "url": "https://www.iryou.teikyouseido.mhlw.go.jp/znk-web/juminkanja/S2430/initialize?prefCd=34&kikanCd=3340275420&kikanKbn=3", "url2": "http://www.dc-satsuki.com/" }, "geometry": { "type": "Point", "coordinates": [ 132.4687, 34.437856 ] } },
{ "type": "Feature", "properties": { "内容": "きのしょう歯科診療所【3:歯科】広島県福山市木之庄町三丁目１０－２０森　ｈａｋｏ１Ｆ", "url": "https://www.iryou.teikyouseido.mhlw.go.jp/znk-web/juminkanja/S2430/initialize?prefCd=34&kikanCd=3340275680&kikanKbn=3", "url2": null }, "geometry": { "type": "Point", "coordinates": [ 133.354349, 34.495143 ] } },
{ "type": "Feature", "properties": { "内容": "さとう歯科クリニック【3:歯科】広島県福山市手城町４－７－５", "url": "https://www.iryou.teikyouseido.mhlw.go.jp/znk-web/juminkanja/S2430/initialize?prefCd=34&kikanCd=3340275710&kikanKbn=3", "url2": "http://www.satodentalclinic.net" }, "geometry": { "type": "Point", "coordinates": [ 133.399708, 34.489183 ] } },
{ "type": "Feature", "properties": { "内容": "ひらたデンタルクリニック【3:歯科】広島県呉市阿賀中央四丁目５－２８", "url": "https://www.iryou.teikyouseido.mhlw.go.jp/znk-web/juminkanja/S2430/initialize?prefCd=34&kikanCd=3340275970&kikanKbn=3", "url2": null }, "geometry": { "type": "Point", "coordinates": [ 132.602841, 34.236502 ] } },
{ "type": "Feature", "properties": { "内容": "こうご歯科【3:歯科】広島県広島市西区庚午中四丁目１９番２１号", "url": "https://www.iryou.teikyouseido.mhlw.go.jp/znk-web/juminkanja/S2430/initialize?prefCd=34&kikanCd=3340276140&kikanKbn=3", "url2": null }, "geometry": { "type": "Point", "coordinates": [ 132.412737, 34.381394 ] } },
{ "type": "Feature", "properties": { "内容": "医療法人幸美会　なかむら歯科クリニック【3:歯科】広島県福山市引野町三丁目３７－２７", "url": "https://www.iryou.teikyouseido.mhlw.go.jp/znk-web/juminkanja/S2430/initialize?prefCd=34&kikanCd=3340276560&kikanKbn=3", "url2": "https://www.nakamura-sika.net/" }, "geometry": { "type": "Point", "coordinates": [ 133.409651, 34.488739 ] } },
{ "type": "Feature", "properties": { "内容": "にしなか歯科クリニック【3:歯科】広島県広島市中区大手町１丁目４番３号　大手町井上ビル　３Ｆ", "url": "https://www.iryou.teikyouseido.mhlw.go.jp/znk-web/juminkanja/S2430/initialize?prefCd=34&kikanCd=3340276720&kikanKbn=3", "url2": "http://nishinaka-dental.com" }, "geometry": { "type": "Point", "coordinates": [ 132.456052, 34.3949 ] } },
{ "type": "Feature", "properties": { "内容": "かこまち歯科医院【3:歯科】広島県広島市中区加古町６番７号", "url": "https://www.iryou.teikyouseido.mhlw.go.jp/znk-web/juminkanja/S2430/initialize?prefCd=34&kikanCd=3340276850&kikanKbn=3", "url2": null }, "geometry": { "type": "Point", "coordinates": [ 132.449567, 34.387477 ] } },
{ "type": "Feature", "properties": { "内容": "こうごファミリー歯科【3:歯科】広島県広島市西区庚午北三丁目４番６号", "url": "https://www.iryou.teikyouseido.mhlw.go.jp/znk-web/juminkanja/S2430/initialize?prefCd=34&kikanCd=3340276980&kikanKbn=3", "url2": "https://kougofamily-dental.com/" }, "geometry": { "type": "Point", "coordinates": [ 132.417233, 34.38786 ] } },
{ "type": "Feature", "properties": { "内容": "よしみ歯科クリニック【3:歯科】広島県広島市安佐南区山本四丁目２６－２３　吉田ビル４Ｆ", "url": "https://www.iryou.teikyouseido.mhlw.go.jp/znk-web/juminkanja/S2430/initialize?prefCd=34&kikanCd=3340277020&kikanKbn=3", "url2": null }, "geometry": { "type": "Point", "coordinates": [ 132.450317, 34.436339 ] } },
{ "type": "Feature", "properties": { "内容": "かわばた歯科クリニック【3:歯科】広島県福山市熊野町乙１０７５－２", "url": "https://www.iryou.teikyouseido.mhlw.go.jp/znk-web/juminkanja/S2430/initialize?prefCd=34&kikanCd=3340277150&kikanKbn=3", "url2": null }, "geometry": { "type": "Point", "coordinates": [ 133.335062, 34.433113 ] } },
{ "type": "Feature", "properties": { "内容": "保生堂歯科クリニック【3:歯科】広島県広島市西区庚午南１丁目７番２５号", "url": "https://www.iryou.teikyouseido.mhlw.go.jp/znk-web/juminkanja/S2430/initialize?prefCd=34&kikanCd=3340277310&kikanKbn=3", "url2": "http://hoseidou.com/" }, "geometry": { "type": "Point", "coordinates": [ 132.413378, 34.380033 ] } },
{ "type": "Feature", "properties": { "内容": "医療法人社団　みずほ会　ゆず歯科医院【3:歯科】広島県広島市西区横川町３丁目２番３６号", "url": "https://www.iryou.teikyouseido.mhlw.go.jp/znk-web/juminkanja/S2430/initialize?prefCd=34&kikanCd=3340277440&kikanKbn=3", "url2": null }, "geometry": { "type": "Point", "coordinates": [ 132.448576, 34.409488 ] } },
{ "type": "Feature", "properties": { "内容": "医療法人健康プロ　医院ふるいち　歯の健康ドクター【3:歯科】広島県広島市安佐南区古市１－１６－１７", "url": "https://www.iryou.teikyouseido.mhlw.go.jp/znk-web/juminkanja/S2430/initialize?prefCd=34&kikanCd=3340277600&kikanKbn=3", "url2": "https://www.takayaohd.com/" }, "geometry": { "type": "Point", "coordinates": [ 132.47212, 34.450004 ] } },
{ "type": "Feature", "properties": { "内容": "おざき歯科クリニック【3:歯科】広島県広島市東区牛田東二丁目１－２２", "url": "https://www.iryou.teikyouseido.mhlw.go.jp/znk-web/juminkanja/S2430/initialize?prefCd=34&kikanCd=3340277730&kikanKbn=3", "url2": "http://r.goope.jp/ozaki-dent/" }, "geometry": { "type": "Point", "coordinates": [ 132.478151, 34.410403 ] } },
{ "type": "Feature", "properties": { "内容": "花木歯科医院【3:歯科】広島県広島市中区広瀬北町５－１　マインシュロス広瀬北　１０１号室", "url": "https://www.iryou.teikyouseido.mhlw.go.jp/znk-web/juminkanja/S2430/initialize?prefCd=34&kikanCd=3340278160&kikanKbn=3", "url2": "http://www.hanaki-shika.com/" }, "geometry": { "type": "Point", "coordinates": [ 132.447232, 34.402651 ] } },
{ "type": "Feature", "properties": { "内容": "ＡＩＣデンタルクリニック・ヴィラ【3:歯科】広島県安芸郡府中町本町２丁目９番２７号", "url": "https://www.iryou.teikyouseido.mhlw.go.jp/znk-web/juminkanja/S2430/initialize?prefCd=34&kikanCd=3340278320&kikanKbn=3", "url2": null }, "geometry": { "type": "Point", "coordinates": [ 132.505938, 34.395619 ] } },
{ "type": "Feature", "properties": { "内容": "タナカ歯科医院【3:歯科】広島県広島市南区段原山崎町一丁目１番２５号", "url": "https://www.iryou.teikyouseido.mhlw.go.jp/znk-web/juminkanja/S2430/initialize?prefCd=34&kikanCd=3340278580&kikanKbn=3", "url2": null }, "geometry": { "type": "Point", "coordinates": [ 132.479948, 34.385864 ] } },
{ "type": "Feature", "properties": { "内容": "ごこちデンタルクリニック【3:歯科】広島県広島市中区小町３－２２　マスダビル３０１", "url": "https://www.iryou.teikyouseido.mhlw.go.jp/znk-web/juminkanja/S2430/initialize?prefCd=34&kikanCd=3340278610&kikanKbn=3", "url2": "http://www.gokochi-dc.com" }, "geometry": { "type": "Point", "coordinates": [ 132.456008, 34.389221 ] } },
{ "type": "Feature", "properties": { "内容": "ジュン歯科クリニック【3:歯科】広島県広島市西区井口４丁目２－２７ハイブレスビル１階", "url": "https://www.iryou.teikyouseido.mhlw.go.jp/znk-web/juminkanja/S2430/initialize?prefCd=34&kikanCd=3340278740&kikanKbn=3", "url2": null }, "geometry": { "type": "Point", "coordinates": [ 132.374398, 34.369356 ] } },
{ "type": "Feature", "properties": { "内容": "オレンジ歯科クリニック【3:歯科】広島県東広島市西条土与丸六丁目１－２２", "url": "https://www.iryou.teikyouseido.mhlw.go.jp/znk-web/juminkanja/S2430/initialize?prefCd=34&kikanCd=3340278900&kikanKbn=3", "url2": null }, "geometry": { "type": "Point", "coordinates": [ 132.754375, 34.427734 ] } },
{ "type": "Feature", "properties": { "内容": "二反田歯科クリニック【3:歯科】広島県広島市南区宇品西６－７－１４　ゆめタウンみゆき　２Ｆ", "url": "https://www.iryou.teikyouseido.mhlw.go.jp/znk-web/juminkanja/S2430/initialize?prefCd=34&kikanCd=3340279040&kikanKbn=3", "url2": null }, "geometry": { "type": "Point", "coordinates": [ 132.456459, 34.358486 ] } },
{ "type": "Feature", "properties": { "内容": "医療法人社団三凛会　みしま歯科【3:歯科】広島県広島市安佐北区可部３丁目３７－３７", "url": "https://www.iryou.teikyouseido.mhlw.go.jp/znk-web/juminkanja/S2430/initialize?prefCd=34&kikanCd=3340279170&kikanKbn=3", "url2": "http://www.mishima-dental.net" }, "geometry": { "type": "Point", "coordinates": [ 132.511721, 34.518938 ] } },
{ "type": "Feature", "properties": { "内容": "けやき歯科クリニック【3:歯科】広島県広島市西区庚午中３丁目１３－３　Ｋ－ｆｉｅｌｄ　１Ｆ", "url": "https://www.iryou.teikyouseido.mhlw.go.jp/znk-web/juminkanja/S2430/initialize?prefCd=34&kikanCd=3340279330&kikanKbn=3", "url2": null }, "geometry": { "type": "Point", "coordinates": [ 132.459595, 34.396343 ] } },
{ "type": "Feature", "properties": { "内容": "谷崎歯科クリニック【3:歯科】広島県安芸郡府中町本町四丁目５番３７号１階", "url": "https://www.iryou.teikyouseido.mhlw.go.jp/znk-web/juminkanja/S2430/initialize?prefCd=34&kikanCd=3340279590&kikanKbn=3", "url2": "http://www.tanisaki-dental.jp/" }, "geometry": { "type": "Point", "coordinates": [ 132.50578, 34.399355 ] } },
{ "type": "Feature", "properties": { "内容": "つばさ歯科【3:歯科】広島県三原市本郷南五丁目１４番１５号", "url": "https://www.iryou.teikyouseido.mhlw.go.jp/znk-web/juminkanja/S2430/initialize?prefCd=34&kikanCd=3340279620&kikanKbn=3", "url2": "http://tsubasashika.blog111.fc2.com/" }, "geometry": { "type": "Point", "coordinates": [ 132.991698, 34.406833 ] } },
{ "type": "Feature", "properties": { "内容": "おおもとクローバー歯科クリニック【3:歯科】広島県尾道市土堂２丁目６－３", "url": "https://www.iryou.teikyouseido.mhlw.go.jp/znk-web/juminkanja/S2430/initialize?prefCd=34&kikanCd=3340279750&kikanKbn=3", "url2": "http://www.omoto-clover.com/" }, "geometry": { "type": "Point", "coordinates": [ 133.201061, 34.408078 ] } },
{ "type": "Feature", "properties": { "内容": "フォレオ歯科医院【3:歯科】広島県広島市東区温品１丁目３－２　　フォレオ広島東Ｂ棟２Ｆ", "url": "https://www.iryou.teikyouseido.mhlw.go.jp/znk-web/juminkanja/S2430/initialize?prefCd=34&kikanCd=3340279910&kikanKbn=3", "url2": null }, "geometry": { "type": "Point", "coordinates": [ 132.503622, 34.407698 ] } },
{ "type": "Feature", "properties": { "内容": "なかむら歯科クリニック【3:歯科】広島県広島市中区上八丁堀４番２７号　上八丁堀ビル１Ｆ", "url": "https://www.iryou.teikyouseido.mhlw.go.jp/znk-web/juminkanja/S2430/initialize?prefCd=34&kikanCd=3340280020&kikanKbn=3", "url2": "http://nakamuradc.net/" }, "geometry": { "type": "Point", "coordinates": [ 132.464502, 34.399867 ] } },
{ "type": "Feature", "properties": { "内容": "さおとめ歯科医院【3:歯科】広島県広島市安佐南区西原２丁目１１番８号　第４森下ビル１０１号", "url": "https://www.iryou.teikyouseido.mhlw.go.jp/znk-web/juminkanja/S2430/initialize?prefCd=34&kikanCd=3340280280&kikanKbn=3", "url2": "https://saotomeclinic.webu.jp/" }, "geometry": { "type": "Point", "coordinates": [ 132.468037, 34.434895 ] } },
{ "type": "Feature", "properties": { "内容": "若林デンタルクリニック　　並木通り【3:歯科】広島県広島市中区中町１－３　　ダイヤ並木ビル２Ｆ", "url": "https://www.iryou.teikyouseido.mhlw.go.jp/znk-web/juminkanja/S2430/initialize?prefCd=34&kikanCd=3340280310&kikanKbn=3", "url2": "http://www.wakabayashi-d.net/" }, "geometry": { "type": "Point", "coordinates": [ 132.460818, 34.390427 ] } },
{ "type": "Feature", "properties": { "内容": "医療法人　小笠原会　広島タワー歯科・矯正歯科【3:歯科】広島県広島市東区若草町１１－２　グランアークテラス３Ｆ", "url": "https://www.iryou.teikyouseido.mhlw.go.jp/znk-web/juminkanja/S2430/initialize?prefCd=34&kikanCd=3340280440&kikanKbn=3", "url2": "http://www.hiroshima-dc.com" }, "geometry": { "type": "Point", "coordinates": [ 132.477788, 34.398927 ] } },
{ "type": "Feature", "properties": { "内容": "ゆめ歯科クリニック【3:歯科】広島県広島市安佐南区伴南１丁目５－１８－８　ゆめビル３０２", "url": "https://www.iryou.teikyouseido.mhlw.go.jp/znk-web/juminkanja/S2430/initialize?prefCd=34&kikanCd=3340280570&kikanKbn=3", "url2": "http://yume-shika.s1.bindsite.jp/" }, "geometry": { "type": "Point", "coordinates": [ 132.380794, 34.448225 ] } },
{ "type": "Feature", "properties": { "内容": "かねだ歯科【3:歯科】広島県江田島市江田島町鷲部２丁目１１－３", "url": "https://www.iryou.teikyouseido.mhlw.go.jp/znk-web/juminkanja/S2430/initialize?prefCd=34&kikanCd=3340280600&kikanKbn=3", "url2": null }, "geometry": { "type": "Point", "coordinates": [ 132.479632, 34.233454 ] } },
{ "type": "Feature", "properties": { "内容": "エフ・デンタルクリニック【3:歯科】広島県広島市安佐南区伴南四丁目１－１", "url": "https://www.iryou.teikyouseido.mhlw.go.jp/znk-web/juminkanja/S2430/initialize?prefCd=34&kikanCd=3340280860&kikanKbn=3", "url2": "http://www.f-dental.info" }, "geometry": { "type": "Point", "coordinates": [ 132.378489, 34.446059 ] } },
{ "type": "Feature", "properties": { "内容": "いけがみ小児歯科【3:歯科】広島県東広島市西条町寺家６５３７－１１", "url": "https://www.iryou.teikyouseido.mhlw.go.jp/znk-web/juminkanja/S2430/initialize?prefCd=34&kikanCd=3340281030&kikanKbn=3", "url2": "https://ikegami-kids-dental.jp/" }, "geometry": { "type": "Point", "coordinates": [ 132.729182, 34.427371 ] } },
{ "type": "Feature", "properties": { "内容": "医療法人社団　湧泉会　ひまわり歯科【3:歯科】広島県安芸郡海田町昭和中町２－３８", "url": "https://www.iryou.teikyouseido.mhlw.go.jp/znk-web/juminkanja/S2430/initialize?prefCd=34&kikanCd=3340281290&kikanKbn=3", "url2": "http://www.himawari-sika.com" }, "geometry": { "type": "Point", "coordinates": [ 132.537304, 34.368197 ] } },
{ "type": "Feature", "properties": { "内容": "よつば歯科クリニック【3:歯科】広島県広島市東区戸坂新町１丁目７－２２　第１５平勝ビル１Ｆ", "url": "https://www.iryou.teikyouseido.mhlw.go.jp/znk-web/juminkanja/S2430/initialize?prefCd=34&kikanCd=3340281320&kikanKbn=3", "url2": "http://yotsuba-dent.com/" }, "geometry": { "type": "Point", "coordinates": [ 132.4948, 34.423734 ] } },
{ "type": "Feature", "properties": { "内容": "ひらち歯科医院【3:歯科】広島県福山市木之庄町１－１２－３８", "url": "https://www.iryou.teikyouseido.mhlw.go.jp/znk-web/juminkanja/S2430/initialize?prefCd=34&kikanCd=3340281740&kikanKbn=3", "url2": "http://www.hirachi-shika.com" }, "geometry": { "type": "Point", "coordinates": [ 133.354128, 34.493955 ] } },
{ "type": "Feature", "properties": { "内容": "スマイル・デンタル・クリニック【3:歯科】広島県廿日市市宮島口西二丁目７番１６号", "url": "https://www.iryou.teikyouseido.mhlw.go.jp/znk-web/juminkanja/S2430/initialize?prefCd=34&kikanCd=3340282040&kikanKbn=3", "url2": null }, "geometry": { "type": "Point", "coordinates": [ 132.300279, 34.309989 ] } },
{ "type": "Feature", "properties": { "内容": "ファースト訪問歯科【3:歯科】広島県広島市安佐南区祇園４－８－４", "url": "https://www.iryou.teikyouseido.mhlw.go.jp/znk-web/juminkanja/S2430/initialize?prefCd=34&kikanCd=3340282330&kikanKbn=3", "url2": null }, "geometry": { "type": "Point", "coordinates": [ 132.45601, 34.440561 ] } },
{ "type": "Feature", "properties": { "内容": "みやもと歯科医院【3:歯科】広島県世羅郡世羅町小国３３１９－４", "url": "https://www.iryou.teikyouseido.mhlw.go.jp/znk-web/juminkanja/S2430/initialize?prefCd=34&kikanCd=3340282460&kikanKbn=3", "url2": null }, "geometry": { "type": "Point", "coordinates": [ 132.933924, 34.614759 ] } },
{ "type": "Feature", "properties": { "内容": "沖デンタルクリニック【3:歯科】広島県広島市中区八丁堀１２－４　わかばビル４Ｆ", "url": "https://www.iryou.teikyouseido.mhlw.go.jp/znk-web/juminkanja/S2430/initialize?prefCd=34&kikanCd=3340282590&kikanKbn=3", "url2": null }, "geometry": { "type": "Point", "coordinates": [ 132.463706, 34.395288 ] } },
{ "type": "Feature", "properties": { "内容": "ＲＯＳＥ　ＣＬＩＮＩＣ【3:歯科】広島県福山市東桜町１－１　ｉｎｅｓ　ＦＵＫＵＹＡＭＡ", "url": "https://www.iryou.teikyouseido.mhlw.go.jp/znk-web/juminkanja/S2430/initialize?prefCd=34&kikanCd=3340282880&kikanKbn=3", "url2": "http://www.roseclinic-fukuyama.com" }, "geometry": { "type": "Point", "coordinates": [ 133.363072, 34.486877 ] } },
{ "type": "Feature", "properties": { "内容": "三好デンタルオフィス【3:歯科】広島県広島市南区金屋町２－２１－１", "url": "https://www.iryou.teikyouseido.mhlw.go.jp/znk-web/juminkanja/S2430/initialize?prefCd=34&kikanCd=3340283180&kikanKbn=3", "url2": "https://mdo.jpn.com" }, "geometry": { "type": "Point", "coordinates": [ 132.472539, 34.392594 ] } },
{ "type": "Feature", "properties": { "内容": "水入歯科医院【3:歯科】広島県広島市中区三川町１－１８　ヒロシマパーキング１Ｆ", "url": "https://www.iryou.teikyouseido.mhlw.go.jp/znk-web/juminkanja/S2430/initialize?prefCd=34&kikanCd=3340283470&kikanKbn=3", "url2": "http://mizuiri-shika.com/" }, "geometry": { "type": "Point", "coordinates": [ 132.462802, 34.390399 ] } },
{ "type": "Feature", "properties": { "内容": "はなみずき歯科医院【3:歯科】広島県広島市佐伯区千同１丁目１９－２６", "url": "https://www.iryou.teikyouseido.mhlw.go.jp/znk-web/juminkanja/S2430/initialize?prefCd=34&kikanCd=3340283500&kikanKbn=3", "url2": "http://www.hanamizuki-dc.net/index.html" }, "geometry": { "type": "Point", "coordinates": [ 132.351991, 34.378511 ] } },
{ "type": "Feature", "properties": { "内容": "医療法人二十二会　おかだ歯科【3:歯科】広島県竹原市中央四丁目５－１７", "url": "https://www.iryou.teikyouseido.mhlw.go.jp/znk-web/juminkanja/S2430/initialize?prefCd=34&kikanCd=3340283630&kikanKbn=3", "url2": null }, "geometry": { "type": "Point", "coordinates": [ 132.907505, 34.340691 ] } },
{ "type": "Feature", "properties": { "内容": "なおデンタルクリニック【3:歯科】広島県広島市西区南観音町５－１４", "url": "https://www.iryou.teikyouseido.mhlw.go.jp/znk-web/juminkanja/S2430/initialize?prefCd=34&kikanCd=3340283760&kikanKbn=3", "url2": null }, "geometry": { "type": "Point", "coordinates": [ 132.434542, 34.387261 ] } },
{ "type": "Feature", "properties": { "内容": "今谷歯科アリオン【3:歯科】広島県東広島市西条町寺家６５９８番地１０　１階", "url": "https://www.iryou.teikyouseido.mhlw.go.jp/znk-web/juminkanja/S2430/initialize?prefCd=34&kikanCd=3340283890&kikanKbn=3", "url2": "imatani.jp" }, "geometry": { "type": "Point", "coordinates": [ 132.729763, 34.429094 ] } },
{ "type": "Feature", "properties": { "内容": "ハートフル歯科・矯正歯科【3:歯科】広島県広島市佐伯区五日市五丁目１５－３", "url": "https://www.iryou.teikyouseido.mhlw.go.jp/znk-web/juminkanja/S2430/initialize?prefCd=34&kikanCd=3340283920&kikanKbn=3", "url2": "http://heartful-hiroshima.com" }, "geometry": { "type": "Point", "coordinates": [ 132.358327, 34.370372 ] } },
{ "type": "Feature", "properties": { "内容": "ヤスダデンタルクリニック【3:歯科】広島県広島市西区楠木町２丁目９－８　カーサ楠木１階", "url": "https://www.iryou.teikyouseido.mhlw.go.jp/znk-web/juminkanja/S2430/initialize?prefCd=34&kikanCd=3340284060&kikanKbn=3", "url2": "http://yasuda-dental-clinic.com/" }, "geometry": { "type": "Point", "coordinates": [ 132.455456, 34.410897 ] } },
{ "type": "Feature", "properties": { "内容": "森田歯科医院【3:歯科】広島県広島市中区宝町２－１　フジグラン広島４Ｆ", "url": "https://www.iryou.teikyouseido.mhlw.go.jp/znk-web/juminkanja/S2430/initialize?prefCd=34&kikanCd=3340284190&kikanKbn=3", "url2": null }, "geometry": { "type": "Point", "coordinates": [ 132.46429, 34.38615 ] } },
{ "type": "Feature", "properties": { "内容": "しもやま歯科【3:歯科】広島県広島市安佐北区口田南２丁目１６番１７号", "url": "https://www.iryou.teikyouseido.mhlw.go.jp/znk-web/juminkanja/S2430/initialize?prefCd=34&kikanCd=3340284510&kikanKbn=3", "url2": null }, "geometry": { "type": "Point", "coordinates": [ 132.494941, 34.454889 ] } },
{ "type": "Feature", "properties": { "内容": "コイン通りデンタルクリニック【3:歯科】広島県広島市佐伯区海老園２－８－５", "url": "https://www.iryou.teikyouseido.mhlw.go.jp/znk-web/juminkanja/S2430/initialize?prefCd=34&kikanCd=3340284640&kikanKbn=3", "url2": "http://www.coindent.com" }, "geometry": { "type": "Point", "coordinates": [ 132.363455, 34.364079 ] } },
{ "type": "Feature", "properties": { "内容": "おりづる歯科医院【3:歯科】広島県広島市安佐南区川内五丁目１０－２０", "url": "https://www.iryou.teikyouseido.mhlw.go.jp/znk-web/juminkanja/S2430/initialize?prefCd=34&kikanCd=3340284770&kikanKbn=3", "url2": null }, "geometry": { "type": "Point", "coordinates": [ 132.485562, 34.470003 ] } },
{ "type": "Feature", "properties": { "内容": "医療法人　歯科ＥＭデンタルクリニック【3:歯科】広島県福山市春日町七丁目５－１６", "url": "https://www.iryou.teikyouseido.mhlw.go.jp/znk-web/juminkanja/S2430/initialize?prefCd=34&kikanCd=3340284800&kikanKbn=3", "url2": "emdent.jp" }, "geometry": { "type": "Point", "coordinates": [ 133.415127, 34.509394 ] } },
{ "type": "Feature", "properties": { "内容": "向井歯科医院【3:歯科】広島県広島市南区段原山崎２丁目９番２５", "url": "https://www.iryou.teikyouseido.mhlw.go.jp/znk-web/juminkanja/S2430/initialize?prefCd=34&kikanCd=3340285070&kikanKbn=3", "url2": "https://www.mukai-dental.jp/" }, "geometry": { "type": "Point", "coordinates": [ 132.479931, 34.384926 ] } },
{ "type": "Feature", "properties": { "内容": "おぜき歯科【3:歯科】広島県三次市十日市中２－１４－５", "url": "https://www.iryou.teikyouseido.mhlw.go.jp/znk-web/juminkanja/S2430/initialize?prefCd=34&kikanCd=3340285230&kikanKbn=3", "url2": "http://ozeki-dc.com/" }, "geometry": { "type": "Point", "coordinates": [ 132.849282, 34.805482 ] } },
{ "type": "Feature", "properties": { "内容": "さくら矯正歯科クリニック【3:歯科】広島県広島市安佐南区山本２－３－２６　ソレアード祇園１０３", "url": "https://www.iryou.teikyouseido.mhlw.go.jp/znk-web/juminkanja/S2430/initialize?prefCd=34&kikanCd=3340285360&kikanKbn=3", "url2": "http://sakura-dental-c.com/" }, "geometry": { "type": "Point", "coordinates": [ 132.455372, 34.438033 ] } },
{ "type": "Feature", "properties": { "内容": "生協歯科ひろしま【3:歯科】広島県広島市西区観音町１６－１９", "url": "https://www.iryou.teikyouseido.mhlw.go.jp/znk-web/juminkanja/S2430/initialize?prefCd=34&kikanCd=3340285780&kikanKbn=3", "url2": "http://www.hch.coop/hch/sika/" }, "geometry": { "type": "Point", "coordinates": [ 132.436959, 34.394565 ] } },
{ "type": "Feature", "properties": { "内容": "医療法人　はんざわ歯科医院【3:歯科】広島県広島市佐伯区利松二丁目２２－３", "url": "https://www.iryou.teikyouseido.mhlw.go.jp/znk-web/juminkanja/S2430/initialize?prefCd=34&kikanCd=3340285810&kikanKbn=3", "url2": "http://hanzawa-dc.com/" }, "geometry": { "type": "Point", "coordinates": [ 132.368275, 34.398281 ] } },
{ "type": "Feature", "properties": { "内容": "森デンタルクリニック【3:歯科】広島県福山市御幸町下岩成１１４３－３", "url": "https://www.iryou.teikyouseido.mhlw.go.jp/znk-web/juminkanja/S2430/initialize?prefCd=34&kikanCd=3340286080&kikanKbn=3", "url2": "http://www.moridental-clinic.com" }, "geometry": { "type": "Point", "coordinates": [ 133.348311, 34.543068 ] } },
{ "type": "Feature", "properties": { "内容": "しまなみ歯科医院【3:歯科】広島県尾道市新浜１丁目３番４６号", "url": "https://www.iryou.teikyouseido.mhlw.go.jp/znk-web/juminkanja/S2430/initialize?prefCd=34&kikanCd=3340286240&kikanKbn=3", "url2": null }, "geometry": { "type": "Point", "coordinates": [ 133.186019, 34.40218 ] } },
{ "type": "Feature", "properties": { "内容": "グレイス矯正歯科クリニック【3:歯科】広島県広島市南区皆実町五丁目１４－１ライオンズプラザ皆実町２０３", "url": "https://www.iryou.teikyouseido.mhlw.go.jp/znk-web/juminkanja/S2430/initialize?prefCd=34&kikanCd=3340286370&kikanKbn=3", "url2": "http://www.grace-kyousei.net/" }, "geometry": { "type": "Point", "coordinates": [ 132.465035, 34.373183 ] } },
{ "type": "Feature", "properties": { "内容": "トモ歯科・矯正歯科【3:歯科】広島県広島市安佐南区伴東七丁目３２番４１号", "url": "https://www.iryou.teikyouseido.mhlw.go.jp/znk-web/juminkanja/S2430/initialize?prefCd=34&kikanCd=3340286530&kikanKbn=3", "url2": null }, "geometry": { "type": "Point", "coordinates": [ 132.417507, 34.466722 ] } },
{ "type": "Feature", "properties": { "内容": "小林歯科医院【3:歯科】広島県福山市神村町７６６－３", "url": "https://www.iryou.teikyouseido.mhlw.go.jp/znk-web/juminkanja/S2430/initialize?prefCd=34&kikanCd=3340286660&kikanKbn=3", "url2": null }, "geometry": { "type": "Point", "coordinates": [ 133.263143, 34.455403 ] } },
{ "type": "Feature", "properties": { "内容": "たかはしキッズデンタル【3:歯科】広島県福山市東川口町五丁目１８－１５", "url": "https://www.iryou.teikyouseido.mhlw.go.jp/znk-web/juminkanja/S2430/initialize?prefCd=34&kikanCd=3340286790&kikanKbn=3", "url2": "http://www.t-kidsdental.com/" }, "geometry": { "type": "Point", "coordinates": [ 133.391311, 34.471763 ] } },
{ "type": "Feature", "properties": { "内容": "まこと歯科クリニック【3:歯科】広島県広島市中区千田町三丁目３－１１", "url": "https://www.iryou.teikyouseido.mhlw.go.jp/znk-web/juminkanja/S2430/initialize?prefCd=34&kikanCd=3340286820&kikanKbn=3", "url2": "http://makotodental.com" }, "geometry": { "type": "Point", "coordinates": [ 132.457129, 34.377145 ] } },
{ "type": "Feature", "properties": { "内容": "野村歯科医院【3:歯科】広島県広島市南区段原日出一丁目１－１３", "url": "https://www.iryou.teikyouseido.mhlw.go.jp/znk-web/juminkanja/S2430/initialize?prefCd=34&kikanCd=3340286950&kikanKbn=3", "url2": null }, "geometry": { "type": "Point", "coordinates": [ 132.480705, 34.3864 ] } },
{ "type": "Feature", "properties": { "内容": "医療法人社団　滋泉会　公園通り歯科クリニック【3:歯科】広島県広島市佐伯区五日市駅前三丁目１－２５", "url": "https://www.iryou.teikyouseido.mhlw.go.jp/znk-web/juminkanja/S2430/initialize?prefCd=34&kikanCd=3340287120&kikanKbn=3", "url2": "http://www.kddc.jp/" }, "geometry": { "type": "Point", "coordinates": [ 132.366187, 34.370946 ] } },
{ "type": "Feature", "properties": { "内容": "医療法人　アリタ会　中央公園歯科クリニック【3:歯科】広島県広島市中区基町１８番２－２号", "url": "https://www.iryou.teikyouseido.mhlw.go.jp/znk-web/juminkanja/S2430/initialize?prefCd=34&kikanCd=3340287410&kikanKbn=3", "url2": null }, "geometry": { "type": "Point", "coordinates": [ 132.455401, 34.403093 ] } },
{ "type": "Feature", "properties": { "内容": "作田歯科医院【3:歯科】広島県福山市引野町５丁目２０番１５号", "url": "https://www.iryou.teikyouseido.mhlw.go.jp/znk-web/juminkanja/S2430/initialize?prefCd=34&kikanCd=3340287670&kikanKbn=3", "url2": null }, "geometry": { "type": "Point", "coordinates": [ 133.40454, 34.492044 ] } },
{ "type": "Feature", "properties": { "内容": "永田デンタルオフィス【3:歯科】広島県広島市安佐北区可部南四丁目９－１５", "url": "https://www.iryou.teikyouseido.mhlw.go.jp/znk-web/juminkanja/S2430/initialize?prefCd=34&kikanCd=3340287830&kikanKbn=3", "url2": "http://www.hiroshima-shika.jp/" }, "geometry": { "type": "Point", "coordinates": [ 132.511879, 34.50783 ] } },
{ "type": "Feature", "properties": { "内容": "医療法人社団裕晴会　こうの歯科・矯正歯科【3:歯科】広島県広島市安芸区矢野東四丁目４－２７", "url": "https://www.iryou.teikyouseido.mhlw.go.jp/znk-web/juminkanja/S2430/initialize?prefCd=34&kikanCd=3340288000&kikanKbn=3", "url2": "http://kono-dental.jp/" }, "geometry": { "type": "Point", "coordinates": [ 132.538341, 34.355405 ] } },
{ "type": "Feature", "properties": { "内容": "医療法人悠喜会ゆりの木歯科【3:歯科】広島県東広島市西条西本町１６－１５", "url": "https://www.iryou.teikyouseido.mhlw.go.jp/znk-web/juminkanja/S2430/initialize?prefCd=34&kikanCd=3340288130&kikanKbn=3", "url2": "http://www.yurinokidc.com/" }, "geometry": { "type": "Point", "coordinates": [ 132.73496, 34.427817 ] } },
{ "type": "Feature", "properties": { "内容": "なぎさ歯科【3:歯科】広島県広島市佐伯区藤垂園６－１", "url": "https://www.iryou.teikyouseido.mhlw.go.jp/znk-web/juminkanja/S2430/initialize?prefCd=34&kikanCd=3340288260&kikanKbn=3", "url2": "http://nagisa-dc.jp/" }, "geometry": { "type": "Point", "coordinates": [ 132.372424, 34.366861 ] } },
{ "type": "Feature", "properties": { "内容": "東区役所前歯科【3:歯科】広島県広島市東区東蟹屋町５番９号", "url": "https://www.iryou.teikyouseido.mhlw.go.jp/znk-web/juminkanja/S2430/initialize?prefCd=34&kikanCd=3340288390&kikanKbn=3", "url2": "http://www.higashiku-dc.com" }, "geometry": { "type": "Point", "coordinates": [ 132.482978, 34.396121 ] } },
{ "type": "Feature", "properties": { "内容": "はやし歯科クリニック【3:歯科】広島県福山市横尾町一丁目２２－７", "url": "https://www.iryou.teikyouseido.mhlw.go.jp/znk-web/juminkanja/S2430/initialize?prefCd=34&kikanCd=3340288680&kikanKbn=3", "url2": "http://www.hayashi-sika.com/" }, "geometry": { "type": "Point", "coordinates": [ 133.364927, 34.519087 ] } },
{ "type": "Feature", "properties": { "内容": "医療法人　みどり坂の歯医者さん　こうもと歯科【3:歯科】広島県広島市安芸区瀬野西一丁目２－２", "url": "https://www.iryou.teikyouseido.mhlw.go.jp/znk-web/juminkanja/S2430/initialize?prefCd=34&kikanCd=3340288710&kikanKbn=3", "url2": "koumoto-dental.com" }, "geometry": { "type": "Point", "coordinates": [ 132.595937, 34.423706 ] } },
{ "type": "Feature", "properties": { "内容": "みどりファミリー歯科【3:歯科】広島県安芸高田市美土里町本郷１７８１－１０", "url": "https://www.iryou.teikyouseido.mhlw.go.jp/znk-web/juminkanja/S2430/initialize?prefCd=34&kikanCd=3340288840&kikanKbn=3", "url2": null }, "geometry": { "type": "Point", "coordinates": [ 132.658503, 34.708094 ] } },
{ "type": "Feature", "properties": { "内容": "とよた歯科クリニック【3:歯科】広島県広島市西区庚午北四丁目６－２２　庚午田中ビル１階", "url": "https://www.iryou.teikyouseido.mhlw.go.jp/znk-web/juminkanja/S2430/initialize?prefCd=34&kikanCd=3340289140&kikanKbn=3", "url2": "http://www.toyota-dc.jp" }, "geometry": { "type": "Point", "coordinates": [ 132.418772, 34.387379 ] } },
{ "type": "Feature", "properties": { "内容": "津島歯科クリニック【3:歯科】広島県広島市中区広瀬町７－５", "url": "https://www.iryou.teikyouseido.mhlw.go.jp/znk-web/juminkanja/S2430/initialize?prefCd=34&kikanCd=3340289270&kikanKbn=3", "url2": "http://www.tsushima-dental.com" }, "geometry": { "type": "Point", "coordinates": [ 132.446711, 34.399175 ] } },
{ "type": "Feature", "properties": { "内容": "あおぞら歯科【3:歯科】広島県東広島市西条町吉行２１３５－１", "url": "https://www.iryou.teikyouseido.mhlw.go.jp/znk-web/juminkanja/S2430/initialize?prefCd=34&kikanCd=3340289300&kikanKbn=3", "url2": "http://www.aozorashika.net/" }, "geometry": { "type": "Point", "coordinates": [ 132.747372, 34.435549 ] } },
{ "type": "Feature", "properties": { "内容": "西野歯科医院【3:歯科】広島県廿日市市廿日市一丁目８－１８", "url": "https://www.iryou.teikyouseido.mhlw.go.jp/znk-web/juminkanja/S2430/initialize?prefCd=34&kikanCd=3340289430&kikanKbn=3", "url2": "https://hhndc.com/" }, "geometry": { "type": "Point", "coordinates": [ 132.335663, 34.353735 ] } },
{ "type": "Feature", "properties": { "内容": "医療法人社団　博寿会　山下歯科クリニック【3:歯科】広島県広島市安佐北区口田一丁目１５番６号", "url": "https://www.iryou.teikyouseido.mhlw.go.jp/znk-web/juminkanja/S2430/initialize?prefCd=34&kikanCd=3340289560&kikanKbn=3", "url2": null }, "geometry": { "type": "Point", "coordinates": [ 132.494951, 34.461559 ] } },
{ "type": "Feature", "properties": { "内容": "かしづき歯科クリニック【3:歯科】広島県広島市佐伯区海老園１丁目１２－２６", "url": "https://www.iryou.teikyouseido.mhlw.go.jp/znk-web/juminkanja/S2430/initialize?prefCd=34&kikanCd=3340289690&kikanKbn=3", "url2": null }, "geometry": { "type": "Point", "coordinates": [ 132.35796, 34.361815 ] } },
{ "type": "Feature", "properties": { "内容": "マリン歯科クリニック【3:歯科】広島県尾道市因島田熊町２５１７－１　因島モール内", "url": "https://www.iryou.teikyouseido.mhlw.go.jp/znk-web/juminkanja/S2430/initialize?prefCd=34&kikanCd=3340289850&kikanKbn=3", "url2": null }, "geometry": { "type": "Point", "coordinates": [ 133.164219, 34.296278 ] } },
{ "type": "Feature", "properties": { "内容": "尾崎歯科クリニック【3:歯科】広島県廿日市市佐方１丁目５－１０　第１エイトビル１Ｆ", "url": "https://www.iryou.teikyouseido.mhlw.go.jp/znk-web/juminkanja/S2430/initialize?prefCd=34&kikanCd=3340290090&kikanKbn=3", "url2": null }, "geometry": { "type": "Point", "coordinates": [ 132.340232, 34.36394 ] } },
{ "type": "Feature", "properties": { "内容": "中川歯科【3:歯科】広島県広島市南区段原山崎三丁目２－２８　さくらビル１Ｆ", "url": "https://www.iryou.teikyouseido.mhlw.go.jp/znk-web/juminkanja/S2430/initialize?prefCd=34&kikanCd=3340290700&kikanKbn=3", "url2": "https://dental-nakagawa.com/" }, "geometry": { "type": "Point", "coordinates": [ 132.483466, 34.38495 ] } },
{ "type": "Feature", "properties": { "内容": "スマイル歯科クリニック【3:歯科】広島県三次市東酒屋町５１３－３", "url": "https://www.iryou.teikyouseido.mhlw.go.jp/znk-web/juminkanja/S2430/initialize?prefCd=34&kikanCd=3340290960&kikanKbn=3", "url2": "http://dc-kaneko.com" }, "geometry": { "type": "Point", "coordinates": [ 132.865072, 34.775893 ] } },
{ "type": "Feature", "properties": { "内容": "ひらの歯科クリニック【3:歯科】広島県広島市安芸区船越南三丁目２７－３０　ＮＴＴ海田ビル１Ｆ", "url": "https://www.iryou.teikyouseido.mhlw.go.jp/znk-web/juminkanja/S2430/initialize?prefCd=34&kikanCd=3340291000&kikanKbn=3", "url2": "http://dc-hirano.jp/" }, "geometry": { "type": "Point", "coordinates": [ 132.526948, 34.371281 ] } },
{ "type": "Feature", "properties": { "内容": "むらかみ歯科クリニック【3:歯科】広島県廿日市市廿日市１丁目６－３９", "url": "https://www.iryou.teikyouseido.mhlw.go.jp/znk-web/juminkanja/S2430/initialize?prefCd=34&kikanCd=3340291260&kikanKbn=3", "url2": "http://www.murakami-dc.jp/" }, "geometry": { "type": "Point", "coordinates": [ 132.335822, 34.354797 ] } },
{ "type": "Feature", "properties": { "内容": "ステラデンタルクリニック【3:歯科】広島県広島市西区井口台二丁目１－１　エイブル広島ビル１０２", "url": "https://www.iryou.teikyouseido.mhlw.go.jp/znk-web/juminkanja/S2430/initialize?prefCd=34&kikanCd=3340291710&kikanKbn=3", "url2": "stella-dc.com" }, "geometry": { "type": "Point", "coordinates": [ 132.378853, 34.377278 ] } },
{ "type": "Feature", "properties": { "内容": "医療法人すぐる歯科【3:歯科】広島県広島市南区京橋町６－５　２階", "url": "https://www.iryou.teikyouseido.mhlw.go.jp/znk-web/juminkanja/S2430/initialize?prefCd=34&kikanCd=3340291970&kikanKbn=3", "url2": "https://www.sugurudc.jp/" }, "geometry": { "type": "Point", "coordinates": [ 132.472313, 34.394877 ] } },
{ "type": "Feature", "properties": { "内容": "医療法人サラスワティ川越歯科医院【3:歯科】広島県広島市中区江波二本松２－７－３０", "url": "https://www.iryou.teikyouseido.mhlw.go.jp/znk-web/juminkanja/S2430/initialize?prefCd=34&kikanCd=3340292010&kikanKbn=3", "url2": "http://kawagoeshika.com" }, "geometry": { "type": "Point", "coordinates": [ 132.430897, 34.364805 ] } },
{ "type": "Feature", "properties": { "内容": "増田歯科医院【3:歯科】広島県三原市館町二丁目１－１４　１Ｆ", "url": "https://www.iryou.teikyouseido.mhlw.go.jp/znk-web/juminkanja/S2430/initialize?prefCd=34&kikanCd=3340292140&kikanKbn=3", "url2": "http://masuda-dental-clinic.com/" }, "geometry": { "type": "Point", "coordinates": [ 133.082349, 34.402324 ] } },
{ "type": "Feature", "properties": { "内容": "ファミリア歯科【3:歯科】広島県安芸郡府中町青崎東１－６　ロイヤルビュー安芸１Ｆ", "url": "https://www.iryou.teikyouseido.mhlw.go.jp/znk-web/juminkanja/S2430/initialize?prefCd=34&kikanCd=3340292300&kikanKbn=3", "url2": "https://familiar-dc.com/" }, "geometry": { "type": "Point", "coordinates": [ 132.514752, 34.378992 ] } },
{ "type": "Feature", "properties": { "内容": "米田歯科医院【3:歯科】広島県竹原市竹原町３５７２", "url": "https://www.iryou.teikyouseido.mhlw.go.jp/znk-web/juminkanja/S2430/initialize?prefCd=34&kikanCd=3340292430&kikanKbn=3", "url2": null }, "geometry": { "type": "Point", "coordinates": [ 132.904287, 34.347085 ] } },
{ "type": "Feature", "properties": { "内容": "湖山ファミリー歯科【3:歯科】広島県広島市安佐南区八木二丁目６－３９－７", "url": "https://www.iryou.teikyouseido.mhlw.go.jp/znk-web/juminkanja/S2430/initialize?prefCd=34&kikanCd=3340292560&kikanKbn=3", "url2": null }, "geometry": { "type": "Point", "coordinates": [ 132.495469, 34.480025 ] } },
{ "type": "Feature", "properties": { "内容": "かなで歯科クリニック【3:歯科】広島県広島市安佐南区山本三丁目１－５　堀田ビル１０２", "url": "https://www.iryou.teikyouseido.mhlw.go.jp/znk-web/juminkanja/S2430/initialize?prefCd=34&kikanCd=3340292690&kikanKbn=3", "url2": "http://www.kanade-dental.jp" }, "geometry": { "type": "Point", "coordinates": [ 132.456287, 34.43927 ] } },
{ "type": "Feature", "properties": { "内容": "ＳＬＯＷ　ＤＥＮＴＡＬ　ＣＬＩＮＩＣ【3:歯科】広島県福山市駅家町法成寺９７－３", "url": "https://www.iryou.teikyouseido.mhlw.go.jp/znk-web/juminkanja/S2430/initialize?prefCd=34&kikanCd=3340292720&kikanKbn=3", "url2": "http://www.slowdentalclinic.com/" }, "geometry": { "type": "Point", "coordinates": [ 133.326626, 34.553199 ] } },
{ "type": "Feature", "properties": { "内容": "ふじた歯科クリニック【3:歯科】広島県福山市駅家町近田１１９－１－２", "url": "https://www.iryou.teikyouseido.mhlw.go.jp/znk-web/juminkanja/S2430/initialize?prefCd=34&kikanCd=3340292850&kikanKbn=3", "url2": null }, "geometry": { "type": "Point", "coordinates": [ 133.318132, 34.543699 ] } },
{ "type": "Feature", "properties": { "内容": "結デンタルクリニック【3:歯科】広島県広島市南区旭一丁目９－１８", "url": "https://www.iryou.teikyouseido.mhlw.go.jp/znk-web/juminkanja/S2430/initialize?prefCd=34&kikanCd=3340293020&kikanKbn=3", "url2": "yuidentalclinic.com" }, "geometry": { "type": "Point", "coordinates": [ 132.477935, 34.374293 ] } },
{ "type": "Feature", "properties": { "内容": "八幡歯科・矯正歯科【3:歯科】広島県広島市佐伯区八幡二丁目２２－２１", "url": "https://www.iryou.teikyouseido.mhlw.go.jp/znk-web/juminkanja/S2430/initialize?prefCd=34&kikanCd=3340293150&kikanKbn=3", "url2": "www.yahata-dental.com" }, "geometry": { "type": "Point", "coordinates": [ 132.355138, 34.390743 ] } },
{ "type": "Feature", "properties": { "内容": "入山歯科医院【3:歯科】広島県豊田郡大崎上島町中野４４９０－１", "url": "https://www.iryou.teikyouseido.mhlw.go.jp/znk-web/juminkanja/S2430/initialize?prefCd=34&kikanCd=3340293440&kikanKbn=3", "url2": null }, "geometry": { "type": "Point", "coordinates": [ 132.881285, 34.245247 ] } },
{ "type": "Feature", "properties": { "内容": "ルミナス白島通りデンタルクリニック【3:歯科】広島県広島市中区東白島町２１－２１", "url": "https://www.iryou.teikyouseido.mhlw.go.jp/znk-web/juminkanja/S2430/initialize?prefCd=34&kikanCd=3340293600&kikanKbn=3", "url2": "luminous-clinic.jp" }, "geometry": { "type": "Point", "coordinates": [ 132.466227, 34.402868 ] } },
{ "type": "Feature", "properties": { "内容": "医療法人社団　コアラ小児歯科【3:歯科】広島県安芸郡海田町南昭和町１３番９号", "url": "https://www.iryou.teikyouseido.mhlw.go.jp/znk-web/juminkanja/S2430/initialize?prefCd=34&kikanCd=3340293730&kikanKbn=3", "url2": "https://koala-dc.net" }, "geometry": { "type": "Point", "coordinates": [ 132.535336, 34.366071 ] } },
{ "type": "Feature", "properties": { "内容": "松村歯科クリニック【3:歯科】広島県広島市西区己斐本町二丁目１５－４", "url": "https://www.iryou.teikyouseido.mhlw.go.jp/znk-web/juminkanja/S2430/initialize?prefCd=34&kikanCd=3340293990&kikanKbn=3", "url2": "http://www.matsumura-dental.net" }, "geometry": { "type": "Point", "coordinates": [ 132.426527, 34.392947 ] } },
{ "type": "Feature", "properties": { "内容": "河村歯科矯正歯科クリニック【3:歯科】広島県広島市南区京橋町１－３", "url": "https://www.iryou.teikyouseido.mhlw.go.jp/znk-web/juminkanja/S2430/initialize?prefCd=34&kikanCd=3340294030&kikanKbn=3", "url2": "http://www.kawamurasika.com" }, "geometry": { "type": "Point", "coordinates": [ 132.473066, 34.394813 ] } },
{ "type": "Feature", "properties": { "内容": "医療法人社団　きなみ　きなみ小児歯科・矯正歯科医院【3:歯科】広島県広島市佐伯区五日市駅前一丁目１１－１", "url": "https://www.iryou.teikyouseido.mhlw.go.jp/znk-web/juminkanja/S2430/initialize?prefCd=34&kikanCd=3340294160&kikanKbn=3", "url2": "kinami-jp.com" }, "geometry": { "type": "Point", "coordinates": [ 132.367328, 34.367479 ] } },
{ "type": "Feature", "properties": { "内容": "香川歯科【3:歯科】広島県広島市中区八丁堀１４－７　八丁堀宮田ビル６Ｆ", "url": "https://www.iryou.teikyouseido.mhlw.go.jp/znk-web/juminkanja/S2430/initialize?prefCd=34&kikanCd=3340294900&kikanKbn=3", "url2": null }, "geometry": { "type": "Point", "coordinates": [ 132.462508, 34.394724 ] } },
{ "type": "Feature", "properties": { "内容": "上川歯科医院【3:歯科】広島県広島市中区西白島町２０－１５　メディカルプラザ西白島２Ｆ", "url": "https://www.iryou.teikyouseido.mhlw.go.jp/znk-web/juminkanja/S2430/initialize?prefCd=34&kikanCd=3340295170&kikanKbn=3", "url2": "http://kamikawadc.sakura.ne.jp/" }, "geometry": { "type": "Point", "coordinates": [ 132.459356, 34.405979 ] } },
{ "type": "Feature", "properties": { "内容": "医療法人　おひさま歯科・小児歯科【3:歯科】広島県広島市中区光南四丁目５－３４　安田ビル１Ｆ", "url": "https://www.iryou.teikyouseido.mhlw.go.jp/znk-web/juminkanja/S2430/initialize?prefCd=34&kikanCd=3340295330&kikanKbn=3", "url2": "http://www.ohisamasika.com/" }, "geometry": { "type": "Point", "coordinates": [ 132.446021, 34.366816 ] } },
{ "type": "Feature", "properties": { "内容": "あおぞら歯科室【3:歯科】広島県廿日市市大野中央４丁目８－３９", "url": "https://www.iryou.teikyouseido.mhlw.go.jp/znk-web/juminkanja/S2430/initialize?prefCd=34&kikanCd=3340295620&kikanKbn=3", "url2": "http://www.aozora-do.com/" }, "geometry": { "type": "Point", "coordinates": [ 132.271656, 34.292719 ] } },
{ "type": "Feature", "properties": { "内容": "幟町　松岡歯科医院【3:歯科】広島県広島市中区幟町１１番２－１号", "url": "https://www.iryou.teikyouseido.mhlw.go.jp/znk-web/juminkanja/S2430/initialize?prefCd=34&kikanCd=3340295750&kikanKbn=3", "url2": "https://www.n-matsuoka-dc.jp/" }, "geometry": { "type": "Point", "coordinates": [ 132.466302, 34.394311 ] } },
{ "type": "Feature", "properties": { "内容": "パセーラ　デンタルクリニック【3:歯科】広島県広島市中区基町６－７８　ＮＴＴクレド基町ビル９０２", "url": "https://www.iryou.teikyouseido.mhlw.go.jp/znk-web/juminkanja/S2430/initialize?prefCd=34&kikanCd=3340295880&kikanKbn=3", "url2": null }, "geometry": { "type": "Point", "coordinates": [ 132.455018, 34.386245 ] } },
{ "type": "Feature", "properties": { "内容": "医療法人　至誠会　井上歯科クリニック【3:歯科】広島県尾道市久保二丁目１番５号", "url": "https://www.iryou.teikyouseido.mhlw.go.jp/znk-web/juminkanja/S2430/initialize?prefCd=34&kikanCd=3340296050&kikanKbn=3", "url2": null }, "geometry": { "type": "Point", "coordinates": [ 133.204389, 34.411923 ] } },
{ "type": "Feature", "properties": { "内容": "医療法人　　宝歯会　廿日市スマイル歯科小児歯科医院【3:歯科】広島県廿日市市下平良二丁目２－１", "url": "https://www.iryou.teikyouseido.mhlw.go.jp/znk-web/juminkanja/S2430/initialize?prefCd=34&kikanCd=3340296180&kikanKbn=3", "url2": "https://www.sanyo-smiledc.com/clinic/hatsukaichi.html" }, "geometry": { "type": "Point", "coordinates": [ 132.335161, 34.345822 ] } },
{ "type": "Feature", "properties": { "内容": "医療法人社団　かまやま歯科【3:歯科】広島県広島市安佐北区可部四丁目２４－２７－１０１", "url": "https://www.iryou.teikyouseido.mhlw.go.jp/znk-web/juminkanja/S2430/initialize?prefCd=34&kikanCd=3340296210&kikanKbn=3", "url2": null }, "geometry": { "type": "Point", "coordinates": [ 132.509639, 34.516024 ] } },
{ "type": "Feature", "properties": { "内容": "ふみのデンタルクリニック【3:歯科】広島県尾道市東尾道１０－２", "url": "https://www.iryou.teikyouseido.mhlw.go.jp/znk-web/juminkanja/S2430/initialize?prefCd=34&kikanCd=3340296340&kikanKbn=3", "url2": "http://www.fumino-dental.com" }, "geometry": { "type": "Point", "coordinates": [ 133.233677, 34.419478 ] } },
{ "type": "Feature", "properties": { "内容": "新生歯科医院【3:歯科】広島県安芸郡府中町鹿籠二丁目１４－２５", "url": "https://www.iryou.teikyouseido.mhlw.go.jp/znk-web/juminkanja/S2430/initialize?prefCd=34&kikanCd=3340296470&kikanKbn=3", "url2": "http://shinsei.cihp.jp/" }, "geometry": { "type": "Point", "coordinates": [ 132.509302, 34.380724 ] } },
{ "type": "Feature", "properties": { "内容": "剛志矯正歯科【3:歯科】広島県広島市中区橋本町２－２７　橋本町ビル２０１", "url": "https://www.iryou.teikyouseido.mhlw.go.jp/znk-web/juminkanja/S2430/initialize?prefCd=34&kikanCd=3340296500&kikanKbn=3", "url2": "https://gosiortho.com" }, "geometry": { "type": "Point", "coordinates": [ 132.468123, 34.393847 ] } },
{ "type": "Feature", "properties": { "内容": "フタバ歯科【3:歯科】広島県広島市西区古江新町１－２６　岡村ビル２Ｆ", "url": "https://www.iryou.teikyouseido.mhlw.go.jp/znk-web/juminkanja/S2430/initialize?prefCd=34&kikanCd=3340296630&kikanKbn=3", "url2": null }, "geometry": { "type": "Point", "coordinates": [ 132.411958, 34.384806 ] } },
{ "type": "Feature", "properties": { "内容": "アルパカこども矯正歯科【3:歯科】広島県広島市佐伯区皆賀一丁目１３－１４－１", "url": "https://www.iryou.teikyouseido.mhlw.go.jp/znk-web/juminkanja/S2430/initialize?prefCd=34&kikanCd=3340296890&kikanKbn=3", "url2": "https://alpaca-child-ortho.net/" }, "geometry": { "type": "Point", "coordinates": [ 132.370014, 34.370651 ] } },
{ "type": "Feature", "properties": { "内容": "医療法人　宝歯会　広島祇園スマイル歯科小児歯科医院【3:歯科】広島県広島市安佐南区祇園三丁目２－１", "url": "https://www.iryou.teikyouseido.mhlw.go.jp/znk-web/juminkanja/S2430/initialize?prefCd=34&kikanCd=3340296920&kikanKbn=3", "url2": "https://www.sanyo-smiledc.com/clinic/hiroshima-gion.html" }, "geometry": { "type": "Point", "coordinates": [ 132.461559, 34.444364 ] } },
{ "type": "Feature", "properties": { "内容": "あいあい歯科クリニック【3:歯科】広島県安芸郡海田町畝二丁目１５－１５", "url": "https://www.iryou.teikyouseido.mhlw.go.jp/znk-web/juminkanja/S2430/initialize?prefCd=34&kikanCd=3340297190&kikanKbn=3", "url2": "http://www.aiai-dental-clinic.jp/" }, "geometry": { "type": "Point", "coordinates": [ 132.552831, 34.380029 ] } },
{ "type": "Feature", "properties": { "内容": "かわばた歯科【3:歯科】広島県尾道市瀬戸田町中野４０５－７", "url": "https://www.iryou.teikyouseido.mhlw.go.jp/znk-web/juminkanja/S2430/initialize?prefCd=34&kikanCd=3340297350&kikanKbn=3", "url2": null }, "geometry": { "type": "Point", "coordinates": [ 133.09874, 34.305344 ] } },
{ "type": "Feature", "properties": { "内容": "たくま歯科クリニック【3:歯科】広島県尾道市因島田熊町１０番地３", "url": "https://www.iryou.teikyouseido.mhlw.go.jp/znk-web/juminkanja/S2430/initialize?prefCd=34&kikanCd=3340297480&kikanKbn=3", "url2": "https://tkm-dc.jp" }, "geometry": { "type": "Point", "coordinates": [ 133.169002, 34.296124 ] } },
{ "type": "Feature", "properties": { "内容": "さくら歯科クリニック【3:歯科】広島県尾道市向島町５５５３番地１１２", "url": "https://www.iryou.teikyouseido.mhlw.go.jp/znk-web/juminkanja/S2430/initialize?prefCd=34&kikanCd=3340297510&kikanKbn=3", "url2": "sakura-onomichi.cihp.jp" }, "geometry": { "type": "Point", "coordinates": [ 133.197112, 34.394916 ] } },
{ "type": "Feature", "properties": { "内容": "こせき矯正歯科【3:歯科】広島県広島市西区己斐本町一丁目１７－５", "url": "https://www.iryou.teikyouseido.mhlw.go.jp/znk-web/juminkanja/S2430/initialize?prefCd=34&kikanCd=3340297640&kikanKbn=3", "url2": "http://www.kosekikai.or.jp/" }, "geometry": { "type": "Point", "coordinates": [ 132.446448, 34.396941 ] } },
{ "type": "Feature", "properties": { "内容": "いくなが歯科医院【3:歯科】広島県広島市安芸区矢野東五丁目３－１５　ペガッソ木村ビル１Ｆ", "url": "https://www.iryou.teikyouseido.mhlw.go.jp/znk-web/juminkanja/S2430/initialize?prefCd=34&kikanCd=3340297770&kikanKbn=3", "url2": null }, "geometry": { "type": "Point", "coordinates": [ 132.536097, 34.354783 ] } },
{ "type": "Feature", "properties": { "内容": "こころ衣笠歯科医院【3:歯科】広島県広島市安佐南区伴南四丁目３－３０－２", "url": "https://www.iryou.teikyouseido.mhlw.go.jp/znk-web/juminkanja/S2430/initialize?prefCd=34&kikanCd=3340297800&kikanKbn=3", "url2": "http://cocorokinugasashika.com/" }, "geometry": { "type": "Point", "coordinates": [ 132.37984, 34.447353 ] } },
{ "type": "Feature", "properties": { "内容": "加藤歯科医院【3:歯科】広島県広島市中区千田町一丁目５－８", "url": "https://www.iryou.teikyouseido.mhlw.go.jp/znk-web/juminkanja/S2430/initialize?prefCd=34&kikanCd=3340297930&kikanKbn=3", "url2": "https://dc-kato.net/" }, "geometry": { "type": "Point", "coordinates": [ 132.453057, 34.381084 ] } },
{ "type": "Feature", "properties": { "内容": "大塚歯科　－あいりす－【3:歯科】広島県広島市中区大手町一丁目４－１４　大手町上田ビル１Ｆ", "url": "https://www.iryou.teikyouseido.mhlw.go.jp/znk-web/juminkanja/S2430/initialize?prefCd=34&kikanCd=3340298070&kikanKbn=3", "url2": null }, "geometry": { "type": "Point", "coordinates": [ 132.455167, 34.394985 ] } },
{ "type": "Feature", "properties": { "内容": "上田ひろた歯科医院【3:歯科】広島県広島市佐伯区五日市町石内６７８２－１", "url": "https://www.iryou.teikyouseido.mhlw.go.jp/znk-web/juminkanja/S2430/initialize?prefCd=34&kikanCd=3340298230&kikanKbn=3", "url2": "www.ueda-dentalclinic.jp" }, "geometry": { "type": "Point", "coordinates": [ 132.372181, 34.408633 ] } },
{ "type": "Feature", "properties": { "内容": "南区役所通りデンタルクリニック【3:歯科】広島県広島市南区皆実町一丁目１８－５", "url": "https://www.iryou.teikyouseido.mhlw.go.jp/znk-web/juminkanja/S2430/initialize?prefCd=34&kikanCd=3340298360&kikanKbn=3", "url2": "minamikuyakusho-st.com" }, "geometry": { "type": "Point", "coordinates": [ 132.470394, 34.377718 ] } },
{ "type": "Feature", "properties": { "内容": "えのまち歯科クリニック【3:歯科】広島県広島市中区榎町７－１", "url": "https://www.iryou.teikyouseido.mhlw.go.jp/znk-web/juminkanja/S2430/initialize?prefCd=34&kikanCd=3340298490&kikanKbn=3", "url2": "http://enomachi-shika.cihp.jp/" }, "geometry": { "type": "Point", "coordinates": [ 132.444134, 34.396705 ] } },
{ "type": "Feature", "properties": { "内容": "紙屋町歯科医院【3:歯科】広島県広島市中区紙屋町一丁目４－３　エフケイビル２０１号", "url": "https://www.iryou.teikyouseido.mhlw.go.jp/znk-web/juminkanja/S2430/initialize?prefCd=34&kikanCd=3340298520&kikanKbn=3", "url2": "http://www.kamiyachou-dental.com/" }, "geometry": { "type": "Point", "coordinates": [ 132.458762, 34.394138 ] } },
{ "type": "Feature", "properties": { "内容": "ふくしま歯科クリニック【3:歯科】広島県三原市旭町１丁目２番２６号", "url": "https://www.iryou.teikyouseido.mhlw.go.jp/znk-web/juminkanja/S2430/initialize?prefCd=34&kikanCd=3340298780&kikanKbn=3", "url2": "http://www.fukushima-dent.jp/" }, "geometry": { "type": "Point", "coordinates": [ 133.078658, 34.397433 ] } },
{ "type": "Feature", "properties": { "内容": "西条プラザ歯科【3:歯科】広島県東広島市西条栄町１０－３０－３０１", "url": "https://www.iryou.teikyouseido.mhlw.go.jp/znk-web/juminkanja/S2430/initialize?prefCd=34&kikanCd=3340298810&kikanKbn=3", "url2": "saijo-dental.com" }, "geometry": { "type": "Point", "coordinates": [ 132.445854, 34.395566 ] } },
{ "type": "Feature", "properties": { "内容": "エイミー歯科【3:歯科】広島県広島市佐伯区五日市中央二丁目４－３９　サンサンコート利保　１Ｆ", "url": "https://www.iryou.teikyouseido.mhlw.go.jp/znk-web/juminkanja/S2430/initialize?prefCd=34&kikanCd=3340298940&kikanKbn=3", "url2": "https://eimy-dc.com/" }, "geometry": { "type": "Point", "coordinates": [ 132.354752, 34.370523 ] } },
{ "type": "Feature", "properties": { "内容": "土井矯正歯科・小児歯科医院【3:歯科】広島県広島市佐伯区五日市三丁目２－１６", "url": "https://www.iryou.teikyouseido.mhlw.go.jp/znk-web/juminkanja/S2430/initialize?prefCd=34&kikanCd=3340299080&kikanKbn=3", "url2": "https://doi-dental.net/" }, "geometry": { "type": "Point", "coordinates": [ 132.367584, 34.37049 ] } },
{ "type": "Feature", "properties": { "内容": "やすだ歯科【3:歯科】広島県呉市広古新開６－３－１０", "url": "https://www.iryou.teikyouseido.mhlw.go.jp/znk-web/juminkanja/S2430/initialize?prefCd=34&kikanCd=3340299110&kikanKbn=3", "url2": "http://www.yasuda-dent.jp" }, "geometry": { "type": "Point", "coordinates": [ 132.618825, 34.235836 ] } },
{ "type": "Feature", "properties": { "内容": "リアン歯科クリニック【3:歯科】広島県福山市緑町１－３０　ハローズモール内", "url": "https://www.iryou.teikyouseido.mhlw.go.jp/znk-web/juminkanja/S2430/initialize?prefCd=34&kikanCd=3340299400&kikanKbn=3", "url2": "https://www.lien-dc.com/" }, "geometry": { "type": "Point", "coordinates": [ 133.370323, 34.475688 ] } },
{ "type": "Feature", "properties": { "内容": "医療法人なかま　さいざき歯科【3:歯科】広島県三原市幸崎能地四丁目２１番７号", "url": "https://www.iryou.teikyouseido.mhlw.go.jp/znk-web/juminkanja/S2430/initialize?prefCd=34&kikanCd=3340299530&kikanKbn=3", "url2": "http://www.saizakidc.net/" }, "geometry": { "type": "Point", "coordinates": [ 133.033065, 34.34658 ] } },
{ "type": "Feature", "properties": { "内容": "ハート歯科クリニック【3:歯科】広島県広島市中区大手町三丁目１３－８本逕寺ビル１階", "url": "https://www.iryou.teikyouseido.mhlw.go.jp/znk-web/juminkanja/S2430/initialize?prefCd=34&kikanCd=3340299790&kikanKbn=3", "url2": "http://heartdental.info/" }, "geometry": { "type": "Point", "coordinates": [ 132.453907, 34.386425 ] } },
{ "type": "Feature", "properties": { "内容": "医療法人寺谷歯科医院【3:歯科】広島県呉市広大新開１丁目３－２７", "url": "https://www.iryou.teikyouseido.mhlw.go.jp/znk-web/juminkanja/S2430/initialize?prefCd=34&kikanCd=3340299820&kikanKbn=3", "url2": "http://teratanishika.com/" }, "geometry": { "type": "Point", "coordinates": [ 132.623434, 34.231868 ] } },
{ "type": "Feature", "properties": { "内容": "坪井歯科クリニック【3:歯科】広島県大竹市油見２丁目６－７", "url": "https://www.iryou.teikyouseido.mhlw.go.jp/znk-web/juminkanja/S2430/initialize?prefCd=34&kikanCd=3340299950&kikanKbn=3", "url2": "http:/tsuboishika.com" }, "geometry": { "type": "Point", "coordinates": [ 132.218235, 34.218254 ] } },
{ "type": "Feature", "properties": { "内容": "もりかず歯科医院【3:歯科】広島県福山市曙町三丁目２１－９", "url": "https://www.iryou.teikyouseido.mhlw.go.jp/znk-web/juminkanja/S2430/initialize?prefCd=34&kikanCd=3340300090&kikanKbn=3", "url2": "www.morikazu-dc.com" }, "geometry": { "type": "Point", "coordinates": [ 133.397059, 34.472256 ] } },
{ "type": "Feature", "properties": { "内容": "かさい歯科医院【3:歯科】広島県広島市安佐南区八木一丁目１９－２０", "url": "https://www.iryou.teikyouseido.mhlw.go.jp/znk-web/juminkanja/S2430/initialize?prefCd=34&kikanCd=3340300120&kikanKbn=3", "url2": "https://www.dc-kasai.com" }, "geometry": { "type": "Point", "coordinates": [ 132.505751, 34.506953 ] } },
{ "type": "Feature", "properties": { "内容": "友成デンタルオフィス【3:歯科】広島県広島市中区上幟町３－２１", "url": "https://www.iryou.teikyouseido.mhlw.go.jp/znk-web/juminkanja/S2430/initialize?prefCd=34&kikanCd=3340300250&kikanKbn=3", "url2": null }, "geometry": { "type": "Point", "coordinates": [ 132.466208, 34.399091 ] } },
{ "type": "Feature", "properties": { "内容": "生協さえき歯科【3:歯科】広島県広島市佐伯区八幡東三丁目１１－２９", "url": "https://www.iryou.teikyouseido.mhlw.go.jp/znk-web/juminkanja/S2430/initialize?prefCd=34&kikanCd=3340300380&kikanKbn=3", "url2": "http://www.hch.coop/hch/saekis/index.html" }, "geometry": { "type": "Point", "coordinates": [ 132.365045, 34.38774 ] } },
{ "type": "Feature", "properties": { "内容": "ＬＥＩＬＡＮＩ　ＤＥＮＴＡＬ　ＳＡＬＯＮ・矯正歯科【3:歯科】広島県広島市中区新天地５－１６　３Ｆ", "url": "https://www.iryou.teikyouseido.mhlw.go.jp/znk-web/juminkanja/S2430/initialize?prefCd=34&kikanCd=3340300410&kikanKbn=3", "url2": "http://leilani-ds.com/" }, "geometry": { "type": "Point", "coordinates": [ 132.461505, 34.391349 ] } },
{ "type": "Feature", "properties": { "内容": "あだちツインズ歯科クリニック【3:歯科】広島県広島市佐伯区楽々園三丁目２－１６", "url": "https://www.iryou.teikyouseido.mhlw.go.jp/znk-web/juminkanja/S2430/initialize?prefCd=34&kikanCd=3340300540&kikanKbn=3", "url2": "https://atc-rakurakuen.com/" }, "geometry": { "type": "Point", "coordinates": [ 132.356048, 34.36424 ] } },
{ "type": "Feature", "properties": { "内容": "吉岡デンタルキュア【3:歯科】広島県広島市中区大手町一丁目８－１７　３Ｆ", "url": "https://www.iryou.teikyouseido.mhlw.go.jp/znk-web/juminkanja/S2430/initialize?prefCd=34&kikanCd=3340300960&kikanKbn=3", "url2": "https://www.hiroshima-endo.jp/" }, "geometry": { "type": "Point", "coordinates": [ 132.455159, 34.393991 ] } },
{ "type": "Feature", "properties": { "内容": "さくらい歯科【3:歯科】広島県広島市中区舟入川口町２１－３５　１Ｆ", "url": "https://www.iryou.teikyouseido.mhlw.go.jp/znk-web/juminkanja/S2430/initialize?prefCd=34&kikanCd=3340301130&kikanKbn=3", "url2": "https://sakurai-dc.net/" }, "geometry": { "type": "Point", "coordinates": [ 132.443096, 34.37982 ] } },
{ "type": "Feature", "properties": { "内容": "一般社団法人広島県歯科医師会　広島口腔保健センター【3:歯科】広島県広島市東区二葉の里三丁目２－４", "url": "https://www.iryou.teikyouseido.mhlw.go.jp/znk-web/juminkanja/S2430/initialize?prefCd=34&kikanCd=3340301390&kikanKbn=3", "url2": "https://www.hpda.or.jp/residents/hohc.html" }, "geometry": { "type": "Point", "coordinates": [ 132.475121, 34.400988 ] } },
{ "type": "Feature", "properties": { "内容": "医療法人社団　健青会　銀座青山Ｙｏｕ矯正歯科　広島駅前医院【3:歯科】広島県広島市南区松原町５－１　ビッグフロント広島タワービル西棟４Ｆ", "url": "https://www.iryou.teikyouseido.mhlw.go.jp/znk-web/juminkanja/S2430/initialize?prefCd=34&kikanCd=3340301420&kikanKbn=3", "url2": "http://youkyousei.com" }, "geometry": { "type": "Point", "coordinates": [ 132.476604, 34.395708 ] } },
{ "type": "Feature", "properties": { "内容": "森田歯科医院【3:歯科】広島県広島市中区幟町１４－１４　広島教販ビル２Ｆ", "url": "https://www.iryou.teikyouseido.mhlw.go.jp/znk-web/juminkanja/S2430/initialize?prefCd=34&kikanCd=3340301550&kikanKbn=3", "url2": "https://itp.ne.jp/info/344563631400000899/" }, "geometry": { "type": "Point", "coordinates": [ 132.466358, 34.393532 ] } },
{ "type": "Feature", "properties": { "内容": "みどり歯科【3:歯科】広島県広島市西区南観音二丁目５－４１", "url": "https://www.iryou.teikyouseido.mhlw.go.jp/znk-web/juminkanja/S2430/initialize?prefCd=34&kikanCd=3340301680&kikanKbn=3", "url2": "http://midori-shika.superplimo.com/clinic/" }, "geometry": { "type": "Point", "coordinates": [ 132.431685, 34.384614 ] } },
{ "type": "Feature", "properties": { "内容": "医療法人社団水内歯科医院【3:歯科】広島県広島市南区松原町３－１－２０４", "url": "https://www.iryou.teikyouseido.mhlw.go.jp/znk-web/juminkanja/S2430/initialize?prefCd=34&kikanCd=3340301710&kikanKbn=3", "url2": "https://mizuuchi-dc.jp" }, "geometry": { "type": "Point", "coordinates": [ 132.477154, 34.39558 ] } },
{ "type": "Feature", "properties": { "内容": "医療法人　出崎歯科医院【3:歯科】広島県広島市南区松原町３－１－１１９", "url": "https://www.iryou.teikyouseido.mhlw.go.jp/znk-web/juminkanja/S2430/initialize?prefCd=34&kikanCd=3340301840&kikanKbn=3", "url2": "http://www.desaki-d.com" }, "geometry": { "type": "Point", "coordinates": [ 132.476604, 34.395708 ] } },
{ "type": "Feature", "properties": { "内容": "ゆき歯科クリニック【3:歯科】広島県広島市西区南観音二丁目４－１６　ひらいちセブン２Ｆ", "url": "https://www.iryou.teikyouseido.mhlw.go.jp/znk-web/juminkanja/S2430/initialize?prefCd=34&kikanCd=3340301970&kikanKbn=3", "url2": "yukishika.jp" }, "geometry": { "type": "Point", "coordinates": [ 132.432388, 34.38545 ] } },
{ "type": "Feature", "properties": { "内容": "まつだ歯科医院【3:歯科】広島県三原市本郷南６－２４－１４", "url": "https://www.iryou.teikyouseido.mhlw.go.jp/znk-web/juminkanja/S2430/initialize?prefCd=34&kikanCd=3340302010&kikanKbn=3", "url2": "http://www.matsuda-dc.jp" }, "geometry": { "type": "Point", "coordinates": [ 132.985125, 34.40957 ] } },
{ "type": "Feature", "properties": { "内容": "にしだ歯科クリニック【3:歯科】広島県廿日市市平良山手１１－８－１０１", "url": "https://www.iryou.teikyouseido.mhlw.go.jp/znk-web/juminkanja/S2430/initialize?prefCd=34&kikanCd=3340302140&kikanKbn=3", "url2": "https://www.nishida-dental.com" }, "geometry": { "type": "Point", "coordinates": [ 132.334984, 34.35832 ] } },
{ "type": "Feature", "properties": { "内容": "いけだ歯科クリニック【3:歯科】広島県東広島市寺家駅前１４番１７号２０１", "url": "https://www.iryou.teikyouseido.mhlw.go.jp/znk-web/juminkanja/S2430/initialize?prefCd=34&kikanCd=3340302300&kikanKbn=3", "url2": "http://ikeda-dentalclinic.net/" }, "geometry": { "type": "Point", "coordinates": [ 132.723577, 34.439646 ] } },
{ "type": "Feature", "properties": { "内容": "鎌田歯科クリニック【3:歯科】広島県広島市中区舟入南一丁目４－６１", "url": "https://www.iryou.teikyouseido.mhlw.go.jp/znk-web/juminkanja/S2430/initialize?prefCd=34&kikanCd=3340302430&kikanKbn=3", "url2": "http://www.kamada-dental.jp" }, "geometry": { "type": "Point", "coordinates": [ 132.439474, 34.379726 ] } },
{ "type": "Feature", "properties": { "内容": "医療法人センターはる歯科【3:歯科】広島県広島市中区紙屋町二丁目２－２５　４Ｆ", "url": "https://www.iryou.teikyouseido.mhlw.go.jp/znk-web/juminkanja/S2430/initialize?prefCd=34&kikanCd=3340302560&kikanKbn=3", "url2": "https://center-haru.jp/" }, "geometry": { "type": "Point", "coordinates": [ 132.456092, 34.394249 ] } },
{ "type": "Feature", "properties": { "内容": "ゆい矯正歯科【3:歯科】広島県廿日市市串戸二丁目１７－１", "url": "https://www.iryou.teikyouseido.mhlw.go.jp/znk-web/juminkanja/S2430/initialize?prefCd=34&kikanCd=3340302720&kikanKbn=3", "url2": "http://yuidental.com" }, "geometry": { "type": "Point", "coordinates": [ 132.326852, 34.346592 ] } },
{ "type": "Feature", "properties": { "内容": "医院　歯の健康ドクター【3:歯科】広島県東広島市高屋町高屋東２３８９－１", "url": "https://www.iryou.teikyouseido.mhlw.go.jp/znk-web/juminkanja/S2430/initialize?prefCd=34&kikanCd=3340302850&kikanKbn=3", "url2": "www.takayaohd.com" }, "geometry": { "type": "Point", "coordinates": [ 132.814681, 34.455178 ] } },
{ "type": "Feature", "properties": { "内容": "宇田歯科医院【3:歯科】広島県福山市西新涯町二丁目２２番１２号", "url": "https://www.iryou.teikyouseido.mhlw.go.jp/znk-web/juminkanja/S2430/initialize?prefCd=34&kikanCd=3340302980&kikanKbn=3", "url2": "https://udashika.com/" }, "geometry": { "type": "Point", "coordinates": [ 133.384707, 34.456816 ] } },
{ "type": "Feature", "properties": { "内容": "下江歯科医院【3:歯科】広島県福山市東桜町２番１１号　福山センタービル１Ｆ", "url": "https://www.iryou.teikyouseido.mhlw.go.jp/znk-web/juminkanja/S2430/initialize?prefCd=34&kikanCd=3340303020&kikanKbn=3", "url2": null }, "geometry": { "type": "Point", "coordinates": [ 133.361426, 34.486389 ] } },
{ "type": "Feature", "properties": { "内容": "医療法人　きたがわ歯科クリニック【3:歯科】広島県広島市安佐南区祇園三丁目６４－６", "url": "https://www.iryou.teikyouseido.mhlw.go.jp/znk-web/juminkanja/S2430/initialize?prefCd=34&kikanCd=3340303150&kikanKbn=3", "url2": "http://dc-kitagawa.jp/" }, "geometry": { "type": "Point", "coordinates": [ 132.461025, 34.439359 ] } },
{ "type": "Feature", "properties": { "内容": "たけこし歯科クリニック【3:歯科】広島県福山市松永町五丁目２７－８－２", "url": "https://www.iryou.teikyouseido.mhlw.go.jp/znk-web/juminkanja/S2430/initialize?prefCd=34&kikanCd=3340303280&kikanKbn=3", "url2": null }, "geometry": { "type": "Point", "coordinates": [ 133.262112, 34.446492 ] } },
{ "type": "Feature", "properties": { "内容": "クローバー歯科【3:歯科】広島県福山市伊勢丘一丁目１番６号", "url": "https://www.iryou.teikyouseido.mhlw.go.jp/znk-web/juminkanja/S2430/initialize?prefCd=34&kikanCd=3340303310&kikanKbn=3", "url2": "https://clover-dc.biz" }, "geometry": { "type": "Point", "coordinates": [ 133.421274, 34.501648 ] } },
{ "type": "Feature", "properties": { "内容": "ゆめタウン呉　こもれび歯科【3:歯科】広島県呉市宝町５番１０号　ゆめタウン呉３Ｆ", "url": "https://www.iryou.teikyouseido.mhlw.go.jp/znk-web/juminkanja/S2430/initialize?prefCd=34&kikanCd=3340303440&kikanKbn=3", "url2": "http://www17.plala.or.jp/komorebisika/" }, "geometry": { "type": "Point", "coordinates": [ 132.556322, 34.242445 ] } },
{ "type": "Feature", "properties": { "内容": "歯科・川本医院【3:歯科】広島県広島市中区幟町１３－４　マツダビル３Ｆ", "url": "https://www.iryou.teikyouseido.mhlw.go.jp/znk-web/juminkanja/S2430/initialize?prefCd=34&kikanCd=3340303570&kikanKbn=3", "url2": "http://kawamoto-dental.info" }, "geometry": { "type": "Point", "coordinates": [ 132.466051, 34.393663 ] } },
{ "type": "Feature", "properties": { "内容": "Ｍデンタルオフィス【3:歯科】広島県広島市中区竹屋町４－１２　ビリオネアＳ竹屋１Ｆ", "url": "https://www.iryou.teikyouseido.mhlw.go.jp/znk-web/juminkanja/S2430/initialize?prefCd=34&kikanCd=3340303600&kikanKbn=3", "url2": "m-dentaloffice.jp" }, "geometry": { "type": "Point", "coordinates": [ 132.460617, 34.381342 ] } },
{ "type": "Feature", "properties": { "内容": "たかす歯科小児歯科クリニック【3:歯科】広島県広島市西区庚午北二丁目２３－２", "url": "https://www.iryou.teikyouseido.mhlw.go.jp/znk-web/juminkanja/S2430/initialize?prefCd=34&kikanCd=3340303730&kikanKbn=3", "url2": "http://www.yorikane-dental.com/original24.html" }, "geometry": { "type": "Point", "coordinates": [ 132.417086, 34.389714 ] } },
{ "type": "Feature", "properties": { "内容": "アルパカ歯科【3:歯科】広島県広島市安佐北区安佐町鈴張１９５３", "url": "https://www.iryou.teikyouseido.mhlw.go.jp/znk-web/juminkanja/S2430/initialize?prefCd=34&kikanCd=3340304030&kikanKbn=3", "url2": null }, "geometry": { "type": "Point", "coordinates": [ 132.456363, 34.583372 ] } },
{ "type": "Feature", "properties": { "内容": "岸保歯科医院【3:歯科】広島県安芸郡海田町蟹原一丁目９番１５号", "url": "https://www.iryou.teikyouseido.mhlw.go.jp/znk-web/juminkanja/S2430/initialize?prefCd=34&kikanCd=3340304290&kikanKbn=3", "url2": "https://ganbosika.jimdo.com/" }, "geometry": { "type": "Point", "coordinates": [ 132.543595, 34.371503 ] } },
{ "type": "Feature", "properties": { "内容": "トーマス歯科クリニック【3:歯科】広島県広島市南区宇品東六丁目１－１５　イオン宇品店２Ｆ", "url": "https://www.iryou.teikyouseido.mhlw.go.jp/znk-web/juminkanja/S2430/initialize?prefCd=34&kikanCd=3340304320&kikanKbn=3", "url2": null }, "geometry": { "type": "Point", "coordinates": [ 132.467825, 34.362376 ] } },
{ "type": "Feature", "properties": { "内容": "フロンティア歯科クリニック【3:歯科】広島県東広島市西条昭和町９－４", "url": "https://www.iryou.teikyouseido.mhlw.go.jp/znk-web/juminkanja/S2430/initialize?prefCd=34&kikanCd=3340304450&kikanKbn=3", "url2": "https://frontier-shika.com/" }, "geometry": { "type": "Point", "coordinates": [ 132.739999, 34.423553 ] } },
{ "type": "Feature", "properties": { "内容": "さくらファミリー歯科【3:歯科】広島県東広島市西条西本町２８－３０　ハローズ東広島店３Ｆ", "url": "https://www.iryou.teikyouseido.mhlw.go.jp/znk-web/juminkanja/S2430/initialize?prefCd=34&kikanCd=3340304580&kikanKbn=3", "url2": "http://sakura-family-dental.com/" }, "geometry": { "type": "Point", "coordinates": [ 132.740021, 34.426667 ] } },
{ "type": "Feature", "properties": { "内容": "堀田歯科医院【3:歯科】広島県庄原市東城町小奴可２６５１番地１", "url": "https://www.iryou.teikyouseido.mhlw.go.jp/znk-web/juminkanja/S2430/initialize?prefCd=34&kikanCd=3340304610&kikanKbn=3", "url2": null }, "geometry": { "type": "Point", "coordinates": [ 133.208937, 34.994287 ] } },
{ "type": "Feature", "properties": { "内容": "はしかた歯科　小児歯科【3:歯科】広島県広島市西区三篠町一丁目８－６", "url": "https://www.iryou.teikyouseido.mhlw.go.jp/znk-web/juminkanja/S2430/initialize?prefCd=34&kikanCd=3340304740&kikanKbn=3", "url2": "http://www.hashikata-dc.jp/" }, "geometry": { "type": "Point", "coordinates": [ 132.4518, 34.411948 ] } },
{ "type": "Feature", "properties": { "内容": "川岡歯科クリニック【3:歯科】広島県広島市佐伯区海老園二丁目３－８　１Ｆ", "url": "https://www.iryou.teikyouseido.mhlw.go.jp/znk-web/juminkanja/S2430/initialize?prefCd=34&kikanCd=3340304870&kikanKbn=3", "url2": null }, "geometry": { "type": "Point", "coordinates": [ 132.361587, 34.365223 ] } },
{ "type": "Feature", "properties": { "内容": "さくら歯科クリニック【3:歯科】広島県府中市中須町７３５－１", "url": "https://www.iryou.teikyouseido.mhlw.go.jp/znk-web/juminkanja/S2430/initialize?prefCd=34&kikanCd=3340304900&kikanKbn=3", "url2": null }, "geometry": { "type": "Point", "coordinates": [ 133.257547, 34.557965 ] } },
{ "type": "Feature", "properties": { "内容": "バスセンター歯科【3:歯科】広島県広島市中区基町６－２７　広島センタービル９階", "url": "https://www.iryou.teikyouseido.mhlw.go.jp/znk-web/juminkanja/S2430/initialize?prefCd=34&kikanCd=3340305040&kikanKbn=3", "url2": null }, "geometry": { "type": "Point", "coordinates": [ 132.457226, 34.396202 ] } },
{ "type": "Feature", "properties": { "内容": "おびなたデンタルオフィス【3:歯科】広島県福山市光南町三丁目２番８号２Ｆ", "url": "https://www.iryou.teikyouseido.mhlw.go.jp/znk-web/juminkanja/S2430/initialize?prefCd=34&kikanCd=3340305170&kikanKbn=3", "url2": "http://www.obinata-doo.com" }, "geometry": { "type": "Point", "coordinates": [ 133.368182, 34.478 ] } },
{ "type": "Feature", "properties": { "内容": "Ｊｏｈｎｎｙ　Ｄｅｎｔａｌ　Ｃｌｉｎｉｃ【3:歯科】広島県広島市中区立町４－４　ＤＯＬＣＥ　立町３Ｆ", "url": "https://www.iryou.teikyouseido.mhlw.go.jp/znk-web/juminkanja/S2430/initialize?prefCd=34&kikanCd=3340305330&kikanKbn=3", "url2": "www.johnny-d-c.com/" }, "geometry": { "type": "Point", "coordinates": [ 132.460931, 34.394365 ] } },
{ "type": "Feature", "properties": { "内容": "まきひら歯科クリニック【3:歯科】広島県福山市三之丸町７番２１号－１０１", "url": "https://www.iryou.teikyouseido.mhlw.go.jp/znk-web/juminkanja/S2430/initialize?prefCd=34&kikanCd=3340305590&kikanKbn=3", "url2": "https://www.makihiradental.com" }, "geometry": { "type": "Point", "coordinates": [ 133.36031, 34.487494 ] } },
{ "type": "Feature", "properties": { "内容": "たかしま歯科クリニック【3:歯科】広島県広島市東区牛田中一丁目１１－１２", "url": "https://www.iryou.teikyouseido.mhlw.go.jp/znk-web/juminkanja/S2430/initialize?prefCd=34&kikanCd=3340305750&kikanKbn=3", "url2": "www.takashima-dc.net" }, "geometry": { "type": "Point", "coordinates": [ 132.472751, 34.408484 ] } },
{ "type": "Feature", "properties": { "内容": "えみ　こども歯科クリニック【3:歯科】広島県尾道市高須町４７９０－９", "url": "https://www.iryou.teikyouseido.mhlw.go.jp/znk-web/juminkanja/S2430/initialize?prefCd=34&kikanCd=3340305880&kikanKbn=3", "url2": "www.onomichi-emi-kidsdental.com/" }, "geometry": { "type": "Point", "coordinates": [ 133.236057, 34.431082 ] } },
{ "type": "Feature", "properties": { "内容": "Ｋ’ｓデンタル【3:歯科】広島県広島市西区中広町二丁目２－１５", "url": "https://www.iryou.teikyouseido.mhlw.go.jp/znk-web/juminkanja/S2430/initialize?prefCd=34&kikanCd=3340305910&kikanKbn=3", "url2": "https://www.k-s-dent.com" }, "geometry": { "type": "Point", "coordinates": [ 132.44454, 34.403618 ] } },
{ "type": "Feature", "properties": { "内容": "ア歯科広島東グループ　小松診療所【3:歯科】広島県広島市中区千田町二丁目１－５　１Ｆ", "url": "https://www.iryou.teikyouseido.mhlw.go.jp/znk-web/juminkanja/S2430/initialize?prefCd=34&kikanCd=3340306050&kikanKbn=3", "url2": "https://ashika-komatsu.com/" }, "geometry": { "type": "Point", "coordinates": [ 132.456509, 34.379417 ] } },
{ "type": "Feature", "properties": { "内容": "東陽台デンタルクリニック【3:歯科】広島県福山市東陽台一丁目１１番６号", "url": "https://www.iryou.teikyouseido.mhlw.go.jp/znk-web/juminkanja/S2430/initialize?prefCd=34&kikanCd=3340306210&kikanKbn=3", "url2": null }, "geometry": { "type": "Point", "coordinates": [ 133.430198, 34.516033 ] } },
{ "type": "Feature", "properties": { "内容": "はなの歯科クリニック【3:歯科】広島県広島市安佐南区祇園五丁目２－４５　祇園クリニックビル２０３", "url": "https://www.iryou.teikyouseido.mhlw.go.jp/znk-web/juminkanja/S2430/initialize?prefCd=34&kikanCd=3340306340&kikanKbn=3", "url2": "https://www.hanano-dc.jp" }, "geometry": { "type": "Point", "coordinates": [ 132.460646, 34.447179 ] } },
{ "type": "Feature", "properties": { "内容": "やまもと歯科【3:歯科】広島県福山市御門町二丁目５番３２号　ヴェルドミール　１Ｆ", "url": "https://www.iryou.teikyouseido.mhlw.go.jp/znk-web/juminkanja/S2430/initialize?prefCd=34&kikanCd=3340306500&kikanKbn=3", "url2": "https://www.yamamotoshika.net/" }, "geometry": { "type": "Point", "coordinates": [ 133.369507, 34.478772 ] } },
{ "type": "Feature", "properties": { "内容": "医療法人玲歯会　よつばファミリー歯科クリニック【3:歯科】広島県東広島市西条町土与丸１５２２　Ｓ－ＨＯＵＳＥ１０１", "url": "https://www.iryou.teikyouseido.mhlw.go.jp/znk-web/juminkanja/S2430/initialize?prefCd=34&kikanCd=3340306630&kikanKbn=3", "url2": "http://yotsubafamily-dental.com/" }, "geometry": { "type": "Point", "coordinates": [ 132.756225, 34.427894 ] } },
{ "type": "Feature", "properties": { "内容": "郷田歯科医院【3:歯科】広島県三原市中之町６－２０－８", "url": "https://www.iryou.teikyouseido.mhlw.go.jp/znk-web/juminkanja/S2430/initialize?prefCd=34&kikanCd=3340307060&kikanKbn=3", "url2": null }, "geometry": { "type": "Point", "coordinates": [ 133.111555, 34.420777 ] } },
{ "type": "Feature", "properties": { "内容": "海田ゆめぞら歯科【3:歯科】広島県安芸郡海田町窪町１番２３号", "url": "https://www.iryou.teikyouseido.mhlw.go.jp/znk-web/juminkanja/S2430/initialize?prefCd=34&kikanCd=3340307220&kikanKbn=3", "url2": "https://www.kaita-yumezora.com" }, "geometry": { "type": "Point", "coordinates": [ 132.531499, 34.37123 ] } },
{ "type": "Feature", "properties": { "内容": "うまこし歯科医院【3:歯科】広島県福山市神辺町川南１７２６番地１", "url": "https://www.iryou.teikyouseido.mhlw.go.jp/znk-web/juminkanja/S2430/initialize?prefCd=34&kikanCd=3340307350&kikanKbn=3", "url2": "https://www.umakoshi-dc.com" }, "geometry": { "type": "Point", "coordinates": [ 133.371624, 34.529035 ] } },
{ "type": "Feature", "properties": { "内容": "まえはら歯科クリニック【3:歯科】広島県広島市佐伯区楽々園５丁目９－５　２０２", "url": "https://www.iryou.teikyouseido.mhlw.go.jp/znk-web/juminkanja/S2430/initialize?prefCd=34&kikanCd=3340307480&kikanKbn=3", "url2": "https://www.maehara.dental/" }, "geometry": { "type": "Point", "coordinates": [ 132.35233, 34.360823 ] } },
{ "type": "Feature", "properties": { "内容": "じぞう通り歯科こども歯科【3:歯科】広島県広島市中区小町８－２　アクアステージ小町　２Ｆ", "url": "https://www.iryou.teikyouseido.mhlw.go.jp/znk-web/juminkanja/S2430/initialize?prefCd=34&kikanCd=3340307510&kikanKbn=3", "url2": "https://www.jizodori-dental.com" }, "geometry": { "type": "Point", "coordinates": [ 132.459746, 34.387276 ] } },
{ "type": "Feature", "properties": { "内容": "バウムクーヘン歯科クリニック【3:歯科】広島県大竹市西栄１丁目１３－３", "url": "https://www.iryou.teikyouseido.mhlw.go.jp/znk-web/juminkanja/S2430/initialize?prefCd=34&kikanCd=3340307640&kikanKbn=3", "url2": "baumkuchen-dc.com" }, "geometry": { "type": "Point", "coordinates": [ 132.225696, 34.215447 ] } },
{ "type": "Feature", "properties": { "内容": "わだ歯科クリニック【3:歯科】広島県安芸郡熊野町萩原７丁目６－３", "url": "https://www.iryou.teikyouseido.mhlw.go.jp/znk-web/juminkanja/S2430/initialize?prefCd=34&kikanCd=3340307770&kikanKbn=3", "url2": null }, "geometry": { "type": "Point", "coordinates": [ 132.590831, 34.34171 ] } },
{ "type": "Feature", "properties": { "内容": "くすのき歯科医院【3:歯科】広島県広島市西区楠木町３－１１－１　エブリィ楠木モール２Ｆ", "url": "https://www.iryou.teikyouseido.mhlw.go.jp/znk-web/juminkanja/S2430/initialize?prefCd=34&kikanCd=3340307800&kikanKbn=3", "url2": "http://www.kusunoki-dental-clinic.com/" }, "geometry": { "type": "Point", "coordinates": [ 132.459073, 34.412351 ] } },
{ "type": "Feature", "properties": { "内容": "Ｍｉｌｌｅ歯科【3:歯科】広島県広島市南区皆実町５－６－１８", "url": "https://www.iryou.teikyouseido.mhlw.go.jp/znk-web/juminkanja/S2430/initialize?prefCd=34&kikanCd=3340308230&kikanKbn=3", "url2": null }, "geometry": { "type": "Point", "coordinates": [ 132.464858, 34.373772 ] } },
{ "type": "Feature", "properties": { "内容": "あおぞら歯科クリニック【3:歯科】広島県福山市今津町３２５－１", "url": "https://www.iryou.teikyouseido.mhlw.go.jp/znk-web/juminkanja/S2430/initialize?prefCd=34&kikanCd=3340308360&kikanKbn=3", "url2": "https://www.aozoradental.net/" }, "geometry": { "type": "Point", "coordinates": [ 133.252536, 34.455018 ] } },
{ "type": "Feature", "properties": { "内容": "生熊歯科【3:歯科】広島県庄原市東城町東城字下町７５－３", "url": "https://www.iryou.teikyouseido.mhlw.go.jp/znk-web/juminkanja/S2430/initialize?prefCd=34&kikanCd=3340308490&kikanKbn=3", "url2": "https://www.ikuma-3283.com/" }, "geometry": { "type": "Point", "coordinates": [ 133.271934, 34.894812 ] } },
{ "type": "Feature", "properties": { "内容": "みんなの歯科クリニック【3:歯科】広島県東広島市西条町寺家５５４４－１８", "url": "https://www.iryou.teikyouseido.mhlw.go.jp/znk-web/juminkanja/S2430/initialize?prefCd=34&kikanCd=3340308520&kikanKbn=3", "url2": "minnanosika.com" }, "geometry": { "type": "Point", "coordinates": [ 132.729547, 34.431334 ] } },
{ "type": "Feature", "properties": { "内容": "イロドリ矯正歯科【3:歯科】広島県福山市三之丸町３－３", "url": "https://www.iryou.teikyouseido.mhlw.go.jp/znk-web/juminkanja/S2430/initialize?prefCd=34&kikanCd=3340308650&kikanKbn=3", "url2": "https://irodori-oc.com/" }, "geometry": { "type": "Point", "coordinates": [ 133.361908, 34.488037 ] } },
{ "type": "Feature", "properties": { "内容": "医療法人社団　東広会　ゆめタウン広島歯科【3:歯科】広島県広島市南区皆実町２－８－１７　ゆめタウン広島　１階", "url": "https://www.iryou.teikyouseido.mhlw.go.jp/znk-web/juminkanja/S2430/initialize?prefCd=34&kikanCd=3340308780&kikanKbn=3", "url2": "http://www.youme-shika.net" }, "geometry": { "type": "Point", "coordinates": [ 132.463711, 34.376258 ] } },
{ "type": "Feature", "properties": { "内容": "医療法人　そらのデンタルクリニック【3:歯科】広島県広島市佐伯区石内東１－４－２", "url": "https://www.iryou.teikyouseido.mhlw.go.jp/znk-web/juminkanja/S2430/initialize?prefCd=34&kikanCd=3340308940&kikanKbn=3", "url2": "http://www.sorano-dc.net/" }, "geometry": { "type": "Point", "coordinates": [ 132.401866, 34.413898 ] } },
{ "type": "Feature", "properties": { "内容": "医療法人　社団　ののやま矯正歯科医院【3:歯科】広島県東広島市西条町御薗宇５４８４－６", "url": "https://www.iryou.teikyouseido.mhlw.go.jp/znk-web/juminkanja/S2430/initialize?prefCd=34&kikanCd=3340309080&kikanKbn=3", "url2": "https://www.nonoyama-clinic.jp/" }, "geometry": { "type": "Point", "coordinates": [ 132.750317, 34.411986 ] } },
{ "type": "Feature", "properties": { "内容": "みかん歯科【3:歯科】広島県呉市広中町７－２３", "url": "https://www.iryou.teikyouseido.mhlw.go.jp/znk-web/juminkanja/S2430/initialize?prefCd=34&kikanCd=3340309110&kikanKbn=3", "url2": "https://mikandc.ci2.jp" }, "geometry": { "type": "Point", "coordinates": [ 132.626859, 34.229624 ] } },
{ "type": "Feature", "properties": { "内容": "ホワイトエッセンス広島駅前歯科【3:歯科】広島県広島市南区猿猴橋町２－１１　４Ｆ", "url": "https://www.iryou.teikyouseido.mhlw.go.jp/znk-web/juminkanja/S2430/initialize?prefCd=34&kikanCd=3340309240&kikanKbn=3", "url2": "https://ekimae-white.com/" }, "geometry": { "type": "Point", "coordinates": [ 132.47609, 34.395336 ] } },
{ "type": "Feature", "properties": { "内容": "向洋みらい歯科クリニック【3:歯科】広島県安芸郡府中町桃山１－１８－１５", "url": "https://www.iryou.teikyouseido.mhlw.go.jp/znk-web/juminkanja/S2430/initialize?prefCd=34&kikanCd=3340309400&kikanKbn=3", "url2": "https://mirai-minnanoshika.com" }, "geometry": { "type": "Point", "coordinates": [ 132.505744, 34.377965 ] } },
{ "type": "Feature", "properties": { "内容": "渡辺歯科バンビ小児歯科医院【3:歯科】広島県広島市西区横川町３－１２－１８　横川駅前ビル３Ｆ", "url": "https://www.iryou.teikyouseido.mhlw.go.jp/znk-web/juminkanja/S2430/initialize?prefCd=34&kikanCd=3340309530&kikanKbn=3", "url2": "https://www.watanabe-bambi.com/" }, "geometry": { "type": "Point", "coordinates": [ 132.450626, 34.408998 ] } },
{ "type": "Feature", "properties": { "内容": "なのはな歯科クリニック【3:歯科】広島県安芸郡熊野町出来庭９－９－１０", "url": "https://www.iryou.teikyouseido.mhlw.go.jp/znk-web/juminkanja/S2430/initialize?prefCd=34&kikanCd=3340309660&kikanKbn=3", "url2": null }, "geometry": { "type": "Point", "coordinates": [ 132.569218, 34.333247 ] } },
{ "type": "Feature", "properties": { "内容": "たけだ歯科医院【3:歯科】広島県広島市安佐南区西原９－１－１－１", "url": "https://www.iryou.teikyouseido.mhlw.go.jp/znk-web/juminkanja/S2430/initialize?prefCd=34&kikanCd=3340309790&kikanKbn=3", "url2": "takeda-d.com" }, "geometry": { "type": "Point", "coordinates": [ 132.470828, 34.449178 ] } },
{ "type": "Feature", "properties": { "内容": "医療法人たんぽぽ小児歯科【3:歯科】広島県広島市安佐南区祇園三丁目２１－２６", "url": "https://www.iryou.teikyouseido.mhlw.go.jp/znk-web/juminkanja/S2430/initialize?prefCd=34&kikanCd=3340309820&kikanKbn=3", "url2": "https://hiroshima-tanpopo.jp/" }, "geometry": { "type": "Point", "coordinates": [ 132.457879, 34.441106 ] } },
{ "type": "Feature", "properties": { "内容": "きよはら歯科クリニック【3:歯科】広島県広島市安佐南区緑井五丁目２４－２４", "url": "https://www.iryou.teikyouseido.mhlw.go.jp/znk-web/juminkanja/S2430/initialize?prefCd=34&kikanCd=3340309950&kikanKbn=3", "url2": "http://www.kiyohara-dent.jp/" }, "geometry": { "type": "Point", "coordinates": [ 132.477751, 34.467828 ] } },
{ "type": "Feature", "properties": { "内容": "段原クレドデンタルクリニック【3:歯科】広島県広島市南区段原山崎二丁目２－１５　２Ｆ", "url": "https://www.iryou.teikyouseido.mhlw.go.jp/znk-web/juminkanja/S2430/initialize?prefCd=34&kikanCd=3340310060&kikanKbn=3", "url2": "http://danbara-dental.jp" }, "geometry": { "type": "Point", "coordinates": [ 132.481379, 34.385607 ] } },
{ "type": "Feature", "properties": { "内容": "森本デンタルオフィス【3:歯科】広島県広島市佐伯区千同一丁目２２－７", "url": "https://www.iryou.teikyouseido.mhlw.go.jp/znk-web/juminkanja/S2430/initialize?prefCd=34&kikanCd=3340310190&kikanKbn=3", "url2": null }, "geometry": { "type": "Point", "coordinates": [ 132.353117, 34.377332 ] } },
{ "type": "Feature", "properties": { "内容": "岡崎歯科口腔外科【3:歯科】広島県広島市南区段原日出一丁目１５－１３　３Ｆ", "url": "https://www.iryou.teikyouseido.mhlw.go.jp/znk-web/juminkanja/S2430/initialize?prefCd=34&kikanCd=3340310220&kikanKbn=3", "url2": "okazaki-dc.net" }, "geometry": { "type": "Point", "coordinates": [ 132.480731, 34.386529 ] } },
{ "type": "Feature", "properties": { "内容": "つむぎ歯科【3:歯科】広島県広島市安佐南区相田一丁目９－１９", "url": "https://www.iryou.teikyouseido.mhlw.go.jp/znk-web/juminkanja/S2430/initialize?prefCd=34&kikanCd=3340310480&kikanKbn=3", "url2": null }, "geometry": { "type": "Point", "coordinates": [ 132.456862, 34.471726 ] } },
{ "type": "Feature", "properties": { "内容": "久井しもつ歯科【3:歯科】広島県三原市久井町下津１７２８", "url": "https://www.iryou.teikyouseido.mhlw.go.jp/znk-web/juminkanja/S2430/initialize?prefCd=34&kikanCd=3340310510&kikanKbn=3", "url2": "https://www.kuishimotsushika.com/" }, "geometry": { "type": "Point", "coordinates": [ 133.037638, 34.528785 ] } },
{ "type": "Feature", "properties": { "内容": "十日市歯科クリニック【3:歯科】広島県広島市中区十日市町一丁目５－１", "url": "https://www.iryou.teikyouseido.mhlw.go.jp/znk-web/juminkanja/S2430/initialize?prefCd=34&kikanCd=3340310770&kikanKbn=3", "url2": "https://www.tokaichi-dental.jp/" }, "geometry": { "type": "Point", "coordinates": [ 132.449051, 34.396383 ] } },
{ "type": "Feature", "properties": { "内容": "もみじ歯科【3:歯科】広島県安芸郡府中町鹿籠２－１３－１２　アルバ府中１０１", "url": "https://www.iryou.teikyouseido.mhlw.go.jp/znk-web/juminkanja/S2430/initialize?prefCd=34&kikanCd=3340310800&kikanKbn=3", "url2": "https://www.momiji-dc.com/" }, "geometry": { "type": "Point", "coordinates": [ 132.507478, 34.380275 ] } },
{ "type": "Feature", "properties": { "内容": "せお歯科クリニック【3:歯科】広島県広島市安佐北区深川五丁目３０－３８　アクロスプラザ高陽１Ｆ", "url": "https://www.iryou.teikyouseido.mhlw.go.jp/znk-web/juminkanja/S2430/initialize?prefCd=34&kikanCd=3340310930&kikanKbn=3", "url2": "https://seo-dental.net" }, "geometry": { "type": "Point", "coordinates": [ 132.529353, 34.481666 ] } },
{ "type": "Feature", "properties": { "内容": "清水歯科矯正歯科【3:歯科】広島県廿日市市串戸三丁目２２－１９", "url": "https://www.iryou.teikyouseido.mhlw.go.jp/znk-web/juminkanja/S2430/initialize?prefCd=34&kikanCd=3340311230&kikanKbn=3", "url2": "shimizu.dental-net.jp" }, "geometry": { "type": "Point", "coordinates": [ 132.324442, 34.347519 ] } },
{ "type": "Feature", "properties": { "内容": "医療法人社団恵聖会　ファーストデンタル福山【3:歯科】広島県福山市船町２番１号　徳永ビル１階", "url": "https://www.iryou.teikyouseido.mhlw.go.jp/znk-web/juminkanja/S2430/initialize?prefCd=34&kikanCd=3340311360&kikanKbn=3", "url2": "implant-fukuyama.com" }, "geometry": { "type": "Point", "coordinates": [ 133.368334, 34.487598 ] } },
{ "type": "Feature", "properties": { "内容": "福山東部歯科医院【3:歯科】広島県福山市坪生町六丁目２３番１６－２号", "url": "https://www.iryou.teikyouseido.mhlw.go.jp/znk-web/juminkanja/S2430/initialize?prefCd=34&kikanCd=3340311520&kikanKbn=3", "url2": "https://fedc.co.jp/" }, "geometry": { "type": "Point", "coordinates": [ 133.44657, 34.532614 ] } },
{ "type": "Feature", "properties": { "内容": "しげる歯科クリニック【3:歯科】広島県呉市郷原町７２５１", "url": "https://www.iryou.teikyouseido.mhlw.go.jp/znk-web/juminkanja/S2430/initialize?prefCd=34&kikanCd=3340311650&kikanKbn=3", "url2": "shigeru-dc.jp" }, "geometry": { "type": "Point", "coordinates": [ 132.624449, 34.296875 ] } },
{ "type": "Feature", "properties": { "内容": "医療法人健真会　藤本歯科クリニック西広島【3:歯科】広島県広島市西区己斐本町一丁目２３番１８－２０２号", "url": "https://www.iryou.teikyouseido.mhlw.go.jp/znk-web/juminkanja/S2430/initialize?prefCd=34&kikanCd=3340311780&kikanKbn=3", "url2": "https://www.fujimoto-sika.com." }, "geometry": { "type": "Point", "coordinates": [ 132.427908, 34.396345 ] } },
{ "type": "Feature", "properties": { "内容": "ＭＢフレンド歯科【3:歯科】広島県安芸郡熊野町出来庭２－１２－１", "url": "https://www.iryou.teikyouseido.mhlw.go.jp/znk-web/juminkanja/S2430/initialize?prefCd=34&kikanCd=3340311810&kikanKbn=3", "url2": null }, "geometry": { "type": "Point", "coordinates": [ 132.577459, 34.33222 ] } },
{ "type": "Feature", "properties": { "内容": "医療法人青楓会　つつみ歯科クリニック【3:歯科】広島県広島市中区宝町５－９　１Ｆ", "url": "https://www.iryou.teikyouseido.mhlw.go.jp/znk-web/juminkanja/S2430/initialize?prefCd=34&kikanCd=3340311940&kikanKbn=3", "url2": "https://takara-dc.jp" }, "geometry": { "type": "Point", "coordinates": [ 132.462288, 34.385705 ] } },
{ "type": "Feature", "properties": { "内容": "きずな歯科クリニック【3:歯科】広島県広島市中区紙屋町一丁目地下街６０７", "url": "https://www.iryou.teikyouseido.mhlw.go.jp/znk-web/juminkanja/S2430/initialize?prefCd=34&kikanCd=3340312110&kikanKbn=3", "url2": "https://www.kizunashika-clinic.jp/" }, "geometry": { "type": "Point", "coordinates": [ 132.457728, 34.395356 ] } },
{ "type": "Feature", "properties": { "内容": "ＹＭＴ歯科・矯正歯科【3:歯科】広島県広島市南区宇品御幸三丁目１－７", "url": "https://www.iryou.teikyouseido.mhlw.go.jp/znk-web/juminkanja/S2430/initialize?prefCd=34&kikanCd=3340312370&kikanKbn=3", "url2": "https://haishasan.jimdofree.com" }, "geometry": { "type": "Point", "coordinates": [ 132.464062, 34.363633 ] } },
{ "type": "Feature", "properties": { "内容": "おのみち矯正歯科【3:歯科】広島県尾道市高須町４７７３－３", "url": "https://www.iryou.teikyouseido.mhlw.go.jp/znk-web/juminkanja/S2430/initialize?prefCd=34&kikanCd=3340312400&kikanKbn=3", "url2": "http://www.onomichi-ortho.jp/" }, "geometry": { "type": "Point", "coordinates": [ 133.235014, 34.434468 ] } },
{ "type": "Feature", "properties": { "内容": "ミモザ歯科【3:歯科】広島県広島市安佐南区西原五丁目１３－１４", "url": "https://www.iryou.teikyouseido.mhlw.go.jp/znk-web/juminkanja/S2430/initialize?prefCd=34&kikanCd=3340312530&kikanKbn=3", "url2": "https://mimoza.dental/" }, "geometry": { "type": "Point", "coordinates": [ 132.468138, 34.440676 ] } },
{ "type": "Feature", "properties": { "内容": "広島駅前歯科・矯正歯科【3:歯科】広島県広島市南区松原町１－５　６Ｆ", "url": "https://www.iryou.teikyouseido.mhlw.go.jp/znk-web/juminkanja/S2430/initialize?prefCd=34&kikanCd=3340312660&kikanKbn=3", "url2": "https://ekimae-white.com/kitaguti" }, "geometry": { "type": "Point", "coordinates": [ 132.475483, 34.399137 ] } },
{ "type": "Feature", "properties": { "内容": "みさか歯科・おやこ歯科【3:歯科】広島県福山市南蔵王町一丁目２番２４号", "url": "https://www.iryou.teikyouseido.mhlw.go.jp/znk-web/juminkanja/S2430/initialize?prefCd=34&kikanCd=3340312790&kikanKbn=3", "url2": "https://www.misaka-shika.com/" }, "geometry": { "type": "Point", "coordinates": [ 133.388095, 34.503771 ] } },
{ "type": "Feature", "properties": { "内容": "医療法人　にじいろ歯科　井口にじいろ歯科・矯正歯科【3:歯科】広島県広島市西区井口四丁目７－１８－７　５Ｆ", "url": "https://www.iryou.teikyouseido.mhlw.go.jp/znk-web/juminkanja/S2430/initialize?prefCd=34&kikanCd=3340312820&kikanKbn=3", "url2": null }, "geometry": { "type": "Point", "coordinates": [ 132.374471, 34.370803 ] } },
{ "type": "Feature", "properties": { "内容": "あくたがわ歯科クリニック【3:歯科】広島県広島市南区皆実町二丁目８－４　３Ｆ", "url": "https://www.iryou.teikyouseido.mhlw.go.jp/znk-web/juminkanja/S2430/initialize?prefCd=34&kikanCd=3340312950&kikanKbn=3", "url2": "https://akutagawa-dentalclinic.com/" }, "geometry": { "type": "Point", "coordinates": [ 132.465265, 34.376574 ] } },
{ "type": "Feature", "properties": { "内容": "田中デンタルクリニック【3:歯科】広島県福山市延広町８番１１号", "url": "https://www.iryou.teikyouseido.mhlw.go.jp/znk-web/juminkanja/S2430/initialize?prefCd=34&kikanCd=3340313120&kikanKbn=3", "url2": "https://tanaka-dc-fukuyama.com" }, "geometry": { "type": "Point", "coordinates": [ 133.366587, 34.486357 ] } },
{ "type": "Feature", "properties": { "内容": "医療法人社団健青会銀座青山Ｙｏｕ矯正歯科紙屋町医院【3:歯科】広島県広島市中区紙屋町一丁目２－２２　Ｂ１０２", "url": "https://www.iryou.teikyouseido.mhlw.go.jp/znk-web/juminkanja/S2430/initialize?prefCd=34&kikanCd=3340313250&kikanKbn=3", "url2": null }, "geometry": { "type": "Point", "coordinates": [ 132.458551, 34.394602 ] } },
{ "type": "Feature", "properties": { "内容": "医療法人肇祝会　わかた歯科医院【3:歯科】広島県広島市南区宇品神田５－２０－１３　１０２", "url": "https://www.iryou.teikyouseido.mhlw.go.jp/znk-web/juminkanja/S2430/initialize?prefCd=34&kikanCd=3340313380&kikanKbn=3", "url2": null }, "geometry": { "type": "Point", "coordinates": [ 132.463991, 34.357604 ] } },
{ "type": "Feature", "properties": { "内容": "わかば歯科小児歯科【3:歯科】広島県広島市南区東本浦町１８－２６", "url": "https://www.iryou.teikyouseido.mhlw.go.jp/znk-web/juminkanja/S2430/initialize?prefCd=34&kikanCd=3340313670&kikanKbn=3", "url2": "wakabashika-dt.com" }, "geometry": { "type": "Point", "coordinates": [ 132.491328, 34.37501 ] } },
{ "type": "Feature", "properties": { "内容": "もんでん歯科【3:歯科】広島県福山市三吉町南１丁目１２－１５", "url": "https://www.iryou.teikyouseido.mhlw.go.jp/znk-web/juminkanja/S2430/initialize?prefCd=34&kikanCd=3340313700&kikanKbn=3", "url2": "monden-shika.ci-hp.jp" }, "geometry": { "type": "Point", "coordinates": [ 133.379781, 34.492036 ] } },
{ "type": "Feature", "properties": { "内容": "オリオンこども歯科【3:歯科】広島県福山市本庄町中１丁目２６－１６", "url": "https://www.iryou.teikyouseido.mhlw.go.jp/znk-web/juminkanja/S2430/initialize?prefCd=34&kikanCd=3340313830&kikanKbn=3", "url2": "https://www.orion-kids.com/" }, "geometry": { "type": "Point", "coordinates": [ 133.352929, 34.492676 ] } },
{ "type": "Feature", "properties": { "内容": "ココ歯科【3:歯科】広島県広島市安佐南区長楽寺１丁目３－２０", "url": "https://www.iryou.teikyouseido.mhlw.go.jp/znk-web/juminkanja/S2430/initialize?prefCd=34&kikanCd=3340313960&kikanKbn=3", "url2": "https://www.coco-cica.com" }, "geometry": { "type": "Point", "coordinates": [ 132.43245, 34.47111 ] } },
{ "type": "Feature", "properties": { "内容": "八谷歯科・矯正歯科クリニック【3:歯科】広島県広島市西区楠木町１丁目７－９　１Ｆ", "url": "https://www.iryou.teikyouseido.mhlw.go.jp/znk-web/juminkanja/S2430/initialize?prefCd=34&kikanCd=3340314000&kikanKbn=3", "url2": "ydoc1922.com" }, "geometry": { "type": "Point", "coordinates": [ 132.454605, 34.409427 ] } },
{ "type": "Feature", "properties": { "内容": "まつおか歯科クリニック【3:歯科】広島県広島市東区牛田本町６丁目１－２７　６Ｆ", "url": "https://www.iryou.teikyouseido.mhlw.go.jp/znk-web/juminkanja/S2430/initialize?prefCd=34&kikanCd=3340314130&kikanKbn=3", "url2": "https://matsuoka-den.com" }, "geometry": { "type": "Point", "coordinates": [ 132.46745, 34.415231 ] } },
{ "type": "Feature", "properties": { "内容": "穐山歯科医院【3:歯科】広島県東広島市高屋町中島７５３－１", "url": "https://www.iryou.teikyouseido.mhlw.go.jp/znk-web/juminkanja/S2430/initialize?prefCd=34&kikanCd=3340314390&kikanKbn=3", "url2": "https://akiyama -dental -office.com" }, "geometry": { "type": "Point", "coordinates": [ 132.791859, 34.446472 ] } },
{ "type": "Feature", "properties": { "内容": "かなりあ歯科・小児歯科【3:歯科】広島県廿日市市佐方４丁目３－３６　木原ビル１Ｆ", "url": "https://www.iryou.teikyouseido.mhlw.go.jp/znk-web/juminkanja/S2430/initialize?prefCd=34&kikanCd=3340314550&kikanKbn=3", "url2": "https://www.canary-dc.net/" }, "geometry": { "type": "Point", "coordinates": [ 132.344928, 34.366658 ] } },
{ "type": "Feature", "properties": { "内容": "かわの歯科・こども矯正歯科クリニック【3:歯科】広島県廿日市市佐方４丁目７－１４　アーネストマンション１０１", "url": "https://www.iryou.teikyouseido.mhlw.go.jp/znk-web/juminkanja/S2430/initialize?prefCd=34&kikanCd=3340314680&kikanKbn=3", "url2": "https://www.kawano-dental-clinic.jp/" }, "geometry": { "type": "Point", "coordinates": [ 132.342367, 34.365014 ] } },
{ "type": "Feature", "properties": { "内容": "古市まちのひかり歯科クリニック【3:歯科】広島県広島市安佐南区古市３丁目３０－７", "url": "https://www.iryou.teikyouseido.mhlw.go.jp/znk-web/juminkanja/S2430/initialize?prefCd=34&kikanCd=3340314710&kikanKbn=3", "url2": "http://citylights-dental.com/" }, "geometry": { "type": "Point", "coordinates": [ 132.46847, 34.451621 ] } },
{ "type": "Feature", "properties": { "内容": "医療法人広島もみじ会　あかしあ小児歯科【3:歯科】広島県広島市安佐南区川内５丁目３２－１２", "url": "https://www.iryou.teikyouseido.mhlw.go.jp/znk-web/juminkanja/S2430/initialize?prefCd=34&kikanCd=3340314840&kikanKbn=3", "url2": "https://acacia-dc.org/" }, "geometry": { "type": "Point", "coordinates": [ 132.482145, 34.467288 ] } },
{ "type": "Feature", "properties": { "内容": "ふくやま訪問歯科【3:歯科】広島県福山市西町３丁目１５－２５", "url": "https://www.iryou.teikyouseido.mhlw.go.jp/znk-web/juminkanja/S2430/initialize?prefCd=34&kikanCd=3340314970&kikanKbn=3", "url2": null }, "geometry": { "type": "Point", "coordinates": [ 133.355408, 34.493087 ] } },
{ "type": "Feature", "properties": { "内容": "あおぞら歯科クリニック【3:歯科】広島県広島市安佐南区大町西３丁目１７－３８", "url": "https://www.iryou.teikyouseido.mhlw.go.jp/znk-web/juminkanja/S2430/initialize?prefCd=34&kikanCd=3340315010&kikanKbn=3", "url2": "http://aozoradental.com" }, "geometry": { "type": "Point", "coordinates": [ 132.464632, 34.46326 ] } },
{ "type": "Feature", "properties": { "内容": "ゆめみらい歯科矯正歯科西条【3:歯科】広島県東広島市西条町助実１１７２ー２Ｆ", "url": "https://www.iryou.teikyouseido.mhlw.go.jp/znk-web/juminkanja/S2430/initialize?prefCd=34&kikanCd=3340315140&kikanKbn=3", "url2": null }, "geometry": { "type": "Point", "coordinates": [ 132.768674, 34.419027 ] } },
{ "type": "Feature", "properties": { "内容": "ホワイト歯科往診クリニック【3:歯科】広島県広島市南区東雲本町１丁目１２－２４－１Ｆ", "url": "https://www.iryou.teikyouseido.mhlw.go.jp/znk-web/juminkanja/S2430/initialize?prefCd=34&kikanCd=3340315270&kikanKbn=3", "url2": "www.w-dental.com" }, "geometry": { "type": "Point", "coordinates": [ 132.485226, 34.38027 ] } },
{ "type": "Feature", "properties": { "内容": "医療法人社団裕穂会　さとう歯科【3:歯科】広島県東広島市八本松南２丁目２－８", "url": "https://www.iryou.teikyouseido.mhlw.go.jp/znk-web/juminkanja/S2430/initialize?prefCd=34&kikanCd=3340315300&kikanKbn=3", "url2": "https://www.sato-shika.or.jp/" }, "geometry": { "type": "Point", "coordinates": [ 132.695219, 34.440544 ] } },
{ "type": "Feature", "properties": { "内容": "いとう歯科クリニック【3:歯科】広島県三原市円一町３丁目１３－３", "url": "https://www.iryou.teikyouseido.mhlw.go.jp/znk-web/juminkanja/S2430/initialize?prefCd=34&kikanCd=3340315560&kikanKbn=3", "url2": null }, "geometry": { "type": "Point", "coordinates": [ 133.075742, 34.393297 ] } },
{ "type": "Feature", "properties": { "内容": "つむぎおとなこども歯科【3:歯科】広島県広島市東区戸坂大上１丁目３－５", "url": "https://www.iryou.teikyouseido.mhlw.go.jp/znk-web/juminkanja/S2430/initialize?prefCd=34&kikanCd=3340315720&kikanKbn=3", "url2": "https://tsumugi-otonakodomo-dc.com" }, "geometry": { "type": "Point", "coordinates": [ 132.490711, 34.429914 ] } },
{ "type": "Feature", "properties": { "内容": "尾道あおば歯科クリニック【3:歯科】広島県尾道市高須町４７７８－９", "url": "https://www.iryou.teikyouseido.mhlw.go.jp/znk-web/juminkanja/S2430/initialize?prefCd=34&kikanCd=3340315850&kikanKbn=3", "url2": "https://onomichi-aoba-dental.com/" }, "geometry": { "type": "Point", "coordinates": [ 133.236356, 34.433574 ] } },
{ "type": "Feature", "properties": { "内容": "関野歯科矯正歯科クリニック【3:歯科】広島県広島市中区千田町１－７－６", "url": "https://www.iryou.teikyouseido.mhlw.go.jp/znk-web/juminkanja/S2430/initialize?prefCd=34&kikanCd=3340316020&kikanKbn=3", "url2": "sekino-dentalclinic.com" }, "geometry": { "type": "Point", "coordinates": [ 132.454224, 34.381825 ] } },
{ "type": "Feature", "properties": { "内容": "みどりまちファミリー歯科【3:歯科】広島県広島市南区西翠町２ー７コーポ西翠１Ｆ", "url": "https://www.iryou.teikyouseido.mhlw.go.jp/znk-web/juminkanja/S2430/initialize?prefCd=34&kikanCd=3340316150&kikanKbn=3", "url2": null }, "geometry": { "type": "Point", "coordinates": [ 132.48634, 34.37964 ] } },
{ "type": "Feature", "properties": { "内容": "もえぎ歯科クリニック【3:歯科】広島県広島市安芸区船越南２丁目２０－５", "url": "https://www.iryou.teikyouseido.mhlw.go.jp/znk-web/juminkanja/S2430/initialize?prefCd=34&kikanCd=3340316310&kikanKbn=3", "url2": null }, "geometry": { "type": "Point", "coordinates": [ 132.524394, 34.372097 ] } },
{ "type": "Feature", "properties": { "内容": "ゆうなぎ歯科こども歯科【3:歯科】広島県広島市西区三篠町１丁目３－２０", "url": "https://www.iryou.teikyouseido.mhlw.go.jp/znk-web/juminkanja/S2430/initialize?prefCd=34&kikanCd=3340316600&kikanKbn=3", "url2": "https://yunagi-dental.com/" }, "geometry": { "type": "Point", "coordinates": [ 132.453532, 34.41124 ] } },
{ "type": "Feature", "properties": { "内容": "やおたにデンタルクリニック【3:歯科】広島県廿日市市上平良１２２－１", "url": "https://www.iryou.teikyouseido.mhlw.go.jp/znk-web/juminkanja/S2430/initialize?prefCd=34&kikanCd=3340316730&kikanKbn=3", "url2": "https://yaotani-dental-clinic.com/" }, "geometry": { "type": "Point", "coordinates": [ 132.320445, 34.35531 ] } },
{ "type": "Feature", "properties": { "内容": "はやしだ歯科医院【3:歯科】広島県福山市伊勢丘３丁目１５－２５", "url": "https://www.iryou.teikyouseido.mhlw.go.jp/znk-web/juminkanja/S2430/initialize?prefCd=34&kikanCd=3340316860&kikanKbn=3", "url2": "https://www.hayashida-shikaiin.com/" }, "geometry": { "type": "Point", "coordinates": [ 133.418637, 34.506878 ] } },
{ "type": "Feature", "properties": { "内容": "うえの歯科医院【3:歯科】広島県東広島市西条町田口２９０８－２２", "url": "https://www.iryou.teikyouseido.mhlw.go.jp/znk-web/juminkanja/S2430/initialize?prefCd=34&kikanCd=3340317030&kikanKbn=3", "url2": "https://uenoshikaclinic.jp/" }, "geometry": { "type": "Point", "coordinates": [ 132.740484, 34.391137 ] } },
{ "type": "Feature", "properties": { "内容": "竹腰歯科医院【3:歯科】広島県広島市西区横川町１丁目１１－２４－２０１", "url": "https://www.iryou.teikyouseido.mhlw.go.jp/znk-web/juminkanja/S2430/initialize?prefCd=34&kikanCd=3340317160&kikanKbn=3", "url2": "https://takekoshi-dental.com" }, "geometry": { "type": "Point", "coordinates": [ 132.448692, 34.406459 ] } },
{ "type": "Feature", "properties": { "内容": "はまもと歯科クリニック【3:歯科】広島県広島市中区堺町１丁目４－７", "url": "https://www.iryou.teikyouseido.mhlw.go.jp/znk-web/juminkanja/S2430/initialize?prefCd=34&kikanCd=3340317290&kikanKbn=3", "url2": "https://hamamoto-dc.jp/" }, "geometry": { "type": "Point", "coordinates": [ 132.446776, 34.394803 ] } },
{ "type": "Feature", "properties": { "内容": "いろはデンタルクリニック【3:歯科】広島県広島市西区庚午北３丁目２－２　１０１・１０２", "url": "https://www.iryou.teikyouseido.mhlw.go.jp/znk-web/juminkanja/S2430/initialize?prefCd=34&kikanCd=3340317320&kikanKbn=3", "url2": "https://hiroshimairoha-dc.com/" }, "geometry": { "type": "Point", "coordinates": [ 132.417881, 34.388026 ] } },
{ "type": "Feature", "properties": { "内容": "段原くるみ歯科【3:歯科】広島県広島市南区段原１－３－１１啓愛プラザビル５Ｆ", "url": "https://www.iryou.teikyouseido.mhlw.go.jp/znk-web/juminkanja/S2430/initialize?prefCd=34&kikanCd=3340317450&kikanKbn=3", "url2": "https://danbarakurumishika.jp/access/" }, "geometry": { "type": "Point", "coordinates": [ 132.48634, 34.37964 ] } },
{ "type": "Feature", "properties": { "内容": "温品歯科【3:歯科】広島県広島市東区温品六丁目３－２３", "url": "https://www.iryou.teikyouseido.mhlw.go.jp/znk-web/juminkanja/S2430/initialize?prefCd=34&kikanCd=3340317610&kikanKbn=3", "url2": null }, "geometry": { "type": "Point", "coordinates": [ 132.509713, 34.417733 ] } },
{ "type": "Feature", "properties": { "内容": "ドレミ歯科クリニック【3:歯科】広島県広島市中区鶴見町１３－１２－１０１", "url": "https://www.iryou.teikyouseido.mhlw.go.jp/znk-web/juminkanja/S2430/initialize?prefCd=34&kikanCd=3340317870&kikanKbn=3", "url2": "https://www.doremi-dc.jp" }, "geometry": { "type": "Point", "coordinates": [ 132.464739, 34.384675 ] } },
{ "type": "Feature", "properties": { "内容": "ｓｉｒｏ　ｄｅｎｔａｌ　ｃｌｉｎｉｃ　立町【3:歯科】広島県広島市中区基町１３－１３広島基町ＮＳビル５階", "url": "https://www.iryou.teikyouseido.mhlw.go.jp/znk-web/juminkanja/S2430/initialize?prefCd=34&kikanCd=3340317900&kikanKbn=3", "url2": "https://www.siro-dc.jp/" }, "geometry": { "type": "Point", "coordinates": [ 132.460409, 34.39489 ] } },
{ "type": "Feature", "properties": { "内容": "医療法人あざみ会　あざみクリニック【3:歯科】広島県広島市安佐北区白木町小越２", "url": "https://www.iryou.teikyouseido.mhlw.go.jp/znk-web/juminkanja/S2430/initialize?prefCd=34&kikanCd=3340318040&kikanKbn=3", "url2": null }, "geometry": { "type": "Point", "coordinates": [ 132.662708, 34.549808 ] } },
{ "type": "Feature", "properties": { "内容": "海老山歯科【3:歯科】広島県広島市佐伯区海老山町８－１４－２", "url": "https://www.iryou.teikyouseido.mhlw.go.jp/znk-web/juminkanja/S2430/initialize?prefCd=34&kikanCd=3340318170&kikanKbn=3", "url2": "https://www.kairouyamasika.com/" }, "geometry": { "type": "Point", "coordinates": [ 132.364549, 34.362913 ] } },
{ "type": "Feature", "properties": { "内容": "三原河田歯科【3:歯科】広島県三原市宮浦４－１１－２３", "url": "https://www.iryou.teikyouseido.mhlw.go.jp/znk-web/juminkanja/S2430/initialize?prefCd=34&kikanCd=3340318200&kikanKbn=3", "url2": "https://www.fineteeth.com" }, "geometry": { "type": "Point", "coordinates": [ 133.064333, 34.397916 ] } },
{ "type": "Feature", "properties": { "内容": "アイビー矯正歯科【3:歯科】広島県福山市春日町６丁目７－１９", "url": "https://www.iryou.teikyouseido.mhlw.go.jp/znk-web/juminkanja/S2430/initialize?prefCd=34&kikanCd=3340318460&kikanKbn=3", "url2": "https://www.ivy-ortho.net/" }, "geometry": { "type": "Point", "coordinates": [ 133.410031, 34.506717 ] } },
{ "type": "Feature", "properties": { "内容": "プルメリアデンタルオフィス【3:歯科】広島県広島市中区中町７－３５　和光中町ビル２Ｆ", "url": "https://www.iryou.teikyouseido.mhlw.go.jp/znk-web/juminkanja/S2430/initialize?prefCd=34&kikanCd=3340318590&kikanKbn=3", "url2": "http://www.nakashima-dental.jp" }, "geometry": { "type": "Point", "coordinates": [ 132.456555, 34.390932 ] } },
{ "type": "Feature", "properties": { "内容": "こもれび歯科・小児歯科【3:歯科】広島県広島市西区庚午中１－６－２１原南ビル１０１", "url": "https://www.iryou.teikyouseido.mhlw.go.jp/znk-web/juminkanja/S2430/initialize?prefCd=34&kikanCd=3340318620&kikanKbn=3", "url2": "https://komorebidc.jp" }, "geometry": { "type": "Point", "coordinates": [ 132.41705, 34.385634 ] } },
{ "type": "Feature", "properties": { "内容": "土田歯科医院【3:歯科】広島県東広島市安芸津町三津４３８５番地１", "url": "https://www.iryou.teikyouseido.mhlw.go.jp/znk-web/juminkanja/S2430/initialize?prefCd=34&kikanCd=3340318750&kikanKbn=3", "url2": null }, "geometry": { "type": "Point", "coordinates": [ 132.816675, 34.320242 ] } },
{ "type": "Feature", "properties": { "内容": "もみじ歯科クリニック【3:歯科】広島県福山市御幸町森脇７２４－１", "url": "https://www.iryou.teikyouseido.mhlw.go.jp/znk-web/juminkanja/S2430/initialize?prefCd=34&kikanCd=3340319180&kikanKbn=3", "url2": "https://momijishikaclinic.com/" }, "geometry": { "type": "Point", "coordinates": [ 133.348493, 34.534011 ] } },
{ "type": "Feature", "properties": { "内容": "商工センター歯科クリニック【3:歯科】広島県広島市西区商工センター１－１４－１", "url": "https://www.iryou.teikyouseido.mhlw.go.jp/znk-web/juminkanja/S2430/initialize?prefCd=34&kikanCd=3340319210&kikanKbn=3", "url2": null }, "geometry": { "type": "Point", "coordinates": [ 132.39663, 34.369206 ] } },
{ "type": "Feature", "properties": { "内容": "えみたす歯科・矯正歯科【3:歯科】広島県広島市佐伯区楽々園４－１４－２５イオンタウン楽々園２階", "url": "https://www.iryou.teikyouseido.mhlw.go.jp/znk-web/juminkanja/S2430/initialize?prefCd=34&kikanCd=3340319340&kikanKbn=3", "url2": "https://www.edc-rakurakuen.com/access/" }, "geometry": { "type": "Point", "coordinates": [ 132.353048, 34.362415 ] } },
{ "type": "Feature", "properties": { "内容": "横田歯科医院【3:歯科】広島県広島市東区曙３丁目４－２０", "url": "https://www.iryou.teikyouseido.mhlw.go.jp/znk-web/juminkanja/S2430/initialize?prefCd=34&kikanCd=3340319470&kikanKbn=3", "url2": "http://hashidadentel-clinic.com" }, "geometry": { "type": "Point", "coordinates": [ 132.487271, 34.394282 ] } },
{ "type": "Feature", "properties": { "内容": "宮地デンタルクリニック【3:歯科】広島県広島市東区曙５丁目３ー３２ー３０１", "url": "https://www.iryou.teikyouseido.mhlw.go.jp/znk-web/juminkanja/S2430/initialize?prefCd=34&kikanCd=3340319500&kikanKbn=3", "url2": null }, "geometry": { "type": "Point", "coordinates": [ 132.492179, 34.39424 ] } },
{ "type": "Feature", "properties": { "内容": "ルートル歯科クリニック【3:歯科】広島県廿日市市宮内二丁目１０－３８", "url": "https://www.iryou.teikyouseido.mhlw.go.jp/znk-web/juminkanja/S2430/initialize?prefCd=34&kikanCd=3340319920&kikanKbn=3", "url2": null }, "geometry": { "type": "Point", "coordinates": [ 132.338033, 34.360261 ] } },
{ "type": "Feature", "properties": { "内容": "のがみ歯科クリニック【3:歯科】広島県庄原市板橋町１６０－１", "url": "https://www.iryou.teikyouseido.mhlw.go.jp/znk-web/juminkanja/S2430/initialize?prefCd=34&kikanCd=3340320290&kikanKbn=3", "url2": null }, "geometry": { "type": "Point", "coordinates": [ 133.019247, 34.8501 ] } },
{ "type": "Feature", "properties": { "内容": "早川歯科クリニック【3:歯科】広島県安芸郡府中町緑ケ丘１３番３号", "url": "https://www.iryou.teikyouseido.mhlw.go.jp/znk-web/juminkanja/S2430/initialize?prefCd=34&kikanCd=3340320320&kikanKbn=3", "url2": null }, "geometry": { "type": "Point", "coordinates": [ 132.506563, 34.386061 ] } },
{ "type": "Feature", "properties": { "内容": "おの歯科　しののめ【3:歯科】広島県広島市南区東雲二丁目１７番３１号", "url": "https://www.iryou.teikyouseido.mhlw.go.jp/znk-web/juminkanja/S2430/initialize?prefCd=34&kikanCd=3340320610&kikanKbn=3", "url2": null }, "geometry": { "type": "Point", "coordinates": [ 132.490241, 34.38013 ] } },
{ "type": "Feature", "properties": { "内容": "ゆうゆう歯科クリニック【3:歯科】広島県広島市西区庚午中３丁目１２ー８", "url": "https://www.iryou.teikyouseido.mhlw.go.jp/znk-web/juminkanja/S2430/initialize?prefCd=34&kikanCd=3340320740&kikanKbn=3", "url2": "https://yuyu-dental.com/" }, "geometry": { "type": "Point", "coordinates": [ 132.409478, 34.381607 ] } },
{ "type": "Feature", "properties": { "内容": "未病ケアクリニック【3:歯科】広島県広島市中区上幟町４－８　フレスコ上幟町江盛ビル２Ｆ", "url": "https://www.iryou.teikyouseido.mhlw.go.jp/znk-web/juminkanja/S2430/initialize?prefCd=34&kikanCd=3340320870&kikanKbn=3", "url2": "https://mibyoucareclinic.jp" }, "geometry": { "type": "Point", "coordinates": [ 132.4671, 34.3986 ] } },
{ "type": "Feature", "properties": { "内容": "医療法人社団翔積会　ホワイトデンタルクリニック【3:歯科】広島県安芸郡海田町新町１９番１０号", "url": "https://www.iryou.teikyouseido.mhlw.go.jp/znk-web/juminkanja/S2430/initialize?prefCd=34&kikanCd=3340320900&kikanKbn=3", "url2": null }, "geometry": { "type": "Point", "coordinates": [ 132.53079, 34.372582 ] } },
{ "type": "Feature", "properties": { "内容": "三島歯科医院【3:歯科】広島県廿日市市廿日市２－３－１７", "url": "https://www.iryou.teikyouseido.mhlw.go.jp/znk-web/juminkanja/S2430/initialize?prefCd=34&kikanCd=3340321620&kikanKbn=3", "url2": "http://mishima.dentalmall.jp" }, "geometry": { "type": "Point", "coordinates": [ 132.337095, 34.356372 ] } }
]
}
