{
"type": "FeatureCollection",
"name": "geo_34_5",
"crs": { "type": "name", "properties": { "name": "urn:ogc:def:crs:OGC:1.3:CRS84" } },
"features": [
{ "type": "Feature", "properties": { "内容": "橋本薬局【5:薬局】広島県広島市中区白島北町１０番１３号", "url": "https://www.iryou.teikyouseido.mhlw.go.jp/znk-web/juminkanja/S2430/initialize?prefCd=34&kikanCd=7340000010&kikanKbn=5", "url2": null }, "geometry": { "type": "Point", "coordinates": [ 132.463567, 34.408981 ] } },
{ "type": "Feature", "properties": { "内容": "中野薬局　白島店【5:薬局】広島県広島市中区白島北町７番８号", "url": "https://www.iryou.teikyouseido.mhlw.go.jp/znk-web/juminkanja/S2430/initialize?prefCd=34&kikanCd=7340000020&kikanKbn=5", "url2": null }, "geometry": { "type": "Point", "coordinates": [ 132.462827, 34.410253 ] } },
{ "type": "Feature", "properties": { "内容": "めいぷる薬局【5:薬局】広島県広島市中区白島北町１７－１　原田フラットビル１階", "url": "https://www.iryou.teikyouseido.mhlw.go.jp/znk-web/juminkanja/S2430/initialize?prefCd=34&kikanCd=7340000030&kikanKbn=5", "url2": null }, "geometry": { "type": "Point", "coordinates": [ 132.461928, 34.40862 ] } },
{ "type": "Feature", "properties": { "内容": "コスモ薬局　白島店【5:薬局】広島県広島市中区白島北町１０番４号　アスタービル　１Ｆ", "url": "https://www.iryou.teikyouseido.mhlw.go.jp/znk-web/juminkanja/S2430/initialize?prefCd=34&kikanCd=7340000040&kikanKbn=5", "url2": null }, "geometry": { "type": "Point", "coordinates": [ 132.463733, 34.409703 ] } },
{ "type": "Feature", "properties": { "内容": "ひとみ薬局【5:薬局】広島県広島市中区基町１８－４－２", "url": "https://www.iryou.teikyouseido.mhlw.go.jp/znk-web/juminkanja/S2430/initialize?prefCd=34&kikanCd=7340000170&kikanKbn=5", "url2": null }, "geometry": { "type": "Point", "coordinates": [ 132.454901, 34.403426 ] } },
{ "type": "Feature", "properties": { "内容": "ドラッグプラスアルファ薬局【5:薬局】広島県広島市中区基町６番７８号ＮＴＴクレド基町ビルパセーラＢ１Ｆ", "url": "https://www.iryou.teikyouseido.mhlw.go.jp/znk-web/juminkanja/S2430/initialize?prefCd=34&kikanCd=7340000180&kikanKbn=5", "url2": null }, "geometry": { "type": "Point", "coordinates": [ 132.456957, 34.397065 ] } },
{ "type": "Feature", "properties": { "内容": "センター薬局【5:薬局】広島県広島市中区基町６－２７アクアセンター街８階", "url": "https://www.iryou.teikyouseido.mhlw.go.jp/znk-web/juminkanja/S2430/initialize?prefCd=34&kikanCd=7340000210&kikanKbn=5", "url2": null }, "geometry": { "type": "Point", "coordinates": [ 132.457151, 34.395899 ] } },
{ "type": "Feature", "properties": { "内容": "コスモス薬局　グランドタワー店【5:薬局】広島県広島市中区上八丁堀４－１　アーバングランドタワー１Ｆ", "url": "https://www.iryou.teikyouseido.mhlw.go.jp/znk-web/juminkanja/S2430/initialize?prefCd=34&kikanCd=7340000230&kikanKbn=5", "url2": "http://www.reliance-cosmos.co.jp/" }, "geometry": { "type": "Point", "coordinates": [ 132.464512, 34.399454 ] } },
{ "type": "Feature", "properties": { "内容": "コスモス薬局　チュリス八丁堀店【5:薬局】広島県広島市中区八丁堀６－７　チュリス八丁堀１Ｆ", "url": "https://www.iryou.teikyouseido.mhlw.go.jp/znk-web/juminkanja/S2430/initialize?prefCd=34&kikanCd=7340000250&kikanKbn=5", "url2": "http://www.reliance-cosmos.co.jp/" }, "geometry": { "type": "Point", "coordinates": [ 132.463623, 34.395843 ] } },
{ "type": "Feature", "properties": { "内容": "有限会社　タケダ薬局【5:薬局】広島県広島市中区八丁堀１１－１５　最上ビル１Ｆ", "url": "https://www.iryou.teikyouseido.mhlw.go.jp/znk-web/juminkanja/S2430/initialize?prefCd=34&kikanCd=7340000260&kikanKbn=5", "url2": "http://www.takeda-pharmacy.jp/" }, "geometry": { "type": "Point", "coordinates": [ 132.462238, 34.394936 ] } },
{ "type": "Feature", "properties": { "内容": "ハーティ薬局幟町店【5:薬局】広島県広島市中区幟町１３－４　広島マツダビル１階", "url": "https://www.iryou.teikyouseido.mhlw.go.jp/znk-web/juminkanja/S2430/initialize?prefCd=34&kikanCd=7340000330&kikanKbn=5", "url2": "http://www.e-b-s.co.jp/company/tenpo.html" }, "geometry": { "type": "Point", "coordinates": [ 132.465567, 34.393677 ] } },
{ "type": "Feature", "properties": { "内容": "コスモス八丁堀薬局【5:薬局】広島県広島市中区鉄砲町１０－１８", "url": "https://www.iryou.teikyouseido.mhlw.go.jp/znk-web/juminkanja/S2430/initialize?prefCd=34&kikanCd=7340000380&kikanKbn=5", "url2": "http://www.reliance-cosmos.co.jp/" }, "geometry": { "type": "Point", "coordinates": [ 132.463845, 34.394177 ] } },
{ "type": "Feature", "properties": { "内容": "ウォンツ薬局　鉄砲町店【5:薬局】広島県広島市中区鉄砲町９－１０", "url": "https://www.iryou.teikyouseido.mhlw.go.jp/znk-web/juminkanja/S2430/initialize?prefCd=34&kikanCd=7340000390&kikanKbn=5", "url2": "https://www.wants.co.jp/" }, "geometry": { "type": "Point", "coordinates": [ 132.464623, 34.394233 ] } },
{ "type": "Feature", "properties": { "内容": "大学薬局　薬研堀店【5:薬局】広島県広島市中区薬研堀５－１６", "url": "https://www.iryou.teikyouseido.mhlw.go.jp/znk-web/juminkanja/S2430/initialize?prefCd=34&kikanCd=7340000420&kikanKbn=5", "url2": null }, "geometry": { "type": "Point", "coordinates": [ 132.465345, 34.390622 ] } },
{ "type": "Feature", "properties": { "内容": "有限会社　中国薬局【5:薬局】広島県広島市中区流川町２－３", "url": "https://www.iryou.teikyouseido.mhlw.go.jp/znk-web/juminkanja/S2430/initialize?prefCd=34&kikanCd=7340000440&kikanKbn=5", "url2": null }, "geometry": { "type": "Point", "coordinates": [ 132.464123, 34.391761 ] } },
{ "type": "Feature", "properties": { "内容": "コスモス薬局　紙屋町店【5:薬局】広島県広島市中区紙屋町二丁目２番６号", "url": "https://www.iryou.teikyouseido.mhlw.go.jp/znk-web/juminkanja/S2430/initialize?prefCd=34&kikanCd=7340000480&kikanKbn=5", "url2": "http://www.reliance-cosmos.co.jp/" }, "geometry": { "type": "Point", "coordinates": [ 132.45704, 34.394371 ] } },
{ "type": "Feature", "properties": { "内容": "コスモス薬局　紙屋町東店【5:薬局】広島県広島市中区紙屋町一丁目１－１７　広島ミッドタウンビル１階", "url": "https://www.iryou.teikyouseido.mhlw.go.jp/znk-web/juminkanja/S2430/initialize?prefCd=34&kikanCd=7340000500&kikanKbn=5", "url2": "http://www.reliance-cosmos.co.jp/" }, "geometry": { "type": "Point", "coordinates": [ 132.459401, 34.394594 ] } },
{ "type": "Feature", "properties": { "内容": "立町薬局【5:薬局】広島県広島市中区立町４番２号大橋ビル２階", "url": "https://www.iryou.teikyouseido.mhlw.go.jp/znk-web/juminkanja/S2430/initialize?prefCd=34&kikanCd=7340000550&kikanKbn=5", "url2": "https://tatemachi-fm.com" }, "geometry": { "type": "Point", "coordinates": [ 132.460901, 34.39376 ] } },
{ "type": "Feature", "properties": { "内容": "レモン薬局【5:薬局】広島県広島市中区新天地５－１２－１Ｆ", "url": "https://www.iryou.teikyouseido.mhlw.go.jp/znk-web/juminkanja/S2430/initialize?prefCd=34&kikanCd=7340000560&kikanKbn=5", "url2": null }, "geometry": { "type": "Point", "coordinates": [ 132.461734, 34.391261 ] } },
{ "type": "Feature", "properties": { "内容": "アプコ調剤薬局【5:薬局】広島県広島市中区新天地４－６　赤松ビル１Ｆ", "url": "https://www.iryou.teikyouseido.mhlw.go.jp/znk-web/juminkanja/S2430/initialize?prefCd=34&kikanCd=7340000570&kikanKbn=5", "url2": "http://www.apco-group.jp/outline/" }, "geometry": { "type": "Point", "coordinates": [ 132.46154, 34.391649 ] } },
{ "type": "Feature", "properties": { "内容": "赤松薬局【5:薬局】広島県広島市中区本通８番２９号", "url": "https://www.iryou.teikyouseido.mhlw.go.jp/znk-web/juminkanja/S2430/initialize?prefCd=34&kikanCd=7340000600&kikanKbn=5", "url2": "http://www.aka-matsu.co.jp/" }, "geometry": { "type": "Point", "coordinates": [ 132.458623, 34.394038 ] } },
{ "type": "Feature", "properties": { "内容": "すずらん薬局【5:薬局】広島県広島市中区袋町４－６", "url": "https://www.iryou.teikyouseido.mhlw.go.jp/znk-web/juminkanja/S2430/initialize?prefCd=34&kikanCd=7340000620&kikanKbn=5", "url2": "http://horon-suzuran.co.jp/new/tenpo-detail/fukuromachi/" }, "geometry": { "type": "Point", "coordinates": [ 132.458012, 34.391955 ] } },
{ "type": "Feature", "properties": { "内容": "エスマイル薬局なか調剤店【5:薬局】広島県広島市中区国泰寺町一丁目５番１８号", "url": "https://www.iryou.teikyouseido.mhlw.go.jp/znk-web/juminkanja/S2430/initialize?prefCd=34&kikanCd=7340000650&kikanKbn=5", "url2": "http://www.ssmile.co.jp/" }, "geometry": { "type": "Point", "coordinates": [ 132.455568, 34.385983 ] } },
{ "type": "Feature", "properties": { "内容": "たかの橋薬局【5:薬局】広島県広島市中区国泰寺町２－４－２１", "url": "https://www.iryou.teikyouseido.mhlw.go.jp/znk-web/juminkanja/S2430/initialize?prefCd=34&kikanCd=7340000660&kikanKbn=5", "url2": null }, "geometry": { "type": "Point", "coordinates": [ 132.454041, 34.383817 ] } },
{ "type": "Feature", "properties": { "内容": "フジミ薬局【5:薬局】広島県広島市中区富士見町５－５", "url": "https://www.iryou.teikyouseido.mhlw.go.jp/znk-web/juminkanja/S2430/initialize?prefCd=34&kikanCd=7340000680&kikanKbn=5", "url2": "https://hongou.info" }, "geometry": { "type": "Point", "coordinates": [ 132.461068, 34.386983 ] } },
{ "type": "Feature", "properties": { "内容": "有限会社　デポ薬局【5:薬局】広島県広島市中区富士見町１２－１５　ハイネス原野１Ｆ", "url": "https://www.iryou.teikyouseido.mhlw.go.jp/znk-web/juminkanja/S2430/initialize?prefCd=34&kikanCd=7340000690&kikanKbn=5", "url2": null }, "geometry": { "type": "Point", "coordinates": [ 132.460651, 34.386372 ] } },
{ "type": "Feature", "properties": { "内容": "富士見町りんご薬局【5:薬局】広島県広島市中区富士見町　２－２０　チサンマンション１０１", "url": "https://www.iryou.teikyouseido.mhlw.go.jp/znk-web/juminkanja/S2430/initialize?prefCd=34&kikanCd=7340000700&kikanKbn=5", "url2": null }, "geometry": { "type": "Point", "coordinates": [ 132.46254, 34.387372 ] } },
{ "type": "Feature", "properties": { "内容": "アスト薬局【5:薬局】広島県広島市中区鶴見町１４番２号清水ビル１０１号", "url": "https://www.iryou.teikyouseido.mhlw.go.jp/znk-web/juminkanja/S2430/initialize?prefCd=34&kikanCd=7340000720&kikanKbn=5", "url2": "https://www.kusurinomadoguchi.com/hiroshima/s56004" }, "geometry": { "type": "Point", "coordinates": [ 132.465429, 34.384289 ] } },
{ "type": "Feature", "properties": { "内容": "ひらのばし薬局【5:薬局】広島県広島市中区南竹屋町３番１５号　第一タカズミビル１Ｆ", "url": "https://www.iryou.teikyouseido.mhlw.go.jp/znk-web/juminkanja/S2430/initialize?prefCd=34&kikanCd=7340000730&kikanKbn=5", "url2": "http://www.takazumi.co.jp/" }, "geometry": { "type": "Point", "coordinates": [ 132.460045, 34.382589 ] } },
{ "type": "Feature", "properties": { "内容": "大手町調剤薬局【5:薬局】広島県広島市中区大手町三丁目１３番８号　ホンキョウジビル１階", "url": "https://www.iryou.teikyouseido.mhlw.go.jp/znk-web/juminkanja/S2430/initialize?prefCd=34&kikanCd=7340000780&kikanKbn=5", "url2": null }, "geometry": { "type": "Point", "coordinates": [ 132.453874, 34.386428 ] } },
{ "type": "Feature", "properties": { "内容": "コスモ薬局【5:薬局】広島県広島市中区大手町三丁目６－４　カルチェ大手町１Ｆ", "url": "https://www.iryou.teikyouseido.mhlw.go.jp/znk-web/juminkanja/S2430/initialize?prefCd=34&kikanCd=7340000810&kikanKbn=5", "url2": null }, "geometry": { "type": "Point", "coordinates": [ 132.454235, 34.388011 ] } },
{ "type": "Feature", "properties": { "内容": "ベスト薬局　大手町店【5:薬局】広島県広島市中区大手町五丁目２－２２山陽第二ビル１０２号", "url": "https://www.iryou.teikyouseido.mhlw.go.jp/znk-web/juminkanja/S2430/initialize?prefCd=34&kikanCd=7340000820&kikanKbn=5", "url2": null }, "geometry": { "type": "Point", "coordinates": [ 132.452235, 34.384678 ] } },
{ "type": "Feature", "properties": { "内容": "すずらん薬局　大手町店【5:薬局】広島県広島市中区大手町一丁目５番２２号", "url": "https://www.iryou.teikyouseido.mhlw.go.jp/znk-web/juminkanja/S2430/initialize?prefCd=34&kikanCd=7340000830&kikanKbn=5", "url2": "http://horon-suzuran.co.jp/new/tenpo-detail/otemachi/" }, "geometry": { "type": "Point", "coordinates": [ 132.454758, 34.394503 ] } },
{ "type": "Feature", "properties": { "内容": "株式会社　風行【5:薬局】広島県広島市中区千田町３－９－１５", "url": "https://www.iryou.teikyouseido.mhlw.go.jp/znk-web/juminkanja/S2430/initialize?prefCd=34&kikanCd=7340000890&kikanKbn=5", "url2": null }, "geometry": { "type": "Point", "coordinates": [ 132.458235, 34.375679 ] } },
{ "type": "Feature", "properties": { "内容": "ウォンツ薬局　日赤病院前店【5:薬局】広島県広島市中区千田町一丁目７－１０", "url": "https://www.iryou.teikyouseido.mhlw.go.jp/znk-web/juminkanja/S2430/initialize?prefCd=34&kikanCd=7340000900&kikanKbn=5", "url2": "https://www.wants.co.jp/" }, "geometry": { "type": "Point", "coordinates": [ 132.454263, 34.381678 ] } },
{ "type": "Feature", "properties": { "内容": "かりん薬局【5:薬局】広島県広島市中区千田町一丁目７－１１", "url": "https://www.iryou.teikyouseido.mhlw.go.jp/znk-web/juminkanja/S2430/initialize?prefCd=34&kikanCd=7340000910&kikanKbn=5", "url2": null }, "geometry": { "type": "Point", "coordinates": [ 132.454235, 34.381595 ] } },
{ "type": "Feature", "properties": { "内容": "森薬盛堂薬局【5:薬局】広島県広島市中区千田町　３－１１－３", "url": "https://www.iryou.teikyouseido.mhlw.go.jp/znk-web/juminkanja/S2430/initialize?prefCd=34&kikanCd=7340000960&kikanKbn=5", "url2": null }, "geometry": { "type": "Point", "coordinates": [ 132.458846, 34.37579 ] } },
{ "type": "Feature", "properties": { "内容": "あおぞら薬局　電車通り店【5:薬局】広島県広島市中区千田町１丁目９－５", "url": "https://www.iryou.teikyouseido.mhlw.go.jp/znk-web/juminkanja/S2430/initialize?prefCd=34&kikanCd=7340000970&kikanKbn=5", "url2": null }, "geometry": { "type": "Point", "coordinates": [ 132.455152, 34.381484 ] } },
{ "type": "Feature", "properties": { "内容": "あいおい橋薬局【5:薬局】広島県広島市中区本川町一丁目１－２６　山根ビル１階", "url": "https://www.iryou.teikyouseido.mhlw.go.jp/znk-web/juminkanja/S2430/initialize?prefCd=34&kikanCd=7340001000&kikanKbn=5", "url2": "https://www.link-nets.com/pharmacy/2184" }, "geometry": { "type": "Point", "coordinates": [ 132.450929, 34.39651 ] } },
{ "type": "Feature", "properties": { "内容": "寺町漢方薬局【5:薬局】広島県広島市中区広瀬北町８－２", "url": "https://www.iryou.teikyouseido.mhlw.go.jp/znk-web/juminkanja/S2430/initialize?prefCd=34&kikanCd=7340001010&kikanKbn=5", "url2": "http://www.kigusuri.com/shop/teramachi-kanpou/" }, "geometry": { "type": "Point", "coordinates": [ 132.448207, 34.402342 ] } },
{ "type": "Feature", "properties": { "内容": "スミイ薬局【5:薬局】広島県広島市中区西十日市町１－２", "url": "https://www.iryou.teikyouseido.mhlw.go.jp/znk-web/juminkanja/S2430/initialize?prefCd=34&kikanCd=7340001050&kikanKbn=5", "url2": null }, "geometry": { "type": "Point", "coordinates": [ 132.44718, 34.398732 ] } },
{ "type": "Feature", "properties": { "内容": "有限会社　ウエムラ調剤薬局【5:薬局】広島県広島市中区住吉町８－２", "url": "https://www.iryou.teikyouseido.mhlw.go.jp/znk-web/juminkanja/S2430/initialize?prefCd=34&kikanCd=7340001080&kikanKbn=5", "url2": null }, "geometry": { "type": "Point", "coordinates": [ 132.44893, 34.384122 ] } },
{ "type": "Feature", "properties": { "内容": "すずらん薬局　吉島店【5:薬局】広島県広島市中区吉島東１丁目４－１７", "url": "https://www.iryou.teikyouseido.mhlw.go.jp/znk-web/juminkanja/S2430/initialize?prefCd=34&kikanCd=7340001110&kikanKbn=5", "url2": "http://horon-suzuran.co.jp/new/tenpo-detail/yoshijima/" }, "geometry": { "type": "Point", "coordinates": [ 132.449569, 34.376567 ] } },
{ "type": "Feature", "properties": { "内容": "そらいろ薬局　吉島店【5:薬局】広島県広島市中区吉島東一丁目２３－１０", "url": "https://www.iryou.teikyouseido.mhlw.go.jp/znk-web/juminkanja/S2430/initialize?prefCd=34&kikanCd=7340001120&kikanKbn=5", "url2": null }, "geometry": { "type": "Point", "coordinates": [ 132.450431, 34.372735 ] } },
{ "type": "Feature", "properties": { "内容": "ウォンツ　吉島薬局【5:薬局】広島県広島市中区吉島西二丁目１５－１２", "url": "https://www.iryou.teikyouseido.mhlw.go.jp/znk-web/juminkanja/S2430/initialize?prefCd=34&kikanCd=7340001140&kikanKbn=5", "url2": "https://www.wants.co.jp/" }, "geometry": { "type": "Point", "coordinates": [ 132.445126, 34.372929 ] } },
{ "type": "Feature", "properties": { "内容": "光南薬局【5:薬局】広島県広島市中区光南１丁目１３－１１", "url": "https://www.iryou.teikyouseido.mhlw.go.jp/znk-web/juminkanja/S2430/initialize?prefCd=34&kikanCd=7340001160&kikanKbn=5", "url2": null }, "geometry": { "type": "Point", "coordinates": [ 132.448089, 34.366547 ] } },
{ "type": "Feature", "properties": { "内容": "有限会社鞍掛薬局【5:薬局】広島県広島市中区光南一丁目１６－２１", "url": "https://www.iryou.teikyouseido.mhlw.go.jp/znk-web/juminkanja/S2430/initialize?prefCd=34&kikanCd=7340001180&kikanKbn=5", "url2": "https://kurakake-pharmacy.co.jp" }, "geometry": { "type": "Point", "coordinates": [ 132.446292, 34.367374 ] } },
{ "type": "Feature", "properties": { "内容": "有限会社　ホケン薬局【5:薬局】広島県広島市中区江波本町１５－１４", "url": "https://www.iryou.teikyouseido.mhlw.go.jp/znk-web/juminkanja/S2430/initialize?prefCd=34&kikanCd=7340001200&kikanKbn=5", "url2": "http://hoken-y.com/" }, "geometry": { "type": "Point", "coordinates": [ 132.43471, 34.368401 ] } },
{ "type": "Feature", "properties": { "内容": "わかば薬局【5:薬局】広島県広島市中区舟入中町８番６号", "url": "https://www.iryou.teikyouseido.mhlw.go.jp/znk-web/juminkanja/S2430/initialize?prefCd=34&kikanCd=7340001270&kikanKbn=5", "url2": null }, "geometry": { "type": "Point", "coordinates": [ 132.443069, 34.386816 ] } },
{ "type": "Feature", "properties": { "内容": "有限会社エヌ・イー・ピー　舟入本町調剤薬局【5:薬局】広島県広島市中区舟入本町１５－１９", "url": "https://www.iryou.teikyouseido.mhlw.go.jp/znk-web/juminkanja/S2430/initialize?prefCd=34&kikanCd=7340001310&kikanKbn=5", "url2": null }, "geometry": { "type": "Point", "coordinates": [ 132.443375, 34.385066 ] } },
{ "type": "Feature", "properties": { "内容": "有限会社　ウエスギ薬局【5:薬局】広島県広島市中区舟入南　１－３－１４", "url": "https://www.iryou.teikyouseido.mhlw.go.jp/znk-web/juminkanja/S2430/initialize?prefCd=34&kikanCd=7340001350&kikanKbn=5", "url2": "uesugi-p.com" }, "geometry": { "type": "Point", "coordinates": [ 132.43957, 34.380122 ] } },
{ "type": "Feature", "properties": { "内容": "濱崎漢方薬局【5:薬局】広島県広島市中区舟入南五丁目６－１２　山中ビル１Ｆ", "url": "https://www.iryou.teikyouseido.mhlw.go.jp/znk-web/juminkanja/S2430/initialize?prefCd=34&kikanCd=7340001360&kikanKbn=5", "url2": "https://sites.google.com/view/hama-c-pha/" }, "geometry": { "type": "Point", "coordinates": [ 132.437154, 34.37454 ] } },
{ "type": "Feature", "properties": { "内容": "ドレミ薬局【5:薬局】広島県広島市中区舟入南四丁目５－３", "url": "https://www.iryou.teikyouseido.mhlw.go.jp/znk-web/juminkanja/S2430/initialize?prefCd=34&kikanCd=7340001370&kikanKbn=5", "url2": "https://www.nexus-g.jp" }, "geometry": { "type": "Point", "coordinates": [ 132.438459, 34.377678 ] } },
{ "type": "Feature", "properties": { "内容": "有限会社エヌ・イー・ピー　さくら薬局【5:薬局】広島県広島市中区猫屋町１－１６　吉田ビル１階", "url": "https://www.iryou.teikyouseido.mhlw.go.jp/znk-web/juminkanja/S2430/initialize?prefCd=34&kikanCd=7340001410&kikanKbn=5", "url2": null }, "geometry": { "type": "Point", "coordinates": [ 132.449096, 34.395288 ] } },
{ "type": "Feature", "properties": { "内容": "キララ薬局　白島店【5:薬局】広島県広島市中区東白島町８番１９号　中津井ビル１階", "url": "https://www.iryou.teikyouseido.mhlw.go.jp/znk-web/juminkanja/S2430/initialize?prefCd=34&kikanCd=7340001420&kikanKbn=5", "url2": "https://www.nexus-g.jp" }, "geometry": { "type": "Point", "coordinates": [ 132.465994, 34.405806 ] } },
{ "type": "Feature", "properties": { "内容": "有限会社　ライカ薬局　河原町薬局【5:薬局】広島県広島市中区河原町　１１－１９", "url": "https://www.iryou.teikyouseido.mhlw.go.jp/znk-web/juminkanja/S2430/initialize?prefCd=34&kikanCd=7340001450&kikanKbn=5", "url2": null }, "geometry": { "type": "Point", "coordinates": [ 132.446014, 34.389455 ] } },
{ "type": "Feature", "properties": { "内容": "八木薬局【5:薬局】広島県広島市安佐南区八木町五丁目５番１３号", "url": "https://www.iryou.teikyouseido.mhlw.go.jp/znk-web/juminkanja/S2430/initialize?prefCd=34&kikanCd=7340001460&kikanKbn=5", "url2": "yagiyaku.@.cure.ocn.ne.jp" }, "geometry": { "type": "Point", "coordinates": [ 132.4967, 34.481613 ] } },
{ "type": "Feature", "properties": { "内容": "かえで薬局【5:薬局】広島県広島市安佐南区八木四丁目６－７", "url": "https://www.iryou.teikyouseido.mhlw.go.jp/znk-web/juminkanja/S2430/initialize?prefCd=34&kikanCd=7340001490&kikanKbn=5", "url2": "https://hongou.info" }, "geometry": { "type": "Point", "coordinates": [ 132.497394, 34.483085 ] } },
{ "type": "Feature", "properties": { "内容": "あかね薬局　八木店【5:薬局】広島県広島市安佐南区八木８－１１－１１", "url": "https://www.iryou.teikyouseido.mhlw.go.jp/znk-web/juminkanja/S2430/initialize?prefCd=34&kikanCd=7340001500&kikanKbn=5", "url2": "https://www.link-nets.com" }, "geometry": { "type": "Point", "coordinates": [ 132.50604, 34.491177 ] } },
{ "type": "Feature", "properties": { "内容": "みやもと薬局【5:薬局】広島県広島市安佐南区川内六丁目４２－２４", "url": "https://www.iryou.teikyouseido.mhlw.go.jp/znk-web/juminkanja/S2430/initialize?prefCd=34&kikanCd=7340001510&kikanKbn=5", "url2": null }, "geometry": { "type": "Point", "coordinates": [ 132.486673, 34.470558 ] } },
{ "type": "Feature", "properties": { "内容": "ミント薬局　川内店【5:薬局】広島県広島市安佐南区川内五丁目３１－１０", "url": "https://www.iryou.teikyouseido.mhlw.go.jp/znk-web/juminkanja/S2430/initialize?prefCd=34&kikanCd=7340001540&kikanKbn=5", "url2": "http://www.mint-pharmacy.jp" }, "geometry": { "type": "Point", "coordinates": [ 132.483285, 34.468114 ] } },
{ "type": "Feature", "properties": { "内容": "健光堂薬局【5:薬局】広島県広島市安佐南区緑井二丁目１７－８－１", "url": "https://www.iryou.teikyouseido.mhlw.go.jp/znk-web/juminkanja/S2430/initialize?prefCd=34&kikanCd=7340001570&kikanKbn=5", "url2": null }, "geometry": { "type": "Point", "coordinates": [ 132.47273, 34.466114 ] } },
{ "type": "Feature", "properties": { "内容": "コスモス薬局　緑井店【5:薬局】広島県広島市安佐南区緑井二丁目１２－２６　１０１", "url": "https://www.iryou.teikyouseido.mhlw.go.jp/znk-web/juminkanja/S2430/initialize?prefCd=34&kikanCd=7340001580&kikanKbn=5", "url2": "http://www.reliance-cosmos.co.jp/" }, "geometry": { "type": "Point", "coordinates": [ 132.470341, 34.467586 ] } },
{ "type": "Feature", "properties": { "内容": "エスマイル薬局緑井店【5:薬局】広島県広島市安佐南区緑井一丁目５－１－２０２号室", "url": "https://www.iryou.teikyouseido.mhlw.go.jp/znk-web/juminkanja/S2430/initialize?prefCd=34&kikanCd=7340001600&kikanKbn=5", "url2": "http://www.ssmile.co.jp" }, "geometry": { "type": "Point", "coordinates": [ 132.475424, 34.466225 ] } },
{ "type": "Feature", "properties": { "内容": "オズ薬局　緑井店【5:薬局】広島県広島市安佐南区緑井三丁目１４－８", "url": "https://www.iryou.teikyouseido.mhlw.go.jp/znk-web/juminkanja/S2430/initialize?prefCd=34&kikanCd=7340001610&kikanKbn=5", "url2": null }, "geometry": { "type": "Point", "coordinates": [ 132.467591, 34.468836 ] } },
{ "type": "Feature", "properties": { "内容": "佐々木薬局【5:薬局】広島県広島市安佐南区西原五丁目１９番１４－４川成ビル１０３号室", "url": "https://www.iryou.teikyouseido.mhlw.go.jp/znk-web/juminkanja/S2430/initialize?prefCd=34&kikanCd=7340001630&kikanKbn=5", "url2": "sasakikanpou.sakura.ne.jp" }, "geometry": { "type": "Point", "coordinates": [ 132.466593, 34.438783 ] } },
{ "type": "Feature", "properties": { "内容": "まえだ薬局　西原店【5:薬局】広島県広島市安佐南区西原一丁目２５－３９－４", "url": "https://www.iryou.teikyouseido.mhlw.go.jp/znk-web/juminkanja/S2430/initialize?prefCd=34&kikanCd=7340001660&kikanKbn=5", "url2": "http://kusurishop.com/" }, "geometry": { "type": "Point", "coordinates": [ 132.462427, 34.432895 ] } },
{ "type": "Feature", "properties": { "内容": "有限会社　加藤薬局　にしはらの加藤薬局【5:薬局】広島県広島市安佐南区西原六丁目２－１６", "url": "https://www.iryou.teikyouseido.mhlw.go.jp/znk-web/juminkanja/S2430/initialize?prefCd=34&kikanCd=7340001680&kikanKbn=5", "url2": "https://www.kato-ph.jp/store.html#002" }, "geometry": { "type": "Point", "coordinates": [ 132.472815, 34.441172 ] } },
{ "type": "Feature", "properties": { "内容": "有限会社　加藤薬局　ぎおんの加藤薬局【5:薬局】広島県広島市安佐南区西原四丁目１０－１４", "url": "https://www.iryou.teikyouseido.mhlw.go.jp/znk-web/juminkanja/S2430/initialize?prefCd=34&kikanCd=7340001700&kikanKbn=5", "url2": "https://www.kato-ph.jp" }, "geometry": { "type": "Point", "coordinates": [ 132.467732, 34.438006 ] } },
{ "type": "Feature", "properties": { "内容": "ドレミ薬局【5:薬局】広島県広島市安佐南区中須二丁目２０－４０", "url": "https://www.iryou.teikyouseido.mhlw.go.jp/znk-web/juminkanja/S2430/initialize?prefCd=34&kikanCd=7340001720&kikanKbn=5", "url2": "http://www.harmony-co.jp" }, "geometry": { "type": "Point", "coordinates": [ 132.475147, 34.460531 ] } },
{ "type": "Feature", "properties": { "内容": "ナカス薬局【5:薬局】広島県広島市安佐南区中須一丁目１６－５", "url": "https://www.iryou.teikyouseido.mhlw.go.jp/znk-web/juminkanja/S2430/initialize?prefCd=34&kikanCd=7340001730&kikanKbn=5", "url2": "http://www.mikk-ligar.com/" }, "geometry": { "type": "Point", "coordinates": [ 132.470953, 34.456365 ] } },
{ "type": "Feature", "properties": { "内容": "有限会社加藤薬局　本店【5:薬局】広島県広島市安佐南区中筋３丁目２６－９", "url": "https://www.iryou.teikyouseido.mhlw.go.jp/znk-web/juminkanja/S2430/initialize?prefCd=34&kikanCd=7340001740&kikanKbn=5", "url2": "http://www.kato-ph.jp" }, "geometry": { "type": "Point", "coordinates": [ 132.478345, 34.452334 ] } },
{ "type": "Feature", "properties": { "内容": "中筋アトム薬局【5:薬局】広島県広島市安佐南区中筋一丁目３番１１号　１Ｆ", "url": "https://www.iryou.teikyouseido.mhlw.go.jp/znk-web/juminkanja/S2430/initialize?prefCd=34&kikanCd=7340001780&kikanKbn=5", "url2": "http://www.kato-ph.jp" }, "geometry": { "type": "Point", "coordinates": [ 132.477082, 34.453185 ] } },
{ "type": "Feature", "properties": { "内容": "有限会社　加藤薬局　加藤古市薬局【5:薬局】広島県広島市安佐南区古市二丁目１８－１２", "url": "https://www.iryou.teikyouseido.mhlw.go.jp/znk-web/juminkanja/S2430/initialize?prefCd=34&kikanCd=7340001800&kikanKbn=5", "url2": null }, "geometry": { "type": "Point", "coordinates": [ 132.47037, 34.45231 ] } },
{ "type": "Feature", "properties": { "内容": "くすりの古市橋薬局【5:薬局】広島県広島市安佐南区古市三丁目５－２７", "url": "https://www.iryou.teikyouseido.mhlw.go.jp/znk-web/juminkanja/S2430/initialize?prefCd=34&kikanCd=7340001810&kikanKbn=5", "url2": null }, "geometry": { "type": "Point", "coordinates": [ 132.469148, 34.45106 ] } },
{ "type": "Feature", "properties": { "内容": "株式会社ジェイ・ウィル　さくら薬局大町店【5:薬局】広島県広島市安佐南区大町東二丁目１２－２５", "url": "https://www.iryou.teikyouseido.mhlw.go.jp/znk-web/juminkanja/S2430/initialize?prefCd=34&kikanCd=7340001850&kikanKbn=5", "url2": null }, "geometry": { "type": "Point", "coordinates": [ 132.468481, 34.460837 ] } },
{ "type": "Feature", "properties": { "内容": "有限会社　住川薬局【5:薬局】広島県広島市安佐南区大町西３－５－２５", "url": "https://www.iryou.teikyouseido.mhlw.go.jp/znk-web/juminkanja/S2430/initialize?prefCd=34&kikanCd=7340001870&kikanKbn=5", "url2": null }, "geometry": { "type": "Point", "coordinates": [ 132.46112, 34.466919 ] } },
{ "type": "Feature", "properties": { "内容": "びーだま薬局【5:薬局】広島県広島市安佐南区大町西一丁目１－１１", "url": "https://www.iryou.teikyouseido.mhlw.go.jp/znk-web/juminkanja/S2430/initialize?prefCd=34&kikanCd=7340001880&kikanKbn=5", "url2": "https://www.bi-dama.co.jp/" }, "geometry": { "type": "Point", "coordinates": [ 132.466203, 34.459781 ] } },
{ "type": "Feature", "properties": { "内容": "有限会社　ワイズ薬局【5:薬局】広島県広島市安佐南区山本町四丁目２６番２３号　吉田ビル１階", "url": "https://www.iryou.teikyouseido.mhlw.go.jp/znk-web/juminkanja/S2430/initialize?prefCd=34&kikanCd=7340001910&kikanKbn=5", "url2": null }, "geometry": { "type": "Point", "coordinates": [ 132.450317, 34.436339 ] } },
{ "type": "Feature", "properties": { "内容": "オール薬局　山本店【5:薬局】広島県広島市安佐南区山本町一丁目１１－１０", "url": "https://www.iryou.teikyouseido.mhlw.go.jp/znk-web/juminkanja/S2430/initialize?prefCd=34&kikanCd=7340001920&kikanKbn=5", "url2": "http://www.e-classa.net/owl-yamamoto/" }, "geometry": { "type": "Point", "coordinates": [ 132.453455, 34.436644 ] } },
{ "type": "Feature", "properties": { "内容": "有限会社　林薬局【5:薬局】広島県広島市安佐南区祇園２－４７－２３", "url": "https://www.iryou.teikyouseido.mhlw.go.jp/znk-web/juminkanja/S2430/initialize?prefCd=34&kikanCd=7340001940&kikanKbn=5", "url2": null }, "geometry": { "type": "Point", "coordinates": [ 132.46426, 34.439783 ] } },
{ "type": "Feature", "properties": { "内容": "林薬局　上祇園店【5:薬局】広島県広島市安佐南区祇園２－２２－２４", "url": "https://www.iryou.teikyouseido.mhlw.go.jp/znk-web/juminkanja/S2430/initialize?prefCd=34&kikanCd=7340001950&kikanKbn=5", "url2": null }, "geometry": { "type": "Point", "coordinates": [ 132.465631, 34.44257 ] } },
{ "type": "Feature", "properties": { "内容": "ぎおん中央薬局【5:薬局】広島県広島市安佐南区祇園二丁目１２－２７", "url": "https://www.iryou.teikyouseido.mhlw.go.jp/znk-web/juminkanja/S2430/initialize?prefCd=34&kikanCd=7340001970&kikanKbn=5", "url2": "http://www.gion-chuou-pharma.com/" }, "geometry": { "type": "Point", "coordinates": [ 132.467704, 34.444755 ] } },
{ "type": "Feature", "properties": { "内容": "マスダ薬局【5:薬局】広島県広島市安佐南区祇園六丁目１７番１２号", "url": "https://www.iryou.teikyouseido.mhlw.go.jp/znk-web/juminkanja/S2430/initialize?prefCd=34&kikanCd=7340001980&kikanKbn=5", "url2": null }, "geometry": { "type": "Point", "coordinates": [ 132.463398, 34.445616 ] } },
{ "type": "Feature", "properties": { "内容": "ウォンツ　相田薬局【5:薬局】広島県広島市安佐南区相田一丁目３－１８", "url": "https://www.iryou.teikyouseido.mhlw.go.jp/znk-web/juminkanja/S2430/initialize?prefCd=34&kikanCd=7340002020&kikanKbn=5", "url2": "https://www.wants.co.jp/" }, "geometry": { "type": "Point", "coordinates": [ 132.457037, 34.470196 ] } },
{ "type": "Feature", "properties": { "内容": "ウォンツ　長楽寺薬局【5:薬局】広島県広島市安佐南区長楽寺町一丁目２９－２５", "url": "https://www.iryou.teikyouseido.mhlw.go.jp/znk-web/juminkanja/S2430/initialize?prefCd=34&kikanCd=7340002030&kikanKbn=5", "url2": "https://www.wants.co.jp/" }, "geometry": { "type": "Point", "coordinates": [ 132.430511, 34.473196 ] } },
{ "type": "Feature", "properties": { "内容": "エスマイル薬局　長楽寺店【5:薬局】広島県広島市安佐南区長楽寺町二丁目１３－３０", "url": "https://www.iryou.teikyouseido.mhlw.go.jp/znk-web/juminkanja/S2430/initialize?prefCd=34&kikanCd=7340002040&kikanKbn=5", "url2": "http://www.ssmile.co.jp/" }, "geometry": { "type": "Point", "coordinates": [ 132.427456, 34.469696 ] } },
{ "type": "Feature", "properties": { "内容": "タウン薬局　高取店【5:薬局】広島県広島市安佐南区高取北一丁目４番２５号", "url": "https://www.iryou.teikyouseido.mhlw.go.jp/znk-web/juminkanja/S2430/initialize?prefCd=34&kikanCd=7340002050&kikanKbn=5", "url2": "http://www.g-town.co.jp/" }, "geometry": { "type": "Point", "coordinates": [ 132.437483, 34.474723 ] } },
{ "type": "Feature", "properties": { "内容": "タウン薬局　安東店【5:薬局】広島県広島市安佐南区安東二丁目１０－２　Ｍ－ＴＯＷＮ１Ｆ", "url": "https://www.iryou.teikyouseido.mhlw.go.jp/znk-web/juminkanja/S2430/initialize?prefCd=34&kikanCd=7340002080&kikanKbn=5", "url2": "http://www.g-town.co.jp/" }, "geometry": { "type": "Point", "coordinates": [ 132.452926, 34.475557 ] } },
{ "type": "Feature", "properties": { "内容": "アロー薬局　安店【5:薬局】広島県広島市安佐南区上安２丁目４－４０", "url": "https://www.iryou.teikyouseido.mhlw.go.jp/znk-web/juminkanja/S2430/initialize?prefCd=34&kikanCd=7340002110&kikanKbn=5", "url2": "http://hiroshima-arrow.com/" }, "geometry": { "type": "Point", "coordinates": [ 132.446642, 34.472541 ] } },
{ "type": "Feature", "properties": { "内容": "有限会社　ミック　ヒカリ薬局【5:薬局】広島県広島市安佐南区上安町六丁目２４－１５", "url": "https://www.iryou.teikyouseido.mhlw.go.jp/znk-web/juminkanja/S2430/initialize?prefCd=34&kikanCd=7340002120&kikanKbn=5", "url2": "http://www.mikk-ligar.com/" }, "geometry": { "type": "Point", "coordinates": [ 132.445565, 34.482195 ] } },
{ "type": "Feature", "properties": { "内容": "大林スマイル薬局【5:薬局】広島県広島市安佐北区大林一丁目２１－３４", "url": "https://www.iryou.teikyouseido.mhlw.go.jp/znk-web/juminkanja/S2430/initialize?prefCd=34&kikanCd=7340002150&kikanKbn=5", "url2": null }, "geometry": { "type": "Point", "coordinates": [ 132.53561, 34.547467 ] } },
{ "type": "Feature", "properties": { "内容": "有限会社　可部中央薬局【5:薬局】広島県広島市安佐北区可部四丁目１５－１８", "url": "https://www.iryou.teikyouseido.mhlw.go.jp/znk-web/juminkanja/S2430/initialize?prefCd=34&kikanCd=7340002180&kikanKbn=5", "url2": "https://r.goope.jp/kabe2078" }, "geometry": { "type": "Point", "coordinates": [ 132.507419, 34.516831 ] } },
{ "type": "Feature", "properties": { "内容": "スズキ薬局【5:薬局】広島県広島市安佐北区可部五丁目１１番２０号", "url": "https://www.iryou.teikyouseido.mhlw.go.jp/znk-web/juminkanja/S2430/initialize?prefCd=34&kikanCd=7340002190&kikanKbn=5", "url2": "https//www.e-9383.com/pharmacy/760107/" }, "geometry": { "type": "Point", "coordinates": [ 132.511363, 34.520109 ] } },
{ "type": "Feature", "properties": { "内容": "三上漢方薬局【5:薬局】広島県広島市安佐北区可部７丁目３－６", "url": "https://www.iryou.teikyouseido.mhlw.go.jp/znk-web/juminkanja/S2430/initialize?prefCd=34&kikanCd=7340002210&kikanKbn=5", "url2": null }, "geometry": { "type": "Point", "coordinates": [ 132.513196, 34.524303 ] } },
{ "type": "Feature", "properties": { "内容": "鈴木長育堂薬局【5:薬局】広島県広島市安佐北区可部３－２４－２１", "url": "https://www.iryou.teikyouseido.mhlw.go.jp/znk-web/juminkanja/S2430/initialize?prefCd=34&kikanCd=7340002220&kikanKbn=5", "url2": "https//www.e-9383.com/pharmacy/760105/" }, "geometry": { "type": "Point", "coordinates": [ 132.513363, 34.519026 ] } },
{ "type": "Feature", "properties": { "内容": "有限会社　友愛薬局【5:薬局】広島県広島市安佐北区可部五丁目４－２１", "url": "https://www.iryou.teikyouseido.mhlw.go.jp/znk-web/juminkanja/S2430/initialize?prefCd=34&kikanCd=7340002230&kikanKbn=5", "url2": null }, "geometry": { "type": "Point", "coordinates": [ 132.509137, 34.521775 ] } },
{ "type": "Feature", "properties": { "内容": "こうぜん薬局【5:薬局】広島県広島市安佐北区可部三丁目３８－２３", "url": "https://www.iryou.teikyouseido.mhlw.go.jp/znk-web/juminkanja/S2430/initialize?prefCd=34&kikanCd=7340002260&kikanKbn=5", "url2": "www.ssmile.co.jp" }, "geometry": { "type": "Point", "coordinates": [ 132.510586, 34.517331 ] } },
{ "type": "Feature", "properties": { "内容": "のぞみ薬局本店【5:薬局】広島県広島市安佐北区可部五丁目１４－１９", "url": "https://www.iryou.teikyouseido.mhlw.go.jp/znk-web/juminkanja/S2430/initialize?prefCd=34&kikanCd=7340002270&kikanKbn=5", "url2": "http://fourleaf-nozomi.net" }, "geometry": { "type": "Point", "coordinates": [ 132.509808, 34.519748 ] } },
{ "type": "Feature", "properties": { "内容": "日本調剤　安佐北薬局【5:薬局】広島県広島市安佐北区可部南五丁目１３－１４　西井ビル", "url": "https://www.iryou.teikyouseido.mhlw.go.jp/znk-web/juminkanja/S2430/initialize?prefCd=34&kikanCd=7340002350&kikanKbn=5", "url2": "http://www.nicho.co.jp/tenpo/asakita.html" }, "geometry": { "type": "Point", "coordinates": [ 132.515058, 34.505444 ] } },
{ "type": "Feature", "properties": { "内容": "のぞみ薬局　可部南店【5:薬局】広島県広島市安佐北区可部南二丁目１４－１５", "url": "https://www.iryou.teikyouseido.mhlw.go.jp/znk-web/juminkanja/S2430/initialize?prefCd=34&kikanCd=7340002370&kikanKbn=5", "url2": "http://fourleaf-nozomi.net" }, "geometry": { "type": "Point", "coordinates": [ 132.517252, 34.503361 ] } },
{ "type": "Feature", "properties": { "内容": "ウォンツ薬局　安佐市民病院店【5:薬局】広島県広島市安佐北区亀山南一丁目２番１号", "url": "https://www.iryou.teikyouseido.mhlw.go.jp/znk-web/juminkanja/S2430/initialize?prefCd=34&kikanCd=7340002400&kikanKbn=5", "url2": "https://www.wants.co.jp/" }, "geometry": { "type": "Point", "coordinates": [ 132.497923, 34.516297 ] } },
{ "type": "Feature", "properties": { "内容": "なかしま薬局【5:薬局】広島県広島市安佐北区可部南四丁目１７番１０－１０１号", "url": "https://www.iryou.teikyouseido.mhlw.go.jp/znk-web/juminkanja/S2430/initialize?prefCd=34&kikanCd=7340002410&kikanKbn=5", "url2": "http://www.ssmile.co.jp" }, "geometry": { "type": "Point", "coordinates": [ 132.513203, 34.505831 ] } },
{ "type": "Feature", "properties": { "内容": "スズキ薬局　勝木店【5:薬局】広島県広島市安佐北区亀山九丁目１３－１６", "url": "https://www.iryou.teikyouseido.mhlw.go.jp/znk-web/juminkanja/S2430/initialize?prefCd=34&kikanCd=7340002430&kikanKbn=5", "url2": "https://www.suzuki-ph.jp/home" }, "geometry": { "type": "Point", "coordinates": [ 132.477782, 34.535329 ] } },
{ "type": "Feature", "properties": { "内容": "ノムラ薬局　亀山店【5:薬局】広島県広島市安佐北区亀山七丁目５－１２", "url": "https://www.iryou.teikyouseido.mhlw.go.jp/znk-web/juminkanja/S2430/initialize?prefCd=34&kikanCd=7340002440&kikanKbn=5", "url2": "http://www.nomura-p.jp/" }, "geometry": { "type": "Point", "coordinates": [ 132.492781, 34.527302 ] } },
{ "type": "Feature", "properties": { "内容": "きた薬局【5:薬局】広島県広島市安佐北区亀山２－６－２２", "url": "https://www.iryou.teikyouseido.mhlw.go.jp/znk-web/juminkanja/S2430/initialize?prefCd=34&kikanCd=7340002450&kikanKbn=5", "url2": null }, "geometry": { "type": "Point", "coordinates": [ 132.504642, 34.520081 ] } },
{ "type": "Feature", "properties": { "内容": "あおぞら薬局【5:薬局】広島県広島市安佐北区亀山七丁目１－３", "url": "https://www.iryou.teikyouseido.mhlw.go.jp/znk-web/juminkanja/S2430/initialize?prefCd=34&kikanCd=7340002460&kikanKbn=5", "url2": "www.link-nets.com" }, "geometry": { "type": "Point", "coordinates": [ 132.493948, 34.525636 ] } },
{ "type": "Feature", "properties": { "内容": "有限会社　ヒノ井薬品　虹山薬局【5:薬局】広島県広島市安佐北区亀山南４－２－１８", "url": "https://www.iryou.teikyouseido.mhlw.go.jp/znk-web/juminkanja/S2430/initialize?prefCd=34&kikanCd=7340002470&kikanKbn=5", "url2": null }, "geometry": { "type": "Point", "coordinates": [ 132.492642, 34.523553 ] } },
{ "type": "Feature", "properties": { "内容": "コスモス薬局　勝木台店【5:薬局】広島県広島市安佐北区亀山西一丁目２－１", "url": "https://www.iryou.teikyouseido.mhlw.go.jp/znk-web/juminkanja/S2430/initialize?prefCd=34&kikanCd=7340002480&kikanKbn=5", "url2": "http://www.reliance-cosmos.co.jp/" }, "geometry": { "type": "Point", "coordinates": [ 132.475782, 34.534551 ] } },
{ "type": "Feature", "properties": { "内容": "鈴張薬局【5:薬局】広島県広島市安佐北区安佐町鈴張２０１２番地の１", "url": "https://www.iryou.teikyouseido.mhlw.go.jp/znk-web/juminkanja/S2430/initialize?prefCd=34&kikanCd=7340002490&kikanKbn=5", "url2": "http://suzuhariyaku.com/" }, "geometry": { "type": "Point", "coordinates": [ 132.466892, 34.58874 ] } },
{ "type": "Feature", "properties": { "内容": "栗岡共栄薬局【5:薬局】広島県広島市安佐北区安佐町飯室１４９８－２", "url": "https://www.iryou.teikyouseido.mhlw.go.jp/znk-web/juminkanja/S2430/initialize?prefCd=34&kikanCd=7340002500&kikanKbn=5", "url2": "https://www.e-classa.net/kurioka/index.html" }, "geometry": { "type": "Point", "coordinates": [ 132.446449, 34.552542 ] } },
{ "type": "Feature", "properties": { "内容": "もみじ薬局　沼田店【5:薬局】広島県広島市安佐南区伴東７－９－１", "url": "https://www.iryou.teikyouseido.mhlw.go.jp/znk-web/juminkanja/S2430/initialize?prefCd=34&kikanCd=7340002540&kikanKbn=5", "url2": "http://yuushin.main.jp/" }, "geometry": { "type": "Point", "coordinates": [ 132.420679, 34.464613 ] } },
{ "type": "Feature", "properties": { "内容": "ドレミ薬局　沼田店【5:薬局】広島県広島市安佐南区伴東七丁目３８番１１号", "url": "https://www.iryou.teikyouseido.mhlw.go.jp/znk-web/juminkanja/S2430/initialize?prefCd=34&kikanCd=7340002550&kikanKbn=5", "url2": "http://www.harmony-co.jp/pharmacy/koyo-numata.html#numata" }, "geometry": { "type": "Point", "coordinates": [ 132.415241, 34.463883 ] } },
{ "type": "Feature", "properties": { "内容": "ミック・めばえ薬局【5:薬局】広島県広島市安佐南区大塚西六丁目１２番１号", "url": "https://www.iryou.teikyouseido.mhlw.go.jp/znk-web/juminkanja/S2430/initialize?prefCd=34&kikanCd=7340002590&kikanKbn=5", "url2": "https://mikk-ligar.jp" }, "geometry": { "type": "Point", "coordinates": [ 132.395944, 34.446965 ] } },
{ "type": "Feature", "properties": { "内容": "前田薬局　本店【5:薬局】広島県広島市安佐北区あさひが丘３丁目１８－３－１", "url": "https://www.iryou.teikyouseido.mhlw.go.jp/znk-web/juminkanja/S2430/initialize?prefCd=34&kikanCd=7340002610&kikanKbn=5", "url2": null }, "geometry": { "type": "Point", "coordinates": [ 132.437064, 34.506692 ] } },
{ "type": "Feature", "properties": { "内容": "あやめ薬局【5:薬局】広島県広島市佐伯区五月が丘二丁目７－２４", "url": "https://www.iryou.teikyouseido.mhlw.go.jp/znk-web/juminkanja/S2430/initialize?prefCd=34&kikanCd=7340002630&kikanKbn=5", "url2": "http://yuushin.cc" }, "geometry": { "type": "Point", "coordinates": [ 132.400655, 34.421062 ] } },
{ "type": "Feature", "properties": { "内容": "もみじ薬局　藤の木店【5:薬局】広島県広島市佐伯区藤の木一丁目３１番１３号", "url": "https://www.iryou.teikyouseido.mhlw.go.jp/znk-web/juminkanja/S2430/initialize?prefCd=34&kikanCd=7340002640&kikanKbn=5", "url2": "http://yuushin.cc/" }, "geometry": { "type": "Point", "coordinates": [ 132.357547, 34.419589 ] } },
{ "type": "Feature", "properties": { "内容": "郡司薬局【5:薬局】広島県広島市佐伯区美鈴が丘西１－５－１", "url": "https://www.iryou.teikyouseido.mhlw.go.jp/znk-web/juminkanja/S2430/initialize?prefCd=34&kikanCd=7340002660&kikanKbn=5", "url2": null }, "geometry": { "type": "Point", "coordinates": [ 132.381297, 34.392537 ] } },
{ "type": "Feature", "properties": { "内容": "サンケイ薬局　八幡店【5:薬局】広島県広島市佐伯区八幡東二丁目２８－５－１０２", "url": "https://www.iryou.teikyouseido.mhlw.go.jp/znk-web/juminkanja/S2430/initialize?prefCd=34&kikanCd=7340002680&kikanKbn=5", "url2": null }, "geometry": { "type": "Point", "coordinates": [ 132.360299, 34.384426 ] } },
{ "type": "Feature", "properties": { "内容": "全快堂薬局　五日市店【5:薬局】広島県広島市佐伯区八幡東三丁目２５－１９－２", "url": "https://www.iryou.teikyouseido.mhlw.go.jp/znk-web/juminkanja/S2430/initialize?prefCd=34&kikanCd=7340002700&kikanKbn=5", "url2": "https://zenkaidou.co.jp" }, "geometry": { "type": "Point", "coordinates": [ 132.363585, 34.385025 ] } },
{ "type": "Feature", "properties": { "内容": "ひまわり薬局　佐伯店【5:薬局】広島県広島市佐伯区八幡東三丁目１１－２８", "url": "https://www.iryou.teikyouseido.mhlw.go.jp/znk-web/juminkanja/S2430/initialize?prefCd=34&kikanCd=7340002710&kikanKbn=5", "url2": "http://www.pmc-kikaku.jp/index.html" }, "geometry": { "type": "Point", "coordinates": [ 132.364743, 34.387648 ] } },
{ "type": "Feature", "properties": { "内容": "セピア薬局【5:薬局】広島県広島市佐伯区皆賀２－２－３１", "url": "https://www.iryou.teikyouseido.mhlw.go.jp/znk-web/juminkanja/S2430/initialize?prefCd=34&kikanCd=7340002790&kikanKbn=5", "url2": "https://www.nexus-g.jp" }, "geometry": { "type": "Point", "coordinates": [ 132.367826, 34.375316 ] } },
{ "type": "Feature", "properties": { "内容": "アキ薬局【5:薬局】広島県広島市佐伯区五日市駅前三丁目９－１３", "url": "https://www.iryou.teikyouseido.mhlw.go.jp/znk-web/juminkanja/S2430/initialize?prefCd=34&kikanCd=7340002820&kikanKbn=5", "url2": "https://www.mint-pharmacy.jp/" }, "geometry": { "type": "Point", "coordinates": [ 132.368299, 34.369289 ] } },
{ "type": "Feature", "properties": { "内容": "薬局　ドラッグス　ソウ　北口店【5:薬局】広島県広島市佐伯区五日市駅前三丁目４番１５－１号", "url": "https://www.iryou.teikyouseido.mhlw.go.jp/znk-web/juminkanja/S2430/initialize?prefCd=34&kikanCd=7340002830&kikanKbn=5", "url2": "https://maps.app.goo.gl/hCTLvA7kdbq31bdE6?g_st=ic" }, "geometry": { "type": "Point", "coordinates": [ 132.366299, 34.369956 ] } },
{ "type": "Feature", "properties": { "内容": "健康堂薬局【5:薬局】広島県広島市佐伯区五日市３－３－２０", "url": "https://www.iryou.teikyouseido.mhlw.go.jp/znk-web/juminkanja/S2430/initialize?prefCd=34&kikanCd=7340002860&kikanKbn=5", "url2": null }, "geometry": { "type": "Point", "coordinates": [ 132.359411, 34.370205 ] } },
{ "type": "Feature", "properties": { "内容": "長谷川薬局【5:薬局】広島県広島市佐伯区五日市５－１０－２５", "url": "https://www.iryou.teikyouseido.mhlw.go.jp/znk-web/juminkanja/S2430/initialize?prefCd=34&kikanCd=7340002900&kikanKbn=5", "url2": null }, "geometry": { "type": "Point", "coordinates": [ 132.357633, 34.372372 ] } },
{ "type": "Feature", "properties": { "内容": "五日市グリーン薬局【5:薬局】広島県広島市佐伯区五日市四丁目４－２７", "url": "https://www.iryou.teikyouseido.mhlw.go.jp/znk-web/juminkanja/S2430/initialize?prefCd=34&kikanCd=7340002910&kikanKbn=5", "url2": null }, "geometry": { "type": "Point", "coordinates": [ 132.356956, 34.370298 ] } },
{ "type": "Feature", "properties": { "内容": "サルーテ薬局【5:薬局】広島県広島市佐伯区五日市四丁目１４－９－２", "url": "https://www.iryou.teikyouseido.mhlw.go.jp/znk-web/juminkanja/S2430/initialize?prefCd=34&kikanCd=7340002920&kikanKbn=5", "url2": "salute@nexus-hiro.co.jp" }, "geometry": { "type": "Point", "coordinates": [ 132.359244, 34.367456 ] } },
{ "type": "Feature", "properties": { "内容": "五日市豊見薬局【5:薬局】広島県広島市佐伯区五日市四丁目４－３１唯山ビル１階", "url": "https://www.iryou.teikyouseido.mhlw.go.jp/znk-web/juminkanja/S2430/initialize?prefCd=34&kikanCd=7340002930&kikanKbn=5", "url2": "http://yakkyoku.toyomi.jp/" }, "geometry": { "type": "Point", "coordinates": [ 132.356966, 34.3699 ] } },
{ "type": "Feature", "properties": { "内容": "コイン通り薬局【5:薬局】広島県広島市佐伯区五日市中央二丁目１－１０", "url": "https://www.iryou.teikyouseido.mhlw.go.jp/znk-web/juminkanja/S2430/initialize?prefCd=34&kikanCd=7340002980&kikanKbn=5", "url2": null }, "geometry": { "type": "Point", "coordinates": [ 132.356383, 34.369789 ] } },
{ "type": "Feature", "properties": { "内容": "五日市薬局【5:薬局】広島県広島市佐伯区旭園６番１２号", "url": "https://www.iryou.teikyouseido.mhlw.go.jp/znk-web/juminkanja/S2430/initialize?prefCd=34&kikanCd=7340003020&kikanKbn=5", "url2": "http://www.ssmile.co.jp/" }, "geometry": { "type": "Point", "coordinates": [ 132.367382, 34.365067 ] } },
{ "type": "Feature", "properties": { "内容": "豊見薬局【5:薬局】広島県広島市佐伯区旭園２番２２号", "url": "https://www.iryou.teikyouseido.mhlw.go.jp/znk-web/juminkanja/S2430/initialize?prefCd=34&kikanCd=7340003030&kikanKbn=5", "url2": "https://yakkyoku.toyomi.jp" }, "geometry": { "type": "Point", "coordinates": [ 132.366132, 34.365706 ] } },
{ "type": "Feature", "properties": { "内容": "薬局ドラッグス　ソウ【5:薬局】広島県広島市佐伯区旭園４－２９　１Ｆ", "url": "https://www.iryou.teikyouseido.mhlw.go.jp/znk-web/juminkanja/S2430/initialize?prefCd=34&kikanCd=7340003040&kikanKbn=5", "url2": "https://goo.gl/maps/XS7dvYCZbCqBMj8w8" }, "geometry": { "type": "Point", "coordinates": [ 132.367993, 34.365873 ] } },
{ "type": "Feature", "properties": { "内容": "海老山薬局【5:薬局】広島県広島市佐伯区海老山町７番１１号", "url": "https://www.iryou.teikyouseido.mhlw.go.jp/znk-web/juminkanja/S2430/initialize?prefCd=34&kikanCd=7340003050&kikanKbn=5", "url2": "http://www.ssmile.co.jp/" }, "geometry": { "type": "Point", "coordinates": [ 132.364105, 34.363873 ] } },
{ "type": "Feature", "properties": { "内容": "フラワー調剤薬局　有限会社【5:薬局】広島県広島市佐伯区海老園一丁目７－１６", "url": "https://www.iryou.teikyouseido.mhlw.go.jp/znk-web/juminkanja/S2430/initialize?prefCd=34&kikanCd=7340003070&kikanKbn=5", "url2": null }, "geometry": { "type": "Point", "coordinates": [ 132.357355, 34.363123 ] } },
{ "type": "Feature", "properties": { "内容": "アポロ薬局【5:薬局】広島県広島市佐伯区海老園二丁目１１－１", "url": "https://www.iryou.teikyouseido.mhlw.go.jp/znk-web/juminkanja/S2430/initialize?prefCd=34&kikanCd=7340003080&kikanKbn=5", "url2": "http://www.nexus-g.jp/business/medical/pharmacy-apollo/" }, "geometry": { "type": "Point", "coordinates": [ 132.361827, 34.364234 ] } },
{ "type": "Feature", "properties": { "内容": "南海老園　豊見薬局【5:薬局】広島県広島市佐伯区海老園一丁目８－２５", "url": "https://www.iryou.teikyouseido.mhlw.go.jp/znk-web/juminkanja/S2430/initialize?prefCd=34&kikanCd=7340003110&kikanKbn=5", "url2": "http://yakkyoku.toyomi.jp/" }, "geometry": { "type": "Point", "coordinates": [ 132.357494, 34.362345 ] } },
{ "type": "Feature", "properties": { "内容": "楽々園しみず薬局【5:薬局】広島県広島市佐伯区楽々園二丁目２－１３", "url": "https://www.iryou.teikyouseido.mhlw.go.jp/znk-web/juminkanja/S2430/initialize?prefCd=34&kikanCd=7340003140&kikanKbn=5", "url2": "https://www.drug-shimizu.jp/" }, "geometry": { "type": "Point", "coordinates": [ 132.350773, 34.363928 ] } },
{ "type": "Feature", "properties": { "内容": "エイコー堂薬局　スパーク佐方店【5:薬局】広島県広島市佐伯区三筋二丁目１０－４１", "url": "https://www.iryou.teikyouseido.mhlw.go.jp/znk-web/juminkanja/S2430/initialize?prefCd=34&kikanCd=7340003190&kikanKbn=5", "url2": null }, "geometry": { "type": "Point", "coordinates": [ 132.345354, 34.366864 ] } },
{ "type": "Feature", "properties": { "内容": "フラワー薬局　城山店【5:薬局】広島県広島市佐伯区城山二丁目２－２　水戸第３ビル１Ｆ", "url": "https://www.iryou.teikyouseido.mhlw.go.jp/znk-web/juminkanja/S2430/initialize?prefCd=34&kikanCd=7340003200&kikanKbn=5", "url2": null }, "geometry": { "type": "Point", "coordinates": [ 132.35541, 34.387926 ] } },
{ "type": "Feature", "properties": { "内容": "そうごう薬局　倉重店【5:薬局】広島県広島市佐伯区倉重一丁目９６－１", "url": "https://www.iryou.teikyouseido.mhlw.go.jp/znk-web/juminkanja/S2430/initialize?prefCd=34&kikanCd=7340003210&kikanKbn=5", "url2": "http://www.sogo-medical.co.jp/sogopharmacy/" }, "geometry": { "type": "Point", "coordinates": [ 132.351522, 34.383287 ] } },
{ "type": "Feature", "properties": { "内容": "クリーン調剤薬局【5:薬局】広島県広島市東区中山東１－５－９", "url": "https://www.iryou.teikyouseido.mhlw.go.jp/znk-web/juminkanja/S2430/initialize?prefCd=34&kikanCd=7340003300&kikanKbn=5", "url2": "https://www.cleanchozai.com" }, "geometry": { "type": "Point", "coordinates": [ 132.500647, 34.410148 ] } },
{ "type": "Feature", "properties": { "内容": "ふくだタカズミ薬局【5:薬局】広島県広島市東区福田一丁目４２４５－２　第二谷口ビル１Ｆ", "url": "https://www.iryou.teikyouseido.mhlw.go.jp/znk-web/juminkanja/S2430/initialize?prefCd=34&kikanCd=7340003340&kikanKbn=5", "url2": "http://www.takazumi.co.jp/" }, "geometry": { "type": "Point", "coordinates": [ 132.540475, 34.452061 ] } },
{ "type": "Feature", "properties": { "内容": "なのはな薬局【5:薬局】広島県広島市東区福田５－１１６８－３", "url": "https://www.iryou.teikyouseido.mhlw.go.jp/znk-web/juminkanja/S2430/initialize?prefCd=34&kikanCd=7340003350&kikanKbn=5", "url2": "https://asuka-herbs.jp" }, "geometry": { "type": "Point", "coordinates": [ 132.542988, 34.454231 ] } },
{ "type": "Feature", "properties": { "内容": "ウォンツ　下温品薬局【5:薬局】広島県広島市東区温品七丁目１１－３４", "url": "https://www.iryou.teikyouseido.mhlw.go.jp/znk-web/juminkanja/S2430/initialize?prefCd=34&kikanCd=7340003380&kikanKbn=5", "url2": "https://www.wants.co.jp/" }, "geometry": { "type": "Point", "coordinates": [ 132.508813, 34.41437 ] } },
{ "type": "Feature", "properties": { "内容": "ベスト薬局　温品店【5:薬局】広島県広島市東区温品５丁目２番２２号", "url": "https://www.iryou.teikyouseido.mhlw.go.jp/znk-web/juminkanja/S2430/initialize?prefCd=34&kikanCd=7340003390&kikanKbn=5", "url2": null }, "geometry": { "type": "Point", "coordinates": [ 132.508146, 34.41262 ] } },
{ "type": "Feature", "properties": { "内容": "コスモス薬局　温品店【5:薬局】広島県広島市東区温品七丁目５－２７", "url": "https://www.iryou.teikyouseido.mhlw.go.jp/znk-web/juminkanja/S2430/initialize?prefCd=34&kikanCd=7340003400&kikanKbn=5", "url2": "http://www.reliance-cosmos.co.jp/" }, "geometry": { "type": "Point", "coordinates": [ 132.50934, 34.416175 ] } },
{ "type": "Feature", "properties": { "内容": "有限会社スマイル　温品スマイル薬局【5:薬局】広島県広島市東区温品４丁目６番１１号　アイビル１０３", "url": "https://www.iryou.teikyouseido.mhlw.go.jp/znk-web/juminkanja/S2430/initialize?prefCd=34&kikanCd=7340003410&kikanKbn=5", "url2": null }, "geometry": { "type": "Point", "coordinates": [ 132.507507, 34.411926 ] } },
{ "type": "Feature", "properties": { "内容": "矢賀薬局【5:薬局】広島県広島市東区矢賀一丁目１－３２", "url": "https://www.iryou.teikyouseido.mhlw.go.jp/znk-web/juminkanja/S2430/initialize?prefCd=34&kikanCd=7340003430&kikanKbn=5", "url2": "http://www.ssmile.co.jp/" }, "geometry": { "type": "Point", "coordinates": [ 132.493093, 34.394733 ] } },
{ "type": "Feature", "properties": { "内容": "有限会社　三香薬局【5:薬局】広島県広島市東区矢賀新町五丁目３－２４　ＳＫビル", "url": "https://www.iryou.teikyouseido.mhlw.go.jp/znk-web/juminkanja/S2430/initialize?prefCd=34&kikanCd=7340003440&kikanKbn=5", "url2": "http://www.hicat.ne.jp/home/sannoppo/index.html" }, "geometry": { "type": "Point", "coordinates": [ 132.499259, 34.391539 ] } },
{ "type": "Feature", "properties": { "内容": "ベスト薬局　府中店【5:薬局】広島県広島市東区矢賀新町三丁目１－３", "url": "https://www.iryou.teikyouseido.mhlw.go.jp/znk-web/juminkanja/S2430/initialize?prefCd=34&kikanCd=7340003460&kikanKbn=5", "url2": null }, "geometry": { "type": "Point", "coordinates": [ 132.498898, 34.392039 ] } },
{ "type": "Feature", "properties": { "内容": "そうごう薬局　尾長東店【5:薬局】広島県広島市東区尾長東二丁目７－２９", "url": "https://www.iryou.teikyouseido.mhlw.go.jp/znk-web/juminkanja/S2430/initialize?prefCd=34&kikanCd=7340003490&kikanKbn=5", "url2": "https://www.sogo-medical.co.jp/sogopharmacy/shop/view/33" }, "geometry": { "type": "Point", "coordinates": [ 132.488343, 34.398094 ] } },
{ "type": "Feature", "properties": { "内容": "チャオ薬局【5:薬局】広島県広島市東区光町２－４－８", "url": "https://www.iryou.teikyouseido.mhlw.go.jp/znk-web/juminkanja/S2430/initialize?prefCd=34&kikanCd=7340003520&kikanKbn=5", "url2": null }, "geometry": { "type": "Point", "coordinates": [ 132.479844, 34.401954 ] } },
{ "type": "Feature", "properties": { "内容": "ウォンツ薬局　光町店【5:薬局】広島県広島市東区光町二丁目７－１７", "url": "https://www.iryou.teikyouseido.mhlw.go.jp/znk-web/juminkanja/S2430/initialize?prefCd=34&kikanCd=7340003550&kikanKbn=5", "url2": "https://www.wants.co.jp/" }, "geometry": { "type": "Point", "coordinates": [ 132.479288, 34.400343 ] } },
{ "type": "Feature", "properties": { "内容": "パンダ薬局【5:薬局】広島県広島市東区若草町９番６号　岡本ビル１階", "url": "https://www.iryou.teikyouseido.mhlw.go.jp/znk-web/juminkanja/S2430/initialize?prefCd=34&kikanCd=7340003580&kikanKbn=5", "url2": null }, "geometry": { "type": "Point", "coordinates": [ 132.481177, 34.397232 ] } },
{ "type": "Feature", "properties": { "内容": "有限会社　ライカ薬局　アスカ薬局【5:薬局】広島県広島市東区愛宕町１－１０", "url": "https://www.iryou.teikyouseido.mhlw.go.jp/znk-web/juminkanja/S2430/initialize?prefCd=34&kikanCd=7340003590&kikanKbn=5", "url2": null }, "geometry": { "type": "Point", "coordinates": [ 132.484816, 34.397399 ] } },
{ "type": "Feature", "properties": { "内容": "上野薬局【5:薬局】広島県広島市東区愛宕町３－２２", "url": "https://www.iryou.teikyouseido.mhlw.go.jp/znk-web/juminkanja/S2430/initialize?prefCd=34&kikanCd=7340003600&kikanKbn=5", "url2": null }, "geometry": { "type": "Point", "coordinates": [ 132.484121, 34.396983 ] } },
{ "type": "Feature", "properties": { "内容": "東蟹屋調剤薬局【5:薬局】広島県広島市東区東蟹屋町１０－１", "url": "https://www.iryou.teikyouseido.mhlw.go.jp/znk-web/juminkanja/S2430/initialize?prefCd=34&kikanCd=7340003610&kikanKbn=5", "url2": "http://www.reliance-cosmos.co.jp/" }, "geometry": { "type": "Point", "coordinates": [ 132.48376, 34.395927 ] } },
{ "type": "Feature", "properties": { "内容": "やまさか薬局【5:薬局】広島県安芸郡府中町浜田本町３－２５", "url": "https://www.iryou.teikyouseido.mhlw.go.jp/znk-web/juminkanja/S2430/initialize?prefCd=34&kikanCd=7340003620&kikanKbn=5", "url2": null }, "geometry": { "type": "Point", "coordinates": [ 132.483094, 34.396149 ] } },
{ "type": "Feature", "properties": { "内容": "ノムラ薬局　牛田店【5:薬局】広島県広島市東区牛田早稲田一丁目８番４号", "url": "https://www.iryou.teikyouseido.mhlw.go.jp/znk-web/juminkanja/S2430/initialize?prefCd=34&kikanCd=7340003630&kikanKbn=5", "url2": "http://www.nomura-p.jp/" }, "geometry": { "type": "Point", "coordinates": [ 132.474849, 34.412034 ] } },
{ "type": "Feature", "properties": { "内容": "太陽漢方薬局【5:薬局】広島県広島市東区牛田東２－１－１６", "url": "https://www.iryou.teikyouseido.mhlw.go.jp/znk-web/juminkanja/S2430/initialize?prefCd=34&kikanCd=7340003640&kikanKbn=5", "url2": null }, "geometry": { "type": "Point", "coordinates": [ 132.478815, 34.410592 ] } },
{ "type": "Feature", "properties": { "内容": "牛田中薬局【5:薬局】広島県広島市東区牛田中一丁目７番２８－２", "url": "https://www.iryou.teikyouseido.mhlw.go.jp/znk-web/juminkanja/S2430/initialize?prefCd=34&kikanCd=7340003660&kikanKbn=5", "url2": null }, "geometry": { "type": "Point", "coordinates": [ 132.472649, 34.40987 ] } },
{ "type": "Feature", "properties": { "内容": "有限会社　ケン企画　アルカス薬局【5:薬局】広島県広島市東区牛田本町一丁目４－７", "url": "https://www.iryou.teikyouseido.mhlw.go.jp/znk-web/juminkanja/S2430/initialize?prefCd=34&kikanCd=7340003690&kikanKbn=5", "url2": null }, "geometry": { "type": "Point", "coordinates": [ 132.471372, 34.409481 ] } },
{ "type": "Feature", "properties": { "内容": "ふくふく堂薬局【5:薬局】広島県広島市東区牛田本町４－１－７　サドラーズウェルズ１階", "url": "https://www.iryou.teikyouseido.mhlw.go.jp/znk-web/juminkanja/S2430/initialize?prefCd=34&kikanCd=7340003700&kikanKbn=5", "url2": "https://xn--y8ja6ib0471cglf1o5f.com" }, "geometry": { "type": "Point", "coordinates": [ 132.469594, 34.41162 ] } },
{ "type": "Feature", "properties": { "内容": "ノムラ薬局　牛田旭店【5:薬局】広島県広島市東区牛田旭一丁目１３－１２－１０１", "url": "https://www.iryou.teikyouseido.mhlw.go.jp/znk-web/juminkanja/S2430/initialize?prefCd=34&kikanCd=7340003710&kikanKbn=5", "url2": "http://www.nomura-p.jp/" }, "geometry": { "type": "Point", "coordinates": [ 132.469761, 34.412897 ] } },
{ "type": "Feature", "properties": { "内容": "えんこう橋薬局【5:薬局】広島県広島市南区西荒神町１番３５－１号", "url": "https://www.iryou.teikyouseido.mhlw.go.jp/znk-web/juminkanja/S2430/initialize?prefCd=34&kikanCd=7340003750&kikanKbn=5", "url2": "http://www.ssmile.co.jp" }, "geometry": { "type": "Point", "coordinates": [ 132.47634, 34.39367 ] } },
{ "type": "Feature", "properties": { "内容": "有限会社ライカ薬局【5:薬局】広島県広島市南区段原一丁目３番１２号", "url": "https://www.iryou.teikyouseido.mhlw.go.jp/znk-web/juminkanja/S2430/initialize?prefCd=34&kikanCd=7340003760&kikanKbn=5", "url2": null }, "geometry": { "type": "Point", "coordinates": [ 132.474817, 34.390566 ] } },
{ "type": "Feature", "properties": { "内容": "有限会社　マツイ薬局【5:薬局】広島県広島市南区段原三丁目３－２９春貝地ビル１階", "url": "https://www.iryou.teikyouseido.mhlw.go.jp/znk-web/juminkanja/S2430/initialize?prefCd=34&kikanCd=7340003780&kikanKbn=5", "url2": null }, "geometry": { "type": "Point", "coordinates": [ 132.477344, 34.389178 ] } },
{ "type": "Feature", "properties": { "内容": "マナー薬局【5:薬局】広島県広島市南区段原１－７－８", "url": "https://www.iryou.teikyouseido.mhlw.go.jp/znk-web/juminkanja/S2430/initialize?prefCd=34&kikanCd=7340003790&kikanKbn=5", "url2": null }, "geometry": { "type": "Point", "coordinates": [ 132.475983, 34.39015 ] } },
{ "type": "Feature", "properties": { "内容": "薬局　アップルファーマシー【5:薬局】広島県広島市南区段原南二丁目１２番２８号", "url": "https://www.iryou.teikyouseido.mhlw.go.jp/znk-web/juminkanja/S2430/initialize?prefCd=34&kikanCd=7340003800&kikanKbn=5", "url2": null }, "geometry": { "type": "Point", "coordinates": [ 132.477622, 34.384067 ] } },
{ "type": "Feature", "properties": { "内容": "段原薬局【5:薬局】広島県広島市南区段原南二丁目３－２４", "url": "https://www.iryou.teikyouseido.mhlw.go.jp/znk-web/juminkanja/S2430/initialize?prefCd=34&kikanCd=7340003810&kikanKbn=5", "url2": "https://hongou.info" }, "geometry": { "type": "Point", "coordinates": [ 132.477456, 34.385984 ] } },
{ "type": "Feature", "properties": { "内容": "もみじ薬局【5:薬局】広島県広島市南区松原町１番２号　ｅｋｉｅ２Ｆ", "url": "https://www.iryou.teikyouseido.mhlw.go.jp/znk-web/juminkanja/S2430/initialize?prefCd=34&kikanCd=7340003890&kikanKbn=5", "url2": "momizi.jp" }, "geometry": { "type": "Point", "coordinates": [ 132.4754, 34.396982 ] } },
{ "type": "Feature", "properties": { "内容": "広島駅前サン薬局【5:薬局】広島県広島市南区東荒神町３番３５号", "url": "https://www.iryou.teikyouseido.mhlw.go.jp/znk-web/juminkanja/S2430/initialize?prefCd=34&kikanCd=7340003900&kikanKbn=5", "url2": "http://www.takazumi.co.jp/" }, "geometry": { "type": "Point", "coordinates": [ 132.476539, 34.395899 ] } },
{ "type": "Feature", "properties": { "内容": "橋本薬局【5:薬局】広島県広島市南区松原町９－１エールエールＡ館１階", "url": "https://www.iryou.teikyouseido.mhlw.go.jp/znk-web/juminkanja/S2430/initialize?prefCd=34&kikanCd=7340003910&kikanKbn=5", "url2": null }, "geometry": { "type": "Point", "coordinates": [ 132.473511, 34.396816 ] } },
{ "type": "Feature", "properties": { "内容": "あおば薬局【5:薬局】広島県広島市南区松川町３－１０", "url": "https://www.iryou.teikyouseido.mhlw.go.jp/znk-web/juminkanja/S2430/initialize?prefCd=34&kikanCd=7340003980&kikanKbn=5", "url2": "https://nexus-g.jp/" }, "geometry": { "type": "Point", "coordinates": [ 132.471761, 34.390039 ] } },
{ "type": "Feature", "properties": { "内容": "リバーサイド薬局【5:薬局】広島県広島市南区稲荷町３－２０　トーレ稲荷町１Ｆ", "url": "https://www.iryou.teikyouseido.mhlw.go.jp/znk-web/juminkanja/S2430/initialize?prefCd=34&kikanCd=7340004010&kikanKbn=5", "url2": "http://www.takazumi.co.jp/" }, "geometry": { "type": "Point", "coordinates": [ 132.470373, 34.39215 ] } },
{ "type": "Feature", "properties": { "内容": "京橋薬局【5:薬局】広島県広島市南区京橋町１番２号　新京橋ビル５０３", "url": "https://www.iryou.teikyouseido.mhlw.go.jp/znk-web/juminkanja/S2430/initialize?prefCd=34&kikanCd=7340004030&kikanKbn=5", "url2": null }, "geometry": { "type": "Point", "coordinates": [ 132.473122, 34.394927 ] } },
{ "type": "Feature", "properties": { "内容": "ヨコガワ薬局【5:薬局】広島県広島市西区横川新町５番１号１階", "url": "https://www.iryou.teikyouseido.mhlw.go.jp/znk-web/juminkanja/S2430/initialize?prefCd=34&kikanCd=7340004050&kikanKbn=5", "url2": "https://ts3ke.hp.peraichi.com/" }, "geometry": { "type": "Point", "coordinates": [ 132.450734, 34.410814 ] } },
{ "type": "Feature", "properties": { "内容": "マロン薬局【5:薬局】広島県広島市西区三篠町三丁目２１－１４　高品ビル１Ｆ", "url": "https://www.iryou.teikyouseido.mhlw.go.jp/znk-web/juminkanja/S2430/initialize?prefCd=34&kikanCd=7340004070&kikanKbn=5", "url2": null }, "geometry": { "type": "Point", "coordinates": [ 132.454317, 34.414397 ] } },
{ "type": "Feature", "properties": { "内容": "株式会社　福井薬局【5:薬局】広島県広島市西区三篠町２丁目１１－６", "url": "https://www.iryou.teikyouseido.mhlw.go.jp/znk-web/juminkanja/S2430/initialize?prefCd=34&kikanCd=7340004080&kikanKbn=5", "url2": null }, "geometry": { "type": "Point", "coordinates": [ 132.452012, 34.412564 ] } },
{ "type": "Feature", "properties": { "内容": "まえだ薬局　三篠北町店【5:薬局】広島県広島市西区三篠北町１９－２７　イケダビル１Ｆ", "url": "https://www.iryou.teikyouseido.mhlw.go.jp/znk-web/juminkanja/S2430/initialize?prefCd=34&kikanCd=7340004120&kikanKbn=5", "url2": "http://www.kusurishop.com/" }, "geometry": { "type": "Point", "coordinates": [ 132.456067, 34.417341 ] } },
{ "type": "Feature", "properties": { "内容": "株式会社　Ｏ．Ｋ堂薬局【5:薬局】広島県広島市西区横川町二丁目８番３号　シティハイツオキタ１Ｆ", "url": "https://www.iryou.teikyouseido.mhlw.go.jp/znk-web/juminkanja/S2430/initialize?prefCd=34&kikanCd=7340004160&kikanKbn=5", "url2": "http://www.nh-group.biz/" }, "geometry": { "type": "Point", "coordinates": [ 132.449207, 34.408342 ] } },
{ "type": "Feature", "properties": { "内容": "エスマイル薬局プラザ店【5:薬局】広島県広島市西区横川町二丁目７番１９", "url": "https://www.iryou.teikyouseido.mhlw.go.jp/znk-web/juminkanja/S2430/initialize?prefCd=34&kikanCd=7340004180&kikanKbn=5", "url2": "http://www.ssmile.co.jp/" }, "geometry": { "type": "Point", "coordinates": [ 132.44904, 34.40887 ] } },
{ "type": "Feature", "properties": { "内容": "ウォンツ　横川駅ビル薬局【5:薬局】広島県広島市西区横川町三丁目２－２９", "url": "https://www.iryou.teikyouseido.mhlw.go.jp/znk-web/juminkanja/S2430/initialize?prefCd=34&kikanCd=7340004200&kikanKbn=5", "url2": "https://www.wants.co.jp/" }, "geometry": { "type": "Point", "coordinates": [ 132.450151, 34.409953 ] } },
{ "type": "Feature", "properties": { "内容": "有限会社　山陽堂薬局　中広店【5:薬局】広島県広島市西区中広町２丁目３番５号", "url": "https://www.iryou.teikyouseido.mhlw.go.jp/znk-web/juminkanja/S2430/initialize?prefCd=34&kikanCd=7340004240&kikanKbn=5", "url2": null }, "geometry": { "type": "Point", "coordinates": [ 132.443846, 34.403676 ] } },
{ "type": "Feature", "properties": { "内容": "オニタケ薬局【5:薬局】広島県広島市西区天満町４－１３", "url": "https://www.iryou.teikyouseido.mhlw.go.jp/znk-web/juminkanja/S2430/initialize?prefCd=34&kikanCd=7340004250&kikanKbn=5", "url2": null }, "geometry": { "type": "Point", "coordinates": [ 132.439264, 34.396648 ] } },
{ "type": "Feature", "properties": { "内容": "有限会社　テツムラ漢方薬局【5:薬局】広島県広島市西区天満町９－１５", "url": "https://www.iryou.teikyouseido.mhlw.go.jp/znk-web/juminkanja/S2430/initialize?prefCd=34&kikanCd=7340004260&kikanKbn=5", "url2": "http://tetsumura.jp" }, "geometry": { "type": "Point", "coordinates": [ 132.441041, 34.396176 ] } },
{ "type": "Feature", "properties": { "内容": "ロイヤル薬局【5:薬局】広島県広島市西区天満町１７－２１", "url": "https://www.iryou.teikyouseido.mhlw.go.jp/znk-web/juminkanja/S2430/initialize?prefCd=34&kikanCd=7340004270&kikanKbn=5", "url2": "http://trp.cv" }, "geometry": { "type": "Point", "coordinates": [ 132.439569, 34.396121 ] } },
{ "type": "Feature", "properties": { "内容": "ペンギン薬局【5:薬局】広島県広島市西区都町２３－１１　ジュネス山城１Ｆ", "url": "https://www.iryou.teikyouseido.mhlw.go.jp/znk-web/juminkanja/S2430/initialize?prefCd=34&kikanCd=7340004300&kikanKbn=5", "url2": null }, "geometry": { "type": "Point", "coordinates": [ 132.437576, 34.396834 ] } },
{ "type": "Feature", "properties": { "内容": "ひまわり薬局【5:薬局】広島県広島市西区福島町一丁目２２－７", "url": "https://www.iryou.teikyouseido.mhlw.go.jp/znk-web/juminkanja/S2430/initialize?prefCd=34&kikanCd=7340004310&kikanKbn=5", "url2": "http://www.pmc-kikaku.jp" }, "geometry": { "type": "Point", "coordinates": [ 132.435736, 34.395537 ] } },
{ "type": "Feature", "properties": { "内容": "テンマアップル堂薬局【5:薬局】広島県広島市西区観音町９－４", "url": "https://www.iryou.teikyouseido.mhlw.go.jp/znk-web/juminkanja/S2430/initialize?prefCd=34&kikanCd=7340004330&kikanKbn=5", "url2": null }, "geometry": { "type": "Point", "coordinates": [ 132.440292, 34.394899 ] } },
{ "type": "Feature", "properties": { "内容": "スマイル薬局　観音店【5:薬局】広島県広島市西区東観音町９－１４", "url": "https://www.iryou.teikyouseido.mhlw.go.jp/znk-web/juminkanja/S2430/initialize?prefCd=34&kikanCd=7340004350&kikanKbn=5", "url2": null }, "geometry": { "type": "Point", "coordinates": [ 132.440014, 34.391788 ] } },
{ "type": "Feature", "properties": { "内容": "西大薬局　北店【5:薬局】広島県広島市西区観音本町二丁目３－３　第３サンパレス１０１", "url": "https://www.iryou.teikyouseido.mhlw.go.jp/znk-web/juminkanja/S2430/initialize?prefCd=34&kikanCd=7340004380&kikanKbn=5", "url2": "https://nishidaiyakkyoku.jimdofree.com/" }, "geometry": { "type": "Point", "coordinates": [ 132.433653, 34.390871 ] } },
{ "type": "Feature", "properties": { "内容": "サザン薬局【5:薬局】広島県広島市西区南観音６丁目１－６　ドマーニタセイ１Ｆ", "url": "https://www.iryou.teikyouseido.mhlw.go.jp/znk-web/juminkanja/S2430/initialize?prefCd=34&kikanCd=7340004410&kikanKbn=5", "url2": "http://www.cusi.ne.jp/imadafg/index.htm" }, "geometry": { "type": "Point", "coordinates": [ 132.428543, 34.382566 ] } },
{ "type": "Feature", "properties": { "内容": "フレア薬局【5:薬局】広島県広島市西区西観音町２３－１７", "url": "https://www.iryou.teikyouseido.mhlw.go.jp/znk-web/juminkanja/S2430/initialize?prefCd=34&kikanCd=7340004460&kikanKbn=5", "url2": "http://www.mikk-ligar.com" }, "geometry": { "type": "Point", "coordinates": [ 132.436014, 34.390871 ] } },
{ "type": "Feature", "properties": { "内容": "ウォンツ　己斐駅前薬局【5:薬局】広島県広島市西区己斐本町一丁目９－２４", "url": "https://www.iryou.teikyouseido.mhlw.go.jp/znk-web/juminkanja/S2430/initialize?prefCd=34&kikanCd=7340004500&kikanKbn=5", "url2": "https://www.wants.co.jp/" }, "geometry": { "type": "Point", "coordinates": [ 132.429598, 34.398426 ] } },
{ "type": "Feature", "properties": { "内容": "千幸堂薬局【5:薬局】広島県広島市西区己斐本町二丁目１－１－１０２", "url": "https://www.iryou.teikyouseido.mhlw.go.jp/znk-web/juminkanja/S2430/initialize?prefCd=34&kikanCd=7340004510&kikanKbn=5", "url2": "http://www.chiyukido.jp/" }, "geometry": { "type": "Point", "coordinates": [ 132.427182, 34.395732 ] } },
{ "type": "Feature", "properties": { "内容": "有限会社　ハイクリーン薬局【5:薬局】広島県広島市西区己斐本町三丁目５－１４　ハイクリーン西広島ビル１Ｆ", "url": "https://www.iryou.teikyouseido.mhlw.go.jp/znk-web/juminkanja/S2430/initialize?prefCd=34&kikanCd=7340004520&kikanKbn=5", "url2": null }, "geometry": { "type": "Point", "coordinates": [ 132.426098, 34.39501 ] } },
{ "type": "Feature", "properties": { "内容": "もみじが丘薬局【5:薬局】広島県広島市西区己斐上二丁目３５－２３", "url": "https://www.iryou.teikyouseido.mhlw.go.jp/znk-web/juminkanja/S2430/initialize?prefCd=34&kikanCd=7340004560&kikanKbn=5", "url2": null }, "geometry": { "type": "Point", "coordinates": [ 132.41421, 34.404869 ] } },
{ "type": "Feature", "properties": { "内容": "りら薬局【5:薬局】広島県広島市西区己斐上二丁目１１－５", "url": "https://www.iryou.teikyouseido.mhlw.go.jp/znk-web/juminkanja/S2430/initialize?prefCd=34&kikanCd=7340004570&kikanKbn=5", "url2": "www.mikk-ligar.com" }, "geometry": { "type": "Point", "coordinates": [ 132.419376, 34.405064 ] } },
{ "type": "Feature", "properties": { "内容": "タウン薬局　己斐店【5:薬局】広島県広島市西区己斐上一丁目１１－４０", "url": "https://www.iryou.teikyouseido.mhlw.go.jp/znk-web/juminkanja/S2430/initialize?prefCd=34&kikanCd=7340004580&kikanKbn=5", "url2": "http://www.g-town.co.jp/" }, "geometry": { "type": "Point", "coordinates": [ 132.419822, 34.406413 ] } },
{ "type": "Feature", "properties": { "内容": "有限会社　ＡＢＣ薬局【5:薬局】広島県広島市西区己斐大迫二丁目１９－１０", "url": "https://www.iryou.teikyouseido.mhlw.go.jp/znk-web/juminkanja/S2430/initialize?prefCd=34&kikanCd=7340004590&kikanKbn=5", "url2": "http://www.nh-group.biz/" }, "geometry": { "type": "Point", "coordinates": [ 132.424792, 34.414535 ] } },
{ "type": "Feature", "properties": { "内容": "有限会社　勝谷漢方薬局【5:薬局】広島県広島市西区庚午北三丁目２１番２号", "url": "https://www.iryou.teikyouseido.mhlw.go.jp/znk-web/juminkanja/S2430/initialize?prefCd=34&kikanCd=7340004620&kikanKbn=5", "url2": "http://katsutani-kanpou.com" }, "geometry": { "type": "Point", "coordinates": [ 132.417794, 34.387066 ] } },
{ "type": "Feature", "properties": { "内容": "たかす薬局【5:薬局】広島県広島市西区庚午北３丁目１１番１２号", "url": "https://www.iryou.teikyouseido.mhlw.go.jp/znk-web/juminkanja/S2430/initialize?prefCd=34&kikanCd=7340004630&kikanKbn=5", "url2": null }, "geometry": { "type": "Point", "coordinates": [ 132.416599, 34.389399 ] } },
{ "type": "Feature", "properties": { "内容": "こばと薬局　高須店【5:薬局】広島県広島市西区庚午北二丁目２２－４－１０１", "url": "https://www.iryou.teikyouseido.mhlw.go.jp/znk-web/juminkanja/S2430/initialize?prefCd=34&kikanCd=7340004650&kikanKbn=5", "url2": "http://kobato-ph.co.jp/" }, "geometry": { "type": "Point", "coordinates": [ 132.417655, 34.389843 ] } },
{ "type": "Feature", "properties": { "内容": "有限会社　住宅入口薬局【5:薬局】広島県広島市西区庚午南１丁目３５－１３", "url": "https://www.iryou.teikyouseido.mhlw.go.jp/znk-web/juminkanja/S2430/initialize?prefCd=34&kikanCd=7340004690&kikanKbn=5", "url2": null }, "geometry": { "type": "Point", "coordinates": [ 132.410739, 34.381261 ] } },
{ "type": "Feature", "properties": { "内容": "有限会社　後藤　ふれあい薬局【5:薬局】広島県広島市西区草津新町２－８－１３", "url": "https://www.iryou.teikyouseido.mhlw.go.jp/znk-web/juminkanja/S2430/initialize?prefCd=34&kikanCd=7340004710&kikanKbn=5", "url2": "hureaiyak1@gmail.com" }, "geometry": { "type": "Point", "coordinates": [ 132.393907, 34.374789 ] } },
{ "type": "Feature", "properties": { "内容": "商工センター薬局【5:薬局】広島県広島市西区井口明神一丁目１４番４９号", "url": "https://www.iryou.teikyouseido.mhlw.go.jp/znk-web/juminkanja/S2430/initialize?prefCd=34&kikanCd=7340004720&kikanKbn=5", "url2": null }, "geometry": { "type": "Point", "coordinates": [ 132.392796, 34.373706 ] } },
{ "type": "Feature", "properties": { "内容": "有限会社　すず薬局【5:薬局】広島県広島市西区井口三丁目１０－２３", "url": "https://www.iryou.teikyouseido.mhlw.go.jp/znk-web/juminkanja/S2430/initialize?prefCd=34&kikanCd=7340004740&kikanKbn=5", "url2": null }, "geometry": { "type": "Point", "coordinates": [ 132.37477, 34.369123 ] } },
{ "type": "Feature", "properties": { "内容": "井口ぽっぽ薬局【5:薬局】広島県広島市西区井口三丁目６－４２　ルネス２１ビル　１階", "url": "https://www.iryou.teikyouseido.mhlw.go.jp/znk-web/juminkanja/S2430/initialize?prefCd=34&kikanCd=7340004750&kikanKbn=5", "url2": null }, "geometry": { "type": "Point", "coordinates": [ 132.376937, 34.369845 ] } },
{ "type": "Feature", "properties": { "内容": "鈴が台薬局【5:薬局】広島県広島市西区井口鈴が台三丁目５－２０", "url": "https://www.iryou.teikyouseido.mhlw.go.jp/znk-web/juminkanja/S2430/initialize?prefCd=34&kikanCd=7340004770&kikanKbn=5", "url2": null }, "geometry": { "type": "Point", "coordinates": [ 132.378631, 34.375566 ] } },
{ "type": "Feature", "properties": { "内容": "すばる薬局【5:薬局】広島県広島市西区草津東一丁目８－１", "url": "https://www.iryou.teikyouseido.mhlw.go.jp/znk-web/juminkanja/S2430/initialize?prefCd=34&kikanCd=7340004820&kikanKbn=5", "url2": "http://imada-pharmacy.com/" }, "geometry": { "type": "Point", "coordinates": [ 132.406378, 34.380066 ] } },
{ "type": "Feature", "properties": { "内容": "漢方薬局ハーブス【5:薬局】広島県広島市西区草津東三丁目６－８", "url": "https://www.iryou.teikyouseido.mhlw.go.jp/znk-web/juminkanja/S2430/initialize?prefCd=34&kikanCd=7340004830&kikanKbn=5", "url2": "https://kanpo-herbs.com" }, "geometry": { "type": "Point", "coordinates": [ 132.403295, 34.381538 ] } },
{ "type": "Feature", "properties": { "内容": "有限会社　みなみ町薬局【5:薬局】広島県広島市西区草津南一丁目７番１０号　みかみビル１階", "url": "https://www.iryou.teikyouseido.mhlw.go.jp/znk-web/juminkanja/S2430/initialize?prefCd=34&kikanCd=7340004840&kikanKbn=5", "url2": null }, "geometry": { "type": "Point", "coordinates": [ 132.400129, 34.377678 ] } },
{ "type": "Feature", "properties": { "内容": "そうごう薬局　草津店【5:薬局】広島県広島市西区草津本町１５－２０", "url": "https://www.iryou.teikyouseido.mhlw.go.jp/znk-web/juminkanja/S2430/initialize?prefCd=34&kikanCd=7340004860&kikanKbn=5", "url2": "https://www.sogo-medical.co.jp/sogopharmacy/shop/view/32" }, "geometry": { "type": "Point", "coordinates": [ 132.403573, 34.380455 ] } },
{ "type": "Feature", "properties": { "内容": "有限会社ムラオカ薬局【5:薬局】広島県広島市西区高須一丁目１番２号", "url": "https://www.iryou.teikyouseido.mhlw.go.jp/znk-web/juminkanja/S2430/initialize?prefCd=34&kikanCd=7340004870&kikanKbn=5", "url2": "http://muraoka-yakkyoku.com/" }, "geometry": { "type": "Point", "coordinates": [ 132.419877, 34.391982 ] } },
{ "type": "Feature", "properties": { "内容": "宮本薬局【5:薬局】広島県広島市西区古江東町７－８", "url": "https://www.iryou.teikyouseido.mhlw.go.jp/znk-web/juminkanja/S2430/initialize?prefCd=34&kikanCd=7340004880&kikanKbn=5", "url2": "https://www.okusuriyasan.jp/" }, "geometry": { "type": "Point", "coordinates": [ 132.410544, 34.386705 ] } },
{ "type": "Feature", "properties": { "内容": "株式会社広島調剤　古江薬局【5:薬局】広島県広島市西区古江新町６番２号", "url": "https://www.iryou.teikyouseido.mhlw.go.jp/znk-web/juminkanja/S2430/initialize?prefCd=34&kikanCd=7340004900&kikanKbn=5", "url2": null }, "geometry": { "type": "Point", "coordinates": [ 132.411544, 34.38451 ] } },
{ "type": "Feature", "properties": { "内容": "ハーブ薬局【5:薬局】広島県広島市西区古江新町１３番３６号", "url": "https://www.iryou.teikyouseido.mhlw.go.jp/znk-web/juminkanja/S2430/initialize?prefCd=34&kikanCd=7340004920&kikanKbn=5", "url2": "http://www.horon-suzuran.co.jp/new/tenpo-detail/herb/" }, "geometry": { "type": "Point", "coordinates": [ 132.410822, 34.383177 ] } },
{ "type": "Feature", "properties": { "内容": "古江調剤薬局【5:薬局】広島県広島市西区古江西町２２－１０", "url": "https://www.iryou.teikyouseido.mhlw.go.jp/znk-web/juminkanja/S2430/initialize?prefCd=34&kikanCd=7340004940&kikanKbn=5", "url2": null }, "geometry": { "type": "Point", "coordinates": [ 132.406295, 34.384427 ] } },
{ "type": "Feature", "properties": { "内容": "池田博愛堂薬局【5:薬局】広島県広島市南区出汐一丁目３－１１", "url": "https://www.iryou.teikyouseido.mhlw.go.jp/znk-web/juminkanja/S2430/initialize?prefCd=34&kikanCd=7340004950&kikanKbn=5", "url2": null }, "geometry": { "type": "Point", "coordinates": [ 132.476004, 34.379938 ] } },
{ "type": "Feature", "properties": { "内容": "緑風会薬局【5:薬局】広島県広島市南区出汐一丁目４番３号", "url": "https://www.iryou.teikyouseido.mhlw.go.jp/znk-web/juminkanja/S2430/initialize?prefCd=34&kikanCd=7340004960&kikanKbn=5", "url2": "http://ryokufukai.org/" }, "geometry": { "type": "Point", "coordinates": [ 132.476119, 34.379659 ] } },
{ "type": "Feature", "properties": { "内容": "ハロー薬局【5:薬局】広島県広島市南区出汐一丁目５番１７号", "url": "https://www.iryou.teikyouseido.mhlw.go.jp/znk-web/juminkanja/S2430/initialize?prefCd=34&kikanCd=7340004980&kikanKbn=5", "url2": null }, "geometry": { "type": "Point", "coordinates": [ 132.476928, 34.379956 ] } },
{ "type": "Feature", "properties": { "内容": "ひよこ薬局【5:薬局】広島県広島市南区出汐一丁目５－１４", "url": "https://www.iryou.teikyouseido.mhlw.go.jp/znk-web/juminkanja/S2430/initialize?prefCd=34&kikanCd=7340004990&kikanKbn=5", "url2": null }, "geometry": { "type": "Point", "coordinates": [ 132.476789, 34.379929 ] } },
{ "type": "Feature", "properties": { "内容": "トワニー薬局【5:薬局】広島県広島市南区出汐一丁目１２番２５号", "url": "https://www.iryou.teikyouseido.mhlw.go.jp/znk-web/juminkanja/S2430/initialize?prefCd=34&kikanCd=7340005010&kikanKbn=5", "url2": null }, "geometry": { "type": "Point", "coordinates": [ 132.476734, 34.37904 ] } },
{ "type": "Feature", "properties": { "内容": "有限会社　ヤマキ薬局【5:薬局】広島県広島市南区宇品神田一丁目７番１２号", "url": "https://www.iryou.teikyouseido.mhlw.go.jp/znk-web/juminkanja/S2430/initialize?prefCd=34&kikanCd=7340005050&kikanKbn=5", "url2": "http://www.yamaki-phamacy.com" }, "geometry": { "type": "Point", "coordinates": [ 132.465096, 34.366319 ] } },
{ "type": "Feature", "properties": { "内容": "すみれ薬局　神田店【5:薬局】広島県広島市南区宇品神田２丁目１４－２２", "url": "https://www.iryou.teikyouseido.mhlw.go.jp/znk-web/juminkanja/S2430/initialize?prefCd=34&kikanCd=7340005080&kikanKbn=5", "url2": "sumire.kanda@sunny.ocn.ne.jp" }, "geometry": { "type": "Point", "coordinates": [ 132.464541, 34.364597 ] } },
{ "type": "Feature", "properties": { "内容": "広島南薬局【5:薬局】広島県広島市南区宇品神田一丁目４－２", "url": "https://www.iryou.teikyouseido.mhlw.go.jp/znk-web/juminkanja/S2430/initialize?prefCd=34&kikanCd=7340005110&kikanKbn=5", "url2": null }, "geometry": { "type": "Point", "coordinates": [ 132.46568, 34.367819 ] } },
{ "type": "Feature", "properties": { "内容": "（有）エヌ・イー・ピー　かもめ薬局【5:薬局】広島県広島市南区宇品神田二丁目３－１９", "url": "https://www.iryou.teikyouseido.mhlw.go.jp/znk-web/juminkanja/S2430/initialize?prefCd=34&kikanCd=7340005120&kikanKbn=5", "url2": null }, "geometry": { "type": "Point", "coordinates": [ 132.465846, 34.366013 ] } },
{ "type": "Feature", "properties": { "内容": "ホープ薬局【5:薬局】広島県広島市南区宇品神田一丁目１－１８", "url": "https://www.iryou.teikyouseido.mhlw.go.jp/znk-web/juminkanja/S2430/initialize?prefCd=34&kikanCd=7340005140&kikanKbn=5", "url2": null }, "geometry": { "type": "Point", "coordinates": [ 132.464902, 34.36843 ] } },
{ "type": "Feature", "properties": { "内容": "ファーマシィ薬局　宇品神田【5:薬局】広島県広島市南区宇品神田一丁目４－３　オオタビル１階", "url": "https://www.iryou.teikyouseido.mhlw.go.jp/znk-web/juminkanja/S2430/initialize?prefCd=34&kikanCd=7340005160&kikanKbn=5", "url2": "http://www.pharmacy-net.co.jp/" }, "geometry": { "type": "Point", "coordinates": [ 132.465652, 34.36768 ] } },
{ "type": "Feature", "properties": { "内容": "エイコー堂薬局　みどり店【5:薬局】広島県広島市南区翠一丁目１０－２５", "url": "https://www.iryou.teikyouseido.mhlw.go.jp/znk-web/juminkanja/S2430/initialize?prefCd=34&kikanCd=7340005190&kikanKbn=5", "url2": null }, "geometry": { "type": "Point", "coordinates": [ 132.465065, 34.369077 ] } },
{ "type": "Feature", "properties": { "内容": "日本調剤　みどり町薬局【5:薬局】広島県広島市南区翠五丁目１７－１０", "url": "https://www.iryou.teikyouseido.mhlw.go.jp/znk-web/juminkanja/S2430/initialize?prefCd=34&kikanCd=7340005210&kikanKbn=5", "url2": "http://www.nicho.co.jp/tenpo/midorim.html" }, "geometry": { "type": "Point", "coordinates": [ 132.466624, 34.367874 ] } },
{ "type": "Feature", "properties": { "内容": "オール薬局　翠町店【5:薬局】広島県広島市南区翠三丁目６－４", "url": "https://www.iryou.teikyouseido.mhlw.go.jp/znk-web/juminkanja/S2430/initialize?prefCd=34&kikanCd=7340005220&kikanKbn=5", "url2": "http://www.e-classa.net/owl-midorimachi/" }, "geometry": { "type": "Point", "coordinates": [ 132.47154, 34.373068 ] } },
{ "type": "Feature", "properties": { "内容": "堀江薬局【5:薬局】広島県広島市南区皆実町　一丁目１８－２", "url": "https://www.iryou.teikyouseido.mhlw.go.jp/znk-web/juminkanja/S2430/initialize?prefCd=34&kikanCd=7340005240&kikanKbn=5", "url2": null }, "geometry": { "type": "Point", "coordinates": [ 132.470234, 34.377873 ] } },
{ "type": "Feature", "properties": { "内容": "マリン薬局　株式会社　マリン薬局宇品店【5:薬局】広島県広島市南区宇品西二丁目５－５", "url": "https://www.iryou.teikyouseido.mhlw.go.jp/znk-web/juminkanja/S2430/initialize?prefCd=34&kikanCd=7340005300&kikanKbn=5", "url2": "http://www.marine-yakkyoku.co.jp" }, "geometry": { "type": "Point", "coordinates": [ 132.459763, 34.366013 ] } },
{ "type": "Feature", "properties": { "内容": "有限会社　岡田経三薬局【5:薬局】広島県広島市南区宇品御幸五丁目１９－１３", "url": "https://www.iryou.teikyouseido.mhlw.go.jp/znk-web/juminkanja/S2430/initialize?prefCd=34&kikanCd=7340005330&kikanKbn=5", "url2": null }, "geometry": { "type": "Point", "coordinates": [ 132.462014, 34.356792 ] } },
{ "type": "Feature", "properties": { "内容": "スマイル薬局【5:薬局】広島県広島市南区宇品御幸三丁目１番６号", "url": "https://www.iryou.teikyouseido.mhlw.go.jp/znk-web/juminkanja/S2430/initialize?prefCd=34&kikanCd=7340005360&kikanKbn=5", "url2": "https://s-kusuri.jp" }, "geometry": { "type": "Point", "coordinates": [ 132.464066, 34.363632 ] } },
{ "type": "Feature", "properties": { "内容": "タカタ薬局　上東雲店【5:薬局】広島県広島市南区上東雲町３３－７中川ビル１Ｆ", "url": "https://www.iryou.teikyouseido.mhlw.go.jp/znk-web/juminkanja/S2430/initialize?prefCd=34&kikanCd=7340005410&kikanKbn=5", "url2": null }, "geometry": { "type": "Point", "coordinates": [ 132.485733, 34.383845 ] } },
{ "type": "Feature", "properties": { "内容": "ケンコー薬局【5:薬局】広島県広島市南区東雲三丁目５－３６", "url": "https://www.iryou.teikyouseido.mhlw.go.jp/znk-web/juminkanja/S2430/initialize?prefCd=34&kikanCd=7340005440&kikanKbn=5", "url2": null }, "geometry": { "type": "Point", "coordinates": [ 132.491594, 34.37954 ] } },
{ "type": "Feature", "properties": { "内容": "そらいろ薬局【5:薬局】広島県広島市南区東雲本町二丁目１７番６号", "url": "https://www.iryou.teikyouseido.mhlw.go.jp/znk-web/juminkanja/S2430/initialize?prefCd=34&kikanCd=7340005460&kikanKbn=5", "url2": null }, "geometry": { "type": "Point", "coordinates": [ 132.48883, 34.380231 ] } },
{ "type": "Feature", "properties": { "内容": "エスマイル薬局　東雲店【5:薬局】広島県広島市南区東雲本町二丁目１－８　北岡ビル１Ｆ", "url": "https://www.iryou.teikyouseido.mhlw.go.jp/znk-web/juminkanja/S2430/initialize?prefCd=34&kikanCd=7340005470&kikanKbn=5", "url2": "http://www.ssmile.co.jp/" }, "geometry": { "type": "Point", "coordinates": [ 132.487288, 34.383345 ] } },
{ "type": "Feature", "properties": { "内容": "純薬　株式会社　東雲アゼリア薬局【5:薬局】広島県広島市南区東雲本町二丁目１３－３２クレールＤＡＴＥ", "url": "https://www.iryou.teikyouseido.mhlw.go.jp/znk-web/juminkanja/S2430/initialize?prefCd=34&kikanCd=7340005490&kikanKbn=5", "url2": "https://sites.google.com./view/junyaku/1990/home" }, "geometry": { "type": "Point", "coordinates": [ 132.486511, 34.380484 ] } },
{ "type": "Feature", "properties": { "内容": "有限会社　竹田薬局【5:薬局】広島県広島市南区東雲本町二丁目３－１９", "url": "https://www.iryou.teikyouseido.mhlw.go.jp/znk-web/juminkanja/S2430/initialize?prefCd=34&kikanCd=7340005500&kikanKbn=5", "url2": "http://www.myph.jp/takeda_pharm/pc/index.html" }, "geometry": { "type": "Point", "coordinates": [ 132.485733, 34.383067 ] } },
{ "type": "Feature", "properties": { "内容": "タカタ薬局　東雲本町店【5:薬局】広島県広島市南区東雲本町２丁目７番１５号", "url": "https://www.iryou.teikyouseido.mhlw.go.jp/znk-web/juminkanja/S2430/initialize?prefCd=34&kikanCd=7340005510&kikanKbn=5", "url2": null }, "geometry": { "type": "Point", "coordinates": [ 132.486316, 34.382123 ] } },
{ "type": "Feature", "properties": { "内容": "アイ薬局【5:薬局】広島県広島市南区仁保新町一丁目９－１４", "url": "https://www.iryou.teikyouseido.mhlw.go.jp/znk-web/juminkanja/S2430/initialize?prefCd=34&kikanCd=7340005520&kikanKbn=5", "url2": "http://homepage2.nifty.com/aisonetic" }, "geometry": { "type": "Point", "coordinates": [ 132.492455, 34.376068 ] } },
{ "type": "Feature", "properties": { "内容": "有限会社　ルピナス薬局【5:薬局】広島県広島市南区仁保新町１－４－１２", "url": "https://www.iryou.teikyouseido.mhlw.go.jp/znk-web/juminkanja/S2430/initialize?prefCd=34&kikanCd=7340005530&kikanKbn=5", "url2": null }, "geometry": { "type": "Point", "coordinates": [ 132.490205, 34.377929 ] } },
{ "type": "Feature", "properties": { "内容": "有限会社　東部薬局【5:薬局】広島県広島市南区東本浦町４番２７号", "url": "https://www.iryou.teikyouseido.mhlw.go.jp/znk-web/juminkanja/S2430/initialize?prefCd=34&kikanCd=7340005560&kikanKbn=5", "url2": null }, "geometry": { "type": "Point", "coordinates": [ 132.488233, 34.376513 ] } },
{ "type": "Feature", "properties": { "内容": "あい愛薬局【5:薬局】広島県広島市南区東本浦町２３－２２　中野ビル", "url": "https://www.iryou.teikyouseido.mhlw.go.jp/znk-web/juminkanja/S2430/initialize?prefCd=34&kikanCd=7340005570&kikanKbn=5", "url2": "http://homepage2.nifty.com/aisonetic/" }, "geometry": { "type": "Point", "coordinates": [ 132.492399, 34.375263 ] } },
{ "type": "Feature", "properties": { "内容": "ひまわり薬局【5:薬局】広島県広島市南区比治山本町１６－３５　産業文化センター１２階", "url": "https://www.iryou.teikyouseido.mhlw.go.jp/znk-web/juminkanja/S2430/initialize?prefCd=34&kikanCd=7340005590&kikanKbn=5", "url2": "http://www.reliance-cosmos.co.jp/" }, "geometry": { "type": "Point", "coordinates": [ 132.468957, 34.379901 ] } },
{ "type": "Feature", "properties": { "内容": "くらかけ薬局【5:薬局】広島県広島市南区青崎一丁目８－８", "url": "https://www.iryou.teikyouseido.mhlw.go.jp/znk-web/juminkanja/S2430/initialize?prefCd=34&kikanCd=7340005640&kikanKbn=5", "url2": "https://kurakake-pharmacy.co.jp" }, "geometry": { "type": "Point", "coordinates": [ 132.50662, 34.374902 ] } },
{ "type": "Feature", "properties": { "内容": "有限会社　向洋薬局【5:薬局】広島県広島市南区向洋中町１－６", "url": "https://www.iryou.teikyouseido.mhlw.go.jp/znk-web/juminkanja/S2430/initialize?prefCd=34&kikanCd=7340005670&kikanKbn=5", "url2": null }, "geometry": { "type": "Point", "coordinates": [ 132.505593, 34.367125 ] } },
{ "type": "Feature", "properties": { "内容": "全快堂薬局　本店【5:薬局】広島県広島市安芸区船越三丁目１３－１５", "url": "https://www.iryou.teikyouseido.mhlw.go.jp/znk-web/juminkanja/S2430/initialize?prefCd=34&kikanCd=7340005690&kikanKbn=5", "url2": "http://www.zenkaidou.co.jp/" }, "geometry": { "type": "Point", "coordinates": [ 132.521854, 34.375053 ] } },
{ "type": "Feature", "properties": { "内容": "有限会社　ヒラノ薬局【5:薬局】広島県安芸郡府中町青崎東１９－３４－１０１", "url": "https://www.iryou.teikyouseido.mhlw.go.jp/znk-web/juminkanja/S2430/initialize?prefCd=34&kikanCd=7340005700&kikanKbn=5", "url2": null }, "geometry": { "type": "Point", "coordinates": [ 132.515068, 34.375986 ] } },
{ "type": "Feature", "properties": { "内容": "有限会社　船越調剤薬局【5:薬局】広島県広島市安芸区船越　６丁目３－１９", "url": "https://www.iryou.teikyouseido.mhlw.go.jp/znk-web/juminkanja/S2430/initialize?prefCd=34&kikanCd=7340005710&kikanKbn=5", "url2": null }, "geometry": { "type": "Point", "coordinates": [ 132.529368, 34.374986 ] } },
{ "type": "Feature", "properties": { "内容": "有限会社　ハート薬局【5:薬局】広島県広島市安芸区船越南二丁目１７－１　一階", "url": "https://www.iryou.teikyouseido.mhlw.go.jp/znk-web/juminkanja/S2430/initialize?prefCd=34&kikanCd=7340005730&kikanKbn=5", "url2": null }, "geometry": { "type": "Point", "coordinates": [ 132.522258, 34.37293 ] } },
{ "type": "Feature", "properties": { "内容": "船越南どんぐり薬局【5:薬局】広島県広島市安芸区船越南三丁目２５－２８", "url": "https://www.iryou.teikyouseido.mhlw.go.jp/znk-web/juminkanja/S2430/initialize?prefCd=34&kikanCd=7340005750&kikanKbn=5", "url2": "https://www.donguri-gp.com" }, "geometry": { "type": "Point", "coordinates": [ 132.526258, 34.371458 ] } },
{ "type": "Feature", "properties": { "内容": "有限会社すみれ薬局【5:薬局】広島県広島市安芸区矢野東四丁目１番９号", "url": "https://www.iryou.teikyouseido.mhlw.go.jp/znk-web/juminkanja/S2430/initialize?prefCd=34&kikanCd=7340005780&kikanKbn=5", "url2": null }, "geometry": { "type": "Point", "coordinates": [ 132.538063, 34.356016 ] } },
{ "type": "Feature", "properties": { "内容": "矢野全快堂薬局【5:薬局】広島県広島市安芸区矢野南三丁目１－３", "url": "https://www.iryou.teikyouseido.mhlw.go.jp/znk-web/juminkanja/S2430/initialize?prefCd=34&kikanCd=7340005850&kikanKbn=5", "url2": "https://zenkaidou.co.jp" }, "geometry": { "type": "Point", "coordinates": [ 132.528759, 34.344933 ] } },
{ "type": "Feature", "properties": { "内容": "ひらあき薬局【5:薬局】広島県広島市安芸区畑賀３－２９－２", "url": "https://www.iryou.teikyouseido.mhlw.go.jp/znk-web/juminkanja/S2430/initialize?prefCd=34&kikanCd=7340005860&kikanKbn=5", "url2": null }, "geometry": { "type": "Point", "coordinates": [ 132.550894, 34.393734 ] } },
{ "type": "Feature", "properties": { "内容": "栗岡共栄薬局　水内店【5:薬局】広島県広島市佐伯区湯来町下字久賀市９９４", "url": "https://www.iryou.teikyouseido.mhlw.go.jp/znk-web/juminkanja/S2430/initialize?prefCd=34&kikanCd=7340005880&kikanKbn=5", "url2": null }, "geometry": { "type": "Point", "coordinates": [ 132.35039, 34.553281 ] } },
{ "type": "Feature", "properties": { "内容": "湯来しみず薬局【5:薬局】広島県広島市佐伯区湯来町白砂５８８－１", "url": "https://www.iryou.teikyouseido.mhlw.go.jp/znk-web/juminkanja/S2430/initialize?prefCd=34&kikanCd=7340005890&kikanKbn=5", "url2": "https://www.drug-shimizu.jp/" }, "geometry": { "type": "Point", "coordinates": [ 132.288769, 34.421349 ] } },
{ "type": "Feature", "properties": { "内容": "有限会社　アーニスト　瀬野薬局【5:薬局】広島県広島市安芸区瀬野一丁目２６－３", "url": "https://www.iryou.teikyouseido.mhlw.go.jp/znk-web/juminkanja/S2430/initialize?prefCd=34&kikanCd=7340005900&kikanKbn=5", "url2": null }, "geometry": { "type": "Point", "coordinates": [ 132.604554, 34.42201 ] } },
{ "type": "Feature", "properties": { "内容": "みどり坂薬局【5:薬局】広島県広島市安芸区瀬野二丁目１２－１３", "url": "https://www.iryou.teikyouseido.mhlw.go.jp/znk-web/juminkanja/S2430/initialize?prefCd=34&kikanCd=7340005910&kikanKbn=5", "url2": "http://yuushin.cc/" }, "geometry": { "type": "Point", "coordinates": [ 132.595, 34.422676 ] } },
{ "type": "Feature", "properties": { "内容": "有限会社　富士薬局【5:薬局】広島県広島市安芸区中野五丁目１７番１５号　浜野ビル２階", "url": "https://www.iryou.teikyouseido.mhlw.go.jp/znk-web/juminkanja/S2430/initialize?prefCd=34&kikanCd=7340005920&kikanKbn=5", "url2": null }, "geometry": { "type": "Point", "coordinates": [ 132.580141, 34.403345 ] } },
{ "type": "Feature", "properties": { "内容": "サンヨーファーマシー中野薬局【5:薬局】広島県広島市安芸区中野５丁目１３－３２", "url": "https://www.iryou.teikyouseido.mhlw.go.jp/znk-web/juminkanja/S2430/initialize?prefCd=34&kikanCd=7340005930&kikanKbn=5", "url2": "sanyo01@alto.ocn.ne.jp" }, "geometry": { "type": "Point", "coordinates": [ 132.580863, 34.402345 ] } },
{ "type": "Feature", "properties": { "内容": "タウン薬局　安芸中野店【5:薬局】広島県広島市安芸区中野三丁目９番６号", "url": "https://www.iryou.teikyouseido.mhlw.go.jp/znk-web/juminkanja/S2430/initialize?prefCd=34&kikanCd=7340005940&kikanKbn=5", "url2": "http://www.g-town.co.jp/" }, "geometry": { "type": "Point", "coordinates": [ 132.564837, 34.392734 ] } },
{ "type": "Feature", "properties": { "内容": "アロー薬局　瀬野川店【5:薬局】広島県広島市安芸区中野東１丁目１１－３１", "url": "https://www.iryou.teikyouseido.mhlw.go.jp/znk-web/juminkanja/S2430/initialize?prefCd=34&kikanCd=7340005950&kikanKbn=5", "url2": "http://hiroshima-arrow.com/" }, "geometry": { "type": "Point", "coordinates": [ 132.562171, 34.387068 ] } },
{ "type": "Feature", "properties": { "内容": "有限会社　スマイル　中野中央薬局【5:薬局】広島県広島市安芸区中野東一丁目２０－２５", "url": "https://www.iryou.teikyouseido.mhlw.go.jp/znk-web/juminkanja/S2430/initialize?prefCd=34&kikanCd=7340005960&kikanKbn=5", "url2": null }, "geometry": { "type": "Point", "coordinates": [ 132.561615, 34.385402 ] } },
{ "type": "Feature", "properties": { "内容": "なのはな薬局【5:薬局】広島県広島市安芸区中野東４丁目　１８－１", "url": "https://www.iryou.teikyouseido.mhlw.go.jp/znk-web/juminkanja/S2430/initialize?prefCd=34&kikanCd=7340005970&kikanKbn=5", "url2": "http://www.trust-ph.com/" }, "geometry": { "type": "Point", "coordinates": [ 132.577475, 34.396734 ] } },
{ "type": "Feature", "properties": { "内容": "平原薬局【5:薬局】広島県広島市安芸区中野東五丁目１－２", "url": "https://www.iryou.teikyouseido.mhlw.go.jp/znk-web/juminkanja/S2430/initialize?prefCd=34&kikanCd=7340005980&kikanKbn=5", "url2": null }, "geometry": { "type": "Point", "coordinates": [ 132.582085, 34.401706 ] } },
{ "type": "Feature", "properties": { "内容": "永野薬局【5:薬局】広島県広島市安芸区中野二丁目１８番５号", "url": "https://www.iryou.teikyouseido.mhlw.go.jp/znk-web/juminkanja/S2430/initialize?prefCd=34&kikanCd=7340005990&kikanKbn=5", "url2": null }, "geometry": { "type": "Point", "coordinates": [ 132.563087, 34.391846 ] } },
{ "type": "Feature", "properties": { "内容": "白木薬局【5:薬局】広島県広島市安佐北区白木町小越１９４－９", "url": "https://www.iryou.teikyouseido.mhlw.go.jp/znk-web/juminkanja/S2430/initialize?prefCd=34&kikanCd=7340006000&kikanKbn=5", "url2": null }, "geometry": { "type": "Point", "coordinates": [ 132.66396, 34.552858 ] } },
{ "type": "Feature", "properties": { "内容": "ひかり薬局【5:薬局】広島県広島市安佐北区白木町三田７００５－２", "url": "https://www.iryou.teikyouseido.mhlw.go.jp/znk-web/juminkanja/S2430/initialize?prefCd=34&kikanCd=7340006020&kikanKbn=5", "url2": "https://fourleaf-nozomi.net/" }, "geometry": { "type": "Point", "coordinates": [ 132.607439, 34.511806 ] } },
{ "type": "Feature", "properties": { "内容": "パール薬局　白木店【5:薬局】広島県広島市安佐北区白木町三田４２６９－１", "url": "https://www.iryou.teikyouseido.mhlw.go.jp/znk-web/juminkanja/S2430/initialize?prefCd=34&kikanCd=7340006030&kikanKbn=5", "url2": "http://www.mikk-ligar.jp/" }, "geometry": { "type": "Point", "coordinates": [ 132.588302, 34.498029 ] } },
{ "type": "Feature", "properties": { "内容": "高陽りんご薬局【5:薬局】広島県広島市安佐北区落合五丁目２－３４", "url": "https://www.iryou.teikyouseido.mhlw.go.jp/znk-web/juminkanja/S2430/initialize?prefCd=34&kikanCd=7340006050&kikanKbn=5", "url2": null }, "geometry": { "type": "Point", "coordinates": [ 132.513143, 34.480085 ] } },
{ "type": "Feature", "properties": { "内容": "エスマイル薬局おちあい店【5:薬局】広島県広島市安佐北区落合一丁目１３番６号", "url": "https://www.iryou.teikyouseido.mhlw.go.jp/znk-web/juminkanja/S2430/initialize?prefCd=34&kikanCd=7340006060&kikanKbn=5", "url2": "http://www.ssmile.co.jp" }, "geometry": { "type": "Point", "coordinates": [ 132.51056, 34.472058 ] } },
{ "type": "Feature", "properties": { "内容": "もろき薬局【5:薬局】広島県広島市安佐北区落合南町七丁目４－２１", "url": "https://www.iryou.teikyouseido.mhlw.go.jp/znk-web/juminkanja/S2430/initialize?prefCd=34&kikanCd=7340006090&kikanKbn=5", "url2": "http://www.ssmile.co.jp/store.php?SID=7" }, "geometry": { "type": "Point", "coordinates": [ 132.519978, 34.47618 ] } },
{ "type": "Feature", "properties": { "内容": "落合ポテト薬局【5:薬局】広島県広島市安佐北区落合南町１－１１－１３", "url": "https://www.iryou.teikyouseido.mhlw.go.jp/znk-web/juminkanja/S2430/initialize?prefCd=34&kikanCd=7340006100&kikanKbn=5", "url2": null }, "geometry": { "type": "Point", "coordinates": [ 132.507005, 34.467031 ] } },
{ "type": "Feature", "properties": { "内容": "高陽タカズミ薬局【5:薬局】広島県広島市安佐北区口田南町八丁目１４－１４", "url": "https://www.iryou.teikyouseido.mhlw.go.jp/znk-web/juminkanja/S2430/initialize?prefCd=34&kikanCd=7340006130&kikanKbn=5", "url2": "www.takazumi.co.jp" }, "geometry": { "type": "Point", "coordinates": [ 132.504616, 34.464892 ] } },
{ "type": "Feature", "properties": { "内容": "エスマイル薬局　口田南店【5:薬局】広島県広島市安佐北区口田南町七丁目１２－２７増田ビル１０３", "url": "https://www.iryou.teikyouseido.mhlw.go.jp/znk-web/juminkanja/S2430/initialize?prefCd=34&kikanCd=7340006140&kikanKbn=5", "url2": "http://www.ssmile.co.jp/" }, "geometry": { "type": "Point", "coordinates": [ 132.497256, 34.461115 ] } },
{ "type": "Feature", "properties": { "内容": "上野薬局【5:薬局】広島県広島市安佐北区口田町四丁目２０番３号", "url": "https://www.iryou.teikyouseido.mhlw.go.jp/znk-web/juminkanja/S2430/initialize?prefCd=34&kikanCd=7340006150&kikanKbn=5", "url2": "https://www.ueno-pharmacy.com/" }, "geometry": { "type": "Point", "coordinates": [ 132.506977, 34.468309 ] } },
{ "type": "Feature", "properties": { "内容": "あきやぐち薬局【5:薬局】広島県広島市安佐北区口田一丁目１５－１１", "url": "https://www.iryou.teikyouseido.mhlw.go.jp/znk-web/juminkanja/S2430/initialize?prefCd=34&kikanCd=7340006180&kikanKbn=5", "url2": null }, "geometry": { "type": "Point", "coordinates": [ 132.495256, 34.462087 ] } },
{ "type": "Feature", "properties": { "内容": "ドレミ薬局　高陽店【5:薬局】広島県広島市安佐北区口田一丁目９－３", "url": "https://www.iryou.teikyouseido.mhlw.go.jp/znk-web/juminkanja/S2430/initialize?prefCd=34&kikanCd=7340006190&kikanKbn=5", "url2": "http://www.harmony-co.jp/" }, "geometry": { "type": "Point", "coordinates": [ 132.495673, 34.46117 ] } },
{ "type": "Feature", "properties": { "内容": "ウォンツ　高陽矢口薬局【5:薬局】広島県広島市安佐北区口田町一丁目２１－２３", "url": "https://www.iryou.teikyouseido.mhlw.go.jp/znk-web/juminkanja/S2430/initialize?prefCd=34&kikanCd=7340006200&kikanKbn=5", "url2": "https://www.wants.co.jp/" }, "geometry": { "type": "Point", "coordinates": [ 132.495812, 34.464198 ] } },
{ "type": "Feature", "properties": { "内容": "株式会社　調剤　亀崎薬局【5:薬局】広島県広島市安佐北区亀崎一丁目２番３０号", "url": "https://www.iryou.teikyouseido.mhlw.go.jp/znk-web/juminkanja/S2430/initialize?prefCd=34&kikanCd=7340006240&kikanKbn=5", "url2": "spdz5r39@beetle.ocn.ne.jp" }, "geometry": { "type": "Point", "coordinates": [ 132.523225, 34.481419 ] } },
{ "type": "Feature", "properties": { "内容": "亀崎りんご薬局【5:薬局】広島県広島市安佐北区亀崎一丁目２－４", "url": "https://www.iryou.teikyouseido.mhlw.go.jp/znk-web/juminkanja/S2430/initialize?prefCd=34&kikanCd=7340006250&kikanKbn=5", "url2": null }, "geometry": { "type": "Point", "coordinates": [ 132.522364, 34.481391 ] } },
{ "type": "Feature", "properties": { "内容": "ふかわ薬局【5:薬局】広島県広島市安佐北区深川町五丁目１９番８号", "url": "https://www.iryou.teikyouseido.mhlw.go.jp/znk-web/juminkanja/S2430/initialize?prefCd=34&kikanCd=7340006270&kikanKbn=5", "url2": "http://www.ssmile.co.jp/" }, "geometry": { "type": "Point", "coordinates": [ 132.532602, 34.48166 ] } },
{ "type": "Feature", "properties": { "内容": "コスモス薬局　白島店【5:薬局】広島県広島市中区西白島町７－２４", "url": "https://www.iryou.teikyouseido.mhlw.go.jp/znk-web/juminkanja/S2430/initialize?prefCd=34&kikanCd=7340006290&kikanKbn=5", "url2": "http://www.reliance-cosmos.co.jp/" }, "geometry": { "type": "Point", "coordinates": [ 132.460595, 34.407398 ] } },
{ "type": "Feature", "properties": { "内容": "すずらん薬局　五日市観音店【5:薬局】広島県広島市佐伯区坪井一丁目２１番４４号", "url": "https://www.iryou.teikyouseido.mhlw.go.jp/znk-web/juminkanja/S2430/initialize?prefCd=34&kikanCd=7340006320&kikanKbn=5", "url2": "http://www.horon-suzuran.co.jp/new/tenpo-detail/itsukaichi/" }, "geometry": { "type": "Point", "coordinates": [ 132.350467, 34.377149 ] } },
{ "type": "Feature", "properties": { "内容": "高陽ニュータウン薬局【5:薬局】広島県広島市安佐北区落合３－８－１３", "url": "https://www.iryou.teikyouseido.mhlw.go.jp/znk-web/juminkanja/S2430/initialize?prefCd=34&kikanCd=7340006330&kikanKbn=5", "url2": null }, "geometry": { "type": "Point", "coordinates": [ 132.513893, 34.476613 ] } },
{ "type": "Feature", "properties": { "内容": "オズ薬局　五日市八幡東店【5:薬局】広島県広島市佐伯区八幡東二丁目２８－５５", "url": "https://www.iryou.teikyouseido.mhlw.go.jp/znk-web/juminkanja/S2430/initialize?prefCd=34&kikanCd=7340006350&kikanKbn=5", "url2": null }, "geometry": { "type": "Point", "coordinates": [ 132.359549, 34.384398 ] } },
{ "type": "Feature", "properties": { "内容": "すずらん薬局　本店【5:薬局】広島県広島市中区袋町４番１号", "url": "https://www.iryou.teikyouseido.mhlw.go.jp/znk-web/juminkanja/S2430/initialize?prefCd=34&kikanCd=7340006370&kikanKbn=5", "url2": "http://horon-suzuran.co.jp/new/tenpo-detail/honten/" }, "geometry": { "type": "Point", "coordinates": [ 132.458124, 34.392344 ] } },
{ "type": "Feature", "properties": { "内容": "ウォンツ　八丁堀薬局【5:薬局】広島県広島市中区八丁堀１１－８", "url": "https://www.iryou.teikyouseido.mhlw.go.jp/znk-web/juminkanja/S2430/initialize?prefCd=34&kikanCd=7340006380&kikanKbn=5", "url2": "https://www.wants.co.jp/" }, "geometry": { "type": "Point", "coordinates": [ 132.462456, 34.395149 ] } },
{ "type": "Feature", "properties": { "内容": "株式会社　西日本調剤　めぐみ薬局【5:薬局】広島県広島市西区東観音町２０－１８", "url": "https://www.iryou.teikyouseido.mhlw.go.jp/znk-web/juminkanja/S2430/initialize?prefCd=34&kikanCd=7340006390&kikanKbn=5", "url2": "https://www.tsnishicho.com/" }, "geometry": { "type": "Point", "coordinates": [ 132.437792, 34.390927 ] } },
{ "type": "Feature", "properties": { "内容": "エスマイル薬局平和店【5:薬局】広島県広島市安芸区船越南三丁目６－１３", "url": "https://www.iryou.teikyouseido.mhlw.go.jp/znk-web/juminkanja/S2430/initialize?prefCd=34&kikanCd=7340006430&kikanKbn=5", "url2": "http://www.ssmile.co.jp/" }, "geometry": { "type": "Point", "coordinates": [ 132.524619, 34.370653 ] } },
{ "type": "Feature", "properties": { "内容": "レデイ薬局　長楽寺店【5:薬局】広島県広島市安佐南区長楽寺町一丁目３番１６号", "url": "https://www.iryou.teikyouseido.mhlw.go.jp/znk-web/juminkanja/S2430/initialize?prefCd=34&kikanCd=7340006440&kikanKbn=5", "url2": "http://www.lady-drug.co.jp/" }, "geometry": { "type": "Point", "coordinates": [ 132.4319, 34.470863 ] } },
{ "type": "Feature", "properties": { "内容": "口田薬局【5:薬局】広島県広島市安佐北区口田町三丁目２番５号", "url": "https://www.iryou.teikyouseido.mhlw.go.jp/znk-web/juminkanja/S2430/initialize?prefCd=34&kikanCd=7340006470&kikanKbn=5", "url2": null }, "geometry": { "type": "Point", "coordinates": [ 132.505338, 34.466503 ] } },
{ "type": "Feature", "properties": { "内容": "オリーブ薬局　口田東店【5:薬局】広島県広島市安佐北区口田町三丁目３２番２号", "url": "https://www.iryou.teikyouseido.mhlw.go.jp/znk-web/juminkanja/S2430/initialize?prefCd=34&kikanCd=7340006480&kikanKbn=5", "url2": "http://www.ssmile.co.jp/store.php?SID=11" }, "geometry": { "type": "Point", "coordinates": [ 132.502172, 34.46492 ] } },
{ "type": "Feature", "properties": { "内容": "すずらん薬局　紙屋町ビル店【5:薬局】広島県広島市中区紙屋町二丁目２番２号", "url": "https://www.iryou.teikyouseido.mhlw.go.jp/znk-web/juminkanja/S2430/initialize?prefCd=34&kikanCd=7340006540&kikanKbn=5", "url2": "http://horon-suzuran.co.jp/new/tenpo-detail/kamiyacho/" }, "geometry": { "type": "Point", "coordinates": [ 132.45704, 34.394343 ] } },
{ "type": "Feature", "properties": { "内容": "パークフロント薬局【5:薬局】広島県広島市安佐南区大塚西四丁目８－３１", "url": "https://www.iryou.teikyouseido.mhlw.go.jp/znk-web/juminkanja/S2430/initialize?prefCd=34&kikanCd=7340006570&kikanKbn=5", "url2": "http://yuushin.cc/" }, "geometry": { "type": "Point", "coordinates": [ 132.398821, 34.434533 ] } },
{ "type": "Feature", "properties": { "内容": "ここから薬局　緑井店【5:薬局】広島県広島市安佐南区緑井六丁目２７－１２", "url": "https://www.iryou.teikyouseido.mhlw.go.jp/znk-web/juminkanja/S2430/initialize?prefCd=34&kikanCd=7340006600&kikanKbn=5", "url2": "http://www.g-town.co.jp/" }, "geometry": { "type": "Point", "coordinates": [ 132.48197, 34.472738 ] } },
{ "type": "Feature", "properties": { "内容": "大手町スマイル薬局【5:薬局】広島県広島市中区大手町三丁目１３－３３", "url": "https://www.iryou.teikyouseido.mhlw.go.jp/znk-web/juminkanja/S2430/initialize?prefCd=34&kikanCd=7340006610&kikanKbn=5", "url2": "smile-pharmacy.jp" }, "geometry": { "type": "Point", "coordinates": [ 132.453596, 34.386622 ] } },
{ "type": "Feature", "properties": { "内容": "すずらん薬局　庚午店【5:薬局】広島県広島市西区庚午中三丁目６－１１", "url": "https://www.iryou.teikyouseido.mhlw.go.jp/znk-web/juminkanja/S2430/initialize?prefCd=34&kikanCd=7340006620&kikanKbn=5", "url2": "http://horon-suzuran.co.jp/new/tenpo-detail/kogo/" }, "geometry": { "type": "Point", "coordinates": [ 132.411545, 34.382899 ] } },
{ "type": "Feature", "properties": { "内容": "コスモス薬局　本通店【5:薬局】広島県広島市中区本通３－２３", "url": "https://www.iryou.teikyouseido.mhlw.go.jp/znk-web/juminkanja/S2430/initialize?prefCd=34&kikanCd=7340006640&kikanKbn=5", "url2": "http://www.reliance-cosmos.co.jp/" }, "geometry": { "type": "Point", "coordinates": [ 132.46029, 34.393205 ] } },
{ "type": "Feature", "properties": { "内容": "ひかりが丘薬局【5:薬局】広島県広島市東区光が丘１２－９", "url": "https://www.iryou.teikyouseido.mhlw.go.jp/znk-web/juminkanja/S2430/initialize?prefCd=34&kikanCd=7340006650&kikanKbn=5", "url2": "http://www.zenkaidou.co.jp/" }, "geometry": { "type": "Point", "coordinates": [ 132.476122, 34.402315 ] } },
{ "type": "Feature", "properties": { "内容": "中電前薬局【5:薬局】広島県広島市中区大手町三丁目１番１４号", "url": "https://www.iryou.teikyouseido.mhlw.go.jp/znk-web/juminkanja/S2430/initialize?prefCd=34&kikanCd=7340006660&kikanKbn=5", "url2": null }, "geometry": { "type": "Point", "coordinates": [ 132.455041, 34.388622 ] } },
{ "type": "Feature", "properties": { "内容": "コスモス薬局　大手町店【5:薬局】広島県広島市中区大手町２－１－４　広島本通マークビル６階", "url": "https://www.iryou.teikyouseido.mhlw.go.jp/znk-web/juminkanja/S2430/initialize?prefCd=34&kikanCd=7340006730&kikanKbn=5", "url2": "http://www.reliance-cosmos.co.jp/" }, "geometry": { "type": "Point", "coordinates": [ 132.456485, 34.392955 ] } },
{ "type": "Feature", "properties": { "内容": "Ａシティ薬局【5:薬局】広島県広島市安佐南区大塚西三丁目１３－２０", "url": "https://www.iryou.teikyouseido.mhlw.go.jp/znk-web/juminkanja/S2430/initialize?prefCd=34&kikanCd=7340006750&kikanKbn=5", "url2": "http://www.yuushin.cc/shop/acity/" }, "geometry": { "type": "Point", "coordinates": [ 132.401098, 34.442643 ] } },
{ "type": "Feature", "properties": { "内容": "のぞみ薬局【5:薬局】広島県広島市南区東雲三丁目５－２１", "url": "https://www.iryou.teikyouseido.mhlw.go.jp/znk-web/juminkanja/S2430/initialize?prefCd=34&kikanCd=7340006780&kikanKbn=5", "url2": null }, "geometry": { "type": "Point", "coordinates": [ 132.491093, 34.378994 ] } },
{ "type": "Feature", "properties": { "内容": "エスマイル薬局　県庁駅前店【5:薬局】広島県広島市中区基町１０－９０", "url": "https://www.iryou.teikyouseido.mhlw.go.jp/znk-web/juminkanja/S2430/initialize?prefCd=34&kikanCd=7340006800&kikanKbn=5", "url2": "http://www.ssmile.co.jp" }, "geometry": { "type": "Point", "coordinates": [ 132.458096, 34.396593 ] } },
{ "type": "Feature", "properties": { "内容": "可部スマイル薬局【5:薬局】広島県広島市安佐北区可部二丁目４０－２０", "url": "https://www.iryou.teikyouseido.mhlw.go.jp/znk-web/juminkanja/S2430/initialize?prefCd=34&kikanCd=7340006820&kikanKbn=5", "url2": "http://smile-pharmacy.jp/" }, "geometry": { "type": "Point", "coordinates": [ 132.511169, 34.511276 ] } },
{ "type": "Feature", "properties": { "内容": "すずらん薬局　船越店【5:薬局】広島県広島市安芸区船越南二丁目１８－９", "url": "https://www.iryou.teikyouseido.mhlw.go.jp/znk-web/juminkanja/S2430/initialize?prefCd=34&kikanCd=7340006830&kikanKbn=5", "url2": "http://horon-suzuran.co.jp/new/tenpo-detail/funakoshi/" }, "geometry": { "type": "Point", "coordinates": [ 132.522841, 34.372541 ] } },
{ "type": "Feature", "properties": { "内容": "アイビー薬局　可部【5:薬局】広島県広島市安佐北区可部南四丁目９－１５", "url": "https://www.iryou.teikyouseido.mhlw.go.jp/znk-web/juminkanja/S2430/initialize?prefCd=34&kikanCd=7340006840&kikanKbn=5", "url2": "https://www.e-classa.net/ivy-pharmacy/index.html" }, "geometry": { "type": "Point", "coordinates": [ 132.51178, 34.507832 ] } },
{ "type": "Feature", "properties": { "内容": "コスモス薬局　相田店【5:薬局】広島県広島市安佐南区安東二丁目１４番１９号", "url": "https://www.iryou.teikyouseido.mhlw.go.jp/znk-web/juminkanja/S2430/initialize?prefCd=34&kikanCd=7340006850&kikanKbn=5", "url2": "http://www.reliance-cosmos.co.jp/" }, "geometry": { "type": "Point", "coordinates": [ 132.455509, 34.473863 ] } },
{ "type": "Feature", "properties": { "内容": "有限会社　いまだ薬局【5:薬局】広島県大竹市立戸三丁目１－８", "url": "https://www.iryou.teikyouseido.mhlw.go.jp/znk-web/juminkanja/S2430/initialize?prefCd=34&kikanCd=7340006900&kikanKbn=5", "url2": null }, "geometry": { "type": "Point", "coordinates": [ 132.21979, 34.22769 ] } },
{ "type": "Feature", "properties": { "内容": "有限会社　サダムラ　大竹ヘルシー薬局【5:薬局】広島県大竹市西栄一丁目１２－１８", "url": "https://www.iryou.teikyouseido.mhlw.go.jp/znk-web/juminkanja/S2430/initialize?prefCd=34&kikanCd=7340006930&kikanKbn=5", "url2": null }, "geometry": { "type": "Point", "coordinates": [ 132.225207, 34.216247 ] } },
{ "type": "Feature", "properties": { "内容": "玖波駅前薬局【5:薬局】広島県大竹市玖波一丁目１３－５", "url": "https://www.iryou.teikyouseido.mhlw.go.jp/znk-web/juminkanja/S2430/initialize?prefCd=34&kikanCd=7340006950&kikanKbn=5", "url2": "http://www.seiwa-pharmacy.co.jp/corp.html" }, "geometry": { "type": "Point", "coordinates": [ 132.228371, 34.254271 ] } },
{ "type": "Feature", "properties": { "内容": "総合メディカル　株式会社　そうごう薬局　大竹店【5:薬局】広島県大竹市立戸二丁目６－２５", "url": "https://www.iryou.teikyouseido.mhlw.go.jp/znk-web/juminkanja/S2430/initialize?prefCd=34&kikanCd=7340007020&kikanKbn=5", "url2": "http://www.sogo-medical.co.jp" }, "geometry": { "type": "Point", "coordinates": [ 132.219679, 34.225607 ] } },
{ "type": "Feature", "properties": { "内容": "（株）中央ファーマシー　立戸薬局【5:薬局】広島県大竹市立戸四丁目１－３０", "url": "https://www.iryou.teikyouseido.mhlw.go.jp/znk-web/juminkanja/S2430/initialize?prefCd=34&kikanCd=7340007030&kikanKbn=5", "url2": "http://www.hiroshima-chouzai.com/shop/tachido.html" }, "geometry": { "type": "Point", "coordinates": [ 132.221965, 34.224444 ] } },
{ "type": "Feature", "properties": { "内容": "タナダ薬局【5:薬局】広島県大竹市油見三丁目１２－９", "url": "https://www.iryou.teikyouseido.mhlw.go.jp/znk-web/juminkanja/S2430/initialize?prefCd=34&kikanCd=7340007050&kikanKbn=5", "url2": "https://tanada-pharmacy.jimdofree.com/" }, "geometry": { "type": "Point", "coordinates": [ 132.221818, 34.217247 ] } },
{ "type": "Feature", "properties": { "内容": "ひまわり薬局【5:薬局】広島県大竹市南栄一丁目８－７", "url": "https://www.iryou.teikyouseido.mhlw.go.jp/znk-web/juminkanja/S2430/initialize?prefCd=34&kikanCd=7340007070&kikanKbn=5", "url2": null }, "geometry": { "type": "Point", "coordinates": [ 132.225897, 34.212442 ] } },
{ "type": "Feature", "properties": { "内容": "有限会社　ヘルシー薬局【5:薬局】広島県大竹市黒川３丁目１６－１９", "url": "https://www.iryou.teikyouseido.mhlw.go.jp/znk-web/juminkanja/S2430/initialize?prefCd=34&kikanCd=7340007100&kikanKbn=5", "url2": null }, "geometry": { "type": "Point", "coordinates": [ 132.22526, 34.251133 ] } },
{ "type": "Feature", "properties": { "内容": "有限会社ヘルシー第一薬局【5:薬局】広島県大竹市黒川３丁目１６－１６", "url": "https://www.iryou.teikyouseido.mhlw.go.jp/znk-web/juminkanja/S2430/initialize?prefCd=34&kikanCd=7340007110&kikanKbn=5", "url2": null }, "geometry": { "type": "Point", "coordinates": [ 132.224983, 34.250799 ] } },
{ "type": "Feature", "properties": { "内容": "アイケン宮島口薬局【5:薬局】広島県廿日市市宮島口１－７－７", "url": "https://www.iryou.teikyouseido.mhlw.go.jp/znk-web/juminkanja/S2430/initialize?prefCd=34&kikanCd=7340007160&kikanKbn=5", "url2": null }, "geometry": { "type": "Point", "coordinates": [ 132.303835, 34.3106 ] } },
{ "type": "Feature", "properties": { "内容": "アクア薬局【5:薬局】広島県廿日市市阿品三丁目５－２０", "url": "https://www.iryou.teikyouseido.mhlw.go.jp/znk-web/juminkanja/S2430/initialize?prefCd=34&kikanCd=7340007190&kikanKbn=5", "url2": null }, "geometry": { "type": "Point", "coordinates": [ 132.313583, 34.320654 ] } },
{ "type": "Feature", "properties": { "内容": "阿品調剤薬局【5:薬局】広島県廿日市市阿品台４丁目４－１１", "url": "https://www.iryou.teikyouseido.mhlw.go.jp/znk-web/juminkanja/S2430/initialize?prefCd=34&kikanCd=7340007200&kikanKbn=5", "url2": null }, "geometry": { "type": "Point", "coordinates": [ 132.308361, 34.329126 ] } },
{ "type": "Feature", "properties": { "内容": "エース薬局【5:薬局】広島県廿日市市宮内１５２０－８", "url": "https://www.iryou.teikyouseido.mhlw.go.jp/znk-web/juminkanja/S2430/initialize?prefCd=34&kikanCd=7340007230&kikanKbn=5", "url2": null }, "geometry": { "type": "Point", "coordinates": [ 132.309638, 34.347763 ] } },
{ "type": "Feature", "properties": { "内容": "有限会社エヌ・イー・ピー　あおば薬局【5:薬局】広島県廿日市市宮内４２４３－１", "url": "https://www.iryou.teikyouseido.mhlw.go.jp/znk-web/juminkanja/S2430/initialize?prefCd=34&kikanCd=7340007240&kikanKbn=5", "url2": null }, "geometry": { "type": "Point", "coordinates": [ 132.299334, 34.340819 ] } },
{ "type": "Feature", "properties": { "内容": "（有）エヌ・イー・ピー　うさぎ薬局【5:薬局】広島県廿日市市宮内３丁目１０番１６号", "url": "https://www.iryou.teikyouseido.mhlw.go.jp/znk-web/juminkanja/S2430/initialize?prefCd=34&kikanCd=7340007250&kikanKbn=5", "url2": null }, "geometry": { "type": "Point", "coordinates": [ 132.309749, 34.346346 ] } },
{ "type": "Feature", "properties": { "内容": "（有）エヌ・イー・ピー　なずな薬局【5:薬局】広島県廿日市市塩屋一丁目１－６７", "url": "https://www.iryou.teikyouseido.mhlw.go.jp/znk-web/juminkanja/S2430/initialize?prefCd=34&kikanCd=7340007260&kikanKbn=5", "url2": null }, "geometry": { "type": "Point", "coordinates": [ 132.266006, 34.285713 ] } },
{ "type": "Feature", "properties": { "内容": "（有）エヌ・イー・ピー　もみじ薬局【5:薬局】広島県廿日市市福面三丁目１－１７", "url": "https://www.iryou.teikyouseido.mhlw.go.jp/znk-web/juminkanja/S2430/initialize?prefCd=34&kikanCd=7340007270&kikanKbn=5", "url2": null }, "geometry": { "type": "Point", "coordinates": [ 132.301362, 34.320849 ] } },
{ "type": "Feature", "properties": { "内容": "大野ぽっぽ薬局【5:薬局】広島県廿日市市大野下更地１８０９－１", "url": "https://www.iryou.teikyouseido.mhlw.go.jp/znk-web/juminkanja/S2430/initialize?prefCd=34&kikanCd=7340007280&kikanKbn=5", "url2": "http://yuushin.cc/" }, "geometry": { "type": "Point", "coordinates": [ 132.288669, 34.312099 ] } },
{ "type": "Feature", "properties": { "内容": "有限会社　佐伯調剤薬局【5:薬局】広島県廿日市市津田１９６０", "url": "https://www.iryou.teikyouseido.mhlw.go.jp/znk-web/juminkanja/S2430/initialize?prefCd=34&kikanCd=7340007320&kikanKbn=5", "url2": "saikichouzai@gmail.com" }, "geometry": { "type": "Point", "coordinates": [ 132.180287, 34.369147 ] } },
{ "type": "Feature", "properties": { "内容": "さくら薬局【5:薬局】広島県廿日市市佐方四丁目８－３２", "url": "https://www.iryou.teikyouseido.mhlw.go.jp/znk-web/juminkanja/S2430/initialize?prefCd=34&kikanCd=7340007330&kikanKbn=5", "url2": "http://www.ssmile.co.jp/store.php?SID=12" }, "geometry": { "type": "Point", "coordinates": [ 132.344218, 34.365706 ] } },
{ "type": "Feature", "properties": { "内容": "山陽薬局【5:薬局】広島県廿日市市山陽園８－１９　ステイツ野村１階", "url": "https://www.iryou.teikyouseido.mhlw.go.jp/znk-web/juminkanja/S2430/initialize?prefCd=34&kikanCd=7340007340&kikanKbn=5", "url2": "https://www.mint-phaemacy.jp/tenpo/sanyo.html" }, "geometry": { "type": "Point", "coordinates": [ 132.340579, 34.362039 ] } },
{ "type": "Feature", "properties": { "内容": "地御前薬局【5:薬局】広島県廿日市市地御前二丁目１０－２２", "url": "https://www.iryou.teikyouseido.mhlw.go.jp/znk-web/juminkanja/S2430/initialize?prefCd=34&kikanCd=7340007370&kikanKbn=5", "url2": "https://www.kusurinomadoguchi.com/hiroshima/s57250" }, "geometry": { "type": "Point", "coordinates": [ 132.321165, 34.344152 ] } },
{ "type": "Feature", "properties": { "内容": "しみず薬局【5:薬局】広島県廿日市市串戸三丁目２１－２", "url": "https://www.iryou.teikyouseido.mhlw.go.jp/znk-web/juminkanja/S2430/initialize?prefCd=34&kikanCd=7340007380&kikanKbn=5", "url2": "https://www.drug-shimizu.jp/" }, "geometry": { "type": "Point", "coordinates": [ 132.324581, 34.347124 ] } },
{ "type": "Feature", "properties": { "内容": "純薬　株式会社　地御前アゼリア薬局【5:薬局】広島県廿日市市地御前三丁目１６－２３", "url": "https://www.iryou.teikyouseido.mhlw.go.jp/znk-web/juminkanja/S2430/initialize?prefCd=34&kikanCd=7340007390&kikanKbn=5", "url2": "https://www.junyaku.com" }, "geometry": { "type": "Point", "coordinates": [ 132.316415, 34.341597 ] } },
{ "type": "Feature", "properties": { "内容": "純薬　株式会社　第一薬局廿日市【5:薬局】広島県廿日市市串戸二丁目１７－５　いわみビル１階", "url": "https://www.iryou.teikyouseido.mhlw.go.jp/znk-web/juminkanja/S2430/initialize?prefCd=34&kikanCd=7340007400&kikanKbn=5", "url2": "https://www,junyaku.com" }, "geometry": { "type": "Point", "coordinates": [ 132.326442, 34.346513 ] } },
{ "type": "Feature", "properties": { "内容": "有限会社　新宮薬局【5:薬局】広島県廿日市市新宮１－１３－２２", "url": "https://www.iryou.teikyouseido.mhlw.go.jp/znk-web/juminkanja/S2430/initialize?prefCd=34&kikanCd=7340007410&kikanKbn=5", "url2": null }, "geometry": { "type": "Point", "coordinates": [ 132.331469, 34.350207 ] } },
{ "type": "Feature", "properties": { "内容": "ベル薬局阿品台店【5:薬局】広島県廿日市市阿品台四丁目１７－２７", "url": "https://www.iryou.teikyouseido.mhlw.go.jp/znk-web/juminkanja/S2430/initialize?prefCd=34&kikanCd=7340007420&kikanKbn=5", "url2": "https://www.mpg-ph.com/" }, "geometry": { "type": "Point", "coordinates": [ 132.304723, 34.326681 ] } },
{ "type": "Feature", "properties": { "内容": "有限会社　第一調剤薬局【5:薬局】広島県廿日市市津田４１９１－１０", "url": "https://www.iryou.teikyouseido.mhlw.go.jp/znk-web/juminkanja/S2430/initialize?prefCd=34&kikanCd=7340007450&kikanKbn=5", "url2": null }, "geometry": { "type": "Point", "coordinates": [ 132.176398, 34.36748 ] } },
{ "type": "Feature", "properties": { "内容": "タウン薬局　ナタリー店【5:薬局】広島県廿日市市阿品三丁目１－６", "url": "https://www.iryou.teikyouseido.mhlw.go.jp/znk-web/juminkanja/S2430/initialize?prefCd=34&kikanCd=7340007460&kikanKbn=5", "url2": "http://www.g-town.co.jp/" }, "geometry": { "type": "Point", "coordinates": [ 132.31702, 34.323394 ] } },
{ "type": "Feature", "properties": { "内容": "タルタニ薬局廿日市店【5:薬局】広島県廿日市市駅前５－２", "url": "https://www.iryou.teikyouseido.mhlw.go.jp/znk-web/juminkanja/S2430/initialize?prefCd=34&kikanCd=7340007480&kikanKbn=5", "url2": null }, "geometry": { "type": "Point", "coordinates": [ 132.335871, 34.357465 ] } },
{ "type": "Feature", "properties": { "内容": "アイアイ　ながさわ薬局【5:薬局】広島県廿日市市友田５７３", "url": "https://www.iryou.teikyouseido.mhlw.go.jp/znk-web/juminkanja/S2430/initialize?prefCd=34&kikanCd=7340007500&kikanKbn=5", "url2": null }, "geometry": { "type": "Point", "coordinates": [ 132.218534, 34.358093 ] } },
{ "type": "Feature", "properties": { "内容": "廿日市上野薬局【5:薬局】広島県廿日市市串戸１丁目　９－４１", "url": "https://www.iryou.teikyouseido.mhlw.go.jp/znk-web/juminkanja/S2430/initialize?prefCd=34&kikanCd=7340007510&kikanKbn=5", "url2": null }, "geometry": { "type": "Point", "coordinates": [ 132.327053, 34.34643 ] } },
{ "type": "Feature", "properties": { "内容": "廿日市めじろ薬局【5:薬局】広島県廿日市市廿日市二丁目７－２７", "url": "https://www.iryou.teikyouseido.mhlw.go.jp/znk-web/juminkanja/S2430/initialize?prefCd=34&kikanCd=7340007520&kikanKbn=5", "url2": null }, "geometry": { "type": "Point", "coordinates": [ 132.336302, 34.354873 ] } },
{ "type": "Feature", "properties": { "内容": "ふたがみ薬局【5:薬局】広島県廿日市市永原１２３４－８", "url": "https://www.iryou.teikyouseido.mhlw.go.jp/znk-web/juminkanja/S2430/initialize?prefCd=34&kikanCd=7340007530&kikanKbn=5", "url2": null }, "geometry": { "type": "Point", "coordinates": [ 132.22945, 34.360676 ] } },
{ "type": "Feature", "properties": { "内容": "フレンド薬局【5:薬局】広島県廿日市市宮園３丁目１－３", "url": "https://www.iryou.teikyouseido.mhlw.go.jp/znk-web/juminkanja/S2430/initialize?prefCd=34&kikanCd=7340007550&kikanKbn=5", "url2": "http://www.yuushin.cc/" }, "geometry": { "type": "Point", "coordinates": [ 132.303194, 34.354484 ] } },
{ "type": "Feature", "properties": { "内容": "平良しみず薬局【5:薬局】広島県廿日市市平良二丁目１０－３６", "url": "https://www.iryou.teikyouseido.mhlw.go.jp/znk-web/juminkanja/S2430/initialize?prefCd=34&kikanCd=7340007560&kikanKbn=5", "url2": "https://www.drug-shimizu.jp/" }, "geometry": { "type": "Point", "coordinates": [ 132.32672, 34.354151 ] } },
{ "type": "Feature", "properties": { "内容": "ヘルシータウンジョイ薬局【5:薬局】広島県廿日市市串戸４－１３－１　エコービル１Ｆ", "url": "https://www.iryou.teikyouseido.mhlw.go.jp/znk-web/juminkanja/S2430/initialize?prefCd=34&kikanCd=7340007570&kikanKbn=5", "url2": "http://www.h-t-joy.co.jp/" }, "geometry": { "type": "Point", "coordinates": [ 132.322998, 34.347679 ] } },
{ "type": "Feature", "properties": { "内容": "有限会社　前空薬局【5:薬局】広島県廿日市市前空五丁目５－３５", "url": "https://www.iryou.teikyouseido.mhlw.go.jp/znk-web/juminkanja/S2430/initialize?prefCd=34&kikanCd=7340007590&kikanKbn=5", "url2": null }, "geometry": { "type": "Point", "coordinates": [ 132.289753, 34.302045 ] } },
{ "type": "Feature", "properties": { "内容": "宮園薬局【5:薬局】広島県廿日市市宮園三丁目７－４", "url": "https://www.iryou.teikyouseido.mhlw.go.jp/znk-web/juminkanja/S2430/initialize?prefCd=34&kikanCd=7340007610&kikanKbn=5", "url2": null }, "geometry": { "type": "Point", "coordinates": [ 132.305027, 34.35379 ] } },
{ "type": "Feature", "properties": { "内容": "ミント薬局【5:薬局】広島県廿日市市宮内４３１１番地１", "url": "https://www.iryou.teikyouseido.mhlw.go.jp/znk-web/juminkanja/S2430/initialize?prefCd=34&kikanCd=7340007620&kikanKbn=5", "url2": "http://www.mint-pharmacy.jp" }, "geometry": { "type": "Point", "coordinates": [ 132.304472, 34.344929 ] } },
{ "type": "Feature", "properties": { "内容": "ミント薬局　廿日市天神店【5:薬局】広島県廿日市市天神１２－７クレアーレヴェント天神ビル１Ｆ", "url": "https://www.iryou.teikyouseido.mhlw.go.jp/znk-web/juminkanja/S2430/initialize?prefCd=34&kikanCd=7340007630&kikanKbn=5", "url2": "http://www.mint-pharmacy.jp" }, "geometry": { "type": "Point", "coordinates": [ 132.33808, 34.354485 ] } },
{ "type": "Feature", "properties": { "内容": "そうごう薬局　陽光台店【5:薬局】広島県廿日市市陽光台五丁目１２－１", "url": "https://www.iryou.teikyouseido.mhlw.go.jp/znk-web/juminkanja/S2430/initialize?prefCd=34&kikanCd=7340007670&kikanKbn=5", "url2": "http://www.sogo-medical.co.jp" }, "geometry": { "type": "Point", "coordinates": [ 132.308665, 34.356289 ] } },
{ "type": "Feature", "properties": { "内容": "有限会社　安芸調剤薬局【5:薬局】広島県安芸郡海田町稲荷町３－３５", "url": "https://www.iryou.teikyouseido.mhlw.go.jp/znk-web/juminkanja/S2430/initialize?prefCd=34&kikanCd=7340007680&kikanKbn=5", "url2": null }, "geometry": { "type": "Point", "coordinates": [ 132.532396, 34.374236 ] } },
{ "type": "Feature", "properties": { "内容": "海田市薬局【5:薬局】広島県安芸郡海田町窪町１０－１８", "url": "https://www.iryou.teikyouseido.mhlw.go.jp/znk-web/juminkanja/S2430/initialize?prefCd=34&kikanCd=7340007720&kikanKbn=5", "url2": null }, "geometry": { "type": "Point", "coordinates": [ 132.529396, 34.369931 ] } },
{ "type": "Feature", "properties": { "内容": "広貫堂薬局　日の出町店【5:薬局】広島県安芸郡海田町日の出町６－６　グランステイツ海田１階", "url": "https://www.iryou.teikyouseido.mhlw.go.jp/znk-web/juminkanja/S2430/initialize?prefCd=34&kikanCd=7340007760&kikanKbn=5", "url2": null }, "geometry": { "type": "Point", "coordinates": [ 132.53819, 34.365983 ] } },
{ "type": "Feature", "properties": { "内容": "コスモス薬局　海田東店【5:薬局】広島県安芸郡海田町幸町１－４５", "url": "https://www.iryou.teikyouseido.mhlw.go.jp/znk-web/juminkanja/S2430/initialize?prefCd=34&kikanCd=7340007780&kikanKbn=5", "url2": "http://www.reliance-cosmos.co.jp/" }, "geometry": { "type": "Point", "coordinates": [ 132.543673, 34.370514 ] } },
{ "type": "Feature", "properties": { "内容": "大岩薬局【5:薬局】広島県安芸郡熊野町柿迫３番１７号", "url": "https://www.iryou.teikyouseido.mhlw.go.jp/znk-web/juminkanja/S2430/initialize?prefCd=34&kikanCd=7340007830&kikanKbn=5", "url2": null }, "geometry": { "type": "Point", "coordinates": [ 132.565034, 34.331713 ] } },
{ "type": "Feature", "properties": { "内容": "有限会社　貴船薬局【5:薬局】広島県安芸郡熊野町貴船１８番１５号", "url": "https://www.iryou.teikyouseido.mhlw.go.jp/znk-web/juminkanja/S2430/initialize?prefCd=34&kikanCd=7340007840&kikanKbn=5", "url2": null }, "geometry": { "type": "Point", "coordinates": [ 132.568839, 34.328714 ] } },
{ "type": "Feature", "properties": { "内容": "さふらん薬局【5:薬局】広島県安芸郡熊野町萩原２－２－９", "url": "https://www.iryou.teikyouseido.mhlw.go.jp/znk-web/juminkanja/S2430/initialize?prefCd=34&kikanCd=7340007850&kikanKbn=5", "url2": "http://www.reliance-cosmos.co.jp/" }, "geometry": { "type": "Point", "coordinates": [ 132.588421, 34.338713 ] } },
{ "type": "Feature", "properties": { "内容": "出来庭薬局【5:薬局】広島県安芸郡熊野町出来庭２－１８－９", "url": "https://www.iryou.teikyouseido.mhlw.go.jp/znk-web/juminkanja/S2430/initialize?prefCd=34&kikanCd=7340007860&kikanKbn=5", "url2": null }, "geometry": { "type": "Point", "coordinates": [ 132.574256, 34.332658 ] } },
{ "type": "Feature", "properties": { "内容": "くまの薬局【5:薬局】広島県安芸郡熊野町出来庭十丁目４番５号", "url": "https://www.iryou.teikyouseido.mhlw.go.jp/znk-web/juminkanja/S2430/initialize?prefCd=34&kikanCd=7340007870&kikanKbn=5", "url2": "https://kumanoyakkyoku.jimdosite.com/" }, "geometry": { "type": "Point", "coordinates": [ 132.567339, 34.332908 ] } },
{ "type": "Feature", "properties": { "内容": "府中つばき薬局【5:薬局】広島県安芸郡府中町山田１丁目２－９", "url": "https://www.iryou.teikyouseido.mhlw.go.jp/znk-web/juminkanja/S2430/initialize?prefCd=34&kikanCd=7340007960&kikanKbn=5", "url2": "https://ts3ke.hp.peraichi.com/" }, "geometry": { "type": "Point", "coordinates": [ 132.511341, 34.396789 ] } },
{ "type": "Feature", "properties": { "内容": "あざみ薬局【5:薬局】広島県安芸郡府中町鹿籠２－１３－３", "url": "https://www.iryou.teikyouseido.mhlw.go.jp/znk-web/juminkanja/S2430/initialize?prefCd=34&kikanCd=7340007970&kikanKbn=5", "url2": null }, "geometry": { "type": "Point", "coordinates": [ 132.507981, 34.379985 ] } },
{ "type": "Feature", "properties": { "内容": "ニコニコ薬局【5:薬局】広島県安芸郡府中町青崎東２０－２", "url": "https://www.iryou.teikyouseido.mhlw.go.jp/znk-web/juminkanja/S2430/initialize?prefCd=34&kikanCd=7340008000&kikanKbn=5", "url2": null }, "geometry": { "type": "Point", "coordinates": [ 132.515953, 34.37493 ] } },
{ "type": "Feature", "properties": { "内容": "サンリブ漢方堂薬局【5:薬局】広島県安芸郡府中町大須４丁目２－１０　サンリブ府中３Ｆ", "url": "https://www.iryou.teikyouseido.mhlw.go.jp/znk-web/juminkanja/S2430/initialize?prefCd=34&kikanCd=7340008100&kikanKbn=5", "url2": null }, "geometry": { "type": "Point", "coordinates": [ 132.500953, 34.398038 ] } },
{ "type": "Feature", "properties": { "内容": "上原薬局【5:薬局】広島県安芸郡府中町桃山１－２－１７", "url": "https://www.iryou.teikyouseido.mhlw.go.jp/znk-web/juminkanja/S2430/initialize?prefCd=34&kikanCd=7340008130&kikanKbn=5", "url2": "uehara_pharmacy@yahoo.co.jp" }, "geometry": { "type": "Point", "coordinates": [ 132.505703, 34.380346 ] } },
{ "type": "Feature", "properties": { "内容": "府中タカズミ薬局【5:薬局】広島県安芸郡府中町浜田３－９－６", "url": "https://www.iryou.teikyouseido.mhlw.go.jp/znk-web/juminkanja/S2430/initialize?prefCd=34&kikanCd=7340008140&kikanKbn=5", "url2": "www.takazumi.co.jp" }, "geometry": { "type": "Point", "coordinates": [ 132.510536, 34.385679 ] } },
{ "type": "Feature", "properties": { "内容": "府中みずほ薬局【5:薬局】広島県安芸郡府中町本町一丁目１３－７", "url": "https://www.iryou.teikyouseido.mhlw.go.jp/znk-web/juminkanja/S2430/initialize?prefCd=34&kikanCd=7340008170&kikanKbn=5", "url2": null }, "geometry": { "type": "Point", "coordinates": [ 132.505632, 34.3947 ] } },
{ "type": "Feature", "properties": { "内容": "こばと薬局【5:薬局】広島県安芸郡府中町本町２－９－３８", "url": "https://www.iryou.teikyouseido.mhlw.go.jp/znk-web/juminkanja/S2430/initialize?prefCd=34&kikanCd=7340008190&kikanKbn=5", "url2": "http://kobato-ph.co.jp/" }, "geometry": { "type": "Point", "coordinates": [ 132.505397, 34.396455 ] } },
{ "type": "Feature", "properties": { "内容": "ウォンツ　府中本町薬局【5:薬局】広島県安芸郡府中町本町４－１２－２２", "url": "https://www.iryou.teikyouseido.mhlw.go.jp/znk-web/juminkanja/S2430/initialize?prefCd=34&kikanCd=7340008210&kikanKbn=5", "url2": "https://www.wants.co.jp/" }, "geometry": { "type": "Point", "coordinates": [ 132.505508, 34.397566 ] } },
{ "type": "Feature", "properties": { "内容": "薬王堂【5:薬局】広島県安芸郡府中町茂陰１丁目３－１２", "url": "https://www.iryou.teikyouseido.mhlw.go.jp/znk-web/juminkanja/S2430/initialize?prefCd=34&kikanCd=7340008230&kikanKbn=5", "url2": "http://www.hicat.ne.jp/home/yakuoudo/" }, "geometry": { "type": "Point", "coordinates": [ 132.502342, 34.389484 ] } },
{ "type": "Feature", "properties": { "内容": "あんず薬局【5:薬局】広島県安芸郡府中町鶴江１－２５－２０", "url": "https://www.iryou.teikyouseido.mhlw.go.jp/znk-web/juminkanja/S2430/initialize?prefCd=34&kikanCd=7340008260&kikanKbn=5", "url2": "https://ks-office.group" }, "geometry": { "type": "Point", "coordinates": [ 132.504231, 34.399122 ] } },
{ "type": "Feature", "properties": { "内容": "オール薬局　府中店【5:薬局】広島県安芸郡府中町大通２－８－２１", "url": "https://www.iryou.teikyouseido.mhlw.go.jp/znk-web/juminkanja/S2430/initialize?prefCd=34&kikanCd=7340008270&kikanKbn=5", "url2": "http://www.e-classa.net/owl-fuchu/" }, "geometry": { "type": "Point", "coordinates": [ 132.503564, 34.39165 ] } },
{ "type": "Feature", "properties": { "内容": "コスモス薬局　府中店【5:薬局】広島県安芸郡府中町浜田本町１－２８", "url": "https://www.iryou.teikyouseido.mhlw.go.jp/znk-web/juminkanja/S2430/initialize?prefCd=34&kikanCd=7340008280&kikanKbn=5", "url2": "http://www.reliance-cosmos.co.jp/" }, "geometry": { "type": "Point", "coordinates": [ 132.509842, 34.389345 ] } },
{ "type": "Feature", "properties": { "内容": "あおぞら薬局【5:薬局】広島県呉市宮原五丁目５－２", "url": "https://www.iryou.teikyouseido.mhlw.go.jp/znk-web/juminkanja/S2430/initialize?prefCd=34&kikanCd=7340008290&kikanKbn=5", "url2": "http://www.rising-japan.org/pharmacy-list/aozora" }, "geometry": { "type": "Point", "coordinates": [ 132.561956, 34.232335 ] } },
{ "type": "Feature", "properties": { "内容": "あおぞら薬局　広国際通り店【5:薬局】広島県呉市広古新開八丁目３２－４", "url": "https://www.iryou.teikyouseido.mhlw.go.jp/znk-web/juminkanja/S2430/initialize?prefCd=34&kikanCd=7340008300&kikanKbn=5", "url2": "http://www.rising-japan.org/" }, "geometry": { "type": "Point", "coordinates": [ 132.622651, 34.242601 ] } },
{ "type": "Feature", "properties": { "内容": "あが中央薬局【5:薬局】広島県呉市阿賀中央６－２－１１（あがプラザ２Ｆ）", "url": "https://www.iryou.teikyouseido.mhlw.go.jp/znk-web/juminkanja/S2430/initialize?prefCd=34&kikanCd=7340008320&kikanKbn=5", "url2": "https://www.agatyuo-plazadrug.com" }, "geometry": { "type": "Point", "coordinates": [ 132.600262, 34.236359 ] } },
{ "type": "Feature", "properties": { "内容": "アロー薬局　呉店【5:薬局】広島県呉市本通６丁目２番１５号", "url": "https://www.iryou.teikyouseido.mhlw.go.jp/znk-web/juminkanja/S2430/initialize?prefCd=34&kikanCd=7340008330&kikanKbn=5", "url2": "http://hiroshima-arrow.com/" }, "geometry": { "type": "Point", "coordinates": [ 132.572674, 34.249851 ] } },
{ "type": "Feature", "properties": { "内容": "アロー薬局　呉中央店【5:薬局】広島県呉市中央３丁目２－１", "url": "https://www.iryou.teikyouseido.mhlw.go.jp/znk-web/juminkanja/S2430/initialize?prefCd=34&kikanCd=7340008340&kikanKbn=5", "url2": "http://hiroshima-arrow.com/" }, "geometry": { "type": "Point", "coordinates": [ 132.561455, 34.248389 ] } },
{ "type": "Feature", "properties": { "内容": "アロー薬局　東中央店【5:薬局】広島県呉市東中央四丁目６番１号", "url": "https://www.iryou.teikyouseido.mhlw.go.jp/znk-web/juminkanja/S2430/initialize?prefCd=34&kikanCd=7340008350&kikanKbn=5", "url2": "http://hiroshima-arrow.com/" }, "geometry": { "type": "Point", "coordinates": [ 132.572347, 34.254738 ] } },
{ "type": "Feature", "properties": { "内容": "井上一誠堂薬局【5:薬局】広島県呉市中通４丁目４－１４", "url": "https://www.iryou.teikyouseido.mhlw.go.jp/znk-web/juminkanja/S2430/initialize?prefCd=34&kikanCd=7340008360&kikanKbn=5", "url2": null }, "geometry": { "type": "Point", "coordinates": [ 132.566954, 34.247528 ] } },
{ "type": "Feature", "properties": { "内容": "井上一誠堂薬局　警固屋店【5:薬局】広島県呉市警固屋４－２－３０", "url": "https://www.iryou.teikyouseido.mhlw.go.jp/znk-web/juminkanja/S2430/initialize?prefCd=34&kikanCd=7340008370&kikanKbn=5", "url2": null }, "geometry": { "type": "Point", "coordinates": [ 132.545458, 34.212476 ] } },
{ "type": "Feature", "properties": { "内容": "ウォンツ　広白石薬局【5:薬局】広島県呉市広白石一丁目３－３５", "url": "https://www.iryou.teikyouseido.mhlw.go.jp/znk-web/juminkanja/S2430/initialize?prefCd=34&kikanCd=7340008410&kikanKbn=5", "url2": "https://www.wants.co.jp/" }, "geometry": { "type": "Point", "coordinates": [ 132.633478, 34.228559 ] } },
{ "type": "Feature", "properties": { "内容": "ウォンツ　広本町薬局【5:薬局】広島県呉市広本町三丁目２１－１", "url": "https://www.iryou.teikyouseido.mhlw.go.jp/znk-web/juminkanja/S2430/initialize?prefCd=34&kikanCd=7340008420&kikanKbn=5", "url2": "https://www.wants.co.jp/" }, "geometry": { "type": "Point", "coordinates": [ 132.622895, 34.238141 ] } },
{ "type": "Feature", "properties": { "内容": "うさぎ薬局【5:薬局】広島県呉市焼山西２－１－３４", "url": "https://www.iryou.teikyouseido.mhlw.go.jp/znk-web/juminkanja/S2430/initialize?prefCd=34&kikanCd=7340008430&kikanKbn=5", "url2": "http://www.yokota-gp.com/" }, "geometry": { "type": "Point", "coordinates": [ 132.554676, 34.291384 ] } },
{ "type": "Feature", "properties": { "内容": "梅木薬局【5:薬局】広島県呉市天応南町１－２３", "url": "https://www.iryou.teikyouseido.mhlw.go.jp/znk-web/juminkanja/S2430/initialize?prefCd=34&kikanCd=7340008440&kikanKbn=5", "url2": null }, "geometry": { "type": "Point", "coordinates": [ 132.518373, 34.284995 ] } },
{ "type": "Feature", "properties": { "内容": "エンゼル薬局【5:薬局】広島県呉市焼山中央１－１０－８－１０４", "url": "https://www.iryou.teikyouseido.mhlw.go.jp/znk-web/juminkanja/S2430/initialize?prefCd=34&kikanCd=7340008470&kikanKbn=5", "url2": null }, "geometry": { "type": "Point", "coordinates": [ 132.555287, 34.294106 ] } },
{ "type": "Feature", "properties": { "内容": "オーツカ薬局【5:薬局】広島県呉市本通３－２－１６", "url": "https://www.iryou.teikyouseido.mhlw.go.jp/znk-web/juminkanja/S2430/initialize?prefCd=34&kikanCd=7340008480&kikanKbn=5", "url2": null }, "geometry": { "type": "Point", "coordinates": [ 132.566149, 34.24525 ] } },
{ "type": "Feature", "properties": { "内容": "オーツカ薬局２【5:薬局】広島県呉市三条２－１２－６", "url": "https://www.iryou.teikyouseido.mhlw.go.jp/znk-web/juminkanja/S2430/initialize?prefCd=34&kikanCd=7340008490&kikanKbn=5", "url2": "https://www.facebook.com/profile.php?id=100048194235089" }, "geometry": { "type": "Point", "coordinates": [ 132.552595, 34.247722 ] } },
{ "type": "Feature", "properties": { "内容": "オール薬局　中通店【5:薬局】広島県呉市中通１丁目３－１２", "url": "https://www.iryou.teikyouseido.mhlw.go.jp/znk-web/juminkanja/S2430/initialize?prefCd=34&kikanCd=7340008500&kikanKbn=5", "url2": "http://www.e-classa.net/owl-nakadori/" }, "geometry": { "type": "Point", "coordinates": [ 132.562427, 34.244139 ] } },
{ "type": "Feature", "properties": { "内容": "オール薬局　焼山店【5:薬局】広島県呉市焼山中央２－５－９", "url": "https://www.iryou.teikyouseido.mhlw.go.jp/znk-web/juminkanja/S2430/initialize?prefCd=34&kikanCd=7340008510&kikanKbn=5", "url2": "http://www.e-classa.net/owl-yakeyama/" }, "geometry": { "type": "Point", "coordinates": [ 132.557259, 34.296022 ] } },
{ "type": "Feature", "properties": { "内容": "オリーブ薬局【5:薬局】広島県呉市本通５丁目６－１３", "url": "https://www.iryou.teikyouseido.mhlw.go.jp/znk-web/juminkanja/S2430/initialize?prefCd=34&kikanCd=7340008520&kikanKbn=5", "url2": null }, "geometry": { "type": "Point", "coordinates": [ 132.571954, 34.249667 ] } },
{ "type": "Feature", "properties": { "内容": "オレンジ薬局【5:薬局】広島県呉市下蒲刈町下島２１７６－４", "url": "https://www.iryou.teikyouseido.mhlw.go.jp/znk-web/juminkanja/S2430/initialize?prefCd=34&kikanCd=7340008530&kikanKbn=5", "url2": null }, "geometry": { "type": "Point", "coordinates": [ 132.670115, 34.19323 ] } },
{ "type": "Feature", "properties": { "内容": "エスマイル薬局かまがり店【5:薬局】広島県呉市下蒲刈町下島２１１９－３１", "url": "https://www.iryou.teikyouseido.mhlw.go.jp/znk-web/juminkanja/S2430/initialize?prefCd=34&kikanCd=7340008540&kikanKbn=5", "url2": "http://www.ssmile.co.jp/" }, "geometry": { "type": "Point", "coordinates": [ 132.678309, 34.194008 ] } },
{ "type": "Feature", "properties": { "内容": "クレオ薬局【5:薬局】広島県呉市中央１－５－１５　ヒラタファーストビル１階", "url": "https://www.iryou.teikyouseido.mhlw.go.jp/znk-web/juminkanja/S2430/initialize?prefCd=34&kikanCd=7340008640&kikanKbn=5", "url2": "www.kureo-pharmacy.com" }, "geometry": { "type": "Point", "coordinates": [ 132.561066, 34.245139 ] } },
{ "type": "Feature", "properties": { "内容": "オール薬局　海岸通店【5:薬局】広島県呉市海岸２－１７－６", "url": "https://www.iryou.teikyouseido.mhlw.go.jp/znk-web/juminkanja/S2430/initialize?prefCd=34&kikanCd=7340008650&kikanKbn=5", "url2": "http://www.e-classa.net/kurekaigandori/" }, "geometry": { "type": "Point", "coordinates": [ 132.544123, 34.246555 ] } },
{ "type": "Feature", "properties": { "内容": "オール薬局　川尻店【5:薬局】広島県呉市川尻町西２丁目４－４１", "url": "https://www.iryou.teikyouseido.mhlw.go.jp/znk-web/juminkanja/S2430/initialize?prefCd=34&kikanCd=7340008660&kikanKbn=5", "url2": "http://www.e-classa.net/kurekawajiri/" }, "geometry": { "type": "Point", "coordinates": [ 132.694028, 34.235698 ] } },
{ "type": "Feature", "properties": { "内容": "一般社団法人呉市薬剤師会センター薬局北店【5:薬局】広島県呉市朝日町１４－６", "url": "https://www.iryou.teikyouseido.mhlw.go.jp/znk-web/juminkanja/S2430/initialize?prefCd=34&kikanCd=7340008680&kikanKbn=5", "url2": null }, "geometry": { "type": "Point", "coordinates": [ 132.574259, 34.251361 ] } },
{ "type": "Feature", "properties": { "内容": "オール薬局　新栄橋店【5:薬局】広島県呉市西中央１丁目３－１０", "url": "https://www.iryou.teikyouseido.mhlw.go.jp/znk-web/juminkanja/S2430/initialize?prefCd=34&kikanCd=7340008690&kikanKbn=5", "url2": "http://www.e-classa.net/kureshineibashi/" }, "geometry": { "type": "Point", "coordinates": [ 132.5559, 34.246778 ] } },
{ "type": "Feature", "properties": { "内容": "クレディ薬局【5:薬局】広島県呉市広駅前１－２－４５", "url": "https://www.iryou.teikyouseido.mhlw.go.jp/znk-web/juminkanja/S2430/initialize?prefCd=34&kikanCd=7340008700&kikanKbn=5", "url2": null }, "geometry": { "type": "Point", "coordinates": [ 132.6282, 34.229836 ] } },
{ "type": "Feature", "properties": { "内容": "オール薬局　東中央店【5:薬局】広島県呉市東中央２－８－１７", "url": "https://www.iryou.teikyouseido.mhlw.go.jp/znk-web/juminkanja/S2430/initialize?prefCd=34&kikanCd=7340008710&kikanKbn=5", "url2": "http://www.e-classa.net/kurehigashichuuou/" }, "geometry": { "type": "Point", "coordinates": [ 132.571482, 34.251416 ] } },
{ "type": "Feature", "properties": { "内容": "オール薬局　伏原店【5:薬局】広島県呉市伏原二丁目８－２１", "url": "https://www.iryou.teikyouseido.mhlw.go.jp/znk-web/juminkanja/S2430/initialize?prefCd=34&kikanCd=7340008720&kikanKbn=5", "url2": "http://www.e-classa.net/kurefushihara/" }, "geometry": { "type": "Point", "coordinates": [ 132.576815, 34.253444 ] } },
{ "type": "Feature", "properties": { "内容": "オール薬局　吉浦店【5:薬局】広島県呉市吉浦東本町１－７－７", "url": "https://www.iryou.teikyouseido.mhlw.go.jp/znk-web/juminkanja/S2430/initialize?prefCd=34&kikanCd=7340008730&kikanKbn=5", "url2": null }, "geometry": { "type": "Point", "coordinates": [ 132.529318, 34.257859 ] } },
{ "type": "Feature", "properties": { "内容": "健康堂薬局【5:薬局】広島県呉市三条三丁目２－１１", "url": "https://www.iryou.teikyouseido.mhlw.go.jp/znk-web/juminkanja/S2430/initialize?prefCd=34&kikanCd=7340008760&kikanKbn=5", "url2": "https://www.e-classa.net/kenkodo/index.html" }, "geometry": { "type": "Point", "coordinates": [ 132.554678, 34.24825 ] } },
{ "type": "Feature", "properties": { "内容": "幸城薬局　田原店【5:薬局】広島県呉市音戸町田原２－２－１２", "url": "https://www.iryou.teikyouseido.mhlw.go.jp/znk-web/juminkanja/S2430/initialize?prefCd=34&kikanCd=7340008780&kikanKbn=5", "url2": null }, "geometry": { "type": "Point", "coordinates": [ 132.499324, 34.177534 ] } },
{ "type": "Feature", "properties": { "内容": "有限会社幸城薬局　藤三御所の浦店【5:薬局】広島県呉市音戸町高須３－７－５", "url": "https://www.iryou.teikyouseido.mhlw.go.jp/znk-web/juminkanja/S2430/initialize?prefCd=34&kikanCd=7340008790&kikanKbn=5", "url2": null }, "geometry": { "type": "Point", "coordinates": [ 132.540376, 34.188006 ] } },
{ "type": "Feature", "properties": { "内容": "幸城薬局　南隠渡店【5:薬局】広島県呉市音戸町南隠渡　１－８－１９－４", "url": "https://www.iryou.teikyouseido.mhlw.go.jp/znk-web/juminkanja/S2430/initialize?prefCd=34&kikanCd=7340008800&kikanKbn=5", "url2": null }, "geometry": { "type": "Point", "coordinates": [ 132.532349, 34.188117 ] } },
{ "type": "Feature", "properties": { "内容": "コスモス薬局【5:薬局】広島県呉市中央６－５－１８", "url": "https://www.iryou.teikyouseido.mhlw.go.jp/znk-web/juminkanja/S2430/initialize?prefCd=34&kikanCd=7340008850&kikanKbn=5", "url2": "http://www.reliance-cosmos.co.jp/" }, "geometry": { "type": "Point", "coordinates": [ 132.568065, 34.251694 ] } },
{ "type": "Feature", "properties": { "内容": "株式会社小松薬局【5:薬局】広島県呉市中通１－３－１９", "url": "https://www.iryou.teikyouseido.mhlw.go.jp/znk-web/juminkanja/S2430/initialize?prefCd=34&kikanCd=7340008880&kikanKbn=5", "url2": "http://www.komatsupharmacy.co.jp/" }, "geometry": { "type": "Point", "coordinates": [ 132.562955, 34.243806 ] } },
{ "type": "Feature", "properties": { "内容": "株式会社　小松薬局　東片山店【5:薬局】広島県呉市東片山町１０－１５　高田ビル１Ｆ", "url": "https://www.iryou.teikyouseido.mhlw.go.jp/znk-web/juminkanja/S2430/initialize?prefCd=34&kikanCd=7340008890&kikanKbn=5", "url2": "http://www.komatsupharmacy.co.jp/" }, "geometry": { "type": "Point", "coordinates": [ 132.56776, 34.253166 ] } },
{ "type": "Feature", "properties": { "内容": "株式会社　小松薬局　焼山北店【5:薬局】広島県呉市焼山北１－７－７", "url": "https://www.iryou.teikyouseido.mhlw.go.jp/znk-web/juminkanja/S2430/initialize?prefCd=34&kikanCd=7340008900&kikanKbn=5", "url2": "http://www.komatsupharmacy.co.jp/" }, "geometry": { "type": "Point", "coordinates": [ 132.55812, 34.299105 ] } },
{ "type": "Feature", "properties": { "内容": "株式会社小松薬局山ノ上店【5:薬局】広島県呉市焼山中央１－２－１１", "url": "https://www.iryou.teikyouseido.mhlw.go.jp/znk-web/juminkanja/S2430/initialize?prefCd=34&kikanCd=7340008910&kikanKbn=5", "url2": "http://www.komatsupharmacy.co.jp/" }, "geometry": { "type": "Point", "coordinates": [ 132.555342, 34.291301 ] } },
{ "type": "Feature", "properties": { "内容": "西日本ドラッグ株式会社　栄町薬局【5:薬局】広島県呉市東中央一丁目６－１５", "url": "https://www.iryou.teikyouseido.mhlw.go.jp/znk-web/juminkanja/S2430/initialize?prefCd=34&kikanCd=7340008930&kikanKbn=5", "url2": null }, "geometry": { "type": "Point", "coordinates": [ 132.570426, 34.250805 ] } },
{ "type": "Feature", "properties": { "内容": "西日本ドラッグ株式会社　栄町薬局　本通店【5:薬局】広島県呉市本通四丁目２－１２", "url": "https://www.iryou.teikyouseido.mhlw.go.jp/znk-web/juminkanja/S2430/initialize?prefCd=34&kikanCd=7340008940&kikanKbn=5", "url2": null }, "geometry": { "type": "Point", "coordinates": [ 132.567399, 34.246167 ] } },
{ "type": "Feature", "properties": { "内容": "さくら薬局【5:薬局】広島県呉市中通３－３－２５", "url": "https://www.iryou.teikyouseido.mhlw.go.jp/znk-web/juminkanja/S2430/initialize?prefCd=34&kikanCd=7340008950&kikanKbn=5", "url2": null }, "geometry": { "type": "Point", "coordinates": [ 132.564927, 34.246056 ] } },
{ "type": "Feature", "properties": { "内容": "有限会社　佐々木回生堂薬局【5:薬局】広島県呉市西畑町２－１２", "url": "https://www.iryou.teikyouseido.mhlw.go.jp/znk-web/juminkanja/S2430/initialize?prefCd=34&kikanCd=7340008960&kikanKbn=5", "url2": null }, "geometry": { "type": "Point", "coordinates": [ 132.582897, 34.253305 ] } },
{ "type": "Feature", "properties": { "内容": "株式会社　三条薬局【5:薬局】広島県呉市三条２－１３－６", "url": "https://www.iryou.teikyouseido.mhlw.go.jp/znk-web/juminkanja/S2430/initialize?prefCd=34&kikanCd=7340008970&kikanKbn=5", "url2": null }, "geometry": { "type": "Point", "coordinates": [ 132.553067, 34.24825 ] } },
{ "type": "Feature", "properties": { "内容": "シンメ薬局【5:薬局】広島県呉市阿賀北５丁目１５－７（背戸ビル１階）", "url": "https://www.iryou.teikyouseido.mhlw.go.jp/znk-web/juminkanja/S2430/initialize?prefCd=34&kikanCd=7340009020&kikanKbn=5", "url2": "https://shinme-futaba.co.jp" }, "geometry": { "type": "Point", "coordinates": [ 132.59698, 34.247973 ] } },
{ "type": "Feature", "properties": { "内容": "すずらん吉浦薬局【5:薬局】広島県呉市吉浦本町１－２－６", "url": "https://www.iryou.teikyouseido.mhlw.go.jp/znk-web/juminkanja/S2430/initialize?prefCd=34&kikanCd=7340009030&kikanKbn=5", "url2": "http://www.e-classa.net/suzuran-yoshiura/" }, "geometry": { "type": "Point", "coordinates": [ 132.527263, 34.25847 ] } },
{ "type": "Feature", "properties": { "内容": "有限会社　スミヨシ薬局【5:薬局】広島県呉市下蒲刈町下島２４８８", "url": "https://www.iryou.teikyouseido.mhlw.go.jp/znk-web/juminkanja/S2430/initialize?prefCd=34&kikanCd=7340009050&kikanKbn=5", "url2": "ﾅｼ" }, "geometry": { "type": "Point", "coordinates": [ 132.670115, 34.19323 ] } },
{ "type": "Feature", "properties": { "内容": "有限会社　瀬田薬品【5:薬局】広島県呉市朝日町１－１", "url": "https://www.iryou.teikyouseido.mhlw.go.jp/znk-web/juminkanja/S2430/initialize?prefCd=34&kikanCd=7340009060&kikanKbn=5", "url2": null }, "geometry": { "type": "Point", "coordinates": [ 132.571926, 34.250805 ] } },
{ "type": "Feature", "properties": { "内容": "そうごう薬局　川尻店【5:薬局】広島県呉市川尻町東一丁目２１－２", "url": "https://www.iryou.teikyouseido.mhlw.go.jp/znk-web/juminkanja/S2430/initialize?prefCd=34&kikanCd=7340009070&kikanKbn=5", "url2": "https://www.sogo-pharmacy.jp/shop/view/189" }, "geometry": { "type": "Point", "coordinates": [ 132.698416, 34.236837 ] } },
{ "type": "Feature", "properties": { "内容": "第一薬局【5:薬局】広島県呉市本通三丁目４－５", "url": "https://www.iryou.teikyouseido.mhlw.go.jp/znk-web/juminkanja/S2430/initialize?prefCd=34&kikanCd=7340009080&kikanKbn=5", "url2": null }, "geometry": { "type": "Point", "coordinates": [ 132.567288, 34.245334 ] } },
{ "type": "Feature", "properties": { "内容": "タウン薬局【5:薬局】広島県呉市広大新開１丁目　４－２", "url": "https://www.iryou.teikyouseido.mhlw.go.jp/znk-web/juminkanja/S2430/initialize?prefCd=34&kikanCd=7340009090&kikanKbn=5", "url2": null }, "geometry": { "type": "Point", "coordinates": [ 132.623367, 34.232114 ] } },
{ "type": "Feature", "properties": { "内容": "たちかけ薬局【5:薬局】広島県呉市広大新開２－５－２３", "url": "https://www.iryou.teikyouseido.mhlw.go.jp/znk-web/juminkanja/S2430/initialize?prefCd=34&kikanCd=7340009110&kikanKbn=5", "url2": null }, "geometry": { "type": "Point", "coordinates": [ 132.624867, 34.234947 ] } },
{ "type": "Feature", "properties": { "内容": "田妻石泉堂薬局【5:薬局】広島県呉市三条１丁目６番１１号", "url": "https://www.iryou.teikyouseido.mhlw.go.jp/znk-web/juminkanja/S2430/initialize?prefCd=34&kikanCd=7340009130&kikanKbn=5", "url2": null }, "geometry": { "type": "Point", "coordinates": [ 132.551706, 34.24575 ] } },
{ "type": "Feature", "properties": { "内容": "たんぽぽ薬局【5:薬局】広島県呉市和庄登町　１２－１９", "url": "https://www.iryou.teikyouseido.mhlw.go.jp/znk-web/juminkanja/S2430/initialize?prefCd=34&kikanCd=7340009140&kikanKbn=5", "url2": null }, "geometry": { "type": "Point", "coordinates": [ 132.57026, 34.243167 ] } },
{ "type": "Feature", "properties": { "内容": "株式会社中央薬局【5:薬局】広島県呉市中通３丁目１－１７プラザビル１階", "url": "https://www.iryou.teikyouseido.mhlw.go.jp/znk-web/juminkanja/S2430/initialize?prefCd=34&kikanCd=7340009150&kikanKbn=5", "url2": null }, "geometry": { "type": "Point", "coordinates": [ 132.564788, 34.245389 ] } },
{ "type": "Feature", "properties": { "内容": "エスマイル薬局天応南店【5:薬局】広島県呉市天応南町１９３４－１", "url": "https://www.iryou.teikyouseido.mhlw.go.jp/znk-web/juminkanja/S2430/initialize?prefCd=34&kikanCd=7340009160&kikanKbn=5", "url2": "http://www.ssmile.co.jp" }, "geometry": { "type": "Point", "coordinates": [ 132.517457, 34.284579 ] } },
{ "type": "Feature", "properties": { "内容": "トマト薬局【5:薬局】広島県呉市本通１丁目５－１１カネトビル１階", "url": "https://www.iryou.teikyouseido.mhlw.go.jp/znk-web/juminkanja/S2430/initialize?prefCd=34&kikanCd=7340009170&kikanKbn=5", "url2": null }, "geometry": { "type": "Point", "coordinates": [ 132.564011, 34.241889 ] } },
{ "type": "Feature", "properties": { "内容": "株式会社　中島薬局　呉駅ビル店【5:薬局】広島県呉市宝町１－１６呉駅ビル内", "url": "https://www.iryou.teikyouseido.mhlw.go.jp/znk-web/juminkanja/S2430/initialize?prefCd=34&kikanCd=7340009200&kikanKbn=5", "url2": null }, "geometry": { "type": "Point", "coordinates": [ 132.558955, 34.244056 ] } },
{ "type": "Feature", "properties": { "内容": "株式会社中島薬局本店【5:薬局】広島県呉市本通八丁目４番２０号", "url": "https://www.iryou.teikyouseido.mhlw.go.jp/znk-web/juminkanja/S2430/initialize?prefCd=34&kikanCd=7340009220&kikanKbn=5", "url2": null }, "geometry": { "type": "Point", "coordinates": [ 132.580651, 34.251234 ] } },
{ "type": "Feature", "properties": { "内容": "中町薬局【5:薬局】広島県呉市広中町１５－２６　広セントラルマンション１０１号", "url": "https://www.iryou.teikyouseido.mhlw.go.jp/znk-web/juminkanja/S2430/initialize?prefCd=34&kikanCd=7340009270&kikanKbn=5", "url2": "http://hiroshima-chouzai.com/shop/nakacho.html" }, "geometry": { "type": "Point", "coordinates": [ 132.62284, 34.230892 ] } },
{ "type": "Feature", "properties": { "内容": "有限会社ナカマチ薬局【5:薬局】広島県呉市音戸町鰯浜２－３－２９", "url": "https://www.iryou.teikyouseido.mhlw.go.jp/znk-web/juminkanja/S2430/initialize?prefCd=34&kikanCd=7340009280&kikanKbn=5", "url2": null }, "geometry": { "type": "Point", "coordinates": [ 132.534376, 34.194588 ] } },
{ "type": "Feature", "properties": { "内容": "中本薬局【5:薬局】広島県呉市本通５丁目１－２８", "url": "https://www.iryou.teikyouseido.mhlw.go.jp/znk-web/juminkanja/S2430/initialize?prefCd=34&kikanCd=7340009290&kikanKbn=5", "url2": "kimiko0909@hi.enjoy.ne.jp" }, "geometry": { "type": "Point", "coordinates": [ 132.56947, 34.248764 ] } },
{ "type": "Feature", "properties": { "内容": "有限会社　仁方本町薬局【5:薬局】広島県呉市仁方本町　２丁目９－２５", "url": "https://www.iryou.teikyouseido.mhlw.go.jp/znk-web/juminkanja/S2430/initialize?prefCd=34&kikanCd=7340009320&kikanKbn=5", "url2": "nigatahonmachiyakkyoku.jp" }, "geometry": { "type": "Point", "coordinates": [ 132.459595, 34.396343 ] } },
{ "type": "Feature", "properties": { "内容": "有限会社西本広薬局【5:薬局】広島県呉市広本町１－１１－３４", "url": "https://www.iryou.teikyouseido.mhlw.go.jp/znk-web/juminkanja/S2430/initialize?prefCd=34&kikanCd=7340009330&kikanKbn=5", "url2": "http://www.checkure.jp/shop/nishimoto-ds/" }, "geometry": { "type": "Point", "coordinates": [ 132.621951, 34.231614 ] } },
{ "type": "Feature", "properties": { "内容": "二反田薬局【5:薬局】広島県呉市阿賀北６－３－１０－１０１", "url": "https://www.iryou.teikyouseido.mhlw.go.jp/znk-web/juminkanja/S2430/initialize?prefCd=34&kikanCd=7340009340&kikanKbn=5", "url2": "nitanda8658@gmail.com" }, "geometry": { "type": "Point", "coordinates": [ 132.59823, 34.246084 ] } },
{ "type": "Feature", "properties": { "内容": "のばら薬局【5:薬局】広島県呉市焼山此原町２１－２", "url": "https://www.iryou.teikyouseido.mhlw.go.jp/znk-web/juminkanja/S2430/initialize?prefCd=34&kikanCd=7340009370&kikanKbn=5", "url2": "https://firstlinepharmacy.jp/" }, "geometry": { "type": "Point", "coordinates": [ 132.551121, 34.282385 ] } },
{ "type": "Feature", "properties": { "内容": "有限会社　ひかり薬局【5:薬局】広島県呉市本通２－３－１５", "url": "https://www.iryou.teikyouseido.mhlw.go.jp/znk-web/juminkanja/S2430/initialize?prefCd=34&kikanCd=7340009380&kikanKbn=5", "url2": null }, "geometry": { "type": "Point", "coordinates": [ 132.565493, 34.243527 ] } },
{ "type": "Feature", "properties": { "内容": "ヒトミ薬局【5:薬局】広島県呉市安浦町中央５丁目２－３５", "url": "https://www.iryou.teikyouseido.mhlw.go.jp/znk-web/juminkanja/S2430/initialize?prefCd=34&kikanCd=7340009390&kikanKbn=5", "url2": null }, "geometry": { "type": "Point", "coordinates": [ 132.746855, 34.282999 ] } },
{ "type": "Feature", "properties": { "内容": "広貴船薬局【5:薬局】広島県呉市広大新開３－２－１８", "url": "https://www.iryou.teikyouseido.mhlw.go.jp/znk-web/juminkanja/S2430/initialize?prefCd=34&kikanCd=7340009400&kikanKbn=5", "url2": null }, "geometry": { "type": "Point", "coordinates": [ 132.630089, 34.233336 ] } },
{ "type": "Feature", "properties": { "内容": "フラワー薬局【5:薬局】広島県呉市川尻町東一丁目１０番１３号", "url": "https://www.iryou.teikyouseido.mhlw.go.jp/znk-web/juminkanja/S2430/initialize?prefCd=34&kikanCd=7340009460&kikanKbn=5", "url2": null }, "geometry": { "type": "Point", "coordinates": [ 132.697031, 34.23591 ] } },
{ "type": "Feature", "properties": { "内容": "豊栄薬局【5:薬局】広島県呉市阿賀南２丁目６－２８", "url": "https://www.iryou.teikyouseido.mhlw.go.jp/znk-web/juminkanja/S2430/initialize?prefCd=34&kikanCd=7340009470&kikanKbn=5", "url2": null }, "geometry": { "type": "Point", "coordinates": [ 132.601202, 34.230864 ] } },
{ "type": "Feature", "properties": { "内容": "ホーム薬局【5:薬局】広島県呉市安浦町中央５丁目１番５２号", "url": "https://www.iryou.teikyouseido.mhlw.go.jp/znk-web/juminkanja/S2430/initialize?prefCd=34&kikanCd=7340009480&kikanKbn=5", "url2": "https://sites.google.com/view/home-pharmacy-yasuura/" }, "geometry": { "type": "Point", "coordinates": [ 132.744929, 34.282834 ] } },
{ "type": "Feature", "properties": { "内容": "有限会社マエダ方術薬局本店【5:薬局】広島県呉市西辰川２丁目１番１７号", "url": "https://www.iryou.teikyouseido.mhlw.go.jp/znk-web/juminkanja/S2430/initialize?prefCd=34&kikanCd=7340009500&kikanKbn=5", "url2": "https://www.kigusuri.com/shop/detail/maeda/" }, "geometry": { "type": "Point", "coordinates": [ 132.571481, 34.257555 ] } },
{ "type": "Feature", "properties": { "内容": "マリン薬局　広店【5:薬局】広島県呉市広駅前１丁目２－１９", "url": "https://www.iryou.teikyouseido.mhlw.go.jp/znk-web/juminkanja/S2430/initialize?prefCd=34&kikanCd=7340009530&kikanKbn=5", "url2": "http://www.marine-yakkyoku.co.jp" }, "geometry": { "type": "Point", "coordinates": [ 132.626284, 34.23017 ] } },
{ "type": "Feature", "properties": { "内容": "マリン薬局　海岸通店【5:薬局】広島県呉市三条１－９－２", "url": "https://www.iryou.teikyouseido.mhlw.go.jp/znk-web/juminkanja/S2430/initialize?prefCd=34&kikanCd=7340009540&kikanKbn=5", "url2": "http://www.marine-yakkyoku.co.jp" }, "geometry": { "type": "Point", "coordinates": [ 132.549651, 34.244722 ] } },
{ "type": "Feature", "properties": { "内容": "マリン薬局　広中央店【5:薬局】広島県呉市広古新開１－３－１３", "url": "https://www.iryou.teikyouseido.mhlw.go.jp/znk-web/juminkanja/S2430/initialize?prefCd=34&kikanCd=7340009560&kikanKbn=5", "url2": "http://www.marine-yakkyoku.co.jp" }, "geometry": { "type": "Point", "coordinates": [ 132.61684, 34.233002 ] } },
{ "type": "Feature", "properties": { "内容": "マリン薬局　三津田店【5:薬局】広島県呉市三条３－５－１４", "url": "https://www.iryou.teikyouseido.mhlw.go.jp/znk-web/juminkanja/S2430/initialize?prefCd=34&kikanCd=7340009570&kikanKbn=5", "url2": "http://www.marine-yakkyoku.co.jp" }, "geometry": { "type": "Point", "coordinates": [ 132.555011, 34.249416 ] } },
{ "type": "Feature", "properties": { "内容": "光原薬局【5:薬局】広島県呉市安浦町中央一丁目３－２５", "url": "https://www.iryou.teikyouseido.mhlw.go.jp/znk-web/juminkanja/S2430/initialize?prefCd=34&kikanCd=7340009600&kikanKbn=5", "url2": null }, "geometry": { "type": "Point", "coordinates": [ 132.745577, 34.283472 ] } },
{ "type": "Feature", "properties": { "内容": "みどり薬局【5:薬局】広島県呉市倉橋町７３８２－２", "url": "https://www.iryou.teikyouseido.mhlw.go.jp/znk-web/juminkanja/S2430/initialize?prefCd=34&kikanCd=7340009620&kikanKbn=5", "url2": "midori-pharmacy.com" }, "geometry": { "type": "Point", "coordinates": [ 132.509742, 34.14451 ] } },
{ "type": "Feature", "properties": { "内容": "宮原薬局【5:薬局】広島県呉市宮原五丁目　５－１２", "url": "https://www.iryou.teikyouseido.mhlw.go.jp/znk-web/juminkanja/S2430/initialize?prefCd=34&kikanCd=7340009630&kikanKbn=5", "url2": "miyahara@yokota-gp.com" }, "geometry": { "type": "Point", "coordinates": [ 132.561761, 34.232168 ] } },
{ "type": "Feature", "properties": { "内容": "メディカル・ワン薬局　呉店【5:薬局】広島県呉市宝町５－１０　ゆめタウン呉内", "url": "https://www.iryou.teikyouseido.mhlw.go.jp/znk-web/juminkanja/S2430/initialize?prefCd=34&kikanCd=7340009640&kikanKbn=5", "url2": null }, "geometry": { "type": "Point", "coordinates": [ 132.556011, 34.242278 ] } },
{ "type": "Feature", "properties": { "内容": "ももたろう薬局　海岸店【5:薬局】広島県呉市海岸一丁目４－１０", "url": "https://www.iryou.teikyouseido.mhlw.go.jp/znk-web/juminkanja/S2430/initialize?prefCd=34&kikanCd=7340009650&kikanKbn=5", "url2": null }, "geometry": { "type": "Point", "coordinates": [ 132.548539, 34.244944 ] } },
{ "type": "Feature", "properties": { "内容": "有限会社　森川薬局【5:薬局】広島県呉市宮原３－９－２１", "url": "https://www.iryou.teikyouseido.mhlw.go.jp/znk-web/juminkanja/S2430/initialize?prefCd=34&kikanCd=7340009670&kikanKbn=5", "url2": null }, "geometry": { "type": "Point", "coordinates": [ 132.564594, 34.234724 ] } },
{ "type": "Feature", "properties": { "内容": "有限会社　焼山貴船薬局【5:薬局】広島県呉市焼山中央２－６－３７", "url": "https://www.iryou.teikyouseido.mhlw.go.jp/znk-web/juminkanja/S2430/initialize?prefCd=34&kikanCd=7340009680&kikanKbn=5", "url2": null }, "geometry": { "type": "Point", "coordinates": [ 132.557314, 34.295245 ] } },
{ "type": "Feature", "properties": { "内容": "有限会社　ひかり薬局【5:薬局】広島県呉市豊町大長５００８－２", "url": "https://www.iryou.teikyouseido.mhlw.go.jp/znk-web/juminkanja/S2430/initialize?prefCd=34&kikanCd=7340009700&kikanKbn=5", "url2": null }, "geometry": { "type": "Point", "coordinates": [ 132.855128, 34.181346 ] } },
{ "type": "Feature", "properties": { "内容": "労災前のぞみ薬局【5:薬局】広島県呉市広多賀谷一丁目２－２６エスティージュン１階", "url": "https://www.iryou.teikyouseido.mhlw.go.jp/znk-web/juminkanja/S2430/initialize?prefCd=34&kikanCd=7340009730&kikanKbn=5", "url2": "http://www.e-classa.net/rousaimae-nozomi/" }, "geometry": { "type": "Point", "coordinates": [ 132.61509, 34.230392 ] } },
{ "type": "Feature", "properties": { "内容": "アロー薬局　能美店【5:薬局】広島県江田島市能美町高田１５１９－２", "url": "https://www.iryou.teikyouseido.mhlw.go.jp/znk-web/juminkanja/S2430/initialize?prefCd=34&kikanCd=7340009760&kikanKbn=5", "url2": "http://hiroshima-arrow.com/" }, "geometry": { "type": "Point", "coordinates": [ 132.434388, 34.234305 ] } },
{ "type": "Feature", "properties": { "内容": "大柿薬局【5:薬局】広島県江田島市大柿町小古江６６８－４", "url": "https://www.iryou.teikyouseido.mhlw.go.jp/znk-web/juminkanja/S2430/initialize?prefCd=34&kikanCd=7340009770&kikanKbn=5", "url2": null }, "geometry": { "type": "Point", "coordinates": [ 132.455883, 34.181422 ] } },
{ "type": "Feature", "properties": { "内容": "大原薬局【5:薬局】広島県江田島市大柿町大原５９１７－１", "url": "https://www.iryou.teikyouseido.mhlw.go.jp/znk-web/juminkanja/S2430/initialize?prefCd=34&kikanCd=7340009780&kikanKbn=5", "url2": null }, "geometry": { "type": "Point", "coordinates": [ 132.457384, 34.172589 ] } },
{ "type": "Feature", "properties": { "内容": "中町薬局【5:薬局】広島県江田島市能美町中町４９４８－４０", "url": "https://www.iryou.teikyouseido.mhlw.go.jp/znk-web/juminkanja/S2430/initialize?prefCd=34&kikanCd=7340009820&kikanKbn=5", "url2": null }, "geometry": { "type": "Point", "coordinates": [ 132.441244, 34.221362 ] } },
{ "type": "Feature", "properties": { "内容": "江田島ひかり薬局【5:薬局】広島県江田島市江田島町中央四丁目１７－７", "url": "https://www.iryou.teikyouseido.mhlw.go.jp/znk-web/juminkanja/S2430/initialize?prefCd=34&kikanCd=7340009830&kikanKbn=5", "url2": null }, "geometry": { "type": "Point", "coordinates": [ 132.478358, 34.236988 ] } },
{ "type": "Feature", "properties": { "内容": "ひまわり薬局【5:薬局】広島県江田島市大柿町大君８３５－３", "url": "https://www.iryou.teikyouseido.mhlw.go.jp/znk-web/juminkanja/S2430/initialize?prefCd=34&kikanCd=7340009840&kikanKbn=5", "url2": null }, "geometry": { "type": "Point", "coordinates": [ 132.478827, 34.168507 ] } },
{ "type": "Feature", "properties": { "内容": "ももたろう薬局　大柿店【5:薬局】広島県江田島市大柿町飛渡瀬１５４０－１１", "url": "https://www.iryou.teikyouseido.mhlw.go.jp/znk-web/juminkanja/S2430/initialize?prefCd=34&kikanCd=7340009870&kikanKbn=5", "url2": null }, "geometry": { "type": "Point", "coordinates": [ 132.472742, 34.201809 ] } },
{ "type": "Feature", "properties": { "内容": "徳山第一薬局【5:薬局】広島県安芸高田市吉田町吉田３７８２－１", "url": "https://www.iryou.teikyouseido.mhlw.go.jp/znk-web/juminkanja/S2430/initialize?prefCd=34&kikanCd=7340009890&kikanKbn=5", "url2": "http://www.citydo.com/sp/0826-42-2055" }, "geometry": { "type": "Point", "coordinates": [ 132.700924, 34.665013 ] } },
{ "type": "Feature", "properties": { "内容": "ファーマシィ薬局　吉田中央【5:薬局】広島県安芸高田市吉田町吉田３７８２－８", "url": "https://www.iryou.teikyouseido.mhlw.go.jp/znk-web/juminkanja/S2430/initialize?prefCd=34&kikanCd=7340009930&kikanKbn=5", "url2": "http://www.pharmacy-net.co.jp" }, "geometry": { "type": "Point", "coordinates": [ 132.701202, 34.66493 ] } },
{ "type": "Feature", "properties": { "内容": "（有）エヌ・イー・ピー　なのはな薬局【5:薬局】広島県安芸高田市吉田町吉田３７８２－２", "url": "https://www.iryou.teikyouseido.mhlw.go.jp/znk-web/juminkanja/S2430/initialize?prefCd=34&kikanCd=7340009940&kikanKbn=5", "url2": null }, "geometry": { "type": "Point", "coordinates": [ 132.701202, 34.664958 ] } },
{ "type": "Feature", "properties": { "内容": "コスモ薬局【5:薬局】広島県安芸高田市吉田町吉田３６２７", "url": "https://www.iryou.teikyouseido.mhlw.go.jp/znk-web/juminkanja/S2430/initialize?prefCd=34&kikanCd=7340009970&kikanKbn=5", "url2": "https://www.nexus-g.jp" }, "geometry": { "type": "Point", "coordinates": [ 132.70624, 34.664369 ] } },
{ "type": "Feature", "properties": { "内容": "甲田センター薬局【5:薬局】広島県安芸高田市甲田町高田原１０４５－１", "url": "https://www.iryou.teikyouseido.mhlw.go.jp/znk-web/juminkanja/S2430/initialize?prefCd=34&kikanCd=7340009990&kikanKbn=5", "url2": "http://smile-pharmacy.jp/main/aboutus/" }, "geometry": { "type": "Point", "coordinates": [ 132.761779, 34.688484 ] } },
{ "type": "Feature", "properties": { "内容": "（有）向原薬局【5:薬局】広島県安芸高田市向原町坂４３８－１", "url": "https://www.iryou.teikyouseido.mhlw.go.jp/znk-web/juminkanja/S2430/initialize?prefCd=34&kikanCd=7340010000&kikanKbn=5", "url2": "http://www.hand-medical.jp" }, "geometry": { "type": "Point", "coordinates": [ 132.719314, 34.612047 ] } },
{ "type": "Feature", "properties": { "内容": "すずらん薬局　高宮店【5:薬局】広島県安芸高田市高宮町佐々部９８３－１８", "url": "https://www.iryou.teikyouseido.mhlw.go.jp/znk-web/juminkanja/S2430/initialize?prefCd=34&kikanCd=7340010020&kikanKbn=5", "url2": "http://horon-suzuran.co.jp/new/tenpo-detail/takamiya/" }, "geometry": { "type": "Point", "coordinates": [ 132.719961, 34.767082 ] } },
{ "type": "Feature", "properties": { "内容": "株式会社　猪原商店　猪原薬局【5:薬局】広島県山県郡安芸太田町大字加計３４７２", "url": "https://www.iryou.teikyouseido.mhlw.go.jp/znk-web/juminkanja/S2430/initialize?prefCd=34&kikanCd=7340010050&kikanKbn=5", "url2": "https://ihara-shop.jimdofree.com/" }, "geometry": { "type": "Point", "coordinates": [ 132.322541, 34.609735 ] } },
{ "type": "Feature", "properties": { "内容": "ウォンツ　千代田薬局【5:薬局】広島県山県郡北広島町有田６０９", "url": "https://www.iryou.teikyouseido.mhlw.go.jp/znk-web/juminkanja/S2430/initialize?prefCd=34&kikanCd=7340010090&kikanKbn=5", "url2": "https://www.wants.co.jp/" }, "geometry": { "type": "Point", "coordinates": [ 132.539076, 34.675981 ] } },
{ "type": "Feature", "properties": { "内容": "エンゼル薬局【5:薬局】広島県山県郡北広島町有田１１８９", "url": "https://www.iryou.teikyouseido.mhlw.go.jp/znk-web/juminkanja/S2430/initialize?prefCd=34&kikanCd=7340010100&kikanKbn=5", "url2": "https://www.nexus-g.jp" }, "geometry": { "type": "Point", "coordinates": [ 132.538882, 34.674148 ] } },
{ "type": "Feature", "properties": { "内容": "ミブ薬局【5:薬局】広島県山県郡北広島町壬生４３４－４", "url": "https://www.iryou.teikyouseido.mhlw.go.jp/znk-web/juminkanja/S2430/initialize?prefCd=34&kikanCd=7340010110&kikanKbn=5", "url2": null }, "geometry": { "type": "Point", "coordinates": [ 132.55163, 34.680703 ] } },
{ "type": "Feature", "properties": { "内容": "千代田薬局【5:薬局】広島県山県郡北広島町蔵迫６６５－４", "url": "https://www.iryou.teikyouseido.mhlw.go.jp/znk-web/juminkanja/S2430/initialize?prefCd=34&kikanCd=7340010130&kikanKbn=5", "url2": null }, "geometry": { "type": "Point", "coordinates": [ 132.5023, 34.707394 ] } },
{ "type": "Feature", "properties": { "内容": "ノムラ薬局　大朝店【5:薬局】広島県山県郡北広島町新庄２０４８－１", "url": "https://www.iryou.teikyouseido.mhlw.go.jp/znk-web/juminkanja/S2430/initialize?prefCd=34&kikanCd=7340010140&kikanKbn=5", "url2": "http://www.nomura-p.jp/" }, "geometry": { "type": "Point", "coordinates": [ 132.485521, 34.763693 ] } },
{ "type": "Feature", "properties": { "内容": "黒滝薬局【5:薬局】広島県竹原市忠海中町二丁目１番１６号", "url": "https://www.iryou.teikyouseido.mhlw.go.jp/znk-web/juminkanja/S2430/initialize?prefCd=34&kikanCd=7340010230&kikanKbn=5", "url2": null }, "geometry": { "type": "Point", "coordinates": [ 132.990221, 34.337137 ] } },
{ "type": "Feature", "properties": { "内容": "エンゼル薬局【5:薬局】広島県竹原市下野町３１４３－６", "url": "https://www.iryou.teikyouseido.mhlw.go.jp/znk-web/juminkanja/S2430/initialize?prefCd=34&kikanCd=7340010260&kikanKbn=5", "url2": "https://www.angel-ph.jp" }, "geometry": { "type": "Point", "coordinates": [ 132.900866, 34.352384 ] } },
{ "type": "Feature", "properties": { "内容": "のぞみ薬局【5:薬局】広島県竹原市中央三丁目４番１６号", "url": "https://www.iryou.teikyouseido.mhlw.go.jp/znk-web/juminkanja/S2430/initialize?prefCd=34&kikanCd=7340010270&kikanKbn=5", "url2": null }, "geometry": { "type": "Point", "coordinates": [ 132.907894, 34.343496 ] } },
{ "type": "Feature", "properties": { "内容": "有限会社　竹原中央薬局【5:薬局】広島県竹原市中央三丁目１６番５４号", "url": "https://www.iryou.teikyouseido.mhlw.go.jp/znk-web/juminkanja/S2430/initialize?prefCd=34&kikanCd=7340010280&kikanKbn=5", "url2": "http://www.e-classa.net/takeharachuouyakkyoku/" }, "geometry": { "type": "Point", "coordinates": [ 132.909366, 34.34419 ] } },
{ "type": "Feature", "properties": { "内容": "神田薬局【5:薬局】広島県竹原市中央２－１－２２", "url": "https://www.iryou.teikyouseido.mhlw.go.jp/znk-web/juminkanja/S2430/initialize?prefCd=34&kikanCd=7340010310&kikanKbn=5", "url2": null }, "geometry": { "type": "Point", "coordinates": [ 132.910033, 34.340468 ] } },
{ "type": "Feature", "properties": { "内容": "岡本薬局ファーマシー【5:薬局】広島県竹原市中央二丁目４－１５", "url": "https://www.iryou.teikyouseido.mhlw.go.jp/znk-web/juminkanja/S2430/initialize?prefCd=34&kikanCd=7340010390&kikanKbn=5", "url2": null }, "geometry": { "type": "Point", "coordinates": [ 132.909116, 34.341246 ] } },
{ "type": "Feature", "properties": { "内容": "アルファ薬局【5:薬局】広島県竹原市下野町１７７１番地１", "url": "https://www.iryou.teikyouseido.mhlw.go.jp/znk-web/juminkanja/S2430/initialize?prefCd=34&kikanCd=7340010400&kikanKbn=5", "url2": "https://alpha-pharmacy-takehara.webnode.jp" }, "geometry": { "type": "Point", "coordinates": [ 132.889951, 34.333774 ] } },
{ "type": "Feature", "properties": { "内容": "原田薬局【5:薬局】広島県竹原市中央四丁目４番２４号", "url": "https://www.iryou.teikyouseido.mhlw.go.jp/znk-web/juminkanja/S2430/initialize?prefCd=34&kikanCd=7340010410&kikanKbn=5", "url2": "https://www.kusurinomadoguchi.com/hiroshima/s56943" }, "geometry": { "type": "Point", "coordinates": [ 132.908311, 34.340607 ] } },
{ "type": "Feature", "properties": { "内容": "エンゼル薬局　田口店【5:薬局】広島県東広島市西条町田口３８３－７", "url": "https://www.iryou.teikyouseido.mhlw.go.jp/znk-web/juminkanja/S2430/initialize?prefCd=34&kikanCd=7340010420&kikanKbn=5", "url2": "https://www.angel-ph.jp/" }, "geometry": { "type": "Point", "coordinates": [ 132.724203, 34.393825 ] } },
{ "type": "Feature", "properties": { "内容": "たかみニュータウン薬局【5:薬局】広島県東広島市高屋高美が丘５－２－１", "url": "https://www.iryou.teikyouseido.mhlw.go.jp/znk-web/juminkanja/S2430/initialize?prefCd=34&kikanCd=7340010460&kikanKbn=5", "url2": "https://www.kusurinomadoguchi.com/hiroshima/s119058" }, "geometry": { "type": "Point", "coordinates": [ 132.791037, 34.460009 ] } },
{ "type": "Feature", "properties": { "内容": "加島薬局【5:薬局】広島県東広島市西条西本町２８－３０", "url": "https://www.iryou.teikyouseido.mhlw.go.jp/znk-web/juminkanja/S2430/initialize?prefCd=34&kikanCd=7340010500&kikanKbn=5", "url2": "https:www.kashimayakuhin.com" }, "geometry": { "type": "Point", "coordinates": [ 132.741237, 34.426428 ] } },
{ "type": "Feature", "properties": { "内容": "薬膳薬局　東広島西条店【5:薬局】広島県東広島市西条西本町２５番２９号", "url": "https://www.iryou.teikyouseido.mhlw.go.jp/znk-web/juminkanja/S2430/initialize?prefCd=34&kikanCd=7340010510&kikanKbn=5", "url2": "www.hiroshimayakuzen.com" }, "geometry": { "type": "Point", "coordinates": [ 132.739247, 34.428377 ] } },
{ "type": "Feature", "properties": { "内容": "西条タカズミ薬局【5:薬局】広島県東広島市西条町寺家７３７７", "url": "https://www.iryou.teikyouseido.mhlw.go.jp/znk-web/juminkanja/S2430/initialize?prefCd=34&kikanCd=7340010520&kikanKbn=5", "url2": "www.takazumi.co.jp" }, "geometry": { "type": "Point", "coordinates": [ 132.72685, 34.420457 ] } },
{ "type": "Feature", "properties": { "内容": "竹乗天命堂薬局【5:薬局】広島県東広島市河内町中河内６９１－１", "url": "https://www.iryou.teikyouseido.mhlw.go.jp/znk-web/juminkanja/S2430/initialize?prefCd=34&kikanCd=7340010580&kikanKbn=5", "url2": "https://www.takenori.de" }, "geometry": { "type": "Point", "coordinates": [ 132.890334, 34.469482 ] } },
{ "type": "Feature", "properties": { "内容": "ミント薬局　西条中央店【5:薬局】広島県東広島市西条中央七丁目３番４５", "url": "https://www.iryou.teikyouseido.mhlw.go.jp/znk-web/juminkanja/S2430/initialize?prefCd=34&kikanCd=7340010590&kikanKbn=5", "url2": "http://www.mint-pharmacy.jp" }, "geometry": { "type": "Point", "coordinates": [ 132.737238, 34.416318 ] } },
{ "type": "Feature", "properties": { "内容": "かなえ薬局【5:薬局】広島県東広島市西条町助実１１８２－４", "url": "https://www.iryou.teikyouseido.mhlw.go.jp/znk-web/juminkanja/S2430/initialize?prefCd=34&kikanCd=7340010610&kikanKbn=5", "url2": "uirapo.co.jp" }, "geometry": { "type": "Point", "coordinates": [ 132.755875, 34.425262 ] } },
{ "type": "Feature", "properties": { "内容": "たいせい堂薬局　中央店【5:薬局】広島県東広島市西条中央三丁目５番５号", "url": "https://www.iryou.teikyouseido.mhlw.go.jp/znk-web/juminkanja/S2430/initialize?prefCd=34&kikanCd=7340010620&kikanKbn=5", "url2": "http://taiseidou.com" }, "geometry": { "type": "Point", "coordinates": [ 132.744182, 34.418735 ] } },
{ "type": "Feature", "properties": { "内容": "アイリス薬局【5:薬局】広島県東広島市西条中央三丁目１０番９号", "url": "https://www.iryou.teikyouseido.mhlw.go.jp/znk-web/juminkanja/S2430/initialize?prefCd=34&kikanCd=7340010640&kikanKbn=5", "url2": null }, "geometry": { "type": "Point", "coordinates": [ 132.743043, 34.418152 ] } },
{ "type": "Feature", "properties": { "内容": "竹乗薬局【5:薬局】広島県東広島市高屋町宮領　１８４－６", "url": "https://www.iryou.teikyouseido.mhlw.go.jp/znk-web/juminkanja/S2430/initialize?prefCd=34&kikanCd=7340010650&kikanKbn=5", "url2": null }, "geometry": { "type": "Point", "coordinates": [ 132.790298, 34.440847 ] } },
{ "type": "Feature", "properties": { "内容": "あかね薬局【5:薬局】広島県東広島市西条町西条東１２４５－１", "url": "https://www.iryou.teikyouseido.mhlw.go.jp/znk-web/juminkanja/S2430/initialize?prefCd=34&kikanCd=7340010660&kikanKbn=5", "url2": "https://kenshinp.jp/" }, "geometry": { "type": "Point", "coordinates": [ 132.738793, 34.426123 ] } },
{ "type": "Feature", "properties": { "内容": "すぎはら薬局　高屋店【5:薬局】広島県東広島市高屋町造賀２９５６番２号", "url": "https://www.iryou.teikyouseido.mhlw.go.jp/znk-web/juminkanja/S2430/initialize?prefCd=34&kikanCd=7340010680&kikanKbn=5", "url2": null }, "geometry": { "type": "Point", "coordinates": [ 132.762538, 34.489505 ] } },
{ "type": "Feature", "properties": { "内容": "ひかり薬局【5:薬局】広島県東広島市西条町寺家１３１９－２", "url": "https://www.iryou.teikyouseido.mhlw.go.jp/znk-web/juminkanja/S2430/initialize?prefCd=34&kikanCd=7340010700&kikanKbn=5", "url2": null }, "geometry": { "type": "Point", "coordinates": [ 132.746237, 34.425123 ] } },
{ "type": "Feature", "properties": { "内容": "八本松駅前薬局【5:薬局】広島県東広島市八本松町飯田１４９－３", "url": "https://www.iryou.teikyouseido.mhlw.go.jp/znk-web/juminkanja/S2430/initialize?prefCd=34&kikanCd=7340010710&kikanKbn=5", "url2": null }, "geometry": { "type": "Point", "coordinates": [ 132.689991, 34.443926 ] } },
{ "type": "Feature", "properties": { "内容": "フタバ漢方薬局【5:薬局】広島県東広島市八本松西１丁目１２番２４号", "url": "https://www.iryou.teikyouseido.mhlw.go.jp/znk-web/juminkanja/S2430/initialize?prefCd=34&kikanCd=7340010720&kikanKbn=5", "url2": null }, "geometry": { "type": "Point", "coordinates": [ 132.681741, 34.445314 ] } },
{ "type": "Feature", "properties": { "内容": "セリア薬局【5:薬局】広島県東広島市西条町土与丸六丁目１番３号", "url": "https://www.iryou.teikyouseido.mhlw.go.jp/znk-web/juminkanja/S2430/initialize?prefCd=34&kikanCd=7340010730&kikanKbn=5", "url2": "https://kenshinp.jp/" }, "geometry": { "type": "Point", "coordinates": [ 132.752125, 34.42779 ] } },
{ "type": "Feature", "properties": { "内容": "アイワ薬局【5:薬局】広島県東広島市西条昭和町１７－２３　田中ビル１Ｆ", "url": "https://www.iryou.teikyouseido.mhlw.go.jp/znk-web/juminkanja/S2430/initialize?prefCd=34&kikanCd=7340010740&kikanKbn=5", "url2": null }, "geometry": { "type": "Point", "coordinates": [ 132.743237, 34.42329 ] } },
{ "type": "Feature", "properties": { "内容": "全快堂薬局　寺家店【5:薬局】広島県東広島市西条町寺家田地原５１３－２０", "url": "https://www.iryou.teikyouseido.mhlw.go.jp/znk-web/juminkanja/S2430/initialize?prefCd=34&kikanCd=7340010750&kikanKbn=5", "url2": "https://zenkaidou.co.jp/" }, "geometry": { "type": "Point", "coordinates": [ 132.743626, 34.426762 ] } },
{ "type": "Feature", "properties": { "内容": "ありす薬局【5:薬局】広島県東広島市高屋町杵原１３１１－６", "url": "https://www.iryou.teikyouseido.mhlw.go.jp/znk-web/juminkanja/S2430/initialize?prefCd=34&kikanCd=7340010760&kikanKbn=5", "url2": null }, "geometry": { "type": "Point", "coordinates": [ 132.786094, 34.449316 ] } },
{ "type": "Feature", "properties": { "内容": "全快堂薬局　八本松店【5:薬局】広島県東広島市八本松南五丁目９５－２０", "url": "https://www.iryou.teikyouseido.mhlw.go.jp/znk-web/juminkanja/S2430/initialize?prefCd=34&kikanCd=7340010770&kikanKbn=5", "url2": "zenkaido.hatihonmatu@diary.ocn.ne.jp" }, "geometry": { "type": "Point", "coordinates": [ 132.696, 34.438412 ] } },
{ "type": "Feature", "properties": { "内容": "全快堂・おかまち薬局【5:薬局】広島県東広島市西条岡町３－１４", "url": "https://www.iryou.teikyouseido.mhlw.go.jp/znk-web/juminkanja/S2430/initialize?prefCd=34&kikanCd=7340010800&kikanKbn=5", "url2": "http://zenkaidou.co.jp/" }, "geometry": { "type": "Point", "coordinates": [ 132.742904, 34.430789 ] } },
{ "type": "Feature", "properties": { "内容": "エスマイル薬局　昭和町店【5:薬局】広島県東広島市西条昭和町１１４２", "url": "https://www.iryou.teikyouseido.mhlw.go.jp/znk-web/juminkanja/S2430/initialize?prefCd=34&kikanCd=7340010820&kikanKbn=5", "url2": "http://www.ssmile.co.jp/" }, "geometry": { "type": "Point", "coordinates": [ 132.739777, 34.42427 ] } },
{ "type": "Feature", "properties": { "内容": "あすか薬局【5:薬局】広島県東広島市高屋町杵原１３４７－９", "url": "https://www.iryou.teikyouseido.mhlw.go.jp/znk-web/juminkanja/S2430/initialize?prefCd=34&kikanCd=7340010830&kikanKbn=5", "url2": null }, "geometry": { "type": "Point", "coordinates": [ 132.787677, 34.449982 ] } },
{ "type": "Feature", "properties": { "内容": "有限会社まえのぶ薬局【5:薬局】広島県東広島市黒瀬町丸山１３６２－５", "url": "https://www.iryou.teikyouseido.mhlw.go.jp/znk-web/juminkanja/S2430/initialize?prefCd=34&kikanCd=7340010860&kikanKbn=5", "url2": "http://www5f.biglobe.ne.jp/~maenobu/" }, "geometry": { "type": "Point", "coordinates": [ 132.675886, 34.325133 ] } },
{ "type": "Feature", "properties": { "内容": "よつば薬局【5:薬局】広島県東広島市西条昭和町７番１９号", "url": "https://www.iryou.teikyouseido.mhlw.go.jp/znk-web/juminkanja/S2430/initialize?prefCd=34&kikanCd=7340010880&kikanKbn=5", "url2": "https://www.hiroyaku.or.jp/yotsubayakkyoku" }, "geometry": { "type": "Point", "coordinates": [ 132.739377, 34.423651 ] } },
{ "type": "Feature", "properties": { "内容": "賀茂セルム薬局【5:薬局】広島県東広島市黒瀬町南方７９７－１", "url": "https://www.iryou.teikyouseido.mhlw.go.jp/znk-web/juminkanja/S2430/initialize?prefCd=34&kikanCd=7340010890&kikanKbn=5", "url2": "https://www.kusurinomadoguchi.com/" }, "geometry": { "type": "Point", "coordinates": [ 132.699189, 1451420645500.0 ] } },
{ "type": "Feature", "properties": { "内容": "健伸薬局　よこた店【5:薬局】広島県東広島市西条町寺家横田５４１０－１２", "url": "https://www.iryou.teikyouseido.mhlw.go.jp/znk-web/juminkanja/S2430/initialize?prefCd=34&kikanCd=7340010910&kikanKbn=5", "url2": "https://kenshinp.jp/" }, "geometry": { "type": "Point", "coordinates": [ 132.742765, 34.430261 ] } },
{ "type": "Feature", "properties": { "内容": "明光堂　三宅薬局【5:薬局】広島県東広島市高屋町杵原１７６６－１", "url": "https://www.iryou.teikyouseido.mhlw.go.jp/znk-web/juminkanja/S2430/initialize?prefCd=34&kikanCd=7340010920&kikanKbn=5", "url2": null }, "geometry": { "type": "Point", "coordinates": [ 132.78776, 34.453065 ] } },
{ "type": "Feature", "properties": { "内容": "もみじ薬局【5:薬局】広島県東広島市西条町寺家５１３－１９", "url": "https://www.iryou.teikyouseido.mhlw.go.jp/znk-web/juminkanja/S2430/initialize?prefCd=34&kikanCd=7340010930&kikanKbn=5", "url2": "139.320133" }, "geometry": { "type": "Point", "coordinates": [ 132.724904, 34.44587 ] } },
{ "type": "Feature", "properties": { "内容": "セルム薬局【5:薬局】広島県東広島市黒瀬町国近３３５－９", "url": "https://www.iryou.teikyouseido.mhlw.go.jp/znk-web/juminkanja/S2430/initialize?prefCd=34&kikanCd=7340010940&kikanKbn=5", "url2": "https://www.kusurinomadoguchi.com/" }, "geometry": { "type": "Point", "coordinates": [ 132.71491, 34.350908 ] } },
{ "type": "Feature", "properties": { "内容": "健伸薬局土与丸店【5:薬局】広島県東広島市西条土与丸一丁目３番３８号", "url": "https://www.iryou.teikyouseido.mhlw.go.jp/znk-web/juminkanja/S2430/initialize?prefCd=34&kikanCd=7340010960&kikanKbn=5", "url2": "https://kenshinp.jp/" }, "geometry": { "type": "Point", "coordinates": [ 132.751292, 34.428095 ] } },
{ "type": "Feature", "properties": { "内容": "有限会社　エフオーメディカル　西条おおさわ薬局【5:薬局】広島県東広島市西条町大沢上北１００－８", "url": "https://www.iryou.teikyouseido.mhlw.go.jp/znk-web/juminkanja/S2430/initialize?prefCd=34&kikanCd=7340010970&kikanKbn=5", "url2": null }, "geometry": { "type": "Point", "coordinates": [ 132.735268, 34.380739 ] } },
{ "type": "Feature", "properties": { "内容": "オール薬局　西条店【5:薬局】広島県東広島市西条土与丸五丁目９－７", "url": "https://www.iryou.teikyouseido.mhlw.go.jp/znk-web/juminkanja/S2430/initialize?prefCd=34&kikanCd=7340010990&kikanKbn=5", "url2": "http://www.e-classa.net/owl-saijo/" }, "geometry": { "type": "Point", "coordinates": [ 132.753125, 34.428317 ] } },
{ "type": "Feature", "properties": { "内容": "アプコ調剤薬局白市【5:薬局】広島県東広島市高屋町小谷３２５７－４", "url": "https://www.iryou.teikyouseido.mhlw.go.jp/znk-web/juminkanja/S2430/initialize?prefCd=34&kikanCd=7340011040&kikanKbn=5", "url2": "https://www.apco-group.jp" }, "geometry": { "type": "Point", "coordinates": [ 132.829896, 34.446372 ] } },
{ "type": "Feature", "properties": { "内容": "ほのか薬局【5:薬局】広島県東広島市西条上市町５番５号　総合不動産ビル３階Ｂ号室", "url": "https://www.iryou.teikyouseido.mhlw.go.jp/znk-web/juminkanja/S2430/initialize?prefCd=34&kikanCd=7340011090&kikanKbn=5", "url2": "https://kenshinp.jp" }, "geometry": { "type": "Point", "coordinates": [ 132.749014, 34.427651 ] } },
{ "type": "Feature", "properties": { "内容": "有限会社　ヨーク　八本松ココ薬局【5:薬局】広島県東広島市八本松飯田６丁目１５－２９", "url": "https://www.iryou.teikyouseido.mhlw.go.jp/znk-web/juminkanja/S2430/initialize?prefCd=34&kikanCd=7340011100&kikanKbn=5", "url2": null }, "geometry": { "type": "Point", "coordinates": [ 132.704628, 34.452731 ] } },
{ "type": "Feature", "properties": { "内容": "エンゼル薬局　志和店【5:薬局】広島県東広島市志和町志和東１１９５－１", "url": "https://www.iryou.teikyouseido.mhlw.go.jp/znk-web/juminkanja/S2430/initialize?prefCd=34&kikanCd=7340011110&kikanKbn=5", "url2": "https://www.angel-ph.jp/" }, "geometry": { "type": "Point", "coordinates": [ 132.678629, 34.484393 ] } },
{ "type": "Feature", "properties": { "内容": "（有）あきつ薬局【5:薬局】広島県東広島市安芸津町三津４４２４", "url": "https://www.iryou.teikyouseido.mhlw.go.jp/znk-web/juminkanja/S2430/initialize?prefCd=34&kikanCd=7340011140&kikanKbn=5", "url2": null }, "geometry": { "type": "Point", "coordinates": [ 132.815625, 34.320997 ] } },
{ "type": "Feature", "properties": { "内容": "風早薬局【5:薬局】広島県東広島市安芸津町風早１１１８－２", "url": "https://www.iryou.teikyouseido.mhlw.go.jp/znk-web/juminkanja/S2430/initialize?prefCd=34&kikanCd=7340011150&kikanKbn=5", "url2": "https://kazahaya-mototaro.p-kit.com" }, "geometry": { "type": "Point", "coordinates": [ 132.795294, 34.310553 ] } },
{ "type": "Feature", "properties": { "内容": "早田薬局【5:薬局】広島県東広島市安芸津町三津４３９４番地１", "url": "https://www.iryou.teikyouseido.mhlw.go.jp/znk-web/juminkanja/S2430/initialize?prefCd=34&kikanCd=7340011160&kikanKbn=5", "url2": "https://sites.google.com/view/hayata-pharmacy-akitsu/" }, "geometry": { "type": "Point", "coordinates": [ 132.815746, 34.319929 ] } },
{ "type": "Feature", "properties": { "内容": "有限会社みどり薬局【5:薬局】広島県東広島市西条町西条東山崎１０５３－１", "url": "https://www.iryou.teikyouseido.mhlw.go.jp/znk-web/juminkanja/S2430/initialize?prefCd=34&kikanCd=7340011170&kikanKbn=5", "url2": "https://www.kusurinomadoguchi.com/hiroshima/s56687" }, "geometry": { "type": "Point", "coordinates": [ 132.737349, 34.425512 ] } },
{ "type": "Feature", "properties": { "内容": "健伸薬局　ごじょう店【5:薬局】広島県東広島市西条御条町２－１０", "url": "https://www.iryou.teikyouseido.mhlw.go.jp/znk-web/juminkanja/S2430/initialize?prefCd=34&kikanCd=7340011220&kikanKbn=5", "url2": "https://kenshinp.jp/" }, "geometry": { "type": "Point", "coordinates": [ 132.744459, 34.424179 ] } },
{ "type": "Feature", "properties": { "内容": "造賀全快堂薬局【5:薬局】広島県東広島市高屋町造賀７３６番４", "url": "https://www.iryou.teikyouseido.mhlw.go.jp/znk-web/juminkanja/S2430/initialize?prefCd=34&kikanCd=7340011230&kikanKbn=5", "url2": "http://www.zenkaidou.co.jp/index.html" }, "geometry": { "type": "Point", "coordinates": [ 132.76801, 34.499643 ] } },
{ "type": "Feature", "properties": { "内容": "じけ薬局【5:薬局】広島県東広島市西条町寺家５２０－６７", "url": "https://www.iryou.teikyouseido.mhlw.go.jp/znk-web/juminkanja/S2430/initialize?prefCd=34&kikanCd=7340011270&kikanKbn=5", "url2": "http://www.wead.co.jp/" }, "geometry": { "type": "Point", "coordinates": [ 132.722342, 34.444445 ] } },
{ "type": "Feature", "properties": { "内容": "そうごう薬局　八本松店【5:薬局】広島県東広島市八本松東三丁目３３番２号", "url": "https://www.iryou.teikyouseido.mhlw.go.jp/znk-web/juminkanja/S2430/initialize?prefCd=34&kikanCd=7340011280&kikanKbn=5", "url2": "https://www.sogo-medical.co.jp/sogopharmacy/shop/view/259" }, "geometry": { "type": "Point", "coordinates": [ 132.710267, 34.443537 ] } },
{ "type": "Feature", "properties": { "内容": "そうごう薬局　西条店【5:薬局】広島県東広島市西条岡町５－１９", "url": "https://www.iryou.teikyouseido.mhlw.go.jp/znk-web/juminkanja/S2430/initialize?prefCd=34&kikanCd=7340011290&kikanKbn=5", "url2": "http://www.sogo-medical.co.jp/sogopharmacy/" }, "geometry": { "type": "Point", "coordinates": [ 132.741598, 34.429623 ] } },
{ "type": "Feature", "properties": { "内容": "因島調剤薬局【5:薬局】広島県尾道市因島重井町６６１６－３", "url": "https://www.iryou.teikyouseido.mhlw.go.jp/znk-web/juminkanja/S2430/initialize?prefCd=34&kikanCd=7340011300&kikanKbn=5", "url2": "https://www.innoshima-ph.com/" }, "geometry": { "type": "Point", "coordinates": [ 133.141708, 34.339973 ] } },
{ "type": "Feature", "properties": { "内容": "田熊本町調剤薬局【5:薬局】広島県尾道市因島田熊町字扇新開１１４１－１", "url": "https://www.iryou.teikyouseido.mhlw.go.jp/znk-web/juminkanja/S2430/initialize?prefCd=34&kikanCd=7340011330&kikanKbn=5", "url2": "https://www.innoshima-ph.com/" }, "geometry": { "type": "Point", "coordinates": [ 133.168559, 34.296773 ] } },
{ "type": "Feature", "properties": { "内容": "タクマ薬局【5:薬局】広島県尾道市因島中庄町３１８３－１", "url": "https://www.iryou.teikyouseido.mhlw.go.jp/znk-web/juminkanja/S2430/initialize?prefCd=34&kikanCd=7340011350&kikanKbn=5", "url2": null }, "geometry": { "type": "Point", "coordinates": [ 133.171012, 34.326863 ] } },
{ "type": "Feature", "properties": { "内容": "因島市薬剤師センター薬局【5:薬局】広島県尾道市因島中庄町２４３０－４", "url": "https://www.iryou.teikyouseido.mhlw.go.jp/znk-web/juminkanja/S2430/initialize?prefCd=34&kikanCd=7340011360&kikanKbn=5", "url2": "https://www.innoshima-ph.com/" }, "geometry": { "type": "Point", "coordinates": [ 133.153236, 34.313753 ] } },
{ "type": "Feature", "properties": { "内容": "寺西薬局　有限会社【5:薬局】広島県尾道市因島中庄町４８９５－２６", "url": "https://www.iryou.teikyouseido.mhlw.go.jp/znk-web/juminkanja/S2430/initialize?prefCd=34&kikanCd=7340011370&kikanKbn=5", "url2": "http://teranishiyakkyoku.s3-website-ap-northeast-1.amazonaws.com/index.html" }, "geometry": { "type": "Point", "coordinates": [ 133.177928, 34.333085 ] } },
{ "type": "Feature", "properties": { "内容": "宇和部薬局【5:薬局】広島県尾道市因島土生町１６８４－７", "url": "https://www.iryou.teikyouseido.mhlw.go.jp/znk-web/juminkanja/S2430/initialize?prefCd=34&kikanCd=7340011410&kikanKbn=5", "url2": null }, "geometry": { "type": "Point", "coordinates": [ 133.175624, 34.290951 ] } },
{ "type": "Feature", "properties": { "内容": "ホワイト薬局【5:薬局】広島県尾道市因島土生町２２０１－１", "url": "https://www.iryou.teikyouseido.mhlw.go.jp/znk-web/juminkanja/S2430/initialize?prefCd=34&kikanCd=7340011420&kikanKbn=5", "url2": "https://www.rising-hiroshima.com/" }, "geometry": { "type": "Point", "coordinates": [ 133.180513, 34.282118 ] } },
{ "type": "Feature", "properties": { "内容": "ひまわり薬局【5:薬局】広島県尾道市因島土生町２０１６－３", "url": "https://www.iryou.teikyouseido.mhlw.go.jp/znk-web/juminkanja/S2430/initialize?prefCd=34&kikanCd=7340011430&kikanKbn=5", "url2": null }, "geometry": { "type": "Point", "coordinates": [ 133.180152, 34.284035 ] } },
{ "type": "Feature", "properties": { "内容": "病院前薬局【5:薬局】広島県尾道市因島土生町２１００－１１", "url": "https://www.iryou.teikyouseido.mhlw.go.jp/znk-web/juminkanja/S2430/initialize?prefCd=34&kikanCd=7340011440&kikanKbn=5", "url2": "http://www.innoshima-ph.com" }, "geometry": { "type": "Point", "coordinates": [ 133.180319, 34.282424 ] } },
{ "type": "Feature", "properties": { "内容": "有限会社　中本薬局【5:薬局】広島県尾道市因島土生町１８９９－７", "url": "https://www.iryou.teikyouseido.mhlw.go.jp/znk-web/juminkanja/S2430/initialize?prefCd=34&kikanCd=7340011450&kikanKbn=5", "url2": null }, "geometry": { "type": "Point", "coordinates": [ 133.178319, 34.284701 ] } },
{ "type": "Feature", "properties": { "内容": "せとうち薬局【5:薬局】広島県尾道市因島土生町１８０９－２０", "url": "https://www.iryou.teikyouseido.mhlw.go.jp/znk-web/juminkanja/S2430/initialize?prefCd=34&kikanCd=7340011460&kikanKbn=5", "url2": null }, "geometry": { "type": "Point", "coordinates": [ 133.177819, 34.285896 ] } },
{ "type": "Feature", "properties": { "内容": "第一調剤薬局【5:薬局】広島県尾道市因島土生町　２０９０", "url": "https://www.iryou.teikyouseido.mhlw.go.jp/znk-web/juminkanja/S2430/initialize?prefCd=34&kikanCd=7340011470&kikanKbn=5", "url2": null }, "geometry": { "type": "Point", "coordinates": [ 133.171152, 34.29545 ] } },
{ "type": "Feature", "properties": { "内容": "有限会社　塩浜調剤薬局【5:薬局】広島県尾道市因島土生町１８９９－９８", "url": "https://www.iryou.teikyouseido.mhlw.go.jp/znk-web/juminkanja/S2430/initialize?prefCd=34&kikanCd=7340011490&kikanKbn=5", "url2": null }, "geometry": { "type": "Point", "coordinates": [ 133.178346, 34.28484 ] } },
{ "type": "Feature", "properties": { "内容": "宮地薬局【5:薬局】広島県尾道市因島三庄町１６２１－８", "url": "https://www.iryou.teikyouseido.mhlw.go.jp/znk-web/juminkanja/S2430/initialize?prefCd=34&kikanCd=7340011510&kikanKbn=5", "url2": "http://www.citydo.com/prf/hiroshima/guide/sg/455000603.html" }, "geometry": { "type": "Point", "coordinates": [ 133.195122, 34.294339 ] } },
{ "type": "Feature", "properties": { "内容": "メディエント尾道西薬局【5:薬局】広島県尾道市神田町３－１１", "url": "https://www.iryou.teikyouseido.mhlw.go.jp/znk-web/juminkanja/S2430/initialize?prefCd=34&kikanCd=7340011530&kikanKbn=5", "url2": "https://www.apco-group.jp/outline/" }, "geometry": { "type": "Point", "coordinates": [ 133.169092, 34.402744 ] } },
{ "type": "Feature", "properties": { "内容": "アプコセンター薬局【5:薬局】広島県尾道市十四日元町３－５", "url": "https://www.iryou.teikyouseido.mhlw.go.jp/znk-web/juminkanja/S2430/initialize?prefCd=34&kikanCd=7340011540&kikanKbn=5", "url2": "http://www.apco-group.jp/store/store1_2.php" }, "geometry": { "type": "Point", "coordinates": [ 133.203186, 34.410419 ] } },
{ "type": "Feature", "properties": { "内容": "絵の町薬局【5:薬局】広島県尾道市久保１丁目３番２１号", "url": "https://www.iryou.teikyouseido.mhlw.go.jp/znk-web/juminkanja/S2430/initialize?prefCd=34&kikanCd=7340011570&kikanKbn=5", "url2": null }, "geometry": { "type": "Point", "coordinates": [ 133.204338, 34.411994 ] } },
{ "type": "Feature", "properties": { "内容": "新尾道薬局【5:薬局】広島県尾道市栗原町５９０１－１", "url": "https://www.iryou.teikyouseido.mhlw.go.jp/znk-web/juminkanja/S2430/initialize?prefCd=34&kikanCd=7340011620&kikanKbn=5", "url2": "http://www.innoshima-ph.com/" }, "geometry": { "type": "Point", "coordinates": [ 133.187922, 34.426992 ] } },
{ "type": "Feature", "properties": { "内容": "すばる薬局【5:薬局】広島県尾道市栗原町９６５０－１０", "url": "https://www.iryou.teikyouseido.mhlw.go.jp/znk-web/juminkanja/S2430/initialize?prefCd=34&kikanCd=7340011630&kikanKbn=5", "url2": "okayama-kyoritsu.co.jp" }, "geometry": { "type": "Point", "coordinates": [ 133.191616, 34.43413 ] } },
{ "type": "Feature", "properties": { "内容": "アイカ薬局【5:薬局】広島県尾道市栗原西１－９－１６", "url": "https://www.iryou.teikyouseido.mhlw.go.jp/znk-web/juminkanja/S2430/initialize?prefCd=34&kikanCd=7340011660&kikanKbn=5", "url2": null }, "geometry": { "type": "Point", "coordinates": [ 133.187757, 34.409133 ] } },
{ "type": "Feature", "properties": { "内容": "全快堂薬局　尾道店【5:薬局】広島県尾道市栗原西二丁目５－１０", "url": "https://www.iryou.teikyouseido.mhlw.go.jp/znk-web/juminkanja/S2430/initialize?prefCd=34&kikanCd=7340011670&kikanKbn=5", "url2": "http://www.zenkaidou.co.jp/" }, "geometry": { "type": "Point", "coordinates": [ 133.188701, 34.412882 ] } },
{ "type": "Feature", "properties": { "内容": "さくら薬局【5:薬局】広島県尾道市栗原西二丁目３－１１", "url": "https://www.iryou.teikyouseido.mhlw.go.jp/znk-web/juminkanja/S2430/initialize?prefCd=34&kikanCd=7340011680&kikanKbn=5", "url2": null }, "geometry": { "type": "Point", "coordinates": [ 133.187645, 34.411466 ] } },
{ "type": "Feature", "properties": { "内容": "古浜薬局【5:薬局】広島県尾道市古浜町６－２３", "url": "https://www.iryou.teikyouseido.mhlw.go.jp/znk-web/juminkanja/S2430/initialize?prefCd=34&kikanCd=7340011750&kikanKbn=5", "url2": "http://www.astes.net/innosima/" }, "geometry": { "type": "Point", "coordinates": [ 133.174425, 34.399245 ] } },
{ "type": "Feature", "properties": { "内容": "有限会社　ミドリファーマシー　三北調剤薬局【5:薬局】広島県尾道市三軒家町１７－１４", "url": "https://www.iryou.teikyouseido.mhlw.go.jp/znk-web/juminkanja/S2430/initialize?prefCd=34&kikanCd=7340011780&kikanKbn=5", "url2": null }, "geometry": { "type": "Point", "coordinates": [ 133.19034, 34.408216 ] } },
{ "type": "Feature", "properties": { "内容": "共立薬局【5:薬局】広島県尾道市新浜一丁目１４－２２", "url": "https://www.iryou.teikyouseido.mhlw.go.jp/znk-web/juminkanja/S2430/initialize?prefCd=34&kikanCd=7340011830&kikanKbn=5", "url2": null }, "geometry": { "type": "Point", "coordinates": [ 133.180369, 34.40055 ] } },
{ "type": "Feature", "properties": { "内容": "あおぞら薬局【5:薬局】広島県尾道市新浜一丁目９－１", "url": "https://www.iryou.teikyouseido.mhlw.go.jp/znk-web/juminkanja/S2430/initialize?prefCd=34&kikanCd=7340011840&kikanKbn=5", "url2": "https://www.kusurinomadoguchi.com/hiroshima/s119060" }, "geometry": { "type": "Point", "coordinates": [ 133.183091, 34.401411 ] } },
{ "type": "Feature", "properties": { "内容": "アイカ新浜薬局【5:薬局】広島県尾道市新浜２丁目２－１", "url": "https://www.iryou.teikyouseido.mhlw.go.jp/znk-web/juminkanja/S2430/initialize?prefCd=34&kikanCd=7340011850&kikanKbn=5", "url2": "aikasin8880@gmail.com" }, "geometry": { "type": "Point", "coordinates": [ 133.179869, 34.401022 ] } },
{ "type": "Feature", "properties": { "内容": "瀬戸田調剤薬局【5:薬局】広島県尾道市瀬戸田町瀬戸田３１３－１", "url": "https://www.iryou.teikyouseido.mhlw.go.jp/znk-web/juminkanja/S2430/initialize?prefCd=34&kikanCd=7340011860&kikanKbn=5", "url2": "http://www.innoshima-ph.com/" }, "geometry": { "type": "Point", "coordinates": [ 133.084159, 34.303059 ] } },
{ "type": "Feature", "properties": { "内容": "アプコ東尾道薬局【5:薬局】広島県尾道市高須町５７３８", "url": "https://www.iryou.teikyouseido.mhlw.go.jp/znk-web/juminkanja/S2430/initialize?prefCd=34&kikanCd=7340011910&kikanKbn=5", "url2": "https://www.apco-group.jp/" }, "geometry": { "type": "Point", "coordinates": [ 133.233338, 34.429392 ] } },
{ "type": "Feature", "properties": { "内容": "あんず薬局【5:薬局】広島県尾道市高須町４７６３－１９", "url": "https://www.iryou.teikyouseido.mhlw.go.jp/znk-web/juminkanja/S2430/initialize?prefCd=34&kikanCd=7340011920&kikanKbn=5", "url2": "http://tower-medical.jp/anzu/" }, "geometry": { "type": "Point", "coordinates": [ 133.237612, 34.435603 ] } },
{ "type": "Feature", "properties": { "内容": "アロマ薬局　東新涯店【5:薬局】広島県尾道市高須町４７５５－５", "url": "https://www.iryou.teikyouseido.mhlw.go.jp/znk-web/juminkanja/S2430/initialize?prefCd=34&kikanCd=7340011930&kikanKbn=5", "url2": "https://damo19820919.wixsite.com/aromayakkyokuonomiti" }, "geometry": { "type": "Point", "coordinates": [ 133.236473, 34.437408 ] } },
{ "type": "Feature", "properties": { "内容": "高須薬局【5:薬局】広島県尾道市高須町１２８８－７", "url": "https://www.iryou.teikyouseido.mhlw.go.jp/znk-web/juminkanja/S2430/initialize?prefCd=34&kikanCd=7340011940&kikanKbn=5", "url2": null }, "geometry": { "type": "Point", "coordinates": [ 133.227669, 34.430048 ] } },
{ "type": "Feature", "properties": { "内容": "白金薬局【5:薬局】広島県尾道市高須町１３８２－１", "url": "https://www.iryou.teikyouseido.mhlw.go.jp/znk-web/juminkanja/S2430/initialize?prefCd=34&kikanCd=7340011950&kikanKbn=5", "url2": "http://www.e-classa.net/shirogane/" }, "geometry": { "type": "Point", "coordinates": [ 133.226753, 34.426854 ] } },
{ "type": "Feature", "properties": { "内容": "ありす薬局　東尾道店【5:薬局】広島県尾道市高須町４７５４－５", "url": "https://www.iryou.teikyouseido.mhlw.go.jp/znk-web/juminkanja/S2430/initialize?prefCd=34&kikanCd=7340011960&kikanKbn=5", "url2": "0" }, "geometry": { "type": "Point", "coordinates": [ 133.23589, 34.437492 ] } },
{ "type": "Feature", "properties": { "内容": "たかね薬局【5:薬局】広島県尾道市高須町　９２４－５", "url": "https://www.iryou.teikyouseido.mhlw.go.jp/znk-web/juminkanja/S2430/initialize?prefCd=34&kikanCd=7340011970&kikanKbn=5", "url2": null }, "geometry": { "type": "Point", "coordinates": [ 133.229177, 34.436489 ] } },
{ "type": "Feature", "properties": { "内容": "アプコ高須薬局【5:薬局】広島県尾道市高須町４７７４－１", "url": "https://www.iryou.teikyouseido.mhlw.go.jp/znk-web/juminkanja/S2430/initialize?prefCd=34&kikanCd=7340011980&kikanKbn=5", "url2": "http://www.apco-group.jp/" }, "geometry": { "type": "Point", "coordinates": [ 133.233446, 34.434214 ] } },
{ "type": "Feature", "properties": { "内容": "東尾道薬局【5:薬局】広島県尾道市高須町西新涯５５９８－３", "url": "https://www.iryou.teikyouseido.mhlw.go.jp/znk-web/juminkanja/S2430/initialize?prefCd=34&kikanCd=7340012000&kikanKbn=5", "url2": null }, "geometry": { "type": "Point", "coordinates": [ 133.223669, 34.433436 ] } },
{ "type": "Feature", "properties": { "内容": "杉原薬局【5:薬局】広島県尾道市土堂１丁目１番１２号", "url": "https://www.iryou.teikyouseido.mhlw.go.jp/znk-web/juminkanja/S2430/initialize?prefCd=34&kikanCd=7340012010&kikanKbn=5", "url2": null }, "geometry": { "type": "Point", "coordinates": [ 133.196117, 34.406078 ] } },
{ "type": "Feature", "properties": { "内容": "アプコ中央薬局【5:薬局】広島県尾道市土堂二丁目６－１８", "url": "https://www.iryou.teikyouseido.mhlw.go.jp/znk-web/juminkanja/S2430/initialize?prefCd=34&kikanCd=7340012020&kikanKbn=5", "url2": "http://www.apco-group.jp/" }, "geometry": { "type": "Point", "coordinates": [ 133.201506, 34.407772 ] } },
{ "type": "Feature", "properties": { "内容": "厚仁堂薬局【5:薬局】広島県尾道市土堂二丁目４－２５", "url": "https://www.iryou.teikyouseido.mhlw.go.jp/znk-web/juminkanja/S2430/initialize?prefCd=34&kikanCd=7340012050&kikanKbn=5", "url2": null }, "geometry": { "type": "Point", "coordinates": [ 133.20295, 34.408911 ] } },
{ "type": "Feature", "properties": { "内容": "麻生中央薬局【5:薬局】広島県尾道市十四日元町６－１２", "url": "https://www.iryou.teikyouseido.mhlw.go.jp/znk-web/juminkanja/S2430/initialize?prefCd=34&kikanCd=7340012100&kikanKbn=5", "url2": null }, "geometry": { "type": "Point", "coordinates": [ 133.2037, 34.409188 ] } },
{ "type": "Feature", "properties": { "内容": "有限会社　天満屋薬局【5:薬局】広島県尾道市十四日元町５－８", "url": "https://www.iryou.teikyouseido.mhlw.go.jp/znk-web/juminkanja/S2430/initialize?prefCd=34&kikanCd=7340012110&kikanKbn=5", "url2": null }, "geometry": { "type": "Point", "coordinates": [ 133.203422, 34.409355 ] } },
{ "type": "Feature", "properties": { "内容": "ファーマシィ薬局　尾道【5:薬局】広島県尾道市西御所町６－２７", "url": "https://www.iryou.teikyouseido.mhlw.go.jp/znk-web/juminkanja/S2430/initialize?prefCd=34&kikanCd=7340012140&kikanKbn=5", "url2": "http://www.pharmacy-net.co.jp/aiming/" }, "geometry": { "type": "Point", "coordinates": [ 133.18934, 34.40255 ] } },
{ "type": "Feature", "properties": { "内容": "東元町薬局【5:薬局】広島県尾道市東元町２５－１８", "url": "https://www.iryou.teikyouseido.mhlw.go.jp/znk-web/juminkanja/S2430/initialize?prefCd=34&kikanCd=7340012160&kikanKbn=5", "url2": null }, "geometry": { "type": "Point", "coordinates": [ 133.171869, 34.400383 ] } },
{ "type": "Feature", "properties": { "内容": "ファーマシィ薬局あすなろ【5:薬局】広島県尾道市御調町市１０６", "url": "https://www.iryou.teikyouseido.mhlw.go.jp/znk-web/juminkanja/S2430/initialize?prefCd=34&kikanCd=7340012170&kikanKbn=5", "url2": "http://www.pharmacy-net.co.jp" }, "geometry": { "type": "Point", "coordinates": [ 133.148719, 34.516201 ] } },
{ "type": "Feature", "properties": { "内容": "かわち薬局【5:薬局】広島県尾道市御調町丸河南字友末５９５－４", "url": "https://www.iryou.teikyouseido.mhlw.go.jp/znk-web/juminkanja/S2430/initialize?prefCd=34&kikanCd=7340012220&kikanKbn=5", "url2": null }, "geometry": { "type": "Point", "coordinates": [ 133.120536, 34.496678 ] } },
{ "type": "Feature", "properties": { "内容": "スマイル薬局【5:薬局】広島県尾道市美ノ郷町三成２２６－４", "url": "https://www.iryou.teikyouseido.mhlw.go.jp/znk-web/juminkanja/S2430/initialize?prefCd=34&kikanCd=7340012240&kikanKbn=5", "url2": null }, "geometry": { "type": "Point", "coordinates": [ 133.197087, 34.452156 ] } },
{ "type": "Feature", "properties": { "内容": "花みずき薬局【5:薬局】広島県尾道市向島町５４５４－２", "url": "https://www.iryou.teikyouseido.mhlw.go.jp/znk-web/juminkanja/S2430/initialize?prefCd=34&kikanCd=7340012260&kikanKbn=5", "url2": "http://www.ts-nishicho.com/" }, "geometry": { "type": "Point", "coordinates": [ 133.200312, 34.396551 ] } },
{ "type": "Feature", "properties": { "内容": "有限会社兼吉調剤薬局【5:薬局】広島県尾道市向島町５７６－３", "url": "https://www.iryou.teikyouseido.mhlw.go.jp/znk-web/juminkanja/S2430/initialize?prefCd=34&kikanCd=7340012270&kikanKbn=5", "url2": null }, "geometry": { "type": "Point", "coordinates": [ 133.203339, 34.401995 ] } },
{ "type": "Feature", "properties": { "内容": "株式会社　戸田栄光堂薬局【5:薬局】広島県尾道市向島町１４", "url": "https://www.iryou.teikyouseido.mhlw.go.jp/znk-web/juminkanja/S2430/initialize?prefCd=34&kikanCd=7340012300&kikanKbn=5", "url2": null }, "geometry": { "type": "Point", "coordinates": [ 133.203228, 34.402967 ] } },
{ "type": "Feature", "properties": { "内容": "らん薬局【5:薬局】広島県尾道市向島町５９０１－３", "url": "https://www.iryou.teikyouseido.mhlw.go.jp/znk-web/juminkanja/S2430/initialize?prefCd=34&kikanCd=7340012310&kikanKbn=5", "url2": null }, "geometry": { "type": "Point", "coordinates": [ 133.196007, 34.392746 ] } },
{ "type": "Feature", "properties": { "内容": "漢方健仁堂薬局【5:薬局】広島県尾道市向東町１０１４－５", "url": "https://www.iryou.teikyouseido.mhlw.go.jp/znk-web/juminkanja/S2430/initialize?prefCd=34&kikanCd=7340012340&kikanKbn=5", "url2": null }, "geometry": { "type": "Point", "coordinates": [ 133.207067, 34.400041 ] } },
{ "type": "Feature", "properties": { "内容": "よこた薬局【5:薬局】広島県尾道市向東町３５６８－１", "url": "https://www.iryou.teikyouseido.mhlw.go.jp/znk-web/juminkanja/S2430/initialize?prefCd=34&kikanCd=7340012350&kikanKbn=5", "url2": null }, "geometry": { "type": "Point", "coordinates": [ 133.217338, 34.398579 ] } },
{ "type": "Feature", "properties": { "内容": "門田薬局【5:薬局】広島県尾道市門田町１－４１", "url": "https://www.iryou.teikyouseido.mhlw.go.jp/znk-web/juminkanja/S2430/initialize?prefCd=34&kikanCd=7340012380&kikanKbn=5", "url2": null }, "geometry": { "type": "Point", "coordinates": [ 133.186495, 34.416162 ] } },
{ "type": "Feature", "properties": { "内容": "アロー薬局　甲山店【5:薬局】広島県世羅郡世羅町西上原字流４８２－３", "url": "https://www.iryou.teikyouseido.mhlw.go.jp/znk-web/juminkanja/S2430/initialize?prefCd=34&kikanCd=7340012410&kikanKbn=5", "url2": "http://hiroshima-arrow.com/" }, "geometry": { "type": "Point", "coordinates": [ 133.060703, 34.588972 ] } },
{ "type": "Feature", "properties": { "内容": "ファーマシィ薬局　せら【5:薬局】広島県世羅郡世羅町本郷８２２－１３", "url": "https://www.iryou.teikyouseido.mhlw.go.jp/znk-web/juminkanja/S2430/initialize?prefCd=34&kikanCd=7340012420&kikanKbn=5", "url2": "http://www.pharmacy-net.co.jp/" }, "geometry": { "type": "Point", "coordinates": [ 133.047204, 34.590805 ] } },
{ "type": "Feature", "properties": { "内容": "いとう薬局【5:薬局】広島県世羅郡世羅町本郷　５－２", "url": "https://www.iryou.teikyouseido.mhlw.go.jp/znk-web/juminkanja/S2430/initialize?prefCd=34&kikanCd=7340012440&kikanKbn=5", "url2": null }, "geometry": { "type": "Point", "coordinates": [ 133.052725, 34.585419 ] } },
{ "type": "Feature", "properties": { "内容": "エンゼル薬局　世羅店【5:薬局】広島県世羅郡世羅町本郷９４２－４", "url": "https://www.iryou.teikyouseido.mhlw.go.jp/znk-web/juminkanja/S2430/initialize?prefCd=34&kikanCd=7340012460&kikanKbn=5", "url2": "http://www.angel-ph.jp" }, "geometry": { "type": "Point", "coordinates": [ 133.044995, 34.58608 ] } },
{ "type": "Feature", "properties": { "内容": "モリオ薬局【5:薬局】広島県三原市円一町１丁目１番７号", "url": "https://www.iryou.teikyouseido.mhlw.go.jp/znk-web/juminkanja/S2430/initialize?prefCd=34&kikanCd=7340012510&kikanKbn=5", "url2": null }, "geometry": { "type": "Point", "coordinates": [ 133.078773, 34.393677 ] } },
{ "type": "Feature", "properties": { "内容": "有限会社　久井シンポ薬局【5:薬局】広島県三原市久井町江木８２－５", "url": "https://www.iryou.teikyouseido.mhlw.go.jp/znk-web/juminkanja/S2430/initialize?prefCd=34&kikanCd=7340012520&kikanKbn=5", "url2": "http://kui-shinpo.com" }, "geometry": { "type": "Point", "coordinates": [ 133.036788, 34.540586 ] } },
{ "type": "Feature", "properties": { "内容": "幸崎調剤薬局【5:薬局】広島県三原市幸崎能地４－１０－２２", "url": "https://www.iryou.teikyouseido.mhlw.go.jp/znk-web/juminkanja/S2430/initialize?prefCd=34&kikanCd=7340012550&kikanKbn=5", "url2": null }, "geometry": { "type": "Point", "coordinates": [ 133.034634, 34.33611 ] } },
{ "type": "Feature", "properties": { "内容": "なの花薬局　セトピア店【5:薬局】広島県三原市城町一丁目１３－５", "url": "https://www.iryou.teikyouseido.mhlw.go.jp/znk-web/juminkanja/S2430/initialize?prefCd=34&kikanCd=7340012590&kikanKbn=5", "url2": "https://www.nanohana-ph.jp/" }, "geometry": { "type": "Point", "coordinates": [ 133.084988, 34.397826 ] } },
{ "type": "Feature", "properties": { "内容": "有限会社マツオ薬局【5:薬局】広島県三原市城町二丁目７－１", "url": "https://www.iryou.teikyouseido.mhlw.go.jp/znk-web/juminkanja/S2430/initialize?prefCd=34&kikanCd=7340012630&kikanKbn=5", "url2": null }, "geometry": { "type": "Point", "coordinates": [ 133.088126, 34.40041 ] } },
{ "type": "Feature", "properties": { "内容": "有限会社　ほのか薬局【5:薬局】広島県三原市宗郷一丁目３－３０", "url": "https://www.iryou.teikyouseido.mhlw.go.jp/znk-web/juminkanja/S2430/initialize?prefCd=34&kikanCd=7340012690&kikanKbn=5", "url2": "http://www.e-classa.net/honoka/" }, "geometry": { "type": "Point", "coordinates": [ 133.066212, 34.386244 ] } },
{ "type": "Feature", "properties": { "内容": "フジ薬局【5:薬局】広島県三原市宗郷３丁目３－８", "url": "https://www.iryou.teikyouseido.mhlw.go.jp/znk-web/juminkanja/S2430/initialize?prefCd=34&kikanCd=7340012700&kikanKbn=5", "url2": null }, "geometry": { "type": "Point", "coordinates": [ 133.061574, 34.385911 ] } },
{ "type": "Feature", "properties": { "内容": "大和薬局【5:薬局】広島県三原市大和町下徳良１８９５－４", "url": "https://www.iryou.teikyouseido.mhlw.go.jp/znk-web/juminkanja/S2430/initialize?prefCd=34&kikanCd=7340012710&kikanKbn=5", "url2": "https://www.miyoshi-pharmacy1974.com/home" }, "geometry": { "type": "Point", "coordinates": [ 132.950409, 34.544836 ] } },
{ "type": "Feature", "properties": { "内容": "多森薬局【5:薬局】広島県三原市中之町２丁目１番２３号", "url": "https://www.iryou.teikyouseido.mhlw.go.jp/znk-web/juminkanja/S2430/initialize?prefCd=34&kikanCd=7340012740&kikanKbn=5", "url2": null }, "geometry": { "type": "Point", "coordinates": [ 133.094121, 34.407981 ] } },
{ "type": "Feature", "properties": { "内容": "平井薬局【5:薬局】広島県三原市中之町三丁目１４－１５", "url": "https://www.iryou.teikyouseido.mhlw.go.jp/znk-web/juminkanja/S2430/initialize?prefCd=34&kikanCd=7340012750&kikanKbn=5", "url2": null }, "geometry": { "type": "Point", "coordinates": [ 133.100458, 34.41202 ] } },
{ "type": "Feature", "properties": { "内容": "なのはな薬局【5:薬局】広島県三原市沼田東町片島２２４－６", "url": "https://www.iryou.teikyouseido.mhlw.go.jp/znk-web/juminkanja/S2430/initialize?prefCd=34&kikanCd=7340012770&kikanKbn=5", "url2": null }, "geometry": { "type": "Point", "coordinates": [ 133.020966, 34.390965 ] } },
{ "type": "Feature", "properties": { "内容": "株式会社　全快堂　三原中央薬局【5:薬局】広島県三原市東町二丁目１２－１７", "url": "https://www.iryou.teikyouseido.mhlw.go.jp/znk-web/juminkanja/S2430/initialize?prefCd=34&kikanCd=7340012790&kikanKbn=5", "url2": "www.zenkaidou.co.jp/" }, "geometry": { "type": "Point", "coordinates": [ 133.089015, 34.402909 ] } },
{ "type": "Feature", "properties": { "内容": "一般社団法人　三原薬剤師会　センター薬局　日赤前店【5:薬局】広島県三原市東町二丁目８－２", "url": "https://www.iryou.teikyouseido.mhlw.go.jp/znk-web/juminkanja/S2430/initialize?prefCd=34&kikanCd=7340012800&kikanKbn=5", "url2": null }, "geometry": { "type": "Point", "coordinates": [ 133.089071, 34.402659 ] } },
{ "type": "Feature", "properties": { "内容": "本郷薬局【5:薬局】広島県三原市本郷南５ー２６－２", "url": "https://www.iryou.teikyouseido.mhlw.go.jp/znk-web/juminkanja/S2430/initialize?prefCd=34&kikanCd=7340012830&kikanKbn=5", "url2": null }, "geometry": { "type": "Point", "coordinates": [ 132.989495, 34.407213 ] } },
{ "type": "Feature", "properties": { "内容": "なの花薬局本町えびす店【5:薬局】広島県三原市本町一丁目９－９", "url": "https://www.iryou.teikyouseido.mhlw.go.jp/znk-web/juminkanja/S2430/initialize?prefCd=34&kikanCd=7340012850&kikanKbn=5", "url2": "http://www.msnw.co.jp/" }, "geometry": { "type": "Point", "coordinates": [ 133.077211, 34.40102 ] } },
{ "type": "Feature", "properties": { "内容": "中央薬局【5:薬局】広島県三原市本町三丁目１－７", "url": "https://www.iryou.teikyouseido.mhlw.go.jp/znk-web/juminkanja/S2430/initialize?prefCd=34&kikanCd=7340012870&kikanKbn=5", "url2": null }, "geometry": { "type": "Point", "coordinates": [ 133.080044, 34.401715 ] } },
{ "type": "Feature", "properties": { "内容": "有限会社　ときわ薬局【5:薬局】広島県三原市港町１－２－２７", "url": "https://www.iryou.teikyouseido.mhlw.go.jp/znk-web/juminkanja/S2430/initialize?prefCd=34&kikanCd=7340012900&kikanKbn=5", "url2": "http://www.tokiwa-pharmacy.com/" }, "geometry": { "type": "Point", "coordinates": [ 133.081405, 34.400104 ] } },
{ "type": "Feature", "properties": { "内容": "玉浦薬品　株式会社　玉浦薬局【5:薬局】広島県三原市港町三丁目２０－１９", "url": "https://www.iryou.teikyouseido.mhlw.go.jp/znk-web/juminkanja/S2430/initialize?prefCd=34&kikanCd=7340012920&kikanKbn=5", "url2": null }, "geometry": { "type": "Point", "coordinates": [ 133.077461, 34.398215 ] } },
{ "type": "Feature", "properties": { "内容": "第二晃栄薬局【5:薬局】広島県三原市皆実６丁目　２０－１", "url": "https://www.iryou.teikyouseido.mhlw.go.jp/znk-web/juminkanja/S2430/initialize?prefCd=34&kikanCd=7340012960&kikanKbn=5", "url2": null }, "geometry": { "type": "Point", "coordinates": [ 133.067385, 34.390342 ] } },
{ "type": "Feature", "properties": { "内容": "三原薬剤師会センター薬局【5:薬局】広島県三原市宮浦一丁目２０－３６", "url": "https://www.iryou.teikyouseido.mhlw.go.jp/znk-web/juminkanja/S2430/initialize?prefCd=34&kikanCd=7340012970&kikanKbn=5", "url2": "http://www.miharayaku.net/" }, "geometry": { "type": "Point", "coordinates": [ 133.064101, 34.39977 ] } },
{ "type": "Feature", "properties": { "内容": "有限会社　たんぽぽ薬局【5:薬局】広島県三原市宮浦３丁目２１－８", "url": "https://www.iryou.teikyouseido.mhlw.go.jp/znk-web/juminkanja/S2430/initialize?prefCd=34&kikanCd=7340012990&kikanKbn=5", "url2": null }, "geometry": { "type": "Point", "coordinates": [ 133.068156, 34.398104 ] } },
{ "type": "Feature", "properties": { "内容": "あおい薬局　株式会社【5:薬局】広島県三原市宮沖二丁目６－１７", "url": "https://www.iryou.teikyouseido.mhlw.go.jp/znk-web/juminkanja/S2430/initialize?prefCd=34&kikanCd=7340013040&kikanKbn=5", "url2": null }, "geometry": { "type": "Point", "coordinates": [ 133.074489, 34.396632 ] } },
{ "type": "Feature", "properties": { "内容": "ときわ薬局　宮沖店【5:薬局】広島県三原市宮沖二丁目２－１０", "url": "https://www.iryou.teikyouseido.mhlw.go.jp/znk-web/juminkanja/S2430/initialize?prefCd=34&kikanCd=7340013050&kikanKbn=5", "url2": null }, "geometry": { "type": "Point", "coordinates": [ 133.075433, 34.396215 ] } },
{ "type": "Feature", "properties": { "内容": "うきしろ薬局【5:薬局】広島県三原市宮沖五丁目３－２０", "url": "https://www.iryou.teikyouseido.mhlw.go.jp/znk-web/juminkanja/S2430/initialize?prefCd=34&kikanCd=7340013070&kikanKbn=5", "url2": "https://www.e-ciassa.net>ukishiro" }, "geometry": { "type": "Point", "coordinates": [ 133.074739, 34.391688 ] } },
{ "type": "Feature", "properties": { "内容": "しわち薬局【5:薬局】広島県三次市下志和地町７０３－１", "url": "https://www.iryou.teikyouseido.mhlw.go.jp/znk-web/juminkanja/S2430/initialize?prefCd=34&kikanCd=7340013100&kikanKbn=5", "url2": "http://www.ts-nishicho.com/" }, "geometry": { "type": "Point", "coordinates": [ 132.803468, 34.740896 ] } },
{ "type": "Feature", "properties": { "内容": "あかね薬局【5:薬局】広島県三次市作木町下作木１５１０－２", "url": "https://www.iryou.teikyouseido.mhlw.go.jp/znk-web/juminkanja/S2430/initialize?prefCd=34&kikanCd=7340013130&kikanKbn=5", "url2": null }, "geometry": { "type": "Point", "coordinates": [ 132.718607, 34.879685 ] } },
{ "type": "Feature", "properties": { "内容": "杉田薬局【5:薬局】広島県三次市三次町１０８６－１", "url": "https://www.iryou.teikyouseido.mhlw.go.jp/znk-web/juminkanja/S2430/initialize?prefCd=34&kikanCd=7340013140&kikanKbn=5", "url2": null }, "geometry": { "type": "Point", "coordinates": [ 132.846016, 34.816722 ] } },
{ "type": "Feature", "properties": { "内容": "有限会社ティーズオフィス　みらさか薬局【5:薬局】広島県三次市三良坂町三良坂字高木２６３４－５", "url": "https://www.iryou.teikyouseido.mhlw.go.jp/znk-web/juminkanja/S2430/initialize?prefCd=34&kikanCd=7340013160&kikanKbn=5", "url2": "https://www.tsnishicho.com/%E5%BA%97%E8%88%97%E6%A1%88%E5%86%85/%E3%81%BF%E3%82%89%E3%81%95%E3%81%8B%E8%96%AC%E5%B1%80/" }, "geometry": { "type": "Point", "coordinates": [ 132.961592, 34.762896 ] } },
{ "type": "Feature", "properties": { "内容": "つくし薬局【5:薬局】広島県三次市四拾貫町９－１", "url": "https://www.iryou.teikyouseido.mhlw.go.jp/znk-web/juminkanja/S2430/initialize?prefCd=34&kikanCd=7340013170&kikanKbn=5", "url2": null }, "geometry": { "type": "Point", "coordinates": [ 132.885208, 34.80303 ] } },
{ "type": "Feature", "properties": { "内容": "有限会社　中本薬局プラザ店【5:薬局】広島県三次市十日市中一丁目２－２", "url": "https://www.iryou.teikyouseido.mhlw.go.jp/znk-web/juminkanja/S2430/initialize?prefCd=34&kikanCd=7340013180&kikanKbn=5", "url2": "nk-cc.com/" }, "geometry": { "type": "Point", "coordinates": [ 132.850746, 34.804218 ] } },
{ "type": "Feature", "properties": { "内容": "十日市薬局【5:薬局】広島県三次市十日市中三丁目１１－２０", "url": "https://www.iryou.teikyouseido.mhlw.go.jp/znk-web/juminkanja/S2430/initialize?prefCd=34&kikanCd=7340013190&kikanKbn=5", "url2": "http://www.ssmile.co.jp/" }, "geometry": { "type": "Point", "coordinates": [ 132.852961, 34.807529 ] } },
{ "type": "Feature", "properties": { "内容": "ともえ薬局【5:薬局】広島県三次市十日市中二丁目１０－２３", "url": "https://www.iryou.teikyouseido.mhlw.go.jp/znk-web/juminkanja/S2430/initialize?prefCd=34&kikanCd=7340013220&kikanKbn=5", "url2": "http://www.e-classa.net/kusurinotomoe/index.html" }, "geometry": { "type": "Point", "coordinates": [ 132.849933, 34.805279 ] } },
{ "type": "Feature", "properties": { "内容": "ファーマシィ薬局三次【5:薬局】広島県三次市十日市中二丁目１３－１", "url": "https://www.iryou.teikyouseido.mhlw.go.jp/znk-web/juminkanja/S2430/initialize?prefCd=34&kikanCd=7340013230&kikanKbn=5", "url2": "http://www.pharmacy-net.co.jp/store/detail.php?store_no=1045" }, "geometry": { "type": "Point", "coordinates": [ 132.849961, 34.806223 ] } },
{ "type": "Feature", "properties": { "内容": "新家薬局【5:薬局】広島県三次市十日市東五丁目１３－３７", "url": "https://www.iryou.teikyouseido.mhlw.go.jp/znk-web/juminkanja/S2430/initialize?prefCd=34&kikanCd=7340013280&kikanKbn=5", "url2": null }, "geometry": { "type": "Point", "coordinates": [ 132.863404, 34.806251 ] } },
{ "type": "Feature", "properties": { "内容": "コウノ薬局【5:薬局】広島県三次市十日市東五丁目１６－１０", "url": "https://www.iryou.teikyouseido.mhlw.go.jp/znk-web/juminkanja/S2430/initialize?prefCd=34&kikanCd=7340013290&kikanKbn=5", "url2": null }, "geometry": { "type": "Point", "coordinates": [ 132.862821, 34.808334 ] } },
{ "type": "Feature", "properties": { "内容": "サン薬局【5:薬局】広島県三次市十日市東４－１－３０サングリーン１Ｆ", "url": "https://www.iryou.teikyouseido.mhlw.go.jp/znk-web/juminkanja/S2430/initialize?prefCd=34&kikanCd=7340013310&kikanKbn=5", "url2": "www.kanpou-style.co.jp/" }, "geometry": { "type": "Point", "coordinates": [ 132.859516, 34.80414 ] } },
{ "type": "Feature", "properties": { "内容": "有限会社エヌ・イー・ピー　アリス薬局【5:薬局】広島県三次市十日市東二丁目３－２０さくらビル１階", "url": "https://www.iryou.teikyouseido.mhlw.go.jp/znk-web/juminkanja/S2430/initialize?prefCd=34&kikanCd=7340013330&kikanKbn=5", "url2": null }, "geometry": { "type": "Point", "coordinates": [ 132.858877, 34.807473 ] } },
{ "type": "Feature", "properties": { "内容": "ジュン政岡薬局　酒屋店【5:薬局】広島県三次市東酒屋町３５４－１０", "url": "https://www.iryou.teikyouseido.mhlw.go.jp/znk-web/juminkanja/S2430/initialize?prefCd=34&kikanCd=7340013350&kikanKbn=5", "url2": null }, "geometry": { "type": "Point", "coordinates": [ 132.878293, 34.782532 ] } },
{ "type": "Feature", "properties": { "内容": "ファーマシィ薬局　三次センター【5:薬局】広島県三次市東酒屋町５８６番５号", "url": "https://www.iryou.teikyouseido.mhlw.go.jp/znk-web/juminkanja/S2430/initialize?prefCd=34&kikanCd=7340013360&kikanKbn=5", "url2": "http://www.pharmacy-net.co.jp/" }, "geometry": { "type": "Point", "coordinates": [ 132.868988, 34.783392 ] } },
{ "type": "Feature", "properties": { "内容": "ウォンツ薬局　三次店【5:薬局】広島県三次市南畑敷町１４０－２", "url": "https://www.iryou.teikyouseido.mhlw.go.jp/znk-web/juminkanja/S2430/initialize?prefCd=34&kikanCd=7340013370&kikanKbn=5", "url2": "https://www.wants.co.jp/" }, "geometry": { "type": "Point", "coordinates": [ 132.87132, 34.804779 ] } },
{ "type": "Feature", "properties": { "内容": "はたじき薬局【5:薬局】広島県三次市畠敷町８８６－６", "url": "https://www.iryou.teikyouseido.mhlw.go.jp/znk-web/juminkanja/S2430/initialize?prefCd=34&kikanCd=7340013390&kikanKbn=5", "url2": null }, "geometry": { "type": "Point", "coordinates": [ 132.880764, 34.810918 ] } },
{ "type": "Feature", "properties": { "内容": "ぶどう薬局【5:薬局】広島県三次市三次町１５４５", "url": "https://www.iryou.teikyouseido.mhlw.go.jp/znk-web/juminkanja/S2430/initialize?prefCd=34&kikanCd=7340013400&kikanKbn=5", "url2": "https://nogata-medical.com" }, "geometry": { "type": "Point", "coordinates": [ 132.847179, 34.812382 ] } },
{ "type": "Feature", "properties": { "内容": "有限会社直方メディカルサービスあんず薬局【5:薬局】広島県庄原市口和町永田５０９－４", "url": "https://www.iryou.teikyouseido.mhlw.go.jp/znk-web/juminkanja/S2430/initialize?prefCd=34&kikanCd=7340013410&kikanKbn=5", "url2": null }, "geometry": { "type": "Point", "coordinates": [ 132.921618, 34.886882 ] } },
{ "type": "Feature", "properties": { "内容": "有限会社ティーズオフィス　かわきた薬局【5:薬局】広島県庄原市川北町１５８－５", "url": "https://www.iryou.teikyouseido.mhlw.go.jp/znk-web/juminkanja/S2430/initialize?prefCd=34&kikanCd=7340013430&kikanKbn=5", "url2": "http://ts-nishicho.com" }, "geometry": { "type": "Point", "coordinates": [ 132.999834, 34.882662 ] } },
{ "type": "Feature", "properties": { "内容": "株式会社　東城本郷薬局【5:薬局】広島県庄原市東城町川西４３６－３", "url": "https://www.iryou.teikyouseido.mhlw.go.jp/znk-web/juminkanja/S2430/initialize?prefCd=34&kikanCd=7340013450&kikanKbn=5", "url2": "https://tojohongoyakkyoku.amebaownd.com/" }, "geometry": { "type": "Point", "coordinates": [ 133.274449, 34.89836 ] } },
{ "type": "Feature", "properties": { "内容": "東城川西薬局【5:薬局】広島県庄原市東城町川西５６３－３", "url": "https://www.iryou.teikyouseido.mhlw.go.jp/znk-web/juminkanja/S2430/initialize?prefCd=34&kikanCd=7340013460&kikanKbn=5", "url2": null }, "geometry": { "type": "Point", "coordinates": [ 133.269338, 34.900998 ] } },
{ "type": "Feature", "properties": { "内容": "三上薬局　産業道路店【5:薬局】広島県庄原市東城町川東１４５４－４", "url": "https://www.iryou.teikyouseido.mhlw.go.jp/znk-web/juminkanja/S2430/initialize?prefCd=34&kikanCd=7340013470&kikanKbn=5", "url2": null }, "geometry": { "type": "Point", "coordinates": [ 133.274921, 34.897526 ] } },
{ "type": "Feature", "properties": { "内容": "三上薬局　駅前店【5:薬局】広島県庄原市東城町川東１６５－１６", "url": "https://www.iryou.teikyouseido.mhlw.go.jp/znk-web/juminkanja/S2430/initialize?prefCd=34&kikanCd=7340013490&kikanKbn=5", "url2": null }, "geometry": { "type": "Point", "coordinates": [ 133.273866, 34.900498 ] } },
{ "type": "Feature", "properties": { "内容": "有限会社　吉川薬局【5:薬局】広島県庄原市東城町東城２７２", "url": "https://www.iryou.teikyouseido.mhlw.go.jp/znk-web/juminkanja/S2430/initialize?prefCd=34&kikanCd=7340013510&kikanKbn=5", "url2": null }, "geometry": { "type": "Point", "coordinates": [ 133.272283, 34.899443 ] } },
{ "type": "Feature", "properties": { "内容": "庄原センター薬局【5:薬局】広島県庄原市板橋町１６４－１", "url": "https://www.iryou.teikyouseido.mhlw.go.jp/znk-web/juminkanja/S2430/initialize?prefCd=34&kikanCd=7340013530&kikanKbn=5", "url2": null }, "geometry": { "type": "Point", "coordinates": [ 133.018389, 34.849749 ] } },
{ "type": "Feature", "properties": { "内容": "アプコ松永薬局【5:薬局】広島県福山市柳津町一丁目２番２９号", "url": "https://www.iryou.teikyouseido.mhlw.go.jp/znk-web/juminkanja/S2430/initialize?prefCd=34&kikanCd=7340013540&kikanKbn=5", "url2": "http://www.apco-group.jp/" }, "geometry": { "type": "Point", "coordinates": [ 133.261695, 34.44211 ] } },
{ "type": "Feature", "properties": { "内容": "にこぴん薬局【5:薬局】広島県福山市港町二丁目５番２３号", "url": "https://www.iryou.teikyouseido.mhlw.go.jp/znk-web/juminkanja/S2430/initialize?prefCd=34&kikanCd=7340013550&kikanKbn=5", "url2": "http://www.nikopin.com/minatomati.html" }, "geometry": { "type": "Point", "coordinates": [ 133.382987, 34.485267 ] } },
{ "type": "Feature", "properties": { "内容": "大黒調剤薬局　明治町店【5:薬局】広島県福山市明治町３－１４", "url": "https://www.iryou.teikyouseido.mhlw.go.jp/znk-web/juminkanja/S2430/initialize?prefCd=34&kikanCd=7340013560&kikanKbn=5", "url2": "http://www.daikoku-chouzai.com" }, "geometry": { "type": "Point", "coordinates": [ 133.367127, 34.483017 ] } },
{ "type": "Feature", "properties": { "内容": "ファーマシィ薬局みのり【5:薬局】広島県福山市今津町２‐３‐９", "url": "https://www.iryou.teikyouseido.mhlw.go.jp/znk-web/juminkanja/S2430/initialize?prefCd=34&kikanCd=7340013590&kikanKbn=5", "url2": "http://www.pharmacy-net.co.jp/" }, "geometry": { "type": "Point", "coordinates": [ 133.254832, 34.450824 ] } },
{ "type": "Feature", "properties": { "内容": "ゆうゆう薬局【5:薬局】広島県福山市松永町５－９－１４", "url": "https://www.iryou.teikyouseido.mhlw.go.jp/znk-web/juminkanja/S2430/initialize?prefCd=34&kikanCd=7340013630&kikanKbn=5", "url2": "http://www.ssmile.co.jp" }, "geometry": { "type": "Point", "coordinates": [ 133.259943, 34.446102 ] } },
{ "type": "Feature", "properties": { "内容": "ポピー薬局【5:薬局】広島県福山市神辺町川南３１５８‐８", "url": "https://www.iryou.teikyouseido.mhlw.go.jp/znk-web/juminkanja/S2430/initialize?prefCd=34&kikanCd=7340013640&kikanKbn=5", "url2": "http://www.reliance-cosmos.co.jp/" }, "geometry": { "type": "Point", "coordinates": [ 133.381651, 34.539566 ] } },
{ "type": "Feature", "properties": { "内容": "しんめい堂薬局【5:薬局】広島県福山市神辺町道上２９８１－３", "url": "https://www.iryou.teikyouseido.mhlw.go.jp/znk-web/juminkanja/S2430/initialize?prefCd=34&kikanCd=7340013660&kikanKbn=5", "url2": null }, "geometry": { "type": "Point", "coordinates": [ 133.353736, 34.551037 ] } },
{ "type": "Feature", "properties": { "内容": "やなぶ養神堂薬局【5:薬局】広島県府中市上下町上下１０５５", "url": "https://www.iryou.teikyouseido.mhlw.go.jp/znk-web/juminkanja/S2430/initialize?prefCd=34&kikanCd=7340013740&kikanKbn=5", "url2": null }, "geometry": { "type": "Point", "coordinates": [ 133.120721, 34.694934 ] } },
{ "type": "Feature", "properties": { "内容": "小野薬局【5:薬局】広島県福山市新市町戸手１３２６‐１", "url": "https://www.iryou.teikyouseido.mhlw.go.jp/znk-web/juminkanja/S2430/initialize?prefCd=34&kikanCd=7340013750&kikanKbn=5", "url2": null }, "geometry": { "type": "Point", "coordinates": [ 133.293825, 34.549286 ] } },
{ "type": "Feature", "properties": { "内容": "有限会社　富士薬局【5:薬局】広島県福山市宝町２－２１", "url": "https://www.iryou.teikyouseido.mhlw.go.jp/znk-web/juminkanja/S2430/initialize?prefCd=34&kikanCd=7340013770&kikanKbn=5", "url2": null }, "geometry": { "type": "Point", "coordinates": [ 133.365905, 34.488655 ] } },
{ "type": "Feature", "properties": { "内容": "にこぴん薬局　三吉町店【5:薬局】広島県福山市三吉町三丁目３番２２号", "url": "https://www.iryou.teikyouseido.mhlw.go.jp/znk-web/juminkanja/S2430/initialize?prefCd=34&kikanCd=7340013790&kikanKbn=5", "url2": "http://www.nikopin.com/miyoshityoutenn.html" }, "geometry": { "type": "Point", "coordinates": [ 133.375682, 34.492932 ] } },
{ "type": "Feature", "properties": { "内容": "ファーマシィ薬局　今津【5:薬局】広島県福山市今津町２丁目２‐１０", "url": "https://www.iryou.teikyouseido.mhlw.go.jp/znk-web/juminkanja/S2430/initialize?prefCd=34&kikanCd=7340013810&kikanKbn=5", "url2": "http://www.pharmacy-net.co.jp" }, "geometry": { "type": "Point", "coordinates": [ 133.256166, 34.451518 ] } },
{ "type": "Feature", "properties": { "内容": "エル調剤薬局【5:薬局】広島県福山市今津町４－１－２１", "url": "https://www.iryou.teikyouseido.mhlw.go.jp/znk-web/juminkanja/S2430/initialize?prefCd=34&kikanCd=7340013820&kikanKbn=5", "url2": "https://eru-pharmacy.jimdofree.com/" }, "geometry": { "type": "Point", "coordinates": [ 133.253555, 34.450629 ] } },
{ "type": "Feature", "properties": { "内容": "有限会社　川上薬局【5:薬局】広島県福山市松永町４－８－２", "url": "https://www.iryou.teikyouseido.mhlw.go.jp/znk-web/juminkanja/S2430/initialize?prefCd=34&kikanCd=7340013830&kikanKbn=5", "url2": null }, "geometry": { "type": "Point", "coordinates": [ 133.258916, 34.449463 ] } },
{ "type": "Feature", "properties": { "内容": "一般社団法人福山市薬剤師会　野上薬局【5:薬局】広島県福山市野上町３‐１２‐１", "url": "https://www.iryou.teikyouseido.mhlw.go.jp/znk-web/juminkanja/S2430/initialize?prefCd=34&kikanCd=7340013860&kikanKbn=5", "url2": null }, "geometry": { "type": "Point", "coordinates": [ 133.363572, 34.477128 ] } },
{ "type": "Feature", "properties": { "内容": "キューピー堂薬局【5:薬局】広島県福山市西町３丁目１２－２０", "url": "https://www.iryou.teikyouseido.mhlw.go.jp/znk-web/juminkanja/S2430/initialize?prefCd=34&kikanCd=7340013880&kikanKbn=5", "url2": null }, "geometry": { "type": "Point", "coordinates": [ 133.355739, 34.491488 ] } },
{ "type": "Feature", "properties": { "内容": "株式会社　サン・メディカル薬局　川口店【5:薬局】広島県福山市川口町１丁目８番１－１０５号", "url": "https://www.iryou.teikyouseido.mhlw.go.jp/znk-web/juminkanja/S2430/initialize?prefCd=34&kikanCd=7340013900&kikanKbn=5", "url2": "http://www.sanmedhikaru.jp/" }, "geometry": { "type": "Point", "coordinates": [ 133.387876, 34.47224 ] } },
{ "type": "Feature", "properties": { "内容": "株式会社　サン・メディカル薬局　道三店【5:薬局】広島県福山市道三町５－１５", "url": "https://www.iryou.teikyouseido.mhlw.go.jp/znk-web/juminkanja/S2430/initialize?prefCd=34&kikanCd=7340013930&kikanKbn=5", "url2": "www.sanmedhikaru.jp" }, "geometry": { "type": "Point", "coordinates": [ 133.363433, 34.481878 ] } },
{ "type": "Feature", "properties": { "内容": "野の花薬局【5:薬局】広島県福山市新市町新市１２６１‐６", "url": "https://www.iryou.teikyouseido.mhlw.go.jp/znk-web/juminkanja/S2430/initialize?prefCd=34&kikanCd=7340013950&kikanKbn=5", "url2": null }, "geometry": { "type": "Point", "coordinates": [ 133.271382, 34.561923 ] } },
{ "type": "Feature", "properties": { "内容": "アロー薬局　常石店【5:薬局】広島県福山市沼隈町常石１２８１", "url": "https://www.iryou.teikyouseido.mhlw.go.jp/znk-web/juminkanja/S2430/initialize?prefCd=34&kikanCd=7340013960&kikanKbn=5", "url2": null }, "geometry": { "type": "Point", "coordinates": [ 133.299998, 34.387192 ] } },
{ "type": "Feature", "properties": { "内容": "有限会社　大成権尚旭堂薬局【5:薬局】広島県府中市上下町上下１００８", "url": "https://www.iryou.teikyouseido.mhlw.go.jp/znk-web/juminkanja/S2430/initialize?prefCd=34&kikanCd=7340013980&kikanKbn=5", "url2": null }, "geometry": { "type": "Point", "coordinates": [ 133.121082, 34.695351 ] } },
{ "type": "Feature", "properties": { "内容": "松永エル薬局【5:薬局】広島県福山市松永町３５０－１３", "url": "https://www.iryou.teikyouseido.mhlw.go.jp/znk-web/juminkanja/S2430/initialize?prefCd=34&kikanCd=7340013990&kikanKbn=5", "url2": "https://eru-pharmacy.jimdofree.com/" }, "geometry": { "type": "Point", "coordinates": [ 133.260165, 34.452713 ] } },
{ "type": "Feature", "properties": { "内容": "有木薬局　新涯店【5:薬局】広島県福山市新涯町３丁目１６－２", "url": "https://www.iryou.teikyouseido.mhlw.go.jp/znk-web/juminkanja/S2430/initialize?prefCd=34&kikanCd=7340014000&kikanKbn=5", "url2": null }, "geometry": { "type": "Point", "coordinates": [ 133.390487, 34.459131 ] } },
{ "type": "Feature", "properties": { "内容": "エコー薬局野上店【5:薬局】広島県福山市野上町２－１０－２４", "url": "https://www.iryou.teikyouseido.mhlw.go.jp/znk-web/juminkanja/S2430/initialize?prefCd=34&kikanCd=7340014030&kikanKbn=5", "url2": null }, "geometry": { "type": "Point", "coordinates": [ 133.363206, 34.477283 ] } },
{ "type": "Feature", "properties": { "内容": "キョーエイ薬局　かんな【5:薬局】広島県福山市沖野上町３丁目４番１７号", "url": "https://www.iryou.teikyouseido.mhlw.go.jp/znk-web/juminkanja/S2430/initialize?prefCd=34&kikanCd=7340014050&kikanKbn=5", "url2": "https://kyoei-ph.jp" }, "geometry": { "type": "Point", "coordinates": [ 133.372655, 34.471685 ] } },
{ "type": "Feature", "properties": { "内容": "だるま薬局【5:薬局】広島県福山市昭和町２－１２", "url": "https://www.iryou.teikyouseido.mhlw.go.jp/znk-web/juminkanja/S2430/initialize?prefCd=34&kikanCd=7340014070&kikanKbn=5", "url2": null }, "geometry": { "type": "Point", "coordinates": [ 133.368349, 34.485822 ] } },
{ "type": "Feature", "properties": { "内容": "新市中央薬局　大正通り店【5:薬局】広島県福山市新市町新市７７３‐６", "url": "https://www.iryou.teikyouseido.mhlw.go.jp/znk-web/juminkanja/S2430/initialize?prefCd=34&kikanCd=7340014100&kikanKbn=5", "url2": null }, "geometry": { "type": "Point", "coordinates": [ 133.275354, 34.555757 ] } },
{ "type": "Feature", "properties": { "内容": "株式会社サン・メディカル薬局（松永店）【5:薬局】広島県福山市松永町３４２‐９", "url": "https://www.iryou.teikyouseido.mhlw.go.jp/znk-web/juminkanja/S2430/initialize?prefCd=34&kikanCd=7340014110&kikanKbn=5", "url2": "http://www.sanmedhikaru.jp/" }, "geometry": { "type": "Point", "coordinates": [ 133.259763, 34.451757 ] } },
{ "type": "Feature", "properties": { "内容": "有限会社　三宅調剤薬局【5:薬局】広島県福山市曙町５‐１８‐２０", "url": "https://www.iryou.teikyouseido.mhlw.go.jp/znk-web/juminkanja/S2430/initialize?prefCd=34&kikanCd=7340014120&kikanKbn=5", "url2": null }, "geometry": { "type": "Point", "coordinates": [ 133.394612, 34.467418 ] } },
{ "type": "Feature", "properties": { "内容": "あしべ薬局【5:薬局】広島県福山市駅家町上山守２１３－１", "url": "https://www.iryou.teikyouseido.mhlw.go.jp/znk-web/juminkanja/S2430/initialize?prefCd=34&kikanCd=7340014130&kikanKbn=5", "url2": "https://www.pharmacy-net.co.jp" }, "geometry": { "type": "Point", "coordinates": [ 133.332167, 34.534335 ] } },
{ "type": "Feature", "properties": { "内容": "くるみ薬局　駅家店【5:薬局】広島県福山市駅家町万能倉９８‐５", "url": "https://www.iryou.teikyouseido.mhlw.go.jp/znk-web/juminkanja/S2430/initialize?prefCd=34&kikanCd=7340014150&kikanKbn=5", "url2": "https://www.harmony-co.co.jp" }, "geometry": { "type": "Point", "coordinates": [ 133.340293, 34.544371 ] } },
{ "type": "Feature", "properties": { "内容": "けんたろう薬局【5:薬局】広島県福山市宮前町２‐６‐１９", "url": "https://www.iryou.teikyouseido.mhlw.go.jp/znk-web/juminkanja/S2430/initialize?prefCd=34&kikanCd=7340014160&kikanKbn=5", "url2": null }, "geometry": { "type": "Point", "coordinates": [ 133.262248, 34.454129 ] } },
{ "type": "Feature", "properties": { "内容": "ファーマシィ薬局　南本庄【5:薬局】広島県福山市南本庄３丁目２－１６", "url": "https://www.iryou.teikyouseido.mhlw.go.jp/znk-web/juminkanja/S2430/initialize?prefCd=34&kikanCd=7340014170&kikanKbn=5", "url2": "http://www.pharmacy-net.co.jp/" }, "geometry": { "type": "Point", "coordinates": [ 133.353767, 34.484822 ] } },
{ "type": "Feature", "properties": { "内容": "みゅう薬局【5:薬局】広島県福山市春日町３－９－１", "url": "https://www.iryou.teikyouseido.mhlw.go.jp/znk-web/juminkanja/S2430/initialize?prefCd=34&kikanCd=7340014180&kikanKbn=5", "url2": "https://www.myu-pharmacy.jp/home" }, "geometry": { "type": "Point", "coordinates": [ 133.414983, 34.511987 ] } },
{ "type": "Feature", "properties": { "内容": "ポポ薬局【5:薬局】広島県福山市南蔵王町１－７－１７", "url": "https://www.iryou.teikyouseido.mhlw.go.jp/znk-web/juminkanja/S2430/initialize?prefCd=34&kikanCd=7340014190&kikanKbn=5", "url2": null }, "geometry": { "type": "Point", "coordinates": [ 133.390069, 34.501793 ] } },
{ "type": "Feature", "properties": { "内容": "ももたろう薬局　駅家店【5:薬局】広島県福山市駅家町万能倉７２８－７", "url": "https://www.iryou.teikyouseido.mhlw.go.jp/znk-web/juminkanja/S2430/initialize?prefCd=34&kikanCd=7340014230&kikanKbn=5", "url2": null }, "geometry": { "type": "Point", "coordinates": [ 133.332044, 34.550537 ] } },
{ "type": "Feature", "properties": { "内容": "わかば薬局【5:薬局】広島県福山市沼隈町草深４５６‐１", "url": "https://www.iryou.teikyouseido.mhlw.go.jp/znk-web/juminkanja/S2430/initialize?prefCd=34&kikanCd=7340014240&kikanKbn=5", "url2": "http://www.ssmile.co.jp/" }, "geometry": { "type": "Point", "coordinates": [ 133.320718, 34.394053 ] } },
{ "type": "Feature", "properties": { "内容": "とももり薬局【5:薬局】広島県府中市元町５９１－１", "url": "https://www.iryou.teikyouseido.mhlw.go.jp/znk-web/juminkanja/S2430/initialize?prefCd=34&kikanCd=7340014250&kikanKbn=5", "url2": null }, "geometry": { "type": "Point", "coordinates": [ 133.236273, 34.576782 ] } },
{ "type": "Feature", "properties": { "内容": "なな薬局【5:薬局】広島県福山市神辺町川南１０８－１", "url": "https://www.iryou.teikyouseido.mhlw.go.jp/znk-web/juminkanja/S2430/initialize?prefCd=34&kikanCd=7340014310&kikanKbn=5", "url2": null }, "geometry": { "type": "Point", "coordinates": [ 133.366625, 34.539927 ] } },
{ "type": "Feature", "properties": { "内容": "一心堂薬局【5:薬局】広島県神石郡神石高原町福永１４９２‐１", "url": "https://www.iryou.teikyouseido.mhlw.go.jp/znk-web/juminkanja/S2430/initialize?prefCd=34&kikanCd=7340014370&kikanKbn=5", "url2": null }, "geometry": { "type": "Point", "coordinates": [ 133.174351, 34.799341 ] } },
{ "type": "Feature", "properties": { "内容": "ファーマシィ薬局　クレール【5:薬局】広島県福山市御門町３‐３‐９", "url": "https://www.iryou.teikyouseido.mhlw.go.jp/znk-web/juminkanja/S2430/initialize?prefCd=34&kikanCd=7340014410&kikanKbn=5", "url2": "http://www.pharmacy-net.co.jp" }, "geometry": { "type": "Point", "coordinates": [ 133.370599, 34.47799 ] } },
{ "type": "Feature", "properties": { "内容": "有限会社　有雅堂【5:薬局】広島県福山市瀬戸町地頭分１１９１－１", "url": "https://www.iryou.teikyouseido.mhlw.go.jp/znk-web/juminkanja/S2430/initialize?prefCd=34&kikanCd=7340014420&kikanKbn=5", "url2": null }, "geometry": { "type": "Point", "coordinates": [ 133.317271, 34.470434 ] } },
{ "type": "Feature", "properties": { "内容": "さくら薬局　新市店【5:薬局】広島県福山市新市町新市３８９‐１", "url": "https://www.iryou.teikyouseido.mhlw.go.jp/znk-web/juminkanja/S2430/initialize?prefCd=34&kikanCd=7340014430&kikanKbn=5", "url2": "http://www.ssmile.co.jp/" }, "geometry": { "type": "Point", "coordinates": [ 133.273493, 34.553813 ] } },
{ "type": "Feature", "properties": { "内容": "エスマイル薬局　宮内店【5:薬局】広島県福山市新市町宮内３４９‐２", "url": "https://www.iryou.teikyouseido.mhlw.go.jp/znk-web/juminkanja/S2430/initialize?prefCd=34&kikanCd=7340014440&kikanKbn=5", "url2": "http://www.ssmaile.co.jp/" }, "geometry": { "type": "Point", "coordinates": [ 133.274131, 34.569145 ] } },
{ "type": "Feature", "properties": { "内容": "さわだ薬局【5:薬局】広島県福山市東陽台二丁目１６－１０", "url": "https://www.iryou.teikyouseido.mhlw.go.jp/znk-web/juminkanja/S2430/initialize?prefCd=34&kikanCd=7340014470&kikanKbn=5", "url2": null }, "geometry": { "type": "Point", "coordinates": [ 133.431843, 34.516375 ] } },
{ "type": "Feature", "properties": { "内容": "有限会社　フジエ調剤薬局【5:薬局】広島県福山市藤江町１７２５番地８", "url": "https://www.iryou.teikyouseido.mhlw.go.jp/znk-web/juminkanja/S2430/initialize?prefCd=34&kikanCd=7340014490&kikanKbn=5", "url2": null }, "geometry": { "type": "Point", "coordinates": [ 133.278232, 34.422881 ] } },
{ "type": "Feature", "properties": { "内容": "にこぴん薬局　千田町店【5:薬局】広島県福山市千田町２－４７－５", "url": "https://www.iryou.teikyouseido.mhlw.go.jp/znk-web/juminkanja/S2430/initialize?prefCd=34&kikanCd=7340014540&kikanKbn=5", "url2": "http://www.nikopin.com/senndatyoutennhtml.html" }, "geometry": { "type": "Point", "coordinates": [ 133.383541, 34.520263 ] } },
{ "type": "Feature", "properties": { "内容": "エスマイル薬局　かすみ店【5:薬局】広島県福山市霞町二丁目４－４", "url": "https://www.iryou.teikyouseido.mhlw.go.jp/znk-web/juminkanja/S2430/initialize?prefCd=34&kikanCd=7340014600&kikanKbn=5", "url2": "http://www.ssmile.co.jp" }, "geometry": { "type": "Point", "coordinates": [ 133.364239, 34.483794 ] } },
{ "type": "Feature", "properties": { "内容": "ももたろう薬局　府中店【5:薬局】広島県府中市中須町１６９５‐３", "url": "https://www.iryou.teikyouseido.mhlw.go.jp/znk-web/juminkanja/S2430/initialize?prefCd=34&kikanCd=7340014610&kikanKbn=5", "url2": null }, "geometry": { "type": "Point", "coordinates": [ 133.254994, 34.561256 ] } },
{ "type": "Feature", "properties": { "内容": "すずな薬局【5:薬局】広島県福山市神辺町川北１３４５－１２", "url": "https://www.iryou.teikyouseido.mhlw.go.jp/znk-web/juminkanja/S2430/initialize?prefCd=34&kikanCd=7340014700&kikanKbn=5", "url2": "https://asuka-herbs.jp" }, "geometry": { "type": "Point", "coordinates": [ 133.371402, 34.546482 ] } },
{ "type": "Feature", "properties": { "内容": "旭町薬局【5:薬局】広島県福山市入船町１丁目７番２６号", "url": "https://www.iryou.teikyouseido.mhlw.go.jp/znk-web/juminkanja/S2430/initialize?prefCd=34&kikanCd=7340014810&kikanKbn=5", "url2": "http://medicine-net.jp/" }, "geometry": { "type": "Point", "coordinates": [ 133.374682, 34.489294 ] } },
{ "type": "Feature", "properties": { "内容": "ファーマシィ薬局　マロン【5:薬局】広島県府中市栗柄町２２０３‐１", "url": "https://www.iryou.teikyouseido.mhlw.go.jp/znk-web/juminkanja/S2430/initialize?prefCd=34&kikanCd=7340014850&kikanKbn=5", "url2": "http://www.pharmacy-net.co.jp/" }, "geometry": { "type": "Point", "coordinates": [ 133.239774, 34.549646 ] } },
{ "type": "Feature", "properties": { "内容": "マルシン薬局【5:薬局】広島県福山市新市町新市６１６", "url": "https://www.iryou.teikyouseido.mhlw.go.jp/znk-web/juminkanja/S2430/initialize?prefCd=34&kikanCd=7340014890&kikanKbn=5", "url2": "http://www.maru-shin.co.jp/main/4.html" }, "geometry": { "type": "Point", "coordinates": [ 133.270049, 34.555174 ] } },
{ "type": "Feature", "properties": { "内容": "熊谷薬局【5:薬局】広島県福山市昭和町５－１０", "url": "https://www.iryou.teikyouseido.mhlw.go.jp/znk-web/juminkanja/S2430/initialize?prefCd=34&kikanCd=7340014910&kikanKbn=5", "url2": null }, "geometry": { "type": "Point", "coordinates": [ 133.36846, 34.48535 ] } },
{ "type": "Feature", "properties": { "内容": "土屋薬局　本店【5:薬局】広島県福山市松永町５－１１－１６", "url": "https://www.iryou.teikyouseido.mhlw.go.jp/znk-web/juminkanja/S2430/initialize?prefCd=34&kikanCd=7340014940&kikanKbn=5", "url2": null }, "geometry": { "type": "Point", "coordinates": [ 133.260013, 34.443992 ] } },
{ "type": "Feature", "properties": { "内容": "ファーマシィ薬局　沖野上【5:薬局】広島県福山市沖野上町４－１５－２３", "url": "https://www.iryou.teikyouseido.mhlw.go.jp/znk-web/juminkanja/S2430/initialize?prefCd=34&kikanCd=7340014980&kikanKbn=5", "url2": "https://www.pharmacy-net.co.jp" }, "geometry": { "type": "Point", "coordinates": [ 133.371438, 34.471315 ] } },
{ "type": "Feature", "properties": { "内容": "竹腰薬局【5:薬局】広島県福山市松永町５－３７－２５", "url": "https://www.iryou.teikyouseido.mhlw.go.jp/znk-web/juminkanja/S2430/initialize?prefCd=34&kikanCd=7340015000&kikanKbn=5", "url2": null }, "geometry": { "type": "Point", "coordinates": [ 133.262749, 34.446324 ] } },
{ "type": "Feature", "properties": { "内容": "ありす薬局　神辺店【5:薬局】広島県福山市神辺町新湯野４１－４", "url": "https://www.iryou.teikyouseido.mhlw.go.jp/znk-web/juminkanja/S2430/initialize?prefCd=34&kikanCd=7340015010&kikanKbn=5", "url2": "tower-medical.jp" }, "geometry": { "type": "Point", "coordinates": [ 133.387789, 34.555009 ] } },
{ "type": "Feature", "properties": { "内容": "株式会社　全快堂　全快堂薬局【5:薬局】広島県福山市沖野上町４丁目１３－１２", "url": "https://www.iryou.teikyouseido.mhlw.go.jp/znk-web/juminkanja/S2430/initialize?prefCd=34&kikanCd=7340015020&kikanKbn=5", "url2": "http://zenkaidou.co.jp/" }, "geometry": { "type": "Point", "coordinates": [ 133.370239, 34.469629 ] } },
{ "type": "Feature", "properties": { "内容": "大黒調剤薬局【5:薬局】広島県福山市大黒町１－３３", "url": "https://www.iryou.teikyouseido.mhlw.go.jp/znk-web/juminkanja/S2430/initialize?prefCd=34&kikanCd=7340015030&kikanKbn=5", "url2": "http://www.daikoku-chouzai.com" }, "geometry": { "type": "Point", "coordinates": [ 133.367155, 34.491127 ] } },
{ "type": "Feature", "properties": { "内容": "なごみ薬局【5:薬局】広島県福山市水呑町三新田二丁目２３１番地", "url": "https://www.iryou.teikyouseido.mhlw.go.jp/znk-web/juminkanja/S2430/initialize?prefCd=34&kikanCd=7340015040&kikanKbn=5", "url2": "https://asuka-herbs.jp" }, "geometry": { "type": "Point", "coordinates": [ 133.386865, 34.446029 ] } },
{ "type": "Feature", "properties": { "内容": "宮野薬局【5:薬局】広島県福山市南町２‐１２", "url": "https://www.iryou.teikyouseido.mhlw.go.jp/znk-web/juminkanja/S2430/initialize?prefCd=34&kikanCd=7340015060&kikanKbn=5", "url2": null }, "geometry": { "type": "Point", "coordinates": [ 133.370176, 34.483651 ] } },
{ "type": "Feature", "properties": { "内容": "今岡薬局　医療センター前店【5:薬局】広島県福山市沖野上町４－２１－３３", "url": "https://www.iryou.teikyouseido.mhlw.go.jp/znk-web/juminkanja/S2430/initialize?prefCd=34&kikanCd=7340015070&kikanKbn=5", "url2": "https://imaokayakkyoku.com" }, "geometry": { "type": "Point", "coordinates": [ 133.371655, 34.470352 ] } },
{ "type": "Feature", "properties": { "内容": "株式会社　サン・メディカル薬局（永井店）【5:薬局】広島県府中市府中町１４‐２９", "url": "https://www.iryou.teikyouseido.mhlw.go.jp/znk-web/juminkanja/S2430/initialize?prefCd=34&kikanCd=7340015090&kikanKbn=5", "url2": "http://www.sanmedhikaru.jp" }, "geometry": { "type": "Point", "coordinates": [ 133.234598, 34.573421 ] } },
{ "type": "Feature", "properties": { "内容": "マツイ薬局【5:薬局】広島県福山市曙町５‐２１‐４８", "url": "https://www.iryou.teikyouseido.mhlw.go.jp/znk-web/juminkanja/S2430/initialize?prefCd=34&kikanCd=7340015110&kikanKbn=5", "url2": "https://matsui-ph.co.jp/" }, "geometry": { "type": "Point", "coordinates": [ 133.394903, 34.467269 ] } },
{ "type": "Feature", "properties": { "内容": "ザグザグ薬局　曙店【5:薬局】広島県福山市曙町三丁目１９番１２号", "url": "https://www.iryou.teikyouseido.mhlw.go.jp/znk-web/juminkanja/S2430/initialize?prefCd=34&kikanCd=7340015120&kikanKbn=5", "url2": "http://www.zagzag.co.jp/" }, "geometry": { "type": "Point", "coordinates": [ 133.397514, 34.470241 ] } },
{ "type": "Feature", "properties": { "内容": "くるみ薬局【5:薬局】広島県福山市木之庄町二丁目７－１", "url": "https://www.iryou.teikyouseido.mhlw.go.jp/znk-web/juminkanja/S2430/initialize?prefCd=34&kikanCd=7340015150&kikanKbn=5", "url2": "http://www.harmony-co.jp/" }, "geometry": { "type": "Point", "coordinates": [ 133.354294, 34.498237 ] } },
{ "type": "Feature", "properties": { "内容": "鞆調剤薬局【5:薬局】広島県福山市鞆町鞆３２７－２", "url": "https://www.iryou.teikyouseido.mhlw.go.jp/znk-web/juminkanja/S2430/initialize?prefCd=34&kikanCd=7340015160&kikanKbn=5", "url2": null }, "geometry": { "type": "Point", "coordinates": [ 133.382342, 34.385502 ] } },
{ "type": "Feature", "properties": { "内容": "ファーマシィ薬局　神辺【5:薬局】広島県福山市神辺町新徳田３丁目５４６‐２", "url": "https://www.iryou.teikyouseido.mhlw.go.jp/znk-web/juminkanja/S2430/initialize?prefCd=34&kikanCd=7340015190&kikanKbn=5", "url2": "http://www.pharmacy-net.co.jp/" }, "geometry": { "type": "Point", "coordinates": [ 133.364177, 34.546281 ] } },
{ "type": "Feature", "properties": { "内容": "ヨコヤマ薬局【5:薬局】広島県府中市鵜飼町７０７", "url": "https://www.iryou.teikyouseido.mhlw.go.jp/znk-web/juminkanja/S2430/initialize?prefCd=34&kikanCd=7340015200&kikanKbn=5", "url2": null }, "geometry": { "type": "Point", "coordinates": [ 133.2513, 34.564728 ] } },
{ "type": "Feature", "properties": { "内容": "有限会社　鳳鳴館薬局【5:薬局】広島県福山市草戸町３－１０－３６", "url": "https://www.iryou.teikyouseido.mhlw.go.jp/znk-web/juminkanja/S2430/initialize?prefCd=34&kikanCd=7340015210&kikanKbn=5", "url2": null }, "geometry": { "type": "Point", "coordinates": [ 133.360656, 34.476573 ] } },
{ "type": "Feature", "properties": { "内容": "東手城薬局【5:薬局】広島県福山市東手城町３‐１２‐１３", "url": "https://www.iryou.teikyouseido.mhlw.go.jp/znk-web/juminkanja/S2430/initialize?prefCd=34&kikanCd=7340015240&kikanKbn=5", "url2": "https://asuka-herbs.jp" }, "geometry": { "type": "Point", "coordinates": [ 133.406068, 34.488184 ] } },
{ "type": "Feature", "properties": { "内容": "株式会社　サン・メディカル薬局　大黒店【5:薬局】広島県福山市大黒町１－１", "url": "https://www.iryou.teikyouseido.mhlw.go.jp/znk-web/juminkanja/S2430/initialize?prefCd=34&kikanCd=7340015290&kikanKbn=5", "url2": "http://www.sanmedhikaru.jp" }, "geometry": { "type": "Point", "coordinates": [ 133.366858, 34.490644 ] } },
{ "type": "Feature", "properties": { "内容": "センター薬局　柳津【5:薬局】広島県福山市柳津町４－２－１７", "url": "https://www.iryou.teikyouseido.mhlw.go.jp/znk-web/juminkanja/S2430/initialize?prefCd=34&kikanCd=7340015310&kikanKbn=5", "url2": null }, "geometry": { "type": "Point", "coordinates": [ 133.266165, 34.43702 ] } },
{ "type": "Feature", "properties": { "内容": "湯浅薬局【5:薬局】広島県福山市西深津町６丁目１３‐１７", "url": "https://www.iryou.teikyouseido.mhlw.go.jp/znk-web/juminkanja/S2430/initialize?prefCd=34&kikanCd=7340015370&kikanKbn=5", "url2": null }, "geometry": { "type": "Point", "coordinates": [ 133.384625, 34.502682 ] } },
{ "type": "Feature", "properties": { "内容": "有限会社　エフケーエム　みやけ薬局【5:薬局】広島県福山市三吉町三丁目１－１０", "url": "https://www.iryou.teikyouseido.mhlw.go.jp/znk-web/juminkanja/S2430/initialize?prefCd=34&kikanCd=7340015410&kikanKbn=5", "url2": null }, "geometry": { "type": "Point", "coordinates": [ 133.375043, 34.493016 ] } },
{ "type": "Feature", "properties": { "内容": "明王薬局【5:薬局】広島県福山市明王台３‐１２‐３６", "url": "https://www.iryou.teikyouseido.mhlw.go.jp/znk-web/juminkanja/S2430/initialize?prefCd=34&kikanCd=7340015430&kikanKbn=5", "url2": "http://www14.plala.or.jp/myookampo/index.html.html" }, "geometry": { "type": "Point", "coordinates": [ 133.340823, 34.474964 ] } },
{ "type": "Feature", "properties": { "内容": "ププレひまわり薬局　多治米店【5:薬局】広島県福山市多治米町２丁目１２－１０", "url": "https://www.iryou.teikyouseido.mhlw.go.jp/znk-web/juminkanja/S2430/initialize?prefCd=34&kikanCd=7340015440&kikanKbn=5", "url2": "http://himawarinews.com/store/%e8%aa%bf%e5%89%a4%e9%83%a8/" }, "geometry": { "type": "Point", "coordinates": [ 133.38121, 34.471157 ] } },
{ "type": "Feature", "properties": { "内容": "にこぴん薬局北吉津店【5:薬局】広島県福山市北吉津町三丁目１１番１９号", "url": "https://www.iryou.teikyouseido.mhlw.go.jp/znk-web/juminkanja/S2430/initialize?prefCd=34&kikanCd=7340015460&kikanKbn=5", "url2": "http:// www.nikopin.com/hisamatu" }, "geometry": { "type": "Point", "coordinates": [ 133.363574, 34.497562 ] } },
{ "type": "Feature", "properties": { "内容": "有限会社　グリーン薬局【5:薬局】広島県福山市千田町３丁目３４番２８号", "url": "https://www.iryou.teikyouseido.mhlw.go.jp/znk-web/juminkanja/S2430/initialize?prefCd=34&kikanCd=7340015480&kikanKbn=5", "url2": null }, "geometry": { "type": "Point", "coordinates": [ 133.376319, 34.521068 ] } },
{ "type": "Feature", "properties": { "内容": "エスマイル薬局太陽店【5:薬局】広島県福山市新市町新市３４－３", "url": "https://www.iryou.teikyouseido.mhlw.go.jp/znk-web/juminkanja/S2430/initialize?prefCd=34&kikanCd=7340015500&kikanKbn=5", "url2": "http://www.ssmile.co.jp" }, "geometry": { "type": "Point", "coordinates": [ 133.280742, 34.549841 ] } },
{ "type": "Feature", "properties": { "内容": "有限会社　安岡薬局【5:薬局】広島県福山市神辺町川南１０４４‐１", "url": "https://www.iryou.teikyouseido.mhlw.go.jp/znk-web/juminkanja/S2430/initialize?prefCd=34&kikanCd=7340015510&kikanKbn=5", "url2": null }, "geometry": { "type": "Point", "coordinates": [ 133.379596, 34.535067 ] } },
{ "type": "Feature", "properties": { "内容": "つばさ薬局【5:薬局】広島県福山市南蔵王町６丁目２０－１１", "url": "https://www.iryou.teikyouseido.mhlw.go.jp/znk-web/juminkanja/S2430/initialize?prefCd=34&kikanCd=7340015560&kikanKbn=5", "url2": "https://asuka-herbs.jp" }, "geometry": { "type": "Point", "coordinates": [ 133.40379, 34.500516 ] } },
{ "type": "Feature", "properties": { "内容": "さわやか薬局【5:薬局】広島県福山市西深津町４－４－５", "url": "https://www.iryou.teikyouseido.mhlw.go.jp/znk-web/juminkanja/S2430/initialize?prefCd=34&kikanCd=7340015570&kikanKbn=5", "url2": null }, "geometry": { "type": "Point", "coordinates": [ 133.379348, 34.497182 ] } },
{ "type": "Feature", "properties": { "内容": "和薬局【5:薬局】広島県福山市多治米町六丁目８－１３", "url": "https://www.iryou.teikyouseido.mhlw.go.jp/znk-web/juminkanja/S2430/initialize?prefCd=34&kikanCd=7340015600&kikanKbn=5", "url2": null }, "geometry": { "type": "Point", "coordinates": [ 133.37485, 34.463686 ] } },
{ "type": "Feature", "properties": { "内容": "エース天元堂薬局【5:薬局】広島県福山市港町１－１４－１３", "url": "https://www.iryou.teikyouseido.mhlw.go.jp/znk-web/juminkanja/S2430/initialize?prefCd=34&kikanCd=7340015620&kikanKbn=5", "url2": null }, "geometry": { "type": "Point", "coordinates": [ 133.379876, 34.484211 ] } },
{ "type": "Feature", "properties": { "内容": "ひろ薬局【5:薬局】広島県福山市春日町７‐４‐９", "url": "https://www.iryou.teikyouseido.mhlw.go.jp/znk-web/juminkanja/S2430/initialize?prefCd=34&kikanCd=7340015650&kikanKbn=5", "url2": null }, "geometry": { "type": "Point", "coordinates": [ 133.415511, 34.509376 ] } },
{ "type": "Feature", "properties": { "内容": "ファーマシィ薬局　新涯【5:薬局】広島県福山市新涯町１‐５‐４０", "url": "https://www.iryou.teikyouseido.mhlw.go.jp/znk-web/juminkanja/S2430/initialize?prefCd=34&kikanCd=7340015660&kikanKbn=5", "url2": "http://www.pharmacy-net.co.jp" }, "geometry": { "type": "Point", "coordinates": [ 133.389126, 34.463186 ] } },
{ "type": "Feature", "properties": { "内容": "アロー薬局　御幸店【5:薬局】広島県福山市御幸町大字下岩成３１６番地３", "url": "https://www.iryou.teikyouseido.mhlw.go.jp/znk-web/juminkanja/S2430/initialize?prefCd=34&kikanCd=7340015670&kikanKbn=5", "url2": null }, "geometry": { "type": "Point", "coordinates": [ 133.348959, 34.54051 ] } },
{ "type": "Feature", "properties": { "内容": "ファーマシィ薬局国立前【5:薬局】広島県福山市沖野上町４‐２２‐３０", "url": "https://www.iryou.teikyouseido.mhlw.go.jp/znk-web/juminkanja/S2430/initialize?prefCd=34&kikanCd=7340015690&kikanKbn=5", "url2": "https://www.pharmacy-net.co.jp" }, "geometry": { "type": "Point", "coordinates": [ 133.37118, 34.469978 ] } },
{ "type": "Feature", "properties": { "内容": "株式会社　サン・メディカル薬局（新市店）【5:薬局】広島県府中市中須町１０‐１", "url": "https://www.iryou.teikyouseido.mhlw.go.jp/znk-web/juminkanja/S2430/initialize?prefCd=34&kikanCd=7340015710&kikanKbn=5", "url2": "http://www.sanmedhikaru.jp" }, "geometry": { "type": "Point", "coordinates": [ 133.26991, 34.555507 ] } },
{ "type": "Feature", "properties": { "内容": "キョーエイ薬局さくら【5:薬局】広島県福山市西桜町１－７－２", "url": "https://www.iryou.teikyouseido.mhlw.go.jp/znk-web/juminkanja/S2430/initialize?prefCd=34&kikanCd=7340015740&kikanKbn=5", "url2": "https://kyoei-ph.jp" }, "geometry": { "type": "Point", "coordinates": [ 133.357711, 34.484489 ] } },
{ "type": "Feature", "properties": { "内容": "有限会社　有木薬局【5:薬局】広島県福山市霞町３－３－１２", "url": "https://www.iryou.teikyouseido.mhlw.go.jp/znk-web/juminkanja/S2430/initialize?prefCd=34&kikanCd=7340015750&kikanKbn=5", "url2": null }, "geometry": { "type": "Point", "coordinates": [ 133.361211, 34.4836 ] } },
{ "type": "Feature", "properties": { "内容": "天心堂薬局【5:薬局】広島県福山市西町三丁目１４－３", "url": "https://www.iryou.teikyouseido.mhlw.go.jp/znk-web/juminkanja/S2430/initialize?prefCd=34&kikanCd=7340015780&kikanKbn=5", "url2": null }, "geometry": { "type": "Point", "coordinates": [ 133.355544, 34.492349 ] } },
{ "type": "Feature", "properties": { "内容": "ファーマシィ薬局　あけぼの【5:薬局】広島県福山市曙町三丁目２０－２１－１", "url": "https://www.iryou.teikyouseido.mhlw.go.jp/znk-web/juminkanja/S2430/initialize?prefCd=34&kikanCd=7340015790&kikanKbn=5", "url2": "http://www.pharmacy-net.co.jp" }, "geometry": { "type": "Point", "coordinates": [ 133.397264, 34.470852 ] } },
{ "type": "Feature", "properties": { "内容": "有限会社　カワチ　新市中央薬局【5:薬局】広島県福山市新市町新市　５４‐１", "url": "https://www.iryou.teikyouseido.mhlw.go.jp/znk-web/juminkanja/S2430/initialize?prefCd=34&kikanCd=7340015860&kikanKbn=5", "url2": null }, "geometry": { "type": "Point", "coordinates": [ 133.279881, 34.55073 ] } },
{ "type": "Feature", "properties": { "内容": "ステーション薬局【5:薬局】広島県府中市中須町２７‐３", "url": "https://www.iryou.teikyouseido.mhlw.go.jp/znk-web/juminkanja/S2430/initialize?prefCd=34&kikanCd=7340015870&kikanKbn=5", "url2": null }, "geometry": { "type": "Point", "coordinates": [ 133.269382, 34.554452 ] } },
{ "type": "Feature", "properties": { "内容": "はあと薬局【5:薬局】広島県福山市加茂町下加茂６１－１", "url": "https://www.iryou.teikyouseido.mhlw.go.jp/znk-web/juminkanja/S2430/initialize?prefCd=34&kikanCd=7340015880&kikanKbn=5", "url2": null }, "geometry": { "type": "Point", "coordinates": [ 133.34532, 34.556564 ] } },
{ "type": "Feature", "properties": { "内容": "アロー薬局　城見店【5:薬局】広島県福山市城見町１－３－４", "url": "https://www.iryou.teikyouseido.mhlw.go.jp/znk-web/juminkanja/S2430/initialize?prefCd=34&kikanCd=7340015910&kikanKbn=5", "url2": null }, "geometry": { "type": "Point", "coordinates": [ 133.365321, 34.490655 ] } },
{ "type": "Feature", "properties": { "内容": "とも西町薬局【5:薬局】広島県福山市西町２‐５‐５", "url": "https://www.iryou.teikyouseido.mhlw.go.jp/znk-web/juminkanja/S2430/initialize?prefCd=34&kikanCd=7340015920&kikanKbn=5", "url2": null }, "geometry": { "type": "Point", "coordinates": [ 133.358006, 34.490068 ] } },
{ "type": "Feature", "properties": { "内容": "アロー薬局　沼隈店【5:薬局】広島県福山市沼隈町中山南１４５０番地", "url": "https://www.iryou.teikyouseido.mhlw.go.jp/znk-web/juminkanja/S2430/initialize?prefCd=34&kikanCd=7340015930&kikanKbn=5", "url2": null }, "geometry": { "type": "Point", "coordinates": [ 133.323964, 34.419917 ] } },
{ "type": "Feature", "properties": { "内容": "木之庄薬局【5:薬局】広島県福山市木之庄町２－７－３", "url": "https://www.iryou.teikyouseido.mhlw.go.jp/znk-web/juminkanja/S2430/initialize?prefCd=34&kikanCd=7340015940&kikanKbn=5", "url2": "http://www.astes.net/innosima/" }, "geometry": { "type": "Point", "coordinates": [ 133.354239, 34.49807 ] } },
{ "type": "Feature", "properties": { "内容": "青山薬局【5:薬局】広島県福山市手城町１丁目３－２４", "url": "https://www.iryou.teikyouseido.mhlw.go.jp/znk-web/juminkanja/S2430/initialize?prefCd=34&kikanCd=7340015960&kikanKbn=5", "url2": null }, "geometry": { "type": "Point", "coordinates": [ 133.385848, 34.486045 ] } },
{ "type": "Feature", "properties": { "内容": "ひさまつ薬局【5:薬局】広島県福山市延広町３－６", "url": "https://www.iryou.teikyouseido.mhlw.go.jp/znk-web/juminkanja/S2430/initialize?prefCd=34&kikanCd=7340015980&kikanKbn=5", "url2": null }, "geometry": { "type": "Point", "coordinates": [ 133.364877, 34.486016 ] } },
{ "type": "Feature", "properties": { "内容": "すずらん薬局【5:薬局】広島県福山市大黒町２－３２", "url": "https://www.iryou.teikyouseido.mhlw.go.jp/znk-web/juminkanja/S2430/initialize?prefCd=34&kikanCd=7340016010&kikanKbn=5", "url2": null }, "geometry": { "type": "Point", "coordinates": [ 133.367849, 34.491266 ] } },
{ "type": "Feature", "properties": { "内容": "有限会社　ユーアイ薬局【5:薬局】広島県福山市三之丸町１４‐１８", "url": "https://www.iryou.teikyouseido.mhlw.go.jp/znk-web/juminkanja/S2430/initialize?prefCd=34&kikanCd=7340016030&kikanKbn=5", "url2": null }, "geometry": { "type": "Point", "coordinates": [ 133.358961, 34.487099 ] } },
{ "type": "Feature", "properties": { "内容": "にこぴん薬局高木店【5:薬局】広島県府中市高木町４０７－６", "url": "https://www.iryou.teikyouseido.mhlw.go.jp/znk-web/juminkanja/S2430/initialize?prefCd=34&kikanCd=7340016050&kikanKbn=5", "url2": "http://nikopin.com/takagitennhtml.html" }, "geometry": { "type": "Point", "coordinates": [ 133.242939, 34.564561 ] } },
{ "type": "Feature", "properties": { "内容": "そうごう薬局　蔵王店【5:薬局】広島県福山市南蔵王町五丁目１４－１０", "url": "https://www.iryou.teikyouseido.mhlw.go.jp/znk-web/juminkanja/S2430/initialize?prefCd=34&kikanCd=7340016060&kikanKbn=5", "url2": "https://www.sogo-medical.co.jp/sogopharmacy/shop/view/239" }, "geometry": { "type": "Point", "coordinates": [ 133.402595, 34.504182 ] } },
{ "type": "Feature", "properties": { "内容": "明神町薬局【5:薬局】広島県福山市明神町二丁目１０－３", "url": "https://www.iryou.teikyouseido.mhlw.go.jp/znk-web/juminkanja/S2430/initialize?prefCd=34&kikanCd=7340016120&kikanKbn=5", "url2": "http://www.ssmile.co.jp" }, "geometry": { "type": "Point", "coordinates": [ 133.399485, 34.492044 ] } },
{ "type": "Feature", "properties": { "内容": "大門のぞみ薬局【5:薬局】広島県福山市大門町三丁目２８－１", "url": "https://www.iryou.teikyouseido.mhlw.go.jp/znk-web/juminkanja/S2430/initialize?prefCd=34&kikanCd=7340016130&kikanKbn=5", "url2": "http://www.e-classa.net/daimon-nozomi/" }, "geometry": { "type": "Point", "coordinates": [ 133.440482, 34.493572 ] } },
{ "type": "Feature", "properties": { "内容": "日本調剤　赤坂薬局【5:薬局】広島県福山市赤坂町赤坂１２８３－１", "url": "https://www.iryou.teikyouseido.mhlw.go.jp/znk-web/juminkanja/S2430/initialize?prefCd=34&kikanCd=7340016140&kikanKbn=5", "url2": "http://www.nicho.co.jp/tenpo/akasaka.html" }, "geometry": { "type": "Point", "coordinates": [ 133.3033, 34.471822 ] } },
{ "type": "Feature", "properties": { "内容": "ファーマシィ薬局すみよし【5:薬局】広島県福山市住吉町６－１１", "url": "https://www.iryou.teikyouseido.mhlw.go.jp/znk-web/juminkanja/S2430/initialize?prefCd=34&kikanCd=7340016150&kikanKbn=5", "url2": "http://www.pharmacy-net.co.jp" }, "geometry": { "type": "Point", "coordinates": [ 133.370531, 34.485518 ] } },
{ "type": "Feature", "properties": { "内容": "トミヤス薬局【5:薬局】広島県福山市松浜町一丁目１－２６", "url": "https://www.iryou.teikyouseido.mhlw.go.jp/znk-web/juminkanja/S2430/initialize?prefCd=34&kikanCd=7340016160&kikanKbn=5", "url2": null }, "geometry": { "type": "Point", "coordinates": [ 133.373245, 34.485486 ] } },
{ "type": "Feature", "properties": { "内容": "あやめ薬局　沖見店【5:薬局】広島県府中市上下町上下２０９７－１", "url": "https://www.iryou.teikyouseido.mhlw.go.jp/znk-web/juminkanja/S2430/initialize?prefCd=34&kikanCd=7340016180&kikanKbn=5", "url2": "http://tower-medical.jp/ayame-okimi/" }, "geometry": { "type": "Point", "coordinates": [ 133.120388, 34.698295 ] } },
{ "type": "Feature", "properties": { "内容": "ププレひまわり薬局　水呑店【5:薬局】広島県福山市水呑町三新田二丁目２１番地", "url": "https://www.iryou.teikyouseido.mhlw.go.jp/znk-web/juminkanja/S2430/initialize?prefCd=34&kikanCd=7340016200&kikanKbn=5", "url2": "http://www.pupule.co.jp/" }, "geometry": { "type": "Point", "coordinates": [ 133.382551, 34.447777 ] } },
{ "type": "Feature", "properties": { "内容": "にこぴん薬局　三新田店【5:薬局】広島県福山市水呑町三新田二丁目２６番地", "url": "https://www.iryou.teikyouseido.mhlw.go.jp/znk-web/juminkanja/S2430/initialize?prefCd=34&kikanCd=7340016210&kikanKbn=5", "url2": "http://www.nikopin.com/sannshinndenntennhtml.html" }, "geometry": { "type": "Point", "coordinates": [ 133.382551, 34.447777 ] } },
{ "type": "Feature", "properties": { "内容": "セブン薬局【5:薬局】広島県福山市春日町７－１－２４", "url": "https://www.iryou.teikyouseido.mhlw.go.jp/znk-web/juminkanja/S2430/initialize?prefCd=34&kikanCd=7340016220&kikanKbn=5", "url2": null }, "geometry": { "type": "Point", "coordinates": [ 133.414122, 34.510098 ] } },
{ "type": "Feature", "properties": { "内容": "菜の花薬局【5:薬局】広島県福山市神辺町川南３１４３－７", "url": "https://www.iryou.teikyouseido.mhlw.go.jp/znk-web/juminkanja/S2430/initialize?prefCd=34&kikanCd=7340016250&kikanKbn=5", "url2": null }, "geometry": { "type": "Point", "coordinates": [ 133.380808, 34.538888 ] } },
{ "type": "Feature", "properties": { "内容": "こはる薬局【5:薬局】広島県福山市駅家町万能倉９１０－１４", "url": "https://www.iryou.teikyouseido.mhlw.go.jp/znk-web/juminkanja/S2430/initialize?prefCd=34&kikanCd=7340016260&kikanKbn=5", "url2": null }, "geometry": { "type": "Point", "coordinates": [ 133.332933, 34.544565 ] } },
{ "type": "Feature", "properties": { "内容": "近藤漢方薬局【5:薬局】広島県福山市南蔵王町四丁目１０番３２号", "url": "https://www.iryou.teikyouseido.mhlw.go.jp/znk-web/juminkanja/S2430/initialize?prefCd=34&kikanCd=7340016300&kikanKbn=5", "url2": null }, "geometry": { "type": "Point", "coordinates": [ 133.396319, 34.497627 ] } },
{ "type": "Feature", "properties": { "内容": "ファーマシィ薬局　だいもん【5:薬局】広島県福山市大門町三丁目１９－１６", "url": "https://www.iryou.teikyouseido.mhlw.go.jp/znk-web/juminkanja/S2430/initialize?prefCd=34&kikanCd=7340016310&kikanKbn=5", "url2": "http://www.pharmacy-net.co.jp" }, "geometry": { "type": "Point", "coordinates": [ 133.439232, 34.492684 ] } },
{ "type": "Feature", "properties": { "内容": "だいだい薬局　したみ【5:薬局】広島県東広島市西条町下見４４８２－１", "url": "https://www.iryou.teikyouseido.mhlw.go.jp/znk-web/juminkanja/S2430/initialize?prefCd=34&kikanCd=7340016330&kikanKbn=5", "url2": null }, "geometry": { "type": "Point", "coordinates": [ 132.713018, 34.410041 ] } },
{ "type": "Feature", "properties": { "内容": "メイプル薬局【5:薬局】広島県安芸高田市甲田町高田原１４６８－１４", "url": "https://www.iryou.teikyouseido.mhlw.go.jp/znk-web/juminkanja/S2430/initialize?prefCd=34&kikanCd=7340016340&kikanKbn=5", "url2": null }, "geometry": { "type": "Point", "coordinates": [ 132.761779, 34.688484 ] } },
{ "type": "Feature", "properties": { "内容": "西本町薬局【5:薬局】広島県庄原市西本町二丁目１２－１０", "url": "https://www.iryou.teikyouseido.mhlw.go.jp/znk-web/juminkanja/S2430/initialize?prefCd=34&kikanCd=7340016380&kikanKbn=5", "url2": null }, "geometry": { "type": "Point", "coordinates": [ 133.012474, 34.856433 ] } },
{ "type": "Feature", "properties": { "内容": "あやめ薬局　せら店【5:薬局】広島県世羅郡世羅町本郷９４０－２", "url": "https://www.iryou.teikyouseido.mhlw.go.jp/znk-web/juminkanja/S2430/initialize?prefCd=34&kikanCd=7340016390&kikanKbn=5", "url2": "http://tower-medical.jp/" }, "geometry": { "type": "Point", "coordinates": [ 133.045066, 34.586139 ] } },
{ "type": "Feature", "properties": { "内容": "ヘルシー薬局【5:薬局】広島県府中市鵜飼町５９９－６", "url": "https://www.iryou.teikyouseido.mhlw.go.jp/znk-web/juminkanja/S2430/initialize?prefCd=34&kikanCd=7340016400&kikanKbn=5", "url2": "http://www.ssmile.co.jp" }, "geometry": { "type": "Point", "coordinates": [ 133.250022, 34.565478 ] } },
{ "type": "Feature", "properties": { "内容": "エスマイル薬局あおぞら店【5:薬局】広島県庄原市西本町２丁目１５－３２", "url": "https://www.iryou.teikyouseido.mhlw.go.jp/znk-web/juminkanja/S2430/initialize?prefCd=34&kikanCd=7340016450&kikanKbn=5", "url2": "http://www.ssmile.co.jp/" }, "geometry": { "type": "Point", "coordinates": [ 133.009827, 34.856385 ] } },
{ "type": "Feature", "properties": { "内容": "コスモス薬局　紙屋町西店【5:薬局】広島県広島市中区紙屋町２－２－２５大野ビル２階", "url": "https://www.iryou.teikyouseido.mhlw.go.jp/znk-web/juminkanja/S2430/initialize?prefCd=34&kikanCd=7340016520&kikanKbn=5", "url2": "http://www.reliance-cosmos.co.jp/" }, "geometry": { "type": "Point", "coordinates": [ 132.456651, 34.394371 ] } },
{ "type": "Feature", "properties": { "内容": "大和屋漢方薬局【5:薬局】広島県広島市中区西川口町１２－９", "url": "https://www.iryou.teikyouseido.mhlw.go.jp/znk-web/juminkanja/S2430/initialize?prefCd=34&kikanCd=7340016530&kikanKbn=5", "url2": null }, "geometry": { "type": "Point", "coordinates": [ 132.439487, 34.380817 ] } },
{ "type": "Feature", "properties": { "内容": "有限会社　有朋堂薬局【5:薬局】広島県広島市東区戸坂出江１－１－５", "url": "https://www.iryou.teikyouseido.mhlw.go.jp/znk-web/juminkanja/S2430/initialize?prefCd=34&kikanCd=7340016540&kikanKbn=5", "url2": "https://web.gogo.jp/cms/byoinnavi/login/" }, "geometry": { "type": "Point", "coordinates": [ 132.488869, 34.432062 ] } },
{ "type": "Feature", "properties": { "内容": "すずらん薬局　川内店【5:薬局】広島県広島市安佐南区川内１－１５－３", "url": "https://www.iryou.teikyouseido.mhlw.go.jp/znk-web/juminkanja/S2430/initialize?prefCd=34&kikanCd=7340016570&kikanKbn=5", "url2": "http://horon-suzuran.co.jp/new/tenpo-detail/kawauchi/" }, "geometry": { "type": "Point", "coordinates": [ 132.484952, 34.458532 ] } },
{ "type": "Feature", "properties": { "内容": "ファインしみず薬局【5:薬局】広島県広島市佐伯区楽々園２－２－２　広電楽々園ビル２階", "url": "https://www.iryou.teikyouseido.mhlw.go.jp/znk-web/juminkanja/S2430/initialize?prefCd=34&kikanCd=7340016590&kikanKbn=5", "url2": "http://www.drug-shimizu.jp/" }, "geometry": { "type": "Point", "coordinates": [ 132.351884, 34.364095 ] } },
{ "type": "Feature", "properties": { "内容": "レデイ薬局　矢野駅前店【5:薬局】広島県広島市安芸区矢野西４－３－１５－１０１", "url": "https://www.iryou.teikyouseido.mhlw.go.jp/znk-web/juminkanja/S2430/initialize?prefCd=34&kikanCd=7340016610&kikanKbn=5", "url2": "http://www.lady-drug.co.jp/" }, "geometry": { "type": "Point", "coordinates": [ 132.533036, 34.352044 ] } },
{ "type": "Feature", "properties": { "内容": "仙境堂薬局【5:薬局】広島県広島市東区戸坂中町４－１　クレールマスダ１０２", "url": "https://www.iryou.teikyouseido.mhlw.go.jp/znk-web/juminkanja/S2430/initialize?prefCd=34&kikanCd=7340016630&kikanKbn=5", "url2": null }, "geometry": { "type": "Point", "coordinates": [ 132.488064, 34.43509 ] } },
{ "type": "Feature", "properties": { "内容": "コスモス薬局　小網町店【5:薬局】広島県広島市中区堺町２－６－１１－３", "url": "https://www.iryou.teikyouseido.mhlw.go.jp/znk-web/juminkanja/S2430/initialize?prefCd=34&kikanCd=7340016650&kikanKbn=5", "url2": "http://www.reliance-cosmos.co.jp/" }, "geometry": { "type": "Point", "coordinates": [ 132.445708, 34.394343 ] } },
{ "type": "Feature", "properties": { "内容": "みやなが薬局　己斐店【5:薬局】広島県広島市西区己斐本町三丁目１番１号　桧垣ビル１Ｆ", "url": "https://www.iryou.teikyouseido.mhlw.go.jp/znk-web/juminkanja/S2430/initialize?prefCd=34&kikanCd=7340016660&kikanKbn=5", "url2": "http://www.okusuriyasan.jp/" }, "geometry": { "type": "Point", "coordinates": [ 132.426184, 34.396179 ] } },
{ "type": "Feature", "properties": { "内容": "あおぞら薬局　向洋店【5:薬局】広島県広島市南区向洋本町１０－２５", "url": "https://www.iryou.teikyouseido.mhlw.go.jp/znk-web/juminkanja/S2430/initialize?prefCd=34&kikanCd=7340016670&kikanKbn=5", "url2": null }, "geometry": { "type": "Point", "coordinates": [ 132.505093, 34.368347 ] } },
{ "type": "Feature", "properties": { "内容": "ここから薬局　三川町店【5:薬局】広島県広島市中区三川町１－２０", "url": "https://www.iryou.teikyouseido.mhlw.go.jp/znk-web/juminkanja/S2430/initialize?prefCd=34&kikanCd=7340016710&kikanKbn=5", "url2": "http://www.g-town.co.jp/net/" }, "geometry": { "type": "Point", "coordinates": [ 132.462885, 34.390703 ] } },
{ "type": "Feature", "properties": { "内容": "国泰寺薬局【5:薬局】広島県広島市中区国泰寺町２－３－６", "url": "https://www.iryou.teikyouseido.mhlw.go.jp/znk-web/juminkanja/S2430/initialize?prefCd=34&kikanCd=7340016720&kikanKbn=5", "url2": null }, "geometry": { "type": "Point", "coordinates": [ 132.455235, 34.383733 ] } },
{ "type": "Feature", "properties": { "内容": "ふれあいローズ薬局【5:薬局】広島県福山市野上町２－６ー８", "url": "https://www.iryou.teikyouseido.mhlw.go.jp/znk-web/juminkanja/S2430/initialize?prefCd=34&kikanCd=7340016770&kikanKbn=5", "url2": "http://www.ssmile.co.jp/" }, "geometry": { "type": "Point", "coordinates": [ 133.365489, 34.478434 ] } },
{ "type": "Feature", "properties": { "内容": "向島薬局【5:薬局】広島県尾道市向島町５８８３－５", "url": "https://www.iryou.teikyouseido.mhlw.go.jp/znk-web/juminkanja/S2430/initialize?prefCd=34&kikanCd=7340016820&kikanKbn=5", "url2": null }, "geometry": { "type": "Point", "coordinates": [ 133.196645, 34.393329 ] } },
{ "type": "Feature", "properties": { "内容": "エスマイル薬局　みどり町店【5:薬局】広島県福山市緑町２番４０号", "url": "https://www.iryou.teikyouseido.mhlw.go.jp/znk-web/juminkanja/S2430/initialize?prefCd=34&kikanCd=7340016830&kikanKbn=5", "url2": "http://www.ssmile.co.jp/" }, "geometry": { "type": "Point", "coordinates": [ 133.374432, 34.475545 ] } },
{ "type": "Feature", "properties": { "内容": "イオン薬局　三原店【5:薬局】広島県三原市城町２－１３－１", "url": "https://www.iryou.teikyouseido.mhlw.go.jp/znk-web/juminkanja/S2430/initialize?prefCd=34&kikanCd=7340016860&kikanKbn=5", "url2": null }, "geometry": { "type": "Point", "coordinates": [ 133.087321, 34.399049 ] } },
{ "type": "Feature", "properties": { "内容": "ファーマシィ薬局健美【5:薬局】広島県三次市東酒屋町５８７－１　Ｋ’ｚビル２Ｆ", "url": "https://www.iryou.teikyouseido.mhlw.go.jp/znk-web/juminkanja/S2430/initialize?prefCd=34&kikanCd=7340016880&kikanKbn=5", "url2": "https://www.pharmacy-net.co.jp" }, "geometry": { "type": "Point", "coordinates": [ 132.86921, 34.784642 ] } },
{ "type": "Feature", "properties": { "内容": "イオン薬局　イオンスタイル広島府中【5:薬局】広島県安芸郡府中町大須二丁目１－１", "url": "https://www.iryou.teikyouseido.mhlw.go.jp/znk-web/juminkanja/S2430/initialize?prefCd=34&kikanCd=7340016890&kikanKbn=5", "url2": null }, "geometry": { "type": "Point", "coordinates": [ 132.499842, 34.394678 ] } },
{ "type": "Feature", "properties": { "内容": "イオン薬局宇品店【5:薬局】広島県広島市南区宇品東六丁目１番１５号", "url": "https://www.iryou.teikyouseido.mhlw.go.jp/znk-web/juminkanja/S2430/initialize?prefCd=34&kikanCd=7340016900&kikanKbn=5", "url2": null }, "geometry": { "type": "Point", "coordinates": [ 132.468346, 34.362653 ] } },
{ "type": "Feature", "properties": { "内容": "コスモス薬局　尾道店【5:薬局】広島県尾道市新浜二丁目１０－１６", "url": "https://www.iryou.teikyouseido.mhlw.go.jp/znk-web/juminkanja/S2430/initialize?prefCd=34&kikanCd=7340016910&kikanKbn=5", "url2": "http://www.reliance-cosmos.co.jp/" }, "geometry": { "type": "Point", "coordinates": [ 133.176702, 34.39955 ] } },
{ "type": "Feature", "properties": { "内容": "オール薬局　神辺店【5:薬局】広島県福山市神辺町川北１５３３", "url": "https://www.iryou.teikyouseido.mhlw.go.jp/znk-web/juminkanja/S2430/initialize?prefCd=34&kikanCd=7340016920&kikanKbn=5", "url2": "http://www.e-classa.net/owl-kannabe/#" }, "geometry": { "type": "Point", "coordinates": [ 133.363347, 34.541649 ] } },
{ "type": "Feature", "properties": { "内容": "にこぴん薬局　伊勢丘店【5:薬局】広島県福山市伊勢丘五丁目６番２号", "url": "https://www.iryou.teikyouseido.mhlw.go.jp/znk-web/juminkanja/S2430/initialize?prefCd=34&kikanCd=7340016930&kikanKbn=5", "url2": "http://nikopin.com/isegaokatennhtml.html" }, "geometry": { "type": "Point", "coordinates": [ 133.421149, 34.506876 ] } },
{ "type": "Feature", "properties": { "内容": "エスマイル薬局　福山南店【5:薬局】広島県福山市川口町四丁目１２－３６", "url": "https://www.iryou.teikyouseido.mhlw.go.jp/znk-web/juminkanja/S2430/initialize?prefCd=34&kikanCd=7340016940&kikanKbn=5", "url2": "http://www.ssmile.co.jp/" }, "geometry": { "type": "Point", "coordinates": [ 133.384566, 34.464665 ] } },
{ "type": "Feature", "properties": { "内容": "フロウリッシュ薬局【5:薬局】広島県広島市南区宇品西五丁目１２－４４", "url": "https://www.iryou.teikyouseido.mhlw.go.jp/znk-web/juminkanja/S2430/initialize?prefCd=34&kikanCd=7340016970&kikanKbn=5", "url2": "http://www.mikk-ligar.com" }, "geometry": { "type": "Point", "coordinates": [ 132.458292, 34.361236 ] } },
{ "type": "Feature", "properties": { "内容": "コスモス薬局　京口門店【5:薬局】広島県広島市中区八丁堀１２－１０　Ｊシティ八丁堀１階ＡＢ号室", "url": "https://www.iryou.teikyouseido.mhlw.go.jp/znk-web/juminkanja/S2430/initialize?prefCd=34&kikanCd=7340016980&kikanKbn=5", "url2": "http://www.reliance-cosmos.co.jp/" }, "geometry": { "type": "Point", "coordinates": [ 132.463234, 34.395538 ] } },
{ "type": "Feature", "properties": { "内容": "オール薬局　沼田店【5:薬局】広島県広島市安佐南区伴東五丁目１９番２３号", "url": "https://www.iryou.teikyouseido.mhlw.go.jp/znk-web/juminkanja/S2430/initialize?prefCd=34&kikanCd=7340016990&kikanKbn=5", "url2": "http://www.e-classa.net/owl-numata/" }, "geometry": { "type": "Point", "coordinates": [ 132.418901, 34.467807 ] } },
{ "type": "Feature", "properties": { "内容": "純薬　株式会社　新宮アゼリア薬局【5:薬局】広島県広島市佐伯区新宮苑１１－２１", "url": "https://www.iryou.teikyouseido.mhlw.go.jp/znk-web/juminkanja/S2430/initialize?prefCd=34&kikanCd=7340017010&kikanKbn=5", "url2": "https://sites.google.com/view/junyaku1990/home?pli=1" }, "geometry": { "type": "Point", "coordinates": [ 132.360938, 34.370705 ] } },
{ "type": "Feature", "properties": { "内容": "あやめ薬局　矢野店【5:薬局】広島県府中市上下町深江４７６－２", "url": "https://www.iryou.teikyouseido.mhlw.go.jp/znk-web/juminkanja/S2430/initialize?prefCd=34&kikanCd=7340017020&kikanKbn=5", "url2": "http://tower-medical.jp/" }, "geometry": { "type": "Point", "coordinates": [ 133.118086, 34.682127 ] } },
{ "type": "Feature", "properties": { "内容": "株式会社　漢方大好き・薬膳薬局【5:薬局】広島県福山市延広町６－２５", "url": "https://www.iryou.teikyouseido.mhlw.go.jp/znk-web/juminkanja/S2430/initialize?prefCd=34&kikanCd=7340017030&kikanKbn=5", "url2": "yakuzen-fukuyama.net" }, "geometry": { "type": "Point", "coordinates": [ 132.459595, 34.396343 ] } },
{ "type": "Feature", "properties": { "内容": "コスモス薬局　己斐店【5:薬局】広島県広島市西区己斐本町３－１１－９", "url": "https://www.iryou.teikyouseido.mhlw.go.jp/znk-web/juminkanja/S2430/initialize?prefCd=34&kikanCd=7340017050&kikanKbn=5", "url2": "http://www.reliance-cosmos.co.jp/" }, "geometry": { "type": "Point", "coordinates": [ 132.425682, 34.394398 ] } },
{ "type": "Feature", "properties": { "内容": "アクア薬局本通店【5:薬局】広島県広島市中区本通７－２９　アイビ－ビル１Ｆ", "url": "https://www.iryou.teikyouseido.mhlw.go.jp/znk-web/juminkanja/S2430/initialize?prefCd=34&kikanCd=7340017060&kikanKbn=5", "url2": "https://www.nexus-g.jp/" }, "geometry": { "type": "Point", "coordinates": [ 132.457985, 34.393288 ] } },
{ "type": "Feature", "properties": { "内容": "あさひ町薬局【5:薬局】広島県広島市南区西旭町８－６", "url": "https://www.iryou.teikyouseido.mhlw.go.jp/znk-web/juminkanja/S2430/initialize?prefCd=34&kikanCd=7340017070&kikanKbn=5", "url2": null }, "geometry": { "type": "Point", "coordinates": [ 132.473651, 34.372457 ] } },
{ "type": "Feature", "properties": { "内容": "ありす薬局　糸崎店【5:薬局】広島県三原市糸崎４－４－１７", "url": "https://www.iryou.teikyouseido.mhlw.go.jp/znk-web/juminkanja/S2430/initialize?prefCd=34&kikanCd=7340017080&kikanKbn=5", "url2": null }, "geometry": { "type": "Point", "coordinates": [ 133.104653, 34.39305 ] } },
{ "type": "Feature", "properties": { "内容": "コスモス薬局　大町店【5:薬局】広島県広島市安佐南区大町東２－７－２５－５　ＴＯビル１階", "url": "https://www.iryou.teikyouseido.mhlw.go.jp/znk-web/juminkanja/S2430/initialize?prefCd=34&kikanCd=7340017090&kikanKbn=5", "url2": "http://www.reliance-cosmos.co.jp/" }, "geometry": { "type": "Point", "coordinates": [ 132.469453, 34.462003 ] } },
{ "type": "Feature", "properties": { "内容": "ほほえみ薬局【5:薬局】広島県呉市伏原１丁目３－１０", "url": "https://www.iryou.teikyouseido.mhlw.go.jp/znk-web/juminkanja/S2430/initialize?prefCd=34&kikanCd=7340017100&kikanKbn=5", "url2": null }, "geometry": { "type": "Point", "coordinates": [ 132.57462, 34.254138 ] } },
{ "type": "Feature", "properties": { "内容": "タカズミ薬局【5:薬局】広島県廿日市市地御前１－２－２２", "url": "https://www.iryou.teikyouseido.mhlw.go.jp/znk-web/juminkanja/S2430/initialize?prefCd=34&kikanCd=7340017120&kikanKbn=5", "url2": "www.takazumi.co.jp" }, "geometry": { "type": "Point", "coordinates": [ 132.323804, 34.344596 ] } },
{ "type": "Feature", "properties": { "内容": "おおのうら薬局【5:薬局】広島県廿日市市丸石２－１－７４", "url": "https://www.iryou.teikyouseido.mhlw.go.jp/znk-web/juminkanja/S2430/initialize?prefCd=34&kikanCd=7340017130&kikanKbn=5", "url2": "http://yuushin.cc" }, "geometry": { "type": "Point", "coordinates": [ 132.261506, 34.275658 ] } },
{ "type": "Feature", "properties": { "内容": "有限会社　林薬局　北祇園店【5:薬局】広島県広島市安佐南区祇園６－２１－８", "url": "https://www.iryou.teikyouseido.mhlw.go.jp/znk-web/juminkanja/S2430/initialize?prefCd=34&kikanCd=7340017140&kikanKbn=5", "url2": null }, "geometry": { "type": "Point", "coordinates": [ 132.465509, 34.444894 ] } },
{ "type": "Feature", "properties": { "内容": "ウォンツ　平和大通り薬局【5:薬局】広島県広島市中区中町７－１６", "url": "https://www.iryou.teikyouseido.mhlw.go.jp/znk-web/juminkanja/S2430/initialize?prefCd=34&kikanCd=7340017150&kikanKbn=5", "url2": "https://www.wants.co.jp/" }, "geometry": { "type": "Point", "coordinates": [ 132.457207, 34.389983 ] } },
{ "type": "Feature", "properties": { "内容": "ミント薬局　西原店【5:薬局】広島県広島市安佐南区西原八丁目１－１５－２０１", "url": "https://www.iryou.teikyouseido.mhlw.go.jp/znk-web/juminkanja/S2430/initialize?prefCd=34&kikanCd=7340017160&kikanKbn=5", "url2": "http://www.mint-pharmacy.jp" }, "geometry": { "type": "Point", "coordinates": [ 132.474342, 34.445644 ] } },
{ "type": "Feature", "properties": { "内容": "ピーチ薬局【5:薬局】広島県安芸郡海田町新町１１－２１", "url": "https://www.iryou.teikyouseido.mhlw.go.jp/znk-web/juminkanja/S2430/initialize?prefCd=34&kikanCd=7340017170&kikanKbn=5", "url2": null }, "geometry": { "type": "Point", "coordinates": [ 132.531248, 34.37332 ] } },
{ "type": "Feature", "properties": { "内容": "あゆみ薬局【5:薬局】広島県豊田郡大崎上島町沖浦１００１－２", "url": "https://www.iryou.teikyouseido.mhlw.go.jp/znk-web/juminkanja/S2430/initialize?prefCd=34&kikanCd=7340017220&kikanKbn=5", "url2": null }, "geometry": { "type": "Point", "coordinates": [ 132.893919, 34.213063 ] } },
{ "type": "Feature", "properties": { "内容": "いちご薬局【5:薬局】広島県竹原市中央二丁目１８－１６", "url": "https://www.iryou.teikyouseido.mhlw.go.jp/znk-web/juminkanja/S2430/initialize?prefCd=34&kikanCd=7340017230&kikanKbn=5", "url2": null }, "geometry": { "type": "Point", "coordinates": [ 132.912366, 34.342274 ] } },
{ "type": "Feature", "properties": { "内容": "きらり薬局【5:薬局】広島県竹原市下野町３２６３－１", "url": "https://www.iryou.teikyouseido.mhlw.go.jp/znk-web/juminkanja/S2430/initialize?prefCd=34&kikanCd=7340017240&kikanKbn=5", "url2": "https://www.kusurinomadoguchi.com/hiroshima/s119059" }, "geometry": { "type": "Point", "coordinates": [ 132.903116, 34.349773 ] } },
{ "type": "Feature", "properties": { "内容": "フラワー薬局【5:薬局】広島県東広島市高屋町杵原１１３５－１", "url": "https://www.iryou.teikyouseido.mhlw.go.jp/znk-web/juminkanja/S2430/initialize?prefCd=34&kikanCd=7340017270&kikanKbn=5", "url2": null }, "geometry": { "type": "Point", "coordinates": [ 132.776177, 34.462231 ] } },
{ "type": "Feature", "properties": { "内容": "コスモス薬局　胡町店【5:薬局】広島県広島市中区胡町４－２８　胡町ビルディング１階", "url": "https://www.iryou.teikyouseido.mhlw.go.jp/znk-web/juminkanja/S2430/initialize?prefCd=34&kikanCd=7340017310&kikanKbn=5", "url2": "http://www.reliance-cosmos.co.jp/" }, "geometry": { "type": "Point", "coordinates": [ 132.465706, 34.392983 ] } },
{ "type": "Feature", "properties": { "内容": "ファーマシィ薬局伊勢丘【5:薬局】広島県福山市伊勢丘六丁目１－２５", "url": "https://www.iryou.teikyouseido.mhlw.go.jp/znk-web/juminkanja/S2430/initialize?prefCd=34&kikanCd=7340017320&kikanKbn=5", "url2": "http://www.pharmacy-net.co.jp" }, "geometry": { "type": "Point", "coordinates": [ 133.425625, 34.507305 ] } },
{ "type": "Feature", "properties": { "内容": "ウォンツ　舟入本町薬局【5:薬局】広島県広島市中区舟入本町１３－６", "url": "https://www.iryou.teikyouseido.mhlw.go.jp/znk-web/juminkanja/S2430/initialize?prefCd=34&kikanCd=7340017330&kikanKbn=5", "url2": "https://www.wants.co.jp/" }, "geometry": { "type": "Point", "coordinates": [ 132.441875, 34.3849 ] } },
{ "type": "Feature", "properties": { "内容": "センター薬局【5:薬局】広島県福山市今津町三丁目９－５", "url": "https://www.iryou.teikyouseido.mhlw.go.jp/znk-web/juminkanja/S2430/initialize?prefCd=34&kikanCd=7340017350&kikanKbn=5", "url2": null }, "geometry": { "type": "Point", "coordinates": [ 133.254527, 34.45149 ] } },
{ "type": "Feature", "properties": { "内容": "のぞみ薬局　可部西店【5:薬局】広島県広島市安佐北区可部四丁目６－２　ＹＮビル１０２", "url": "https://www.iryou.teikyouseido.mhlw.go.jp/znk-web/juminkanja/S2430/initialize?prefCd=34&kikanCd=7340017370&kikanKbn=5", "url2": "https://fourleaf-nozomi.net/" }, "geometry": { "type": "Point", "coordinates": [ 132.508308, 34.519081 ] } },
{ "type": "Feature", "properties": { "内容": "三次スマイル薬局【5:薬局】広島県三次市十日市東四丁目５－５サングリーン第３ビル－１０１", "url": "https://www.iryou.teikyouseido.mhlw.go.jp/znk-web/juminkanja/S2430/initialize?prefCd=34&kikanCd=7340017390&kikanKbn=5", "url2": "http://www.smile-pharmacy.jp/guide/pg97.html" }, "geometry": { "type": "Point", "coordinates": [ 132.861114, 34.804632 ] } },
{ "type": "Feature", "properties": { "内容": "西条あんず薬局【5:薬局】広島県東広島市西条町助実１８５２－１", "url": "https://www.iryou.teikyouseido.mhlw.go.jp/znk-web/juminkanja/S2430/initialize?prefCd=34&kikanCd=7340017430&kikanKbn=5", "url2": null }, "geometry": { "type": "Point", "coordinates": [ 132.746459, 34.419818 ] } },
{ "type": "Feature", "properties": { "内容": "あゆみ薬局【5:薬局】広島県三原市久井町江木１１６３－５", "url": "https://www.iryou.teikyouseido.mhlw.go.jp/znk-web/juminkanja/S2430/initialize?prefCd=34&kikanCd=7340017470&kikanKbn=5", "url2": "http://kui-shinpo.com/" }, "geometry": { "type": "Point", "coordinates": [ 133.035095, 34.539828 ] } },
{ "type": "Feature", "properties": { "内容": "らいおん薬局【5:薬局】広島県広島市中区猫屋町１－１８", "url": "https://www.iryou.teikyouseido.mhlw.go.jp/znk-web/juminkanja/S2430/initialize?prefCd=34&kikanCd=7340017480&kikanKbn=5", "url2": null }, "geometry": { "type": "Point", "coordinates": [ 132.449374, 34.395399 ] } },
{ "type": "Feature", "properties": { "内容": "あかね薬局　高屋店【5:薬局】広島県東広島市高屋町大畠４９９－６６", "url": "https://www.iryou.teikyouseido.mhlw.go.jp/znk-web/juminkanja/S2430/initialize?prefCd=34&kikanCd=7340017490&kikanKbn=5", "url2": null }, "geometry": { "type": "Point", "coordinates": [ 132.780594, 34.445205 ] } },
{ "type": "Feature", "properties": { "内容": "蔵本薬局【5:薬局】広島県広島市安佐南区西原八丁目２８－７", "url": "https://www.iryou.teikyouseido.mhlw.go.jp/znk-web/juminkanja/S2430/initialize?prefCd=34&kikanCd=7340017510&kikanKbn=5", "url2": "https://www.e-classa.net/kuramoto" }, "geometry": { "type": "Point", "coordinates": [ 132.470578, 34.442899 ] } },
{ "type": "Feature", "properties": { "内容": "オズ薬局　翠町店【5:薬局】広島県広島市南区翠二丁目５－８", "url": "https://www.iryou.teikyouseido.mhlw.go.jp/znk-web/juminkanja/S2430/initialize?prefCd=34&kikanCd=7340017550&kikanKbn=5", "url2": null }, "geometry": { "type": "Point", "coordinates": [ 132.470151, 34.373513 ] } },
{ "type": "Feature", "properties": { "内容": "安芸府中薬局【5:薬局】広島県安芸郡府中町桃山１丁目１８－２０", "url": "https://www.iryou.teikyouseido.mhlw.go.jp/znk-web/juminkanja/S2430/initialize?prefCd=34&kikanCd=7340017560&kikanKbn=5", "url2": "http://akiyaku.net" }, "geometry": { "type": "Point", "coordinates": [ 132.505743, 34.377965 ] } },
{ "type": "Feature", "properties": { "内容": "安芸畑賀薬局【5:薬局】広島県広島市安芸区畑賀２丁目２２－３６", "url": "https://www.iryou.teikyouseido.mhlw.go.jp/znk-web/juminkanja/S2430/initialize?prefCd=34&kikanCd=7340017570&kikanKbn=5", "url2": "akiyaku@aurora.ocn.ne.jp" }, "geometry": { "type": "Point", "coordinates": [ 132.552703, 34.391453 ] } },
{ "type": "Feature", "properties": { "内容": "ぎおん薬局【5:薬局】広島県広島市安佐南区祇園２－４２－１３", "url": "https://www.iryou.teikyouseido.mhlw.go.jp/znk-web/juminkanja/S2430/initialize?prefCd=34&kikanCd=7340017580&kikanKbn=5", "url2": "https://www.gion-ph.net" }, "geometry": { "type": "Point", "coordinates": [ 132.465482, 34.439006 ] } },
{ "type": "Feature", "properties": { "内容": "キクイチ薬局【5:薬局】広島県広島市南区比治山町６－１４", "url": "https://www.iryou.teikyouseido.mhlw.go.jp/znk-web/juminkanja/S2430/initialize?prefCd=34&kikanCd=7340017590&kikanKbn=5", "url2": "https://kikuichi-do.com/kanpo/index.html" }, "geometry": { "type": "Point", "coordinates": [ 132.472539, 34.388622 ] } },
{ "type": "Feature", "properties": { "内容": "東手城ココフル薬局【5:薬局】広島県福山市東手城町一丁目３－１１", "url": "https://www.iryou.teikyouseido.mhlw.go.jp/znk-web/juminkanja/S2430/initialize?prefCd=34&kikanCd=7340017610&kikanKbn=5", "url2": "http://www.kmed.co.jp" }, "geometry": { "type": "Point", "coordinates": [ 133.402152, 34.488656 ] } },
{ "type": "Feature", "properties": { "内容": "株式会社　サン・メディカル薬局　東桜町店【5:薬局】広島県福山市東桜町１１－１０", "url": "https://www.iryou.teikyouseido.mhlw.go.jp/znk-web/juminkanja/S2430/initialize?prefCd=34&kikanCd=7340017620&kikanKbn=5", "url2": "http//www.sanmedhikaru.jp" }, "geometry": { "type": "Point", "coordinates": [ 133.358961, 34.485822 ] } },
{ "type": "Feature", "properties": { "内容": "エスマイル薬局　ひので店【5:薬局】広島県広島市中区猫屋町１－１７", "url": "https://www.iryou.teikyouseido.mhlw.go.jp/znk-web/juminkanja/S2430/initialize?prefCd=34&kikanCd=7340017640&kikanKbn=5", "url2": "https://www.ssmile.co.jp/" }, "geometry": { "type": "Point", "coordinates": [ 132.449319, 34.395399 ] } },
{ "type": "Feature", "properties": { "内容": "あすか薬局【5:薬局】広島県福山市駅家町万能倉１１１１－１０", "url": "https://www.iryou.teikyouseido.mhlw.go.jp/znk-web/juminkanja/S2430/initialize?prefCd=34&kikanCd=7340017650&kikanKbn=5", "url2": null }, "geometry": { "type": "Point", "coordinates": [ 133.33135, 34.544593 ] } },
{ "type": "Feature", "properties": { "内容": "株式会社ジェイ・ウィル　さくら薬局戸坂店【5:薬局】広島県広島市東区戸坂中町６－２８", "url": "https://www.iryou.teikyouseido.mhlw.go.jp/znk-web/juminkanja/S2430/initialize?prefCd=34&kikanCd=7340017660&kikanKbn=5", "url2": null }, "geometry": { "type": "Point", "coordinates": [ 132.488008, 34.434395 ] } },
{ "type": "Feature", "properties": { "内容": "ファーマシィ薬局松永ファミール【5:薬局】広島県福山市松永町四丁目１番４号駅前ロータリーマンション１Ｆ", "url": "https://www.iryou.teikyouseido.mhlw.go.jp/znk-web/juminkanja/S2430/initialize?prefCd=34&kikanCd=7340018370&kikanKbn=5", "url2": "https://www.pharmacy-net.co.jp/" }, "geometry": { "type": "Point", "coordinates": [ 133.258193, 34.450324 ] } },
{ "type": "Feature", "properties": { "内容": "丸山薬局【5:薬局】広島県尾道市西久保町１２－３０", "url": "https://www.iryou.teikyouseido.mhlw.go.jp/znk-web/juminkanja/S2430/initialize?prefCd=34&kikanCd=7340018380&kikanKbn=5", "url2": "http://medicine-net.jp/" }, "geometry": { "type": "Point", "coordinates": [ 133.204644, 34.414105 ] } },
{ "type": "Feature", "properties": { "内容": "アイワ薬局　井口鈴峰【5:薬局】広島県広島市西区井口三丁目１０－２０", "url": "https://www.iryou.teikyouseido.mhlw.go.jp/znk-web/juminkanja/S2430/initialize?prefCd=34&kikanCd=7342017710&kikanKbn=5", "url2": null }, "geometry": { "type": "Point", "coordinates": [ 132.374682, 34.368873 ] } },
{ "type": "Feature", "properties": { "内容": "ヒサシー薬局【5:薬局】広島県安芸郡府中町大須一丁目１５－２", "url": "https://www.iryou.teikyouseido.mhlw.go.jp/znk-web/juminkanja/S2430/initialize?prefCd=34&kikanCd=7342017760&kikanKbn=5", "url2": null }, "geometry": { "type": "Point", "coordinates": [ 132.501759, 34.3919 ] } },
{ "type": "Feature", "properties": { "内容": "ズームズーム薬局【5:薬局】広島県安芸郡府中町青崎南８－２ー１０２", "url": "https://www.iryou.teikyouseido.mhlw.go.jp/znk-web/juminkanja/S2430/initialize?prefCd=34&kikanCd=7342017770&kikanKbn=5", "url2": null }, "geometry": { "type": "Point", "coordinates": [ 132.50487, 34.37668 ] } },
{ "type": "Feature", "properties": { "内容": "仙境堂薬局　戸坂店【5:薬局】広島県広島市東区戸坂千足一丁目２２－９", "url": "https://www.iryou.teikyouseido.mhlw.go.jp/znk-web/juminkanja/S2430/initialize?prefCd=34&kikanCd=7342017790&kikanKbn=5", "url2": null }, "geometry": { "type": "Point", "coordinates": [ 132.484647, 34.437423 ] } },
{ "type": "Feature", "properties": { "内容": "ファーマシィ薬局たけがはな【5:薬局】広島県福山市水呑町３５９０－１", "url": "https://www.iryou.teikyouseido.mhlw.go.jp/znk-web/juminkanja/S2430/initialize?prefCd=34&kikanCd=7342017800&kikanKbn=5", "url2": "https://www.pharmacy-net.co.jp" }, "geometry": { "type": "Point", "coordinates": [ 133.394843, 34.439514 ] } },
{ "type": "Feature", "properties": { "内容": "さくらんぼ薬局【5:薬局】広島県広島市東区戸坂千足二丁目１０－１４", "url": "https://www.iryou.teikyouseido.mhlw.go.jp/znk-web/juminkanja/S2430/initialize?prefCd=34&kikanCd=7342017810&kikanKbn=5", "url2": null }, "geometry": { "type": "Point", "coordinates": [ 132.486647, 34.436978 ] } },
{ "type": "Feature", "properties": { "内容": "ミント薬局　草津店【5:薬局】広島県広島市西区草津南四丁目６番５－２号", "url": "https://www.iryou.teikyouseido.mhlw.go.jp/znk-web/juminkanja/S2430/initialize?prefCd=34&kikanCd=7342017820&kikanKbn=5", "url2": "http://www.mint-pharmacy.jp/" }, "geometry": { "type": "Point", "coordinates": [ 132.396185, 34.376928 ] } },
{ "type": "Feature", "properties": { "内容": "オール薬局　深川店【5:薬局】広島県広島市安佐北区深川五丁目３９番３号", "url": "https://www.iryou.teikyouseido.mhlw.go.jp/znk-web/juminkanja/S2430/initialize?prefCd=34&kikanCd=7342017830&kikanKbn=5", "url2": "https://www.e-classa.net/owl-fukawa" }, "geometry": { "type": "Point", "coordinates": [ 132.529225, 34.480197 ] } },
{ "type": "Feature", "properties": { "内容": "西城薬局【5:薬局】広島県庄原市西城町中野１７４７－２", "url": "https://www.iryou.teikyouseido.mhlw.go.jp/znk-web/juminkanja/S2430/initialize?prefCd=34&kikanCd=7342017840&kikanKbn=5", "url2": "https://www.tsnishicho.com/" }, "geometry": { "type": "Point", "coordinates": [ 133.115483, 34.93875 ] } },
{ "type": "Feature", "properties": { "内容": "エリア薬局【5:薬局】広島県広島市安佐南区相田二丁目４－８", "url": "https://www.iryou.teikyouseido.mhlw.go.jp/znk-web/juminkanja/S2430/initialize?prefCd=34&kikanCd=7342017850&kikanKbn=5", "url2": "http://www.mikk-ligar.com/" }, "geometry": { "type": "Point", "coordinates": [ 132.452037, 34.473029 ] } },
{ "type": "Feature", "properties": { "内容": "ウォンツ薬局　白島通り店【5:薬局】広島県広島市中区八丁堀１２番４号　１Ｆ", "url": "https://www.iryou.teikyouseido.mhlw.go.jp/znk-web/juminkanja/S2430/initialize?prefCd=34&kikanCd=7342017860&kikanKbn=5", "url2": "https://www.wants.co.jp/" }, "geometry": { "type": "Point", "coordinates": [ 132.463706, 34.395344 ] } },
{ "type": "Feature", "properties": { "内容": "すみれ薬局【5:薬局】広島県広島市安佐北区三入六丁目２１－３", "url": "https://www.iryou.teikyouseido.mhlw.go.jp/znk-web/juminkanja/S2430/initialize?prefCd=34&kikanCd=7342017870&kikanKbn=5", "url2": null }, "geometry": { "type": "Point", "coordinates": [ 132.531333, 34.544218 ] } },
{ "type": "Feature", "properties": { "内容": "株式会社　薬明館　みつばち薬局【5:薬局】広島県広島市中区千田町１丁目　１２－１", "url": "https://www.iryou.teikyouseido.mhlw.go.jp/znk-web/juminkanja/S2430/initialize?prefCd=34&kikanCd=7342017880&kikanKbn=5", "url2": null }, "geometry": { "type": "Point", "coordinates": [ 132.455569, 34.380817 ] } },
{ "type": "Feature", "properties": { "内容": "あさがお薬局【5:薬局】広島県広島市佐伯区五日市二丁目９－１０－４", "url": "https://www.iryou.teikyouseido.mhlw.go.jp/znk-web/juminkanja/S2430/initialize?prefCd=34&kikanCd=7342017900&kikanKbn=5", "url2": "http://yuushin.cc/" }, "geometry": { "type": "Point", "coordinates": [ 132.365021, 34.368289 ] } },
{ "type": "Feature", "properties": { "内容": "みょうじん薬局【5:薬局】広島県広島市西区井口明神一丁目１５番２１号", "url": "https://www.iryou.teikyouseido.mhlw.go.jp/znk-web/juminkanja/S2430/initialize?prefCd=34&kikanCd=7342017910&kikanKbn=5", "url2": "http://yuushin.cc/" }, "geometry": { "type": "Point", "coordinates": [ 132.391743, 34.372312 ] } },
{ "type": "Feature", "properties": { "内容": "なの花薬局　城町店【5:薬局】広島県三原市城町二丁目２－２２", "url": "https://www.iryou.teikyouseido.mhlw.go.jp/znk-web/juminkanja/S2430/initialize?prefCd=34&kikanCd=7342017940&kikanKbn=5", "url2": "http://www.k-ph.co.jp/" }, "geometry": { "type": "Point", "coordinates": [ 133.085932, 34.400132 ] } },
{ "type": "Feature", "properties": { "内容": "関西薬局　三原駅前店【5:薬局】広島県三原市城町一丁目８－７", "url": "https://www.iryou.teikyouseido.mhlw.go.jp/znk-web/juminkanja/S2430/initialize?prefCd=34&kikanCd=7342017950&kikanKbn=5", "url2": "https://www.nanohana-ph.jp/shop/chugoku-shikoku/hiroshima/mihara/kansai-mihara.php" }, "geometry": { "type": "Point", "coordinates": [ 133.083294, 34.399576 ] } },
{ "type": "Feature", "properties": { "内容": "なの花薬局　宮浦店【5:薬局】広島県三原市宮浦五丁目１６－１０", "url": "https://www.iryou.teikyouseido.mhlw.go.jp/znk-web/juminkanja/S2430/initialize?prefCd=34&kikanCd=7342018000&kikanKbn=5", "url2": "https://www.nanohana-ph.jp/shop/chugoku-shikoku/hiroshima/mihara/kansai-miyaura.php" }, "geometry": { "type": "Point", "coordinates": [ 133.060707, 34.394797 ] } },
{ "type": "Feature", "properties": { "内容": "あおぞら薬局【5:薬局】広島県三原市明神二丁目１１－５", "url": "https://www.iryou.teikyouseido.mhlw.go.jp/znk-web/juminkanja/S2430/initialize?prefCd=34&kikanCd=7342018010&kikanKbn=5", "url2": "http://www.yakumeikan.com/" }, "geometry": { "type": "Point", "coordinates": [ 133.050575, 34.387327 ] } },
{ "type": "Feature", "properties": { "内容": "株式会社　駅前薬局【5:薬局】広島県東広島市西条本町１２－３", "url": "https://www.iryou.teikyouseido.mhlw.go.jp/znk-web/juminkanja/S2430/initialize?prefCd=34&kikanCd=7342018030&kikanKbn=5", "url2": null }, "geometry": { "type": "Point", "coordinates": [ 132.743126, 34.431039 ] } },
{ "type": "Feature", "properties": { "内容": "つぼみ薬局【5:薬局】広島県広島市安佐南区川内４－７－２７", "url": "https://www.iryou.teikyouseido.mhlw.go.jp/znk-web/juminkanja/S2430/initialize?prefCd=34&kikanCd=7342018040&kikanKbn=5", "url2": null }, "geometry": { "type": "Point", "coordinates": [ 132.487812, 34.464225 ] } },
{ "type": "Feature", "properties": { "内容": "のぞみ薬局【5:薬局】広島県呉市広古新開二丁目５－２３", "url": "https://www.iryou.teikyouseido.mhlw.go.jp/znk-web/juminkanja/S2430/initialize?prefCd=34&kikanCd=7342018050&kikanKbn=5", "url2": "http://www.e-classa.net/hiro-nozomi/" }, "geometry": { "type": "Point", "coordinates": [ 132.615229, 34.234363 ] } },
{ "type": "Feature", "properties": { "内容": "中山セロリ薬局【5:薬局】広島県広島市東区中山東二丁目２－３３", "url": "https://www.iryou.teikyouseido.mhlw.go.jp/znk-web/juminkanja/S2430/initialize?prefCd=34&kikanCd=7342018070&kikanKbn=5", "url2": "http://www.yu-wa-co.jp/pharmacy-list.html" }, "geometry": { "type": "Point", "coordinates": [ 132.504869, 34.410037 ] } },
{ "type": "Feature", "properties": { "内容": "いちご薬局　皆実町店【5:薬局】広島県広島市南区皆実町二丁目８番４－１０２号", "url": "https://www.iryou.teikyouseido.mhlw.go.jp/znk-web/juminkanja/S2430/initialize?prefCd=34&kikanCd=7342018080&kikanKbn=5", "url2": "http://www.yu-wa-co.jp/" }, "geometry": { "type": "Point", "coordinates": [ 132.466253, 34.377446 ] } },
{ "type": "Feature", "properties": { "内容": "白島みつば薬局【5:薬局】広島県広島市中区白島中町１２－２３", "url": "https://www.iryou.teikyouseido.mhlw.go.jp/znk-web/juminkanja/S2430/initialize?prefCd=34&kikanCd=7342018130&kikanKbn=5", "url2": null }, "geometry": { "type": "Point", "coordinates": [ 132.465567, 34.408425 ] } },
{ "type": "Feature", "properties": { "内容": "ミント薬局【5:薬局】広島県福山市南蔵王町五丁目２２－３４", "url": "https://www.iryou.teikyouseido.mhlw.go.jp/znk-web/juminkanja/S2430/initialize?prefCd=34&kikanCd=7342018170&kikanKbn=5", "url2": "www.yamasaki-ph.com/index.html" }, "geometry": { "type": "Point", "coordinates": [ 133.399623, 34.506348 ] } },
{ "type": "Feature", "properties": { "内容": "南蟹屋れもん薬局【5:薬局】広島県広島市南区南蟹屋一丁目３－３５", "url": "https://www.iryou.teikyouseido.mhlw.go.jp/znk-web/juminkanja/S2430/initialize?prefCd=34&kikanCd=7342018190&kikanKbn=5", "url2": "http://yu-wa-co.jp" }, "geometry": { "type": "Point", "coordinates": [ 132.48451, 34.389928 ] } },
{ "type": "Feature", "properties": { "内容": "コスモス薬局　呉中通店【5:薬局】広島県呉市中通２丁目８番１８号にいたにクリニックビル１階", "url": "https://www.iryou.teikyouseido.mhlw.go.jp/znk-web/juminkanja/S2430/initialize?prefCd=34&kikanCd=7342018220&kikanKbn=5", "url2": "http://www.reliance-cosmos.co.jp/" }, "geometry": { "type": "Point", "coordinates": [ 132.564983, 34.245111 ] } },
{ "type": "Feature", "properties": { "内容": "ミント薬局　仁保店【5:薬局】広島県広島市南区仁保新町１－８－１０", "url": "https://www.iryou.teikyouseido.mhlw.go.jp/znk-web/juminkanja/S2430/initialize?prefCd=34&kikanCd=7342018230&kikanKbn=5", "url2": "http://www.mint-pharmacy.jp" }, "geometry": { "type": "Point", "coordinates": [ 132.493482, 34.376346 ] } },
{ "type": "Feature", "properties": { "内容": "コスモス薬局　引野店【5:薬局】広島県福山市引野町五丁目２１－３６", "url": "https://www.iryou.teikyouseido.mhlw.go.jp/znk-web/juminkanja/S2430/initialize?prefCd=34&kikanCd=7342018240&kikanKbn=5", "url2": "http://www.reliance-cosmos.co.jp/" }, "geometry": { "type": "Point", "coordinates": [ 133.402513, 34.491572 ] } },
{ "type": "Feature", "properties": { "内容": "ちとせユーキ薬局【5:薬局】広島県福山市沼隈町草深１９１８－３", "url": "https://www.iryou.teikyouseido.mhlw.go.jp/znk-web/juminkanja/S2430/initialize?prefCd=34&kikanCd=7342018260&kikanKbn=5", "url2": "http://www.ssmile.co.jp/" }, "geometry": { "type": "Point", "coordinates": [ 133.32133, 34.390665 ] } },
{ "type": "Feature", "properties": { "内容": "有限会社　竹田薬局　バス通り店【5:薬局】広島県広島市南区東雲本町１－１２－６エトワール東雲本町１０３", "url": "https://www.iryou.teikyouseido.mhlw.go.jp/znk-web/juminkanja/S2430/initialize?prefCd=34&kikanCd=7342018320&kikanKbn=5", "url2": "http://www.takeda-pharmacy.jp/original8.html" }, "geometry": { "type": "Point", "coordinates": [ 132.485316, 34.381207 ] } },
{ "type": "Feature", "properties": { "内容": "尾道中央薬局　西御所店【5:薬局】広島県尾道市西御所町８－１１", "url": "https://www.iryou.teikyouseido.mhlw.go.jp/znk-web/juminkanja/S2430/initialize?prefCd=34&kikanCd=7342018340&kikanKbn=5", "url2": "http://www.e-classa.net/onomitityuuou/" }, "geometry": { "type": "Point", "coordinates": [ 133.18884, 34.403189 ] } },
{ "type": "Feature", "properties": { "内容": "アリチ薬局　新徳田店【5:薬局】広島県福山市神辺町新徳田３０８番地", "url": "https://www.iryou.teikyouseido.mhlw.go.jp/znk-web/juminkanja/S2430/initialize?prefCd=34&kikanCd=7342025001&kikanKbn=5", "url2": "https://www.kusurinomadoguchi.com/hiroshima/s714059" }, "geometry": { "type": "Point", "coordinates": [ 133.371004, 34.547267 ] } },
{ "type": "Feature", "properties": { "内容": "アリチ薬局　平野店【5:薬局】広島県福山市神辺町平野１２０番地７", "url": "https://www.iryou.teikyouseido.mhlw.go.jp/znk-web/juminkanja/S2430/initialize?prefCd=34&kikanCd=7342025002&kikanKbn=5", "url2": "https://www.kusurinomadoguchi.com/hiroshima/s56032" }, "geometry": { "type": "Point", "coordinates": [ 133.390783, 34.547431 ] } },
{ "type": "Feature", "properties": { "内容": "サンリ薬局【5:薬局】広島県広島市佐伯区八幡一丁目２２番１０号", "url": "https://www.iryou.teikyouseido.mhlw.go.jp/znk-web/juminkanja/S2430/initialize?prefCd=34&kikanCd=7342025003&kikanKbn=5", "url2": "https://sanri-pharmacy.jimdofree.com/" }, "geometry": { "type": "Point", "coordinates": [ 132.357596, 34.386951 ] } },
{ "type": "Feature", "properties": { "内容": "すなめ利薬局【5:薬局】広島県竹原市忠海中町二丁目２－４６", "url": "https://www.iryou.teikyouseido.mhlw.go.jp/znk-web/juminkanja/S2430/initialize?prefCd=34&kikanCd=7342025004&kikanKbn=5", "url2": null }, "geometry": { "type": "Point", "coordinates": [ 132.992316, 34.337636 ] } },
{ "type": "Feature", "properties": { "内容": "サンドラッグ藤三焼山薬局【5:薬局】広島県呉市焼山中央１丁目１４番１号", "url": "https://www.iryou.teikyouseido.mhlw.go.jp/znk-web/juminkanja/S2430/initialize?prefCd=34&kikanCd=7342025005&kikanKbn=5", "url2": "https://sundrug-online.com/blogs/search-store/8903" }, "geometry": { "type": "Point", "coordinates": [ 132.556322, 34.294285 ] } },
{ "type": "Feature", "properties": { "内容": "エフ薬局【5:薬局】広島県福山市新涯町三丁目２２番２６号", "url": "https://www.iryou.teikyouseido.mhlw.go.jp/znk-web/juminkanja/S2430/initialize?prefCd=34&kikanCd=7342025006&kikanKbn=5", "url2": "https://www.ynap-f.com/" }, "geometry": { "type": "Point", "coordinates": [ 133.393552, 34.460543 ] } },
{ "type": "Feature", "properties": { "内容": "阪神調剤薬局　広大店【5:薬局】広島県広島市南区出汐１丁目４番地６号Ｎコート１０１", "url": "https://www.iryou.teikyouseido.mhlw.go.jp/znk-web/juminkanja/S2430/initialize?prefCd=34&kikanCd=7342025007&kikanKbn=5", "url2": "https://i-h-inc.co.jp/" }, "geometry": { "type": "Point", "coordinates": [ 132.476956, 34.380135 ] } },
{ "type": "Feature", "properties": { "内容": "コトブキ調剤薬局　広島日赤前店【5:薬局】広島県広島市中区千田町一丁目６番１０号", "url": "https://www.iryou.teikyouseido.mhlw.go.jp/znk-web/juminkanja/S2430/initialize?prefCd=34&kikanCd=7342025008&kikanKbn=5", "url2": "https://www.sugi-net.jp/stores/005180" }, "geometry": { "type": "Point", "coordinates": [ 132.453731, 34.381284 ] } },
{ "type": "Feature", "properties": { "内容": "調剤薬局マツモトキヨシ広島中島町店【5:薬局】広島県広島市中区中島町６番１１号　１Ｆ", "url": "https://www.iryou.teikyouseido.mhlw.go.jp/znk-web/juminkanja/S2430/initialize?prefCd=34&kikanCd=7342025009&kikanKbn=5", "url2": "https://www.matsukiyococokara-online.com/map?kid=21405570" }, "geometry": { "type": "Point", "coordinates": [ 132.451116, 34.3898 ] } },
{ "type": "Feature", "properties": { "内容": "もみじ薬局　戸河内店【5:薬局】広島県山県郡安芸太田町戸河内８１３－７", "url": "https://www.iryou.teikyouseido.mhlw.go.jp/znk-web/juminkanja/S2430/initialize?prefCd=34&kikanCd=7342025010&kikanKbn=5", "url2": null }, "geometry": { "type": "Point", "coordinates": [ 132.225974, 34.578088 ] } },
{ "type": "Feature", "properties": { "内容": "にこぴん薬局　南蔵王店【5:薬局】広島県福山市南蔵王町六丁目４番２２号　ジュネス蔵王Ａ　１Ｆ", "url": "https://www.iryou.teikyouseido.mhlw.go.jp/znk-web/juminkanja/S2430/initialize?prefCd=34&kikanCd=7342025011&kikanKbn=5", "url2": null }, "geometry": { "type": "Point", "coordinates": [ 133.400958, 34.498961 ] } },
{ "type": "Feature", "properties": { "内容": "阪神調剤薬局　東広島店【5:薬局】広島県東広島市黒瀬町楢原２４３番地９", "url": "https://www.iryou.teikyouseido.mhlw.go.jp/znk-web/juminkanja/S2430/initialize?prefCd=34&kikanCd=7342025012&kikanKbn=5", "url2": null }, "geometry": { "type": "Point", "coordinates": [ 132.671219, 34.324354 ] } },
{ "type": "Feature", "properties": { "内容": "ウォンツ薬局　広島駅北店【5:薬局】広島県広島市東区光町二丁目６番２２号", "url": "https://www.iryou.teikyouseido.mhlw.go.jp/znk-web/juminkanja/S2430/initialize?prefCd=34&kikanCd=7342025013&kikanKbn=5", "url2": "https://www.wants.co.jp/" }, "geometry": { "type": "Point", "coordinates": [ 132.478412, 34.400591 ] } },
{ "type": "Feature", "properties": { "内容": "三原こころ薬局【5:薬局】広島県三原市中之町９－２４－２", "url": "https://www.iryou.teikyouseido.mhlw.go.jp/znk-web/juminkanja/S2430/initialize?prefCd=34&kikanCd=7342025014&kikanKbn=5", "url2": null }, "geometry": { "type": "Point", "coordinates": [ 133.111181, 34.427007 ] } },
{ "type": "Feature", "properties": { "内容": "ウォンツ東本浦薬局【5:薬局】広島県広島市南区東本浦町１８番６号", "url": "https://www.iryou.teikyouseido.mhlw.go.jp/znk-web/juminkanja/S2430/initialize?prefCd=34&kikanCd=7342025015&kikanKbn=5", "url2": "https://www.wants.co.jp/" }, "geometry": { "type": "Point", "coordinates": [ 132.491797, 34.375197 ] } },
{ "type": "Feature", "properties": { "内容": "アイン薬局三次十日市店【5:薬局】広島県三次市十日市東四丁目１－３０", "url": "https://www.iryou.teikyouseido.mhlw.go.jp/znk-web/juminkanja/S2430/initialize?prefCd=34&kikanCd=7342025017&kikanKbn=5", "url2": null }, "geometry": { "type": "Point", "coordinates": [ 132.859829, 34.804119 ] } },
{ "type": "Feature", "properties": { "内容": "アイン薬局三次店【5:薬局】広島県三次市十日市東４－１－１サングリーン第２ビル", "url": "https://www.iryou.teikyouseido.mhlw.go.jp/znk-web/juminkanja/S2430/initialize?prefCd=34&kikanCd=7342025018&kikanKbn=5", "url2": null }, "geometry": { "type": "Point", "coordinates": [ 132.858608, 34.803786 ] } },
{ "type": "Feature", "properties": { "内容": "ウォンツ福田薬局【5:薬局】広島県広島市東区福田六丁目２０６３番６", "url": "https://www.iryou.teikyouseido.mhlw.go.jp/znk-web/juminkanja/S2430/initialize?prefCd=34&kikanCd=7342025019&kikanKbn=5", "url2": "https://www.wants.co.jp/" }, "geometry": { "type": "Point", "coordinates": [ 132.546733, 34.455253 ] } },
{ "type": "Feature", "properties": { "内容": "モリオ薬局宮沖店【5:薬局】広島県三原市宮沖五丁目５－６", "url": "https://www.iryou.teikyouseido.mhlw.go.jp/znk-web/juminkanja/S2430/initialize?prefCd=34&kikanCd=7342025020&kikanKbn=5", "url2": "https://www.e-classa.net/moriopharmacy/index.html" }, "geometry": { "type": "Point", "coordinates": [ 133.07457, 34.39112 ] } },
{ "type": "Feature", "properties": { "内容": "オール薬局　廿日市店【5:薬局】広島県廿日市市平良山手１１－４７　１Ｆ", "url": "https://www.iryou.teikyouseido.mhlw.go.jp/znk-web/juminkanja/S2430/initialize?prefCd=34&kikanCd=7342025021&kikanKbn=5", "url2": "https://www.e-classa.net/owl-hatsukaichi/" }, "geometry": { "type": "Point", "coordinates": [ 132.334533, 34.358501 ] } },
{ "type": "Feature", "properties": { "内容": "さくらんぼ薬局　三篠店【5:薬局】広島県広島市西区三篠町三丁目２２番８号　レジデンス三篠１階", "url": "https://www.iryou.teikyouseido.mhlw.go.jp/znk-web/juminkanja/S2430/initialize?prefCd=34&kikanCd=7342025022&kikanKbn=5", "url2": null }, "geometry": { "type": "Point", "coordinates": [ 132.453851, 34.414524 ] } },
{ "type": "Feature", "properties": { "内容": "せとか薬局【5:薬局】広島県福山市瀬戸町長和１８４番地３", "url": "https://www.iryou.teikyouseido.mhlw.go.jp/znk-web/juminkanja/S2430/initialize?prefCd=34&kikanCd=7342025023&kikanKbn=5", "url2": "http://www.innoshima-ph.com/" }, "geometry": { "type": "Point", "coordinates": [ 133.327195, 34.48059 ] } },
{ "type": "Feature", "properties": { "内容": "あいら薬局広島【5:薬局】広島県広島市東区光町１－１１－５　１階", "url": "https://www.iryou.teikyouseido.mhlw.go.jp/znk-web/juminkanja/S2430/initialize?prefCd=34&kikanCd=7342025024&kikanKbn=5", "url2": null }, "geometry": { "type": "Point", "coordinates": [ 132.478167, 34.400272 ] } },
{ "type": "Feature", "properties": { "内容": "レデイ薬局　川内店【5:薬局】広島県広島市安佐南区川内六丁目２７番２５号", "url": "https://www.iryou.teikyouseido.mhlw.go.jp/znk-web/juminkanja/S2430/initialize?prefCd=34&kikanCd=7342025025&kikanKbn=5", "url2": "http://www.lady-drug.co.jp/" }, "geometry": { "type": "Point", "coordinates": [ 132.487693, 34.471861 ] } },
{ "type": "Feature", "properties": { "内容": "ププレひまわり薬局　本庄店【5:薬局】広島県福山市南本庄一丁目１０番１１号", "url": "https://www.iryou.teikyouseido.mhlw.go.jp/znk-web/juminkanja/S2430/initialize?prefCd=34&kikanCd=7342025026&kikanKbn=5", "url2": "https://store.welcia.co.jp/welcia/spot/detail?code=2545D" }, "geometry": { "type": "Point", "coordinates": [ 133.351415, 34.487505 ] } },
{ "type": "Feature", "properties": { "内容": "広島駅南口薬局【5:薬局】広島県広島市南区猿猴橋町２－１１", "url": "https://www.iryou.teikyouseido.mhlw.go.jp/znk-web/juminkanja/S2430/initialize?prefCd=34&kikanCd=7342025027&kikanKbn=5", "url2": "https://ms-pharmacy.jp/hiroshimast-s/" }, "geometry": { "type": "Point", "coordinates": [ 132.476089, 34.395336 ] } },
{ "type": "Feature", "properties": { "内容": "ふれあい薬局五月が丘店【5:薬局】広島県広島市佐伯区五月が丘五丁目２０番８号", "url": "https://www.iryou.teikyouseido.mhlw.go.jp/znk-web/juminkanja/S2430/initialize?prefCd=34&kikanCd=7342025028&kikanKbn=5", "url2": null }, "geometry": { "type": "Point", "coordinates": [ 132.401102, 34.426716 ] } },
{ "type": "Feature", "properties": { "内容": "蔵本薬局　中筋店【5:薬局】広島県広島市安佐南区中筋２－５－２０－中田ビル２０２", "url": "https://www.iryou.teikyouseido.mhlw.go.jp/znk-web/juminkanja/S2430/initialize?prefCd=34&kikanCd=7342025029&kikanKbn=5", "url2": "nakasuji@p.email.ne.jp" }, "geometry": { "type": "Point", "coordinates": [ 132.477851, 34.450823 ] } },
{ "type": "Feature", "properties": { "内容": "スモモ薬局【5:薬局】広島県福山市御門町三丁目８番８号", "url": "https://www.iryou.teikyouseido.mhlw.go.jp/znk-web/juminkanja/S2430/initialize?prefCd=34&kikanCd=7342025030&kikanKbn=5", "url2": "https://grit-h.co.jp" }, "geometry": { "type": "Point", "coordinates": [ 133.370403, 34.47698 ] } },
{ "type": "Feature", "properties": { "内容": "きぼう薬局【5:薬局】広島県安芸郡坂町坂西一丁目８番１０号", "url": "https://www.iryou.teikyouseido.mhlw.go.jp/znk-web/juminkanja/S2430/initialize?prefCd=34&kikanCd=7342025031&kikanKbn=5", "url2": null }, "geometry": { "type": "Point", "coordinates": [ 132.508956, 34.336974 ] } },
{ "type": "Feature", "properties": { "内容": "サンドラッグ広島皆実町薬局【5:薬局】広島県広島市南区皆実町六丁目１５番５号　２階", "url": "https://www.iryou.teikyouseido.mhlw.go.jp/znk-web/juminkanja/S2430/initialize?prefCd=34&kikanCd=7342025033&kikanKbn=5", "url2": "https://sundrug-online.com/blogs/search-store/8904" }, "geometry": { "type": "Point", "coordinates": [ 132.464094, 34.371893 ] } },
{ "type": "Feature", "properties": { "内容": "すずらん薬局　五日市店【5:薬局】広島県広島市佐伯区千同一丁目１４番２５号", "url": "https://www.iryou.teikyouseido.mhlw.go.jp/znk-web/juminkanja/S2430/initialize?prefCd=34&kikanCd=7342025034&kikanKbn=5", "url2": "https://www.horon-suzuran.com/" }, "geometry": { "type": "Point", "coordinates": [ 132.350177, 34.380271 ] } },
{ "type": "Feature", "properties": { "内容": "みかど薬局【5:薬局】広島県福山市御門町三丁目２番６号", "url": "https://www.iryou.teikyouseido.mhlw.go.jp/znk-web/juminkanja/S2430/initialize?prefCd=34&kikanCd=7342025035&kikanKbn=5", "url2": null }, "geometry": { "type": "Point", "coordinates": [ 133.371429, 34.478773 ] } },
{ "type": "Feature", "properties": { "内容": "オール薬局　石内店【5:薬局】広島県広島市佐伯区五日市町石内６７８２番地１", "url": "https://www.iryou.teikyouseido.mhlw.go.jp/znk-web/juminkanja/S2430/initialize?prefCd=34&kikanCd=7342025036&kikanKbn=5", "url2": "https://www.my-life.jp/owl/shop/" }, "geometry": { "type": "Point", "coordinates": [ 132.372184, 34.406276 ] } },
{ "type": "Feature", "properties": { "内容": "あおぞら薬局　不動院前店【5:薬局】広島県広島市東区牛田新町３丁目３－７", "url": "https://www.iryou.teikyouseido.mhlw.go.jp/znk-web/juminkanja/S2430/initialize?prefCd=34&kikanCd=7342025037&kikanKbn=5", "url2": null }, "geometry": { "type": "Point", "coordinates": [ 132.469762, 34.426923 ] } },
{ "type": "Feature", "properties": { "内容": "ウォンツ西条助実薬局【5:薬局】広島県東広島市西条町助実１２１７番１", "url": "https://www.iryou.teikyouseido.mhlw.go.jp/znk-web/juminkanja/S2430/initialize?prefCd=34&kikanCd=7342025038&kikanKbn=5", "url2": "https://shop.tsuruha-g.com/3990" }, "geometry": { "type": "Point", "coordinates": [ 132.754075, 34.42368 ] } },
{ "type": "Feature", "properties": { "内容": "ププレひまわり薬局　福山野上店【5:薬局】広島県福山市野上町３ー１０－３３", "url": "https://www.iryou.teikyouseido.mhlw.go.jp/znk-web/juminkanja/S2430/initialize?prefCd=34&kikanCd=7342025039&kikanKbn=5", "url2": null }, "geometry": { "type": "Point", "coordinates": [ 133.363429, 34.476024 ] } },
{ "type": "Feature", "properties": { "内容": "ププレひまわり薬局　三原本郷店【5:薬局】広島県三原市本郷南三丁目２８－１３", "url": "https://www.iryou.teikyouseido.mhlw.go.jp/znk-web/juminkanja/S2430/initialize?prefCd=34&kikanCd=7342025040&kikanKbn=5", "url2": "https://himawarinews.com/health/pharmacy" }, "geometry": { "type": "Point", "coordinates": [ 132.993028, 34.406544 ] } },
{ "type": "Feature", "properties": { "内容": "ウォンツ海老山薬局【5:薬局】広島県広島市佐伯区海老山町５番１９号", "url": "https://www.iryou.teikyouseido.mhlw.go.jp/znk-web/juminkanja/S2430/initialize?prefCd=34&kikanCd=7342025045&kikanKbn=5", "url2": "https://shop.tsuruha-g.com/4509" }, "geometry": { "type": "Point", "coordinates": [ 132.365773, 34.365362 ] } },
{ "type": "Feature", "properties": { "内容": "ププレひまわり薬局　広島舟入店【5:薬局】広島県広島市中区西川口町１０番４号", "url": "https://www.iryou.teikyouseido.mhlw.go.jp/znk-web/juminkanja/S2430/initialize?prefCd=34&kikanCd=7342025046&kikanKbn=5", "url2": "https://store.welcia.co.jp/welcia/spot/detail?code=2655D" }, "geometry": { "type": "Point", "coordinates": [ 132.438552, 34.382325 ] } },
{ "type": "Feature", "properties": { "内容": "リアン薬局【5:薬局】広島県福山市水呑町三新田１丁目６１０番地", "url": "https://www.iryou.teikyouseido.mhlw.go.jp/znk-web/juminkanja/S2430/initialize?prefCd=34&kikanCd=7345341840&kikanKbn=5", "url2": null }, "geometry": { "type": "Point", "coordinates": [ 133.386865, 34.446029 ] } },
{ "type": "Feature", "properties": { "内容": "株式会社　広島メディクスももたろう薬局　焼山店【5:薬局】広島県呉市焼山中央２－９－２２", "url": "https://www.iryou.teikyouseido.mhlw.go.jp/znk-web/juminkanja/S2430/initialize?prefCd=34&kikanCd=7345341842&kikanKbn=5", "url2": null }, "geometry": { "type": "Point", "coordinates": [ 132.559397, 34.296272 ] } },
{ "type": "Feature", "properties": { "内容": "ももたろう薬局　吉浦店【5:薬局】広島県呉市吉浦宮花町７－１２", "url": "https://www.iryou.teikyouseido.mhlw.go.jp/znk-web/juminkanja/S2430/initialize?prefCd=34&kikanCd=7345341843&kikanKbn=5", "url2": null }, "geometry": { "type": "Point", "coordinates": [ 132.525096, 34.258693 ] } },
{ "type": "Feature", "properties": { "内容": "コスモス薬局　大手町南店【5:薬局】広島県広島市中区大手町４－１－１　大手町平和ビル１階", "url": "https://www.iryou.teikyouseido.mhlw.go.jp/znk-web/juminkanja/S2430/initialize?prefCd=34&kikanCd=7345341844&kikanKbn=5", "url2": "http://www.reliance-cosmos.co.jp/" }, "geometry": { "type": "Point", "coordinates": [ 132.45393, 34.386011 ] } },
{ "type": "Feature", "properties": { "内容": "オール薬局　宇品店【5:薬局】広島県広島市南区宇品西三丁目１番４５－１号", "url": "https://www.iryou.teikyouseido.mhlw.go.jp/znk-web/juminkanja/S2430/initialize?prefCd=34&kikanCd=7345341846&kikanKbn=5", "url2": "https://www.e-classa.net/owl-ujina" }, "geometry": { "type": "Point", "coordinates": [ 132.459986, 34.363264 ] } },
{ "type": "Feature", "properties": { "内容": "コスモス薬局　たかの橋店【5:薬局】広島県広島市中区大手町五丁目２番１５号高田ビル１階", "url": "https://www.iryou.teikyouseido.mhlw.go.jp/znk-web/juminkanja/S2430/initialize?prefCd=34&kikanCd=7345341849&kikanKbn=5", "url2": "http://www.reliance-cosmos.co.jp/" }, "geometry": { "type": "Point", "coordinates": [ 132.451652, 34.384567 ] } },
{ "type": "Feature", "properties": { "内容": "リーフ薬局【5:薬局】広島県福山市青葉台一丁目１１番８号", "url": "https://www.iryou.teikyouseido.mhlw.go.jp/znk-web/juminkanja/S2430/initialize?prefCd=34&kikanCd=7345341850&kikanKbn=5", "url2": null }, "geometry": { "type": "Point", "coordinates": [ 133.428204, 34.51307 ] } },
{ "type": "Feature", "properties": { "内容": "オズ薬局　可部店【5:薬局】広島県広島市安佐北区可部四丁目２３番１３号八木興産クリニックビル", "url": "https://www.iryou.teikyouseido.mhlw.go.jp/znk-web/juminkanja/S2430/initialize?prefCd=34&kikanCd=7345341853&kikanKbn=5", "url2": null }, "geometry": { "type": "Point", "coordinates": [ 132.508808, 34.516415 ] } },
{ "type": "Feature", "properties": { "内容": "ふれあいぶどう薬局【5:薬局】広島県福山市沼隈町草深１９８０番地１０", "url": "https://www.iryou.teikyouseido.mhlw.go.jp/znk-web/juminkanja/S2430/initialize?prefCd=34&kikanCd=7345341854&kikanKbn=5", "url2": "http://www.ssmile.co.jp" }, "geometry": { "type": "Point", "coordinates": [ 133.322741, 34.387615 ] } },
{ "type": "Feature", "properties": { "内容": "東広島タカズミ薬局【5:薬局】広島県東広島市西条町寺家６６２３－４", "url": "https://www.iryou.teikyouseido.mhlw.go.jp/znk-web/juminkanja/S2430/initialize?prefCd=34&kikanCd=7345341855&kikanKbn=5", "url2": "www.takazumi.co.jp" }, "geometry": { "type": "Point", "coordinates": [ 132.728933, 34.429928 ] } },
{ "type": "Feature", "properties": { "内容": "オール薬局　五日市店【5:薬局】広島県広島市佐伯区五日市駅前一丁目５番１８　グラシアビル１０１号", "url": "https://www.iryou.teikyouseido.mhlw.go.jp/znk-web/juminkanja/S2430/initialize?prefCd=34&kikanCd=7345341857&kikanKbn=5", "url2": "http://www.e-classa.net/owl-itsukaichi/" }, "geometry": { "type": "Point", "coordinates": [ 132.367882, 34.3679 ] } },
{ "type": "Feature", "properties": { "内容": "ウォンツ　フォレオ広島東薬局【5:薬局】広島県広島市東区温品１－３－２", "url": "https://www.iryou.teikyouseido.mhlw.go.jp/znk-web/juminkanja/S2430/initialize?prefCd=34&kikanCd=7345341858&kikanKbn=5", "url2": "https://www.wants.co.jp/" }, "geometry": { "type": "Point", "coordinates": [ 132.505091, 34.408037 ] } },
{ "type": "Feature", "properties": { "内容": "ヘルシータウンジョイ薬局　廿日市市役所駅前店【5:薬局】広島県廿日市市新宮二丁目１－１０", "url": "https://www.iryou.teikyouseido.mhlw.go.jp/znk-web/juminkanja/S2430/initialize?prefCd=34&kikanCd=7345341860&kikanKbn=5", "url2": null }, "geometry": { "type": "Point", "coordinates": [ 132.328525, 34.353623 ] } },
{ "type": "Feature", "properties": { "内容": "株式会社　小松薬局　本庄店【5:薬局】広島県呉市焼山本庄４丁目８番１３号", "url": "https://www.iryou.teikyouseido.mhlw.go.jp/znk-web/juminkanja/S2430/initialize?prefCd=34&kikanCd=7345341861&kikanKbn=5", "url2": "http://www.komatsupharmacy.co.jp/" }, "geometry": { "type": "Point", "coordinates": [ 132.553203, 34.304327 ] } },
{ "type": "Feature", "properties": { "内容": "ケツメイシ薬局【5:薬局】広島県呉市焼山中央２丁目９－４０", "url": "https://www.iryou.teikyouseido.mhlw.go.jp/znk-web/juminkanja/S2430/initialize?prefCd=34&kikanCd=7345341863&kikanKbn=5", "url2": "http://ketumeishi.com" }, "geometry": { "type": "Point", "coordinates": [ 132.559925, 34.296495 ] } },
{ "type": "Feature", "properties": { "内容": "さわやか薬局【5:薬局】広島県広島市南区東本浦町２２－２９", "url": "https://www.iryou.teikyouseido.mhlw.go.jp/znk-web/juminkanja/S2430/initialize?prefCd=34&kikanCd=7345341864&kikanKbn=5", "url2": "http://yuushin.cc/shop/sawayaka/" }, "geometry": { "type": "Point", "coordinates": [ 132.491649, 34.374652 ] } },
{ "type": "Feature", "properties": { "内容": "こごみ薬局【5:薬局】広島県広島市西区草津梅が台１２番５号", "url": "https://www.iryou.teikyouseido.mhlw.go.jp/znk-web/juminkanja/S2430/initialize?prefCd=34&kikanCd=7345341865&kikanKbn=5", "url2": "http://www.kogomi.jp/store.html" }, "geometry": { "type": "Point", "coordinates": [ 132.393435, 34.377289 ] } },
{ "type": "Feature", "properties": { "内容": "あんず薬局　仁保店【5:薬局】広島県広島市南区仁保新町二丁目４番６－１０３号", "url": "https://www.iryou.teikyouseido.mhlw.go.jp/znk-web/juminkanja/S2430/initialize?prefCd=34&kikanCd=7345341866&kikanKbn=5", "url2": "https://ks-office.group/" }, "geometry": { "type": "Point", "coordinates": [ 132.495066, 34.376207 ] } },
{ "type": "Feature", "properties": { "内容": "イオン薬局　広島祇園店【5:薬局】広島県広島市安佐南区祇園三丁目２－１イオン広島祇園店１階", "url": "https://www.iryou.teikyouseido.mhlw.go.jp/znk-web/juminkanja/S2430/initialize?prefCd=34&kikanCd=7345341867&kikanKbn=5", "url2": null }, "geometry": { "type": "Point", "coordinates": [ 132.460927, 34.443088 ] } },
{ "type": "Feature", "properties": { "内容": "津部田薬局【5:薬局】広島県尾道市向島町１４７６３－３", "url": "https://www.iryou.teikyouseido.mhlw.go.jp/znk-web/juminkanja/S2430/initialize?prefCd=34&kikanCd=7345341869&kikanKbn=5", "url2": null }, "geometry": { "type": "Point", "coordinates": [ 133.217561, 34.379497 ] } },
{ "type": "Feature", "properties": { "内容": "トータス薬局　比治山店【5:薬局】広島県広島市南区比治山本町１１番１８号", "url": "https://www.iryou.teikyouseido.mhlw.go.jp/znk-web/juminkanja/S2430/initialize?prefCd=34&kikanCd=7345341870&kikanKbn=5", "url2": "tortoise-yakkyoku.jimdofree.com" }, "geometry": { "type": "Point", "coordinates": [ 132.470734, 34.378845 ] } },
{ "type": "Feature", "properties": { "内容": "アース薬局【5:薬局】広島県福山市松永町三丁目７番３９－４号", "url": "https://www.iryou.teikyouseido.mhlw.go.jp/znk-web/juminkanja/S2430/initialize?prefCd=34&kikanCd=7345341871&kikanKbn=5", "url2": "http://center-yakkyoku.com" }, "geometry": { "type": "Point", "coordinates": [ 133.257444, 34.445963 ] } },
{ "type": "Feature", "properties": { "内容": "ひので薬局　別館【5:薬局】広島県尾道市平原一丁目２０－４１", "url": "https://www.iryou.teikyouseido.mhlw.go.jp/znk-web/juminkanja/S2430/initialize?prefCd=34&kikanCd=7345341872&kikanKbn=5", "url2": "https://www.tower-medical.jp/" }, "geometry": { "type": "Point", "coordinates": [ 133.174619, 34.407133 ] } },
{ "type": "Feature", "properties": { "内容": "ひので薬局　本館【5:薬局】広島県尾道市平原一丁目２０－４４", "url": "https://www.iryou.teikyouseido.mhlw.go.jp/znk-web/juminkanja/S2430/initialize?prefCd=34&kikanCd=7345341873&kikanKbn=5", "url2": "https://www.tower-medical.jp/store#ttl-navi09" }, "geometry": { "type": "Point", "coordinates": [ 133.174924, 34.407019 ] } },
{ "type": "Feature", "properties": { "内容": "なの花薬局　平原店【5:薬局】広島県尾道市平原一丁目２０－４６", "url": "https://www.iryou.teikyouseido.mhlw.go.jp/znk-web/juminkanja/S2430/initialize?prefCd=34&kikanCd=7345341874&kikanKbn=5", "url2": "https://www.nanohana-ph.jp/" }, "geometry": { "type": "Point", "coordinates": [ 133.174897, 34.406938 ] } },
{ "type": "Feature", "properties": { "内容": "あすか薬局　幟町店【5:薬局】広島県広島市中区幟町５番２５－１０４号", "url": "https://www.iryou.teikyouseido.mhlw.go.jp/znk-web/juminkanja/S2430/initialize?prefCd=34&kikanCd=7345341876&kikanKbn=5", "url2": null }, "geometry": { "type": "Point", "coordinates": [ 132.467178, 34.394982 ] } },
{ "type": "Feature", "properties": { "内容": "アプコＵｎｉｔｙ薬局【5:薬局】広島県尾道市平原一丁目１０－２５", "url": "https://www.iryou.teikyouseido.mhlw.go.jp/znk-web/juminkanja/S2430/initialize?prefCd=34&kikanCd=7345341878&kikanKbn=5", "url2": "https://www.apco-group.jp/" }, "geometry": { "type": "Point", "coordinates": [ 133.175952, 34.407688 ] } },
{ "type": "Feature", "properties": { "内容": "ファーマシィ薬局　病院前【5:薬局】広島県尾道市新高山三丁目１１７０－１０９", "url": "https://www.iryou.teikyouseido.mhlw.go.jp/znk-web/juminkanja/S2430/initialize?prefCd=34&kikanCd=7345341879&kikanKbn=5", "url2": "https://www.pharmacy-net.co.jp" }, "geometry": { "type": "Point", "coordinates": [ 133.214765, 34.421686 ] } },
{ "type": "Feature", "properties": { "内容": "すみれ薬局【5:薬局】広島県尾道市高須町３６５６－３", "url": "https://www.iryou.teikyouseido.mhlw.go.jp/znk-web/juminkanja/S2430/initialize?prefCd=34&kikanCd=7345341880&kikanKbn=5", "url2": null }, "geometry": { "type": "Point", "coordinates": [ 133.231196, 34.440436 ] } },
{ "type": "Feature", "properties": { "内容": "コスモス薬局【5:薬局】広島県広島市中区八丁堀１番１２号　マスキ八丁堀ビル１階", "url": "https://www.iryou.teikyouseido.mhlw.go.jp/znk-web/juminkanja/S2430/initialize?prefCd=34&kikanCd=7345341881&kikanKbn=5", "url2": "http://www.reliance-cosmos.co.jp/" }, "geometry": { "type": "Point", "coordinates": [ 132.463734, 34.397593 ] } },
{ "type": "Feature", "properties": { "内容": "ウォンツ　地下街シャレオ薬局【5:薬局】広島県広島市中区基町地下街１０５号", "url": "https://www.iryou.teikyouseido.mhlw.go.jp/znk-web/juminkanja/S2430/initialize?prefCd=34&kikanCd=7345341883&kikanKbn=5", "url2": "https://www.wants.co.jp/" }, "geometry": { "type": "Point", "coordinates": [ 132.454985, 34.386289 ] } },
{ "type": "Feature", "properties": { "内容": "海田タカズミ薬局【5:薬局】広島県安芸郡海田町幸町８－１４－３", "url": "https://www.iryou.teikyouseido.mhlw.go.jp/znk-web/juminkanja/S2430/initialize?prefCd=34&kikanCd=7345341884&kikanKbn=5", "url2": "www.takazumi.co.jp" }, "geometry": { "type": "Point", "coordinates": [ 132.542701, 34.368598 ] } },
{ "type": "Feature", "properties": { "内容": "あすなろ薬局【5:薬局】広島県呉市広古新開七丁目４０番１号", "url": "https://www.iryou.teikyouseido.mhlw.go.jp/znk-web/juminkanja/S2430/initialize?prefCd=34&kikanCd=7345341885&kikanKbn=5", "url2": "https://asunaro-pharm.com" }, "geometry": { "type": "Point", "coordinates": [ 132.622172, 34.240252 ] } },
{ "type": "Feature", "properties": { "内容": "はなぶさ一心堂薬局【5:薬局】広島県広島市佐伯区五日市駅前三丁目５番１３号　小山ビル", "url": "https://www.iryou.teikyouseido.mhlw.go.jp/znk-web/juminkanja/S2430/initialize?prefCd=34&kikanCd=7345341888&kikanKbn=5", "url2": null }, "geometry": { "type": "Point", "coordinates": [ 132.367438, 34.368984 ] } },
{ "type": "Feature", "properties": { "内容": "あすか薬局　温品店【5:薬局】広島県広島市東区温品一丁目２番４４号", "url": "https://www.iryou.teikyouseido.mhlw.go.jp/znk-web/juminkanja/S2430/initialize?prefCd=34&kikanCd=7345341889&kikanKbn=5", "url2": null }, "geometry": { "type": "Point", "coordinates": [ 132.505147, 34.409676 ] } },
{ "type": "Feature", "properties": { "内容": "ファーマシィ薬局新高山【5:薬局】広島県尾道市新高山三丁目１１７０－２４７", "url": "https://www.iryou.teikyouseido.mhlw.go.jp/znk-web/juminkanja/S2430/initialize?prefCd=34&kikanCd=7345341891&kikanKbn=5", "url2": "http://www.pharmacy-net.co.jp/" }, "geometry": { "type": "Point", "coordinates": [ 133.214698, 34.422104 ] } },
{ "type": "Feature", "properties": { "内容": "あい薬局　平原店【5:薬局】広島県尾道市平原一丁目２０－５０", "url": "https://www.iryou.teikyouseido.mhlw.go.jp/znk-web/juminkanja/S2430/initialize?prefCd=34&kikanCd=7345341892&kikanKbn=5", "url2": "http://xn--l8je4984a4v8a.com/" }, "geometry": { "type": "Point", "coordinates": [ 133.175369, 34.406633 ] } },
{ "type": "Feature", "properties": { "内容": "おひさま薬局【5:薬局】広島県尾道市新高山三丁目１１７０－２１４", "url": "https://www.iryou.teikyouseido.mhlw.go.jp/znk-web/juminkanja/S2430/initialize?prefCd=34&kikanCd=7345341894&kikanKbn=5", "url2": "https://www.ekiten.jp/shop_6616119/" }, "geometry": { "type": "Point", "coordinates": [ 133.214748, 34.421929 ] } },
{ "type": "Feature", "properties": { "内容": "コスモス薬局　日赤病院前【5:薬局】広島県広島市中区千田町一丁目９番１号", "url": "https://www.iryou.teikyouseido.mhlw.go.jp/znk-web/juminkanja/S2430/initialize?prefCd=34&kikanCd=7345341896&kikanKbn=5", "url2": "http://www.reliance-cosmos.co.jp/" }, "geometry": { "type": "Point", "coordinates": [ 132.454902, 34.381734 ] } },
{ "type": "Feature", "properties": { "内容": "ウォンツ福山伊勢丘薬局【5:薬局】広島県福山市伊勢丘三丁目３番１号", "url": "https://www.iryou.teikyouseido.mhlw.go.jp/znk-web/juminkanja/S2430/initialize?prefCd=34&kikanCd=7345341897&kikanKbn=5", "url2": "https://www.wants.co.jp/" }, "geometry": { "type": "Point", "coordinates": [ 133.422344, 34.502932 ] } },
{ "type": "Feature", "properties": { "内容": "ウォンツ　佐方薬局【5:薬局】広島県廿日市市佐方４－２－２０", "url": "https://www.iryou.teikyouseido.mhlw.go.jp/znk-web/juminkanja/S2430/initialize?prefCd=34&kikanCd=7345341900&kikanKbn=5", "url2": "https://www.wants.co.jp/" }, "geometry": { "type": "Point", "coordinates": [ 132.344162, 34.366706 ] } },
{ "type": "Feature", "properties": { "内容": "そうごう薬局　安川通り店【5:薬局】広島県広島市安佐南区相田一丁目１４番４号", "url": "https://www.iryou.teikyouseido.mhlw.go.jp/znk-web/juminkanja/S2430/initialize?prefCd=34&kikanCd=7345341901&kikanKbn=5", "url2": "http://www.sogo-medical.co.jp/sogopharmacy/shop/list/34" }, "geometry": { "type": "Point", "coordinates": [ 132.455037, 34.471641 ] } },
{ "type": "Feature", "properties": { "内容": "東宝薬局【5:薬局】広島県広島市東区牛田本町二丁目１番１８号", "url": "https://www.iryou.teikyouseido.mhlw.go.jp/znk-web/juminkanja/S2430/initialize?prefCd=34&kikanCd=7345341905&kikanKbn=5", "url2": null }, "geometry": { "type": "Point", "coordinates": [ 132.470483, 34.411759 ] } },
{ "type": "Feature", "properties": { "内容": "有限会社蔵王薬局【5:薬局】広島県福山市蔵王町１６２番地１", "url": "https://www.iryou.teikyouseido.mhlw.go.jp/znk-web/juminkanja/S2430/initialize?prefCd=34&kikanCd=7345341907&kikanKbn=5", "url2": null }, "geometry": { "type": "Point", "coordinates": [ 133.401567, 34.514653 ] } },
{ "type": "Feature", "properties": { "内容": "イオン薬局　広島段原店【5:薬局】広島県広島市南区段原南一丁目３番５２号　　２階", "url": "https://www.iryou.teikyouseido.mhlw.go.jp/znk-web/juminkanja/S2430/initialize?prefCd=34&kikanCd=7345341908&kikanKbn=5", "url2": null }, "geometry": { "type": "Point", "coordinates": [ 132.475622, 34.385289 ] } },
{ "type": "Feature", "properties": { "内容": "すずらん薬局　舟入店【5:薬局】広島県広島市中区舟入南四丁目１番６３号　　２階", "url": "https://www.iryou.teikyouseido.mhlw.go.jp/znk-web/juminkanja/S2430/initialize?prefCd=34&kikanCd=7345341909&kikanKbn=5", "url2": "http://horon-suzuran.co.jp/new/tenpo-detail/funairi/" }, "geometry": { "type": "Point", "coordinates": [ 132.441098, 34.376012 ] } },
{ "type": "Feature", "properties": { "内容": "ももたろう薬局　熊野店【5:薬局】広島県安芸郡熊野町川角３－４－１０", "url": "https://www.iryou.teikyouseido.mhlw.go.jp/znk-web/juminkanja/S2430/initialize?prefCd=34&kikanCd=7345341910&kikanKbn=5", "url2": null }, "geometry": { "type": "Point", "coordinates": [ 132.574728, 34.323853 ] } },
{ "type": "Feature", "properties": { "内容": "ありす薬局　高須店【5:薬局】広島県尾道市高須町４７８８－１１－１０２", "url": "https://www.iryou.teikyouseido.mhlw.go.jp/znk-web/juminkanja/S2430/initialize?prefCd=34&kikanCd=7345341911&kikanKbn=5", "url2": null }, "geometry": { "type": "Point", "coordinates": [ 133.23689, 34.431464 ] } },
{ "type": "Feature", "properties": { "内容": "コスモス薬局　光南店【5:薬局】広島県広島市中区光南一丁目１１番１１号", "url": "https://www.iryou.teikyouseido.mhlw.go.jp/znk-web/juminkanja/S2430/initialize?prefCd=34&kikanCd=7345341912&kikanKbn=5", "url2": "http://www.reliance-cosmos.co.jp/" }, "geometry": { "type": "Point", "coordinates": [ 132.447376, 34.367235 ] } },
{ "type": "Feature", "properties": { "内容": "そうごう薬局　五日市中央店【5:薬局】広島県広島市佐伯区五日市中央三丁目８番１４号", "url": "https://www.iryou.teikyouseido.mhlw.go.jp/znk-web/juminkanja/S2430/initialize?prefCd=34&kikanCd=7345341913&kikanKbn=5", "url2": "http://www.sogo-medical.co.jp/sogopharmacy/shop/view/399" }, "geometry": { "type": "Point", "coordinates": [ 132.351522, 34.370566 ] } },
{ "type": "Feature", "properties": { "内容": "そうごう薬局　フジグラン広島店【5:薬局】広島県広島市中区宝町２番１号　フジグラン広島４階", "url": "https://www.iryou.teikyouseido.mhlw.go.jp/znk-web/juminkanja/S2430/initialize?prefCd=34&kikanCd=7345341915&kikanKbn=5", "url2": "https://www.sogo-pharmacy.jp/shop/view/404" }, "geometry": { "type": "Point", "coordinates": [ 132.464346, 34.385428 ] } },
{ "type": "Feature", "properties": { "内容": "ファーマシィ薬局　こうぬ【5:薬局】広島県三次市甲奴町本郷６３６－１１", "url": "https://www.iryou.teikyouseido.mhlw.go.jp/znk-web/juminkanja/S2430/initialize?prefCd=34&kikanCd=7345341917&kikanKbn=5", "url2": "https://www.pharmacy-net.co.jp" }, "geometry": { "type": "Point", "coordinates": [ 133.082224, 34.704821 ] } },
{ "type": "Feature", "properties": { "内容": "温品キララ薬局【5:薬局】広島県広島市東区温品七丁目１２番２１号", "url": "https://www.iryou.teikyouseido.mhlw.go.jp/znk-web/juminkanja/S2430/initialize?prefCd=34&kikanCd=7345341918&kikanKbn=5", "url2": "https://www.nexus-g.jp/" }, "geometry": { "type": "Point", "coordinates": [ 132.509396, 34.413259 ] } },
{ "type": "Feature", "properties": { "内容": "あすなろ薬局【5:薬局】広島県竹原市中央二丁目１４－８", "url": "https://www.iryou.teikyouseido.mhlw.go.jp/znk-web/juminkanja/S2430/initialize?prefCd=34&kikanCd=7345341919&kikanKbn=5", "url2": null }, "geometry": { "type": "Point", "coordinates": [ 132.911144, 34.343496 ] } },
{ "type": "Feature", "properties": { "内容": "あおぞら薬局　広公園店【5:薬局】広島県呉市広駅前１丁目４番６４号", "url": "https://www.iryou.teikyouseido.mhlw.go.jp/znk-web/juminkanja/S2430/initialize?prefCd=34&kikanCd=7345341920&kikanKbn=5", "url2": "https://www.rising-hiroshima.com/" }, "geometry": { "type": "Point", "coordinates": [ 132.6272, 34.231003 ] } },
{ "type": "Feature", "properties": { "内容": "ウォンツ薬局　古江駅前店【5:薬局】広島県広島市西区庚午中二丁目１９番２０号", "url": "https://www.iryou.teikyouseido.mhlw.go.jp/znk-web/juminkanja/S2430/initialize?prefCd=34&kikanCd=7345341921&kikanKbn=5", "url2": "https://www.wants.co.jp/" }, "geometry": { "type": "Point", "coordinates": [ 132.411572, 34.386205 ] } },
{ "type": "Feature", "properties": { "内容": "にこぴん薬局手城町店【5:薬局】広島県福山市手城町二丁目１番１６号", "url": "https://www.iryou.teikyouseido.mhlw.go.jp/znk-web/juminkanja/S2430/initialize?prefCd=34&kikanCd=7345341922&kikanKbn=5", "url2": "http://www.nikopin.com/teshirotyoutennhtml.html" }, "geometry": { "type": "Point", "coordinates": [ 133.388209, 34.487878 ] } },
{ "type": "Feature", "properties": { "内容": "かなえ薬局　ヒロシマ【5:薬局】広島県広島市佐伯区利松三丁目６番２９号", "url": "https://www.iryou.teikyouseido.mhlw.go.jp/znk-web/juminkanja/S2430/initialize?prefCd=34&kikanCd=7345341923&kikanKbn=5", "url2": "https://www.uirapo.co.jp/" }, "geometry": { "type": "Point", "coordinates": [ 132.365603, 34.400452 ] } },
{ "type": "Feature", "properties": { "内容": "オリーブ薬局　西御所店【5:薬局】広島県尾道市西御所町２－１６", "url": "https://www.iryou.teikyouseido.mhlw.go.jp/znk-web/juminkanja/S2430/initialize?prefCd=34&kikanCd=7345341926&kikanKbn=5", "url2": "http://www.ssmile.co.jp" }, "geometry": { "type": "Point", "coordinates": [ 133.190118, 34.403661 ] } },
{ "type": "Feature", "properties": { "内容": "ありす薬局　土堂店【5:薬局】広島県尾道市土堂１丁目１－１２", "url": "https://www.iryou.teikyouseido.mhlw.go.jp/znk-web/juminkanja/S2430/initialize?prefCd=34&kikanCd=7345341927&kikanKbn=5", "url2": "http://tower-medical.jp" }, "geometry": { "type": "Point", "coordinates": [ 133.196162, 34.406098 ] } },
{ "type": "Feature", "properties": { "内容": "とも水呑薬局【5:薬局】広島県福山市水呑町三新田２丁目１番地", "url": "https://www.iryou.teikyouseido.mhlw.go.jp/znk-web/juminkanja/S2430/initialize?prefCd=34&kikanCd=7345341930&kikanKbn=5", "url2": null }, "geometry": { "type": "Point", "coordinates": [ 133.388175, 34.447191 ] } },
{ "type": "Feature", "properties": { "内容": "アイリス薬局【5:薬局】広島県尾道市長江一丁目２３－７", "url": "https://www.iryou.teikyouseido.mhlw.go.jp/znk-web/juminkanja/S2430/initialize?prefCd=34&kikanCd=7345341933&kikanKbn=5", "url2": null }, "geometry": { "type": "Point", "coordinates": [ 133.20045, 34.413327 ] } },
{ "type": "Feature", "properties": { "内容": "薬局ドラッグス　ソウ　フレスタ波出石店【5:薬局】広島県広島市佐伯区五日市中央七丁目１６番２６号", "url": "https://www.iryou.teikyouseido.mhlw.go.jp/znk-web/juminkanja/S2430/initialize?prefCd=34&kikanCd=7345341934&kikanKbn=5", "url2": "https://maps.app.goo.gl/Q8RKbDXdF4YL15XJ6?g_st=ic" }, "geometry": { "type": "Point", "coordinates": [ 132.356049, 34.382621 ] } },
{ "type": "Feature", "properties": { "内容": "株式会社ジェイ・ウィル　さくら薬局中筋店【5:薬局】広島県広島市安佐南区中筋３丁目２７番２１号", "url": "https://www.iryou.teikyouseido.mhlw.go.jp/znk-web/juminkanja/S2430/initialize?prefCd=34&kikanCd=7345341935&kikanKbn=5", "url2": null }, "geometry": { "type": "Point", "coordinates": [ 132.477564, 34.452727 ] } },
{ "type": "Feature", "properties": { "内容": "日本調剤　広大前薬局【5:薬局】広島県広島市南区出汐一丁目５番１５号　１階", "url": "https://www.iryou.teikyouseido.mhlw.go.jp/znk-web/juminkanja/S2430/initialize?prefCd=34&kikanCd=7345341936&kikanKbn=5", "url2": "http://www.nicho.co.jp/tenpo/hirodaimae/" }, "geometry": { "type": "Point", "coordinates": [ 132.476678, 34.380095 ] } },
{ "type": "Feature", "properties": { "内容": "ウォンツ薬局　光町２号店【5:薬局】広島県広島市東区光町１丁目９番２８号", "url": "https://www.iryou.teikyouseido.mhlw.go.jp/znk-web/juminkanja/S2430/initialize?prefCd=34&kikanCd=7345341938&kikanKbn=5", "url2": "https://wants.co.jp/" }, "geometry": { "type": "Point", "coordinates": [ 132.479566, 34.399954 ] } },
{ "type": "Feature", "properties": { "内容": "キララ薬局　五日市北口店【5:薬局】広島県広島市佐伯区五日市駅前一丁目１１番５号", "url": "https://www.iryou.teikyouseido.mhlw.go.jp/znk-web/juminkanja/S2430/initialize?prefCd=34&kikanCd=7345341940&kikanKbn=5", "url2": "https://www.nexus-g.jp" }, "geometry": { "type": "Point", "coordinates": [ 132.367299, 34.367039 ] } },
{ "type": "Feature", "properties": { "内容": "よつば薬局【5:薬局】広島県安芸郡府中町大通二丁目１０番１０号", "url": "https://www.iryou.teikyouseido.mhlw.go.jp/znk-web/juminkanja/S2430/initialize?prefCd=34&kikanCd=7345341942&kikanKbn=5", "url2": null }, "geometry": { "type": "Point", "coordinates": [ 132.503536, 34.390845 ] } },
{ "type": "Feature", "properties": { "内容": "ハロー薬局【5:薬局】広島県福山市船町３番３号", "url": "https://www.iryou.teikyouseido.mhlw.go.jp/znk-web/juminkanja/S2430/initialize?prefCd=34&kikanCd=7345341943&kikanKbn=5", "url2": "http://hello-yakkyoku.hp.gogo.jp/pc/" }, "geometry": { "type": "Point", "coordinates": [ 133.368377, 34.486961 ] } },
{ "type": "Feature", "properties": { "内容": "ペリカン薬局【5:薬局】広島県広島市安佐南区上安町二丁目２０番４０号１階", "url": "https://www.iryou.teikyouseido.mhlw.go.jp/znk-web/juminkanja/S2430/initialize?prefCd=34&kikanCd=7345341946&kikanKbn=5", "url2": "https://keirakusha.main.jp/wordpress/" }, "geometry": { "type": "Point", "coordinates": [ 132.445454, 34.47564 ] } },
{ "type": "Feature", "properties": { "内容": "あおぞら薬局　広中町店【5:薬局】広島県呉市広中町１１番１７号　エスペランス広中町１Ｆ", "url": "https://www.iryou.teikyouseido.mhlw.go.jp/znk-web/juminkanja/S2430/initialize?prefCd=34&kikanCd=7345341948&kikanKbn=5", "url2": null }, "geometry": { "type": "Point", "coordinates": [ 132.624395, 34.230253 ] } },
{ "type": "Feature", "properties": { "内容": "ウォンツ　宇品東薬局【5:薬局】広島県広島市南区宇品東二丁目３番１８号", "url": "https://www.iryou.teikyouseido.mhlw.go.jp/znk-web/juminkanja/S2430/initialize?prefCd=34&kikanCd=7345341949&kikanKbn=5", "url2": "https://www.wants.co.jp/" }, "geometry": { "type": "Point", "coordinates": [ 132.470124, 34.365347 ] } },
{ "type": "Feature", "properties": { "内容": "ウォンツ　三次東薬局【5:薬局】広島県三次市南畑敷町３３０－１", "url": "https://www.iryou.teikyouseido.mhlw.go.jp/znk-web/juminkanja/S2430/initialize?prefCd=34&kikanCd=7345341951&kikanKbn=5", "url2": "https://www.wants.co.jp/" }, "geometry": { "type": "Point", "coordinates": [ 132.875681, 34.805529 ] } },
{ "type": "Feature", "properties": { "内容": "コスモス薬局　宝町店【5:薬局】広島県広島市中区宝町４番７号　笹尾ビル１階", "url": "https://www.iryou.teikyouseido.mhlw.go.jp/znk-web/juminkanja/S2430/initialize?prefCd=34&kikanCd=7345341952&kikanKbn=5", "url2": "http://www.reliance-cosmos.co.jp/" }, "geometry": { "type": "Point", "coordinates": [ 132.463429, 34.385983 ] } },
{ "type": "Feature", "properties": { "内容": "イオン薬局　みゆき店【5:薬局】広島県広島市南区宇品御幸一丁目９番１２号", "url": "https://www.iryou.teikyouseido.mhlw.go.jp/znk-web/juminkanja/S2430/initialize?prefCd=34&kikanCd=7345341953&kikanKbn=5", "url2": null }, "geometry": { "type": "Point", "coordinates": [ 132.464319, 34.368874 ] } },
{ "type": "Feature", "properties": { "内容": "ふの薬局【5:薬局】広島県三次市布野町上布野字小原１４９１－２", "url": "https://www.iryou.teikyouseido.mhlw.go.jp/znk-web/juminkanja/S2430/initialize?prefCd=34&kikanCd=7345341954&kikanKbn=5", "url2": "http://nogata-medical.com" }, "geometry": { "type": "Point", "coordinates": [ 132.782047, 34.883567 ] } },
{ "type": "Feature", "properties": { "内容": "ピーチ薬局　鉄砲町店【5:薬局】広島県広島市中区鉄砲町３番１８号", "url": "https://www.iryou.teikyouseido.mhlw.go.jp/znk-web/juminkanja/S2430/initialize?prefCd=34&kikanCd=7345341955&kikanKbn=5", "url2": null }, "geometry": { "type": "Point", "coordinates": [ 132.465557, 34.396959 ] } },
{ "type": "Feature", "properties": { "内容": "あわや薬局【5:薬局】広島県三次市粟屋町１７３１番地", "url": "https://www.iryou.teikyouseido.mhlw.go.jp/znk-web/juminkanja/S2430/initialize?prefCd=34&kikanCd=7345341957&kikanKbn=5", "url2": "http://www.mikk-ligar.jp/" }, "geometry": { "type": "Point", "coordinates": [ 132.836795, 34.810306 ] } },
{ "type": "Feature", "properties": { "内容": "ドレミファ薬局【5:薬局】広島県尾道市栗原町１１４８２－１", "url": "https://www.iryou.teikyouseido.mhlw.go.jp/znk-web/juminkanja/S2430/initialize?prefCd=34&kikanCd=7345341962&kikanKbn=5", "url2": null }, "geometry": { "type": "Point", "coordinates": [ 133.190616, 34.435352 ] } },
{ "type": "Feature", "properties": { "内容": "コストコホールセール広島倉庫店薬局【5:薬局】広島県広島市南区南蟹屋二丁目３番４号", "url": "https://www.iryou.teikyouseido.mhlw.go.jp/znk-web/juminkanja/S2430/initialize?prefCd=34&kikanCd=7345341963&kikanKbn=5", "url2": "https://phm.costco.co.jp" }, "geometry": { "type": "Point", "coordinates": [ 132.486343, 34.39115 ] } },
{ "type": "Feature", "properties": { "内容": "有限会社　直方メディカルサービス　みのり薬局【5:薬局】広島県三次市江田川之内町１３６８－３", "url": "https://www.iryou.teikyouseido.mhlw.go.jp/znk-web/juminkanja/S2430/initialize?prefCd=34&kikanCd=7345341965&kikanKbn=5", "url2": null }, "geometry": { "type": "Point", "coordinates": [ 132.907902, 34.777783 ] } },
{ "type": "Feature", "properties": { "内容": "府中うさぎ薬局【5:薬局】広島県安芸郡府中町石井城二丁目１０－２８サンハイツ府中１０１", "url": "https://www.iryou.teikyouseido.mhlw.go.jp/znk-web/juminkanja/S2430/initialize?prefCd=34&kikanCd=7345341966&kikanKbn=5", "url2": null }, "geometry": { "type": "Point", "coordinates": [ 132.508101, 34.400387 ] } },
{ "type": "Feature", "properties": { "内容": "そうごう薬局　御薗宇店【5:薬局】広島県東広島市西条町御薗宇６０３５　コンチェルト御薗宇１階", "url": "https://www.iryou.teikyouseido.mhlw.go.jp/znk-web/juminkanja/S2430/initialize?prefCd=34&kikanCd=7345341967&kikanKbn=5", "url2": "http://www.sogo-medical.co.jp/sogopharmacy/shop/view/463" }, "geometry": { "type": "Point", "coordinates": [ 132.754264, 34.416569 ] } },
{ "type": "Feature", "properties": { "内容": "サン薬局【5:薬局】広島県東広島市西条町西条東山崎１２８１番３", "url": "https://www.iryou.teikyouseido.mhlw.go.jp/znk-web/juminkanja/S2430/initialize?prefCd=34&kikanCd=7345341968&kikanKbn=5", "url2": "http://www.sun-yakkyoku.com/" }, "geometry": { "type": "Point", "coordinates": [ 132.738279, 34.425617 ] } },
{ "type": "Feature", "properties": { "内容": "うさぎ薬局【5:薬局】広島県広島市南区宇品御幸二丁目５番７号", "url": "https://www.iryou.teikyouseido.mhlw.go.jp/znk-web/juminkanja/S2430/initialize?prefCd=34&kikanCd=7345341969&kikanKbn=5", "url2": null }, "geometry": { "type": "Point", "coordinates": [ 132.462526, 34.366486 ] } },
{ "type": "Feature", "properties": { "内容": "ファーマシィ薬局みのみ【5:薬局】広島県福山市水呑町１９５７番地２", "url": "https://www.iryou.teikyouseido.mhlw.go.jp/znk-web/juminkanja/S2430/initialize?prefCd=34&kikanCd=7345341970&kikanKbn=5", "url2": "https://www.pharmacy-net.co.jp" }, "geometry": { "type": "Point", "coordinates": [ 133.380433, 34.446937 ] } },
{ "type": "Feature", "properties": { "内容": "ホーム薬局　中山店【5:薬局】広島県広島市東区中山東二丁目２番１－１号", "url": "https://www.iryou.teikyouseido.mhlw.go.jp/znk-web/juminkanja/S2430/initialize?prefCd=34&kikanCd=7345341971&kikanKbn=5", "url2": "https://homeyakkyoku-nakayama.jimdosite.com/" }, "geometry": { "type": "Point", "coordinates": [ 132.50398, 34.410148 ] } },
{ "type": "Feature", "properties": { "内容": "平川漢方薬局【5:薬局】広島県広島市西区南観音７丁目１０番１７号", "url": "https://www.iryou.teikyouseido.mhlw.go.jp/znk-web/juminkanja/S2430/initialize?prefCd=34&kikanCd=7345341975&kikanKbn=5", "url2": null }, "geometry": { "type": "Point", "coordinates": [ 132.429344, 34.379698 ] } },
{ "type": "Feature", "properties": { "内容": "ウォンツ大野薬局【5:薬局】広島県廿日市市大野中央５－１－４５", "url": "https://www.iryou.teikyouseido.mhlw.go.jp/znk-web/juminkanja/S2430/initialize?prefCd=34&kikanCd=7345341978&kikanKbn=5", "url2": "https://wants.co.jp/" }, "geometry": { "type": "Point", "coordinates": [ 132.273644, 34.291018 ] } },
{ "type": "Feature", "properties": { "内容": "沼田スマイル薬局【5:薬局】広島県広島市安佐南区伴中央４丁目７番８号", "url": "https://www.iryou.teikyouseido.mhlw.go.jp/znk-web/juminkanja/S2430/initialize?prefCd=34&kikanCd=7345341979&kikanKbn=5", "url2": "http://smile-pharmacy.jp/main/shop_all/numata/" }, "geometry": { "type": "Point", "coordinates": [ 132.404824, 34.45785 ] } },
{ "type": "Feature", "properties": { "内容": "美土里コスモ薬局【5:薬局】広島県安芸高田市美土里町本郷１７８１－８", "url": "https://www.iryou.teikyouseido.mhlw.go.jp/znk-web/juminkanja/S2430/initialize?prefCd=34&kikanCd=7345341980&kikanKbn=5", "url2": "http://www.nexus-g.jp/business/medical/pharmacy-midoricosmo/" }, "geometry": { "type": "Point", "coordinates": [ 132.627898, 34.727172 ] } },
{ "type": "Feature", "properties": { "内容": "オール薬局　向洋店【5:薬局】広島県安芸郡府中町青崎中２４－２６", "url": "https://www.iryou.teikyouseido.mhlw.go.jp/znk-web/juminkanja/S2430/initialize?prefCd=34&kikanCd=7345341981&kikanKbn=5", "url2": "http://www.my-life.jp" }, "geometry": { "type": "Point", "coordinates": [ 132.50662, 34.377513 ] } },
{ "type": "Feature", "properties": { "内容": "ザグザグ薬局松永店【5:薬局】広島県福山市今津町三丁目８番６０号", "url": "https://www.iryou.teikyouseido.mhlw.go.jp/znk-web/juminkanja/S2430/initialize?prefCd=34&kikanCd=7345341982&kikanKbn=5", "url2": "http://www.zagzag.co.jp/" }, "geometry": { "type": "Point", "coordinates": [ 133.254644, 34.452061 ] } },
{ "type": "Feature", "properties": { "内容": "こころ薬局【5:薬局】広島県福山市沖野上町三丁目６番２７号", "url": "https://www.iryou.teikyouseido.mhlw.go.jp/znk-web/juminkanja/S2430/initialize?prefCd=34&kikanCd=7345341983&kikanKbn=5", "url2": "http://www.ssmile.co.jp/" }, "geometry": { "type": "Point", "coordinates": [ 133.373072, 34.471685 ] } },
{ "type": "Feature", "properties": { "内容": "ひので薬局高須店【5:薬局】広島県尾道市高須町４８０３－１２", "url": "https://www.iryou.teikyouseido.mhlw.go.jp/znk-web/juminkanja/S2430/initialize?prefCd=34&kikanCd=7345341984&kikanKbn=5", "url2": "http://tower-medical.jp/" }, "geometry": { "type": "Point", "coordinates": [ 133.23754, 34.435226 ] } },
{ "type": "Feature", "properties": { "内容": "コスモス薬局　福富店【5:薬局】広島県東広島市福富町久芳１５３９－２７", "url": "https://www.iryou.teikyouseido.mhlw.go.jp/znk-web/juminkanja/S2430/initialize?prefCd=34&kikanCd=7345341985&kikanKbn=5", "url2": "http://www.reliance-cosmos.co.jp" }, "geometry": { "type": "Point", "coordinates": [ 132.776729, 34.534695 ] } },
{ "type": "Feature", "properties": { "内容": "ベル薬局【5:薬局】広島県広島市中区榎町３番３０号　１階", "url": "https://www.iryou.teikyouseido.mhlw.go.jp/znk-web/juminkanja/S2430/initialize?prefCd=34&kikanCd=7345341986&kikanKbn=5", "url2": "https://www.mpg-ph.com/" }, "geometry": { "type": "Point", "coordinates": [ 132.444732, 34.397624 ] } },
{ "type": "Feature", "properties": { "内容": "なかの薬局【5:薬局】広島県尾道市瀬戸田町中野４０２－１", "url": "https://www.iryou.teikyouseido.mhlw.go.jp/znk-web/juminkanja/S2430/initialize?prefCd=34&kikanCd=7345341987&kikanKbn=5", "url2": "http://www.innoshima-ph.com/" }, "geometry": { "type": "Point", "coordinates": [ 133.100713, 34.305253 ] } },
{ "type": "Feature", "properties": { "内容": "坂中央薬局【5:薬局】広島県安芸郡坂町横浜中央１－３－５", "url": "https://www.iryou.teikyouseido.mhlw.go.jp/znk-web/juminkanja/S2430/initialize?prefCd=34&kikanCd=7345341990&kikanKbn=5", "url2": null }, "geometry": { "type": "Point", "coordinates": [ 132.507673, 34.338207 ] } },
{ "type": "Feature", "properties": { "内容": "エスマイル薬局　たじめ店【5:薬局】広島県福山市多治米町二丁目１５番１５号", "url": "https://www.iryou.teikyouseido.mhlw.go.jp/znk-web/juminkanja/S2430/initialize?prefCd=34&kikanCd=7345341991&kikanKbn=5", "url2": "http://www.ssmile.co.jp/" }, "geometry": { "type": "Point", "coordinates": [ 133.379738, 34.471602 ] } },
{ "type": "Feature", "properties": { "内容": "楠木プラス薬局【5:薬局】広島県広島市西区楠木町４丁目１６番１９号", "url": "https://www.iryou.teikyouseido.mhlw.go.jp/znk-web/juminkanja/S2430/initialize?prefCd=34&kikanCd=7345341998&kikanKbn=5", "url2": "http://kusurishop.com/" }, "geometry": { "type": "Point", "coordinates": [ 132.457428, 34.414758 ] } },
{ "type": "Feature", "properties": { "内容": "総合メディカル株式会社　そうごう薬局　近田店【5:薬局】広島県福山市駅家町近田５８６番地２", "url": "https://www.iryou.teikyouseido.mhlw.go.jp/znk-web/juminkanja/S2430/initialize?prefCd=34&kikanCd=7345342001&kikanKbn=5", "url2": "https://www.sogo-medical.co.jp/sogopharmacy/shop/view/507" }, "geometry": { "type": "Point", "coordinates": [ 133.312032, 34.544901 ] } },
{ "type": "Feature", "properties": { "内容": "広島駅前薬局【5:薬局】広島県広島市南区松原町３番１－１１７号", "url": "https://www.iryou.teikyouseido.mhlw.go.jp/znk-web/juminkanja/S2430/initialize?prefCd=34&kikanCd=7345342002&kikanKbn=5", "url2": null }, "geometry": { "type": "Point", "coordinates": [ 132.477604, 34.395894 ] } },
{ "type": "Feature", "properties": { "内容": "ぶどう薬局【5:薬局】広島県広島市安佐南区西原八丁目３３番３号", "url": "https://www.iryou.teikyouseido.mhlw.go.jp/znk-web/juminkanja/S2430/initialize?prefCd=34&kikanCd=7345342003&kikanKbn=5", "url2": null }, "geometry": { "type": "Point", "coordinates": [ 132.474259, 34.443283 ] } },
{ "type": "Feature", "properties": { "内容": "株式会社　エンコー薬局【5:薬局】広島県広島市南区松原町３番１－１１８号", "url": "https://www.iryou.teikyouseido.mhlw.go.jp/znk-web/juminkanja/S2430/initialize?prefCd=34&kikanCd=7345342004&kikanKbn=5", "url2": "http://www.nh-group.biz/" }, "geometry": { "type": "Point", "coordinates": [ 132.477604, 34.395894 ] } },
{ "type": "Feature", "properties": { "内容": "安芸ふれあい薬局【5:薬局】広島県広島市安芸区中野東五丁目１番７号１階", "url": "https://www.iryou.teikyouseido.mhlw.go.jp/znk-web/juminkanja/S2430/initialize?prefCd=34&kikanCd=7345342005&kikanKbn=5", "url2": "https://www.nexus-g.jp" }, "geometry": { "type": "Point", "coordinates": [ 132.582414, 34.401653 ] } },
{ "type": "Feature", "properties": { "内容": "エスマイル薬局こうげん店【5:薬局】広島県世羅郡世羅町寺町１５５７－２", "url": "https://www.iryou.teikyouseido.mhlw.go.jp/znk-web/juminkanja/S2430/initialize?prefCd=34&kikanCd=7345342007&kikanKbn=5", "url2": "http://www.ssmile.co.jp/" }, "geometry": { "type": "Point", "coordinates": [ 133.038503, 34.586676 ] } },
{ "type": "Feature", "properties": { "内容": "コスモス薬局　向島店【5:薬局】広島県尾道市向島町５４３７－１", "url": "https://www.iryou.teikyouseido.mhlw.go.jp/znk-web/juminkanja/S2430/initialize?prefCd=34&kikanCd=7345342008&kikanKbn=5", "url2": "http://www.reliance-cosmos.co.jp/" }, "geometry": { "type": "Point", "coordinates": [ 133.200367, 34.395579 ] } },
{ "type": "Feature", "properties": { "内容": "コスモ薬局桐陽台店【5:薬局】広島県広島市安佐北区三入東一丁目３０番２３号", "url": "https://www.iryou.teikyouseido.mhlw.go.jp/znk-web/juminkanja/S2430/initialize?prefCd=34&kikanCd=7345342009&kikanKbn=5", "url2": "http://www.nexus-g.jp/business/medical/pharmacy-cosmotouyoudai/" }, "geometry": { "type": "Point", "coordinates": [ 132.54161, 34.53483 ] } },
{ "type": "Feature", "properties": { "内容": "共創未来　府中薬局【5:薬局】広島県府中市鵜飼町５５５－１２", "url": "https://www.iryou.teikyouseido.mhlw.go.jp/znk-web/juminkanja/S2430/initialize?prefCd=34&kikanCd=7345342010&kikanKbn=5", "url2": "http://www.phmirai.co.jp/shops/detail.php?id=352" }, "geometry": { "type": "Point", "coordinates": [ 133.248198, 34.568966 ] } },
{ "type": "Feature", "properties": { "内容": "はるな薬局【5:薬局】広島県東広島市八本松町原６７７４－１", "url": "https://www.iryou.teikyouseido.mhlw.go.jp/znk-web/juminkanja/S2430/initialize?prefCd=34&kikanCd=7345342013&kikanKbn=5", "url2": "https://www.kusurinomadoguchi.com/hiroshima/s119056" }, "geometry": { "type": "Point", "coordinates": [ 132.696084, 34.418414 ] } },
{ "type": "Feature", "properties": { "内容": "チェリー薬局【5:薬局】広島県広島市佐伯区利松一丁目８番５３号", "url": "https://www.iryou.teikyouseido.mhlw.go.jp/znk-web/juminkanja/S2430/initialize?prefCd=34&kikanCd=7345342014&kikanKbn=5", "url2": "cherry@yuushin.cc" }, "geometry": { "type": "Point", "coordinates": [ 132.36204, 34.395889 ] } },
{ "type": "Feature", "properties": { "内容": "つばさ薬局【5:薬局】広島県広島市東区東蟹屋町１０番２２号", "url": "https://www.iryou.teikyouseido.mhlw.go.jp/znk-web/juminkanja/S2430/initialize?prefCd=34&kikanCd=7345342016&kikanKbn=5", "url2": null }, "geometry": { "type": "Point", "coordinates": [ 132.483265, 34.395386 ] } },
{ "type": "Feature", "properties": { "内容": "キララ薬局　吉田店【5:薬局】広島県安芸高田市吉田町常友２８８－１", "url": "https://www.iryou.teikyouseido.mhlw.go.jp/znk-web/juminkanja/S2430/initialize?prefCd=34&kikanCd=7345342017&kikanKbn=5", "url2": "https://www.nexus-g.jp/business/medical/pharmacy-kirarayoshida/" }, "geometry": { "type": "Point", "coordinates": [ 132.683101, 34.654572 ] } },
{ "type": "Feature", "properties": { "内容": "そうごう薬局　御薗宇中央店【5:薬局】広島県東広島市西条町御薗宇７１４番地５２", "url": "https://www.iryou.teikyouseido.mhlw.go.jp/znk-web/juminkanja/S2430/initialize?prefCd=34&kikanCd=7345342018&kikanKbn=5", "url2": "https://www.sogo-pharmacy.jp/shop/view/519" }, "geometry": { "type": "Point", "coordinates": [ 132.753797, 34.400671 ] } },
{ "type": "Feature", "properties": { "内容": "祇園プラス薬局【5:薬局】広島県広島市安佐南区祇園三丁目１２番１２－１号", "url": "https://www.iryou.teikyouseido.mhlw.go.jp/znk-web/juminkanja/S2430/initialize?prefCd=34&kikanCd=7345342019&kikanKbn=5", "url2": "http://www.kusurishop.com/" }, "geometry": { "type": "Point", "coordinates": [ 132.460773, 34.439315 ] } },
{ "type": "Feature", "properties": { "内容": "なかがわ薬局　舟入店【5:薬局】広島県広島市中区舟入川口町４番１６号　１階", "url": "https://www.iryou.teikyouseido.mhlw.go.jp/znk-web/juminkanja/S2430/initialize?prefCd=34&kikanCd=7345342021&kikanKbn=5", "url2": "http://ggwh.jp" }, "geometry": { "type": "Point", "coordinates": [ 132.441625, 34.382456 ] } },
{ "type": "Feature", "properties": { "内容": "快生薬局【5:薬局】広島県広島市中区鉄砲町７番２９号　さかえビル", "url": "https://www.iryou.teikyouseido.mhlw.go.jp/znk-web/juminkanja/S2430/initialize?prefCd=34&kikanCd=7345342022&kikanKbn=5", "url2": null }, "geometry": { "type": "Point", "coordinates": [ 132.465159, 34.395102 ] } },
{ "type": "Feature", "properties": { "内容": "つつじ薬局【5:薬局】広島県広島市東区東蟹屋町７番３２号　山長ビル１Ｆ", "url": "https://www.iryou.teikyouseido.mhlw.go.jp/znk-web/juminkanja/S2430/initialize?prefCd=34&kikanCd=7345342025&kikanKbn=5", "url2": null }, "geometry": { "type": "Point", "coordinates": [ 132.480573, 34.395672 ] } },
{ "type": "Feature", "properties": { "内容": "紀美薬局【5:薬局】広島県広島市東区温品６－３－１８", "url": "https://www.iryou.teikyouseido.mhlw.go.jp/znk-web/juminkanja/S2430/initialize?prefCd=34&kikanCd=7345342026&kikanKbn=5", "url2": null }, "geometry": { "type": "Point", "coordinates": [ 132.509601, 34.418362 ] } },
{ "type": "Feature", "properties": { "内容": "東城もみじ薬局【5:薬局】広島県庄原市東城町東城３６２－２", "url": "https://www.iryou.teikyouseido.mhlw.go.jp/znk-web/juminkanja/S2430/initialize?prefCd=34&kikanCd=7345342027&kikanKbn=5", "url2": null }, "geometry": { "type": "Point", "coordinates": [ 133.27209, 34.897861 ] } },
{ "type": "Feature", "properties": { "内容": "さくらんぼ薬局　伊勢丘店【5:薬局】広島県福山市伊勢丘五丁目１－２３", "url": "https://www.iryou.teikyouseido.mhlw.go.jp/znk-web/juminkanja/S2430/initialize?prefCd=34&kikanCd=7345342029&kikanKbn=5", "url2": "http://www.sakurams.co.jp" }, "geometry": { "type": "Point", "coordinates": [ 133.422268, 34.504698 ] } },
{ "type": "Feature", "properties": { "内容": "オール薬局　白島店【5:薬局】広島県広島市中区西白島町２０番１５号", "url": "https://www.iryou.teikyouseido.mhlw.go.jp/znk-web/juminkanja/S2430/initialize?prefCd=34&kikanCd=7345342031&kikanKbn=5", "url2": "http://www.my-life.jp" }, "geometry": { "type": "Point", "coordinates": [ 132.459356, 34.405979 ] } },
{ "type": "Feature", "properties": { "内容": "ププレひまわり薬局　尾道中央店【5:薬局】広島県尾道市栗原西一丁目４－１６", "url": "https://www.iryou.teikyouseido.mhlw.go.jp/znk-web/juminkanja/S2430/initialize?prefCd=34&kikanCd=7345342032&kikanKbn=5", "url2": "http://himawarinews.com/store/%e5%b0%be%e9%81%93%e4%b8%ad%e5%a4%ae%e5%ba%97/" }, "geometry": { "type": "Point", "coordinates": [ 133.187656, 34.407276 ] } },
{ "type": "Feature", "properties": { "内容": "あおぞら薬局　大竹晴海店【5:薬局】広島県大竹市晴海一丁目４－１３", "url": "https://www.iryou.teikyouseido.mhlw.go.jp/znk-web/juminkanja/S2430/initialize?prefCd=34&kikanCd=7345342033&kikanKbn=5", "url2": null }, "geometry": { "type": "Point", "coordinates": [ 132.223186, 34.24001 ] } },
{ "type": "Feature", "properties": { "内容": "ウォンツ福山駅家薬局【5:薬局】広島県福山市駅家町万能倉１２４６－２", "url": "https://www.iryou.teikyouseido.mhlw.go.jp/znk-web/juminkanja/S2430/initialize?prefCd=34&kikanCd=7345342035&kikanKbn=5", "url2": "https://www.wants.co.jp/" }, "geometry": { "type": "Point", "coordinates": [ 133.328975, 34.54447 ] } },
{ "type": "Feature", "properties": { "内容": "ココカラファイン薬局　安佐市民病院店【5:薬局】広島県広島市安佐北区亀山南一丁目２番１号", "url": "https://www.iryou.teikyouseido.mhlw.go.jp/znk-web/juminkanja/S2430/initialize?prefCd=34&kikanCd=7345342037&kikanKbn=5", "url2": "https://www.matsukiyococokara-online.com/map?kid=20002697" }, "geometry": { "type": "Point", "coordinates": [ 132.497923, 34.516297 ] } },
{ "type": "Feature", "properties": { "内容": "ウォンツ己斐本町薬局【5:薬局】広島県広島市西区己斐本町二丁目１３番２４号", "url": "https://www.iryou.teikyouseido.mhlw.go.jp/znk-web/juminkanja/S2430/initialize?prefCd=34&kikanCd=7345342038&kikanKbn=5", "url2": "https://www.wants.co.jp/" }, "geometry": { "type": "Point", "coordinates": [ 132.425237, 34.393176 ] } },
{ "type": "Feature", "properties": { "内容": "ライフしみず薬局【5:薬局】広島県広島市佐伯区楽々園四丁目５番２号", "url": "https://www.iryou.teikyouseido.mhlw.go.jp/znk-web/juminkanja/S2430/initialize?prefCd=34&kikanCd=7345342040&kikanKbn=5", "url2": "http://www.drug-shimizu.com/" }, "geometry": { "type": "Point", "coordinates": [ 132.351899, 34.363398 ] } },
{ "type": "Feature", "properties": { "内容": "佐藤薬局【5:薬局】広島県三原市宗郷一丁目３－１８", "url": "https://www.iryou.teikyouseido.mhlw.go.jp/znk-web/juminkanja/S2430/initialize?prefCd=34&kikanCd=7345342041&kikanKbn=5", "url2": null }, "geometry": { "type": "Point", "coordinates": [ 133.065573, 34.385904 ] } },
{ "type": "Feature", "properties": { "内容": "エスマイル薬局　呉本町店【5:薬局】広島県呉市本町９番８号", "url": "https://www.iryou.teikyouseido.mhlw.go.jp/znk-web/juminkanja/S2430/initialize?prefCd=34&kikanCd=7345342042&kikanKbn=5", "url2": "https://www.ssmile.co.jp/" }, "geometry": { "type": "Point", "coordinates": [ 132.570737, 34.247516 ] } },
{ "type": "Feature", "properties": { "内容": "ソルベ薬局【5:薬局】広島県呉市広大新開１丁目２番３号ウエスチピアマンション１０２", "url": "https://www.iryou.teikyouseido.mhlw.go.jp/znk-web/juminkanja/S2430/initialize?prefCd=34&kikanCd=7345342043&kikanKbn=5", "url2": "https://www.sorube-pharmacy.com" }, "geometry": { "type": "Point", "coordinates": [ 132.624392, 34.230841 ] } },
{ "type": "Feature", "properties": { "内容": "キララ薬局　船越店【5:薬局】広島県広島市安芸区船越南二丁目１番１０号", "url": "https://www.iryou.teikyouseido.mhlw.go.jp/znk-web/juminkanja/S2430/initialize?prefCd=34&kikanCd=7345342044&kikanKbn=5", "url2": "https://www.nexus-g.jp/" }, "geometry": { "type": "Point", "coordinates": [ 132.52469, 34.372653 ] } },
{ "type": "Feature", "properties": { "内容": "ウォンツ　段原薬局【5:薬局】広島県広島市南区段原南一丁目１番２１号", "url": "https://www.iryou.teikyouseido.mhlw.go.jp/znk-web/juminkanja/S2430/initialize?prefCd=34&kikanCd=7345342045&kikanKbn=5", "url2": "https://www.wants.co.jp/" }, "geometry": { "type": "Point", "coordinates": [ 132.476819, 34.385506 ] } },
{ "type": "Feature", "properties": { "内容": "ぶんぶん薬局【5:薬局】広島県広島市南区出汐一丁目４番７号ＳＵＮ－ＳＨＩＮＥ長岡１階１０１号", "url": "https://www.iryou.teikyouseido.mhlw.go.jp/znk-web/juminkanja/S2430/initialize?prefCd=34&kikanCd=7345342046&kikanKbn=5", "url2": "http://yakumeikan.com/store/hiroshima/%e3%81%b6%e3%82%93%e3%81%b6%e3%82%93%e8%96%ac%e5%b1%80/" }, "geometry": { "type": "Point", "coordinates": [ 132.469033, 34.379979 ] } },
{ "type": "Feature", "properties": { "内容": "すみれ薬局【5:薬局】広島県三原市大和町和木１５３１－５", "url": "https://www.iryou.teikyouseido.mhlw.go.jp/znk-web/juminkanja/S2430/initialize?prefCd=34&kikanCd=7345342049&kikanKbn=5", "url2": "https://www.kusurinomadoguchi.com/hiroshima/s119061" }, "geometry": { "type": "Point", "coordinates": [ 132.920941, 34.513311 ] } },
{ "type": "Feature", "properties": { "内容": "株式会社　くれ本通薬局【5:薬局】広島県呉市本通６丁目６番７号", "url": "https://www.iryou.teikyouseido.mhlw.go.jp/znk-web/juminkanja/S2430/initialize?prefCd=34&kikanCd=7345342051&kikanKbn=5", "url2": "http://www.nh-group.biz" }, "geometry": { "type": "Point", "coordinates": [ 132.575617, 34.250054 ] } },
{ "type": "Feature", "properties": { "内容": "薬局クオリス【5:薬局】広島県福山市沼隈町常石２６３８番地５", "url": "https://www.iryou.teikyouseido.mhlw.go.jp/znk-web/juminkanja/S2430/initialize?prefCd=34&kikanCd=7345342052&kikanKbn=5", "url2": null }, "geometry": { "type": "Point", "coordinates": [ 133.322901, 34.377298 ] } },
{ "type": "Feature", "properties": { "内容": "在宅支援ザグザグ薬局多治米店【5:薬局】広島県福山市多治米町五丁目２３番３９号", "url": "https://www.iryou.teikyouseido.mhlw.go.jp/znk-web/juminkanja/S2430/initialize?prefCd=34&kikanCd=7347342050&kikanKbn=5", "url2": "http://www.zagzag.co.jp/" }, "geometry": { "type": "Point", "coordinates": [ 133.370628, 34.468451 ] } },
{ "type": "Feature", "properties": { "内容": "むべやま薬局【5:薬局】広島県福山市駅家町向永谷６６６番地１", "url": "https://www.iryou.teikyouseido.mhlw.go.jp/znk-web/juminkanja/S2430/initialize?prefCd=34&kikanCd=7347342053&kikanKbn=5", "url2": "https://www.pharmacy-net.co.jp/" }, "geometry": { "type": "Point", "coordinates": [ 133.297881, 34.535452 ] } },
{ "type": "Feature", "properties": { "内容": "ウォンツ　祇園薬局【5:薬局】広島県広島市安佐南区祇園三丁目１５番２１号", "url": "https://www.iryou.teikyouseido.mhlw.go.jp/znk-web/juminkanja/S2430/initialize?prefCd=34&kikanCd=7347342054&kikanKbn=5", "url2": "https://www.wants.co.jp/" }, "geometry": { "type": "Point", "coordinates": [ 132.459787, 34.441356 ] } },
{ "type": "Feature", "properties": { "内容": "サンサン薬局【5:薬局】広島県広島市安芸区中野七丁目２２番１０号", "url": "https://www.iryou.teikyouseido.mhlw.go.jp/znk-web/juminkanja/S2430/initialize?prefCd=34&kikanCd=7347342056&kikanKbn=5", "url2": null }, "geometry": { "type": "Point", "coordinates": [ 132.592936, 34.422317 ] } },
{ "type": "Feature", "properties": { "内容": "ミント薬局　せせらぎ店【5:薬局】広島県広島市安佐南区川内五丁目１４番２４－１０１号", "url": "https://www.iryou.teikyouseido.mhlw.go.jp/znk-web/juminkanja/S2430/initialize?prefCd=34&kikanCd=7347342057&kikanKbn=5", "url2": "http://www.mint-pharmacy.jp" }, "geometry": { "type": "Point", "coordinates": [ 132.484328, 34.469815 ] } },
{ "type": "Feature", "properties": { "内容": "マエダ方術薬局　段原南店【5:薬局】広島県広島市南区段原南二丁目１２番２１号１Ｆ", "url": "https://www.iryou.teikyouseido.mhlw.go.jp/znk-web/juminkanja/S2430/initialize?prefCd=34&kikanCd=7347342058&kikanKbn=5", "url2": "https://www.kigusuri.com/shop/detail/maeda" }, "geometry": { "type": "Point", "coordinates": [ 132.477688, 34.383417 ] } },
{ "type": "Feature", "properties": { "内容": "府中どんぐり薬局【5:薬局】広島県安芸郡府中町大須三丁目２－１７", "url": "https://www.iryou.teikyouseido.mhlw.go.jp/znk-web/juminkanja/S2430/initialize?prefCd=34&kikanCd=7347342061&kikanKbn=5", "url2": "https://www.donguri-gp.com" }, "geometry": { "type": "Point", "coordinates": [ 132.501299, 34.39723 ] } },
{ "type": "Feature", "properties": { "内容": "オール薬局　八丁堀店【5:薬局】広島県広島市中区八丁堀１４番７号　１Ｆ", "url": "https://www.iryou.teikyouseido.mhlw.go.jp/znk-web/juminkanja/S2430/initialize?prefCd=34&kikanCd=7347342062&kikanKbn=5", "url2": "http://www.my-life.jp/owl/" }, "geometry": { "type": "Point", "coordinates": [ 132.463281, 34.394605 ] } },
{ "type": "Feature", "properties": { "内容": "ウォンツ薬局　日赤病院前２号店【5:薬局】広島県広島市中区千田町一丁目５番６号", "url": "https://www.iryou.teikyouseido.mhlw.go.jp/znk-web/juminkanja/S2430/initialize?prefCd=34&kikanCd=7347342063&kikanKbn=5", "url2": "https://www.wants.co.jp/" }, "geometry": { "type": "Point", "coordinates": [ 132.452996, 34.381098 ] } },
{ "type": "Feature", "properties": { "内容": "オール薬局　阿賀店【5:薬局】広島県呉市阿賀中央６丁目２番１１号", "url": "https://www.iryou.teikyouseido.mhlw.go.jp/znk-web/juminkanja/S2430/initialize?prefCd=34&kikanCd=7347342064&kikanKbn=5", "url2": "http://www.e-classa.net/owl-aga/" }, "geometry": { "type": "Point", "coordinates": [ 132.600588, 34.236526 ] } },
{ "type": "Feature", "properties": { "内容": "アイワ薬局【5:薬局】広島県福山市加茂町中野４０３番地２３", "url": "https://www.iryou.teikyouseido.mhlw.go.jp/znk-web/juminkanja/S2430/initialize?prefCd=34&kikanCd=7347342065&kikanKbn=5", "url2": "https://www.kusurinomadoguchi.com/hiroshima/s125003?k_ref=064&utm_source=pharmacy_HPkmbp0049&utm_medium=referral&utm_content=pharmacy_HP_list&utm_campaign=pharmacy_HP" }, "geometry": { "type": "Point", "coordinates": [ 133.345359, 34.572943 ] } },
{ "type": "Feature", "properties": { "内容": "さくらんぼ薬局　沖野上店【5:薬局】広島県福山市沖野上町四丁目３番３３号", "url": "https://www.iryou.teikyouseido.mhlw.go.jp/znk-web/juminkanja/S2430/initialize?prefCd=34&kikanCd=7347342067&kikanKbn=5", "url2": "https://sakurams.co.jp/" }, "geometry": { "type": "Point", "coordinates": [ 133.367932, 34.473689 ] } },
{ "type": "Feature", "properties": { "内容": "ウォンツ薬局　八丁堀交差点前【5:薬局】広島県広島市中区鉄砲町１０番１３号７階", "url": "https://www.iryou.teikyouseido.mhlw.go.jp/znk-web/juminkanja/S2430/initialize?prefCd=34&kikanCd=7347342068&kikanKbn=5", "url2": "https://www.wants.co.jp/" }, "geometry": { "type": "Point", "coordinates": [ 132.463961, 34.393988 ] } },
{ "type": "Feature", "properties": { "内容": "日本調剤　呉薬局【5:薬局】広島県呉市西中央３丁目２番１号", "url": "https://www.iryou.teikyouseido.mhlw.go.jp/znk-web/juminkanja/S2430/initialize?prefCd=34&kikanCd=7347342069&kikanKbn=5", "url2": "http://www.nicho.co.jp/tenpo/kure/" }, "geometry": { "type": "Point", "coordinates": [ 132.559369, 34.248923 ] } },
{ "type": "Feature", "properties": { "内容": "株式会社　にじむら薬局【5:薬局】広島県呉市広多賀谷１丁目３番４０号", "url": "https://www.iryou.teikyouseido.mhlw.go.jp/znk-web/juminkanja/S2430/initialize?prefCd=34&kikanCd=7347342071&kikanKbn=5", "url2": null }, "geometry": { "type": "Point", "coordinates": [ 132.614951, 34.230177 ] } },
{ "type": "Feature", "properties": { "内容": "コスモス薬局　吉島店【5:薬局】広島県広島市中区吉島新町一丁目４番１号１階", "url": "https://www.iryou.teikyouseido.mhlw.go.jp/znk-web/juminkanja/S2430/initialize?prefCd=34&kikanCd=7347342072&kikanKbn=5", "url2": "http://www.reliance-cosmos.co.jp/" }, "geometry": { "type": "Point", "coordinates": [ 132.451499, 34.368302 ] } },
{ "type": "Feature", "properties": { "内容": "備北スマイル薬局【5:薬局】広島県三次市十日市東１丁目１１－２", "url": "https://www.iryou.teikyouseido.mhlw.go.jp/znk-web/juminkanja/S2430/initialize?prefCd=34&kikanCd=7347342073&kikanKbn=5", "url2": "http://www.smile-pharmacy.jp" }, "geometry": { "type": "Point", "coordinates": [ 132.856869, 34.805801 ] } },
{ "type": "Feature", "properties": { "内容": "スカイ薬局　緑井店【5:薬局】広島県広島市安佐南区緑井二丁目１１番１５号", "url": "https://www.iryou.teikyouseido.mhlw.go.jp/znk-web/juminkanja/S2430/initialize?prefCd=34&kikanCd=7347342075&kikanKbn=5", "url2": null }, "geometry": { "type": "Point", "coordinates": [ 132.470385, 34.467856 ] } },
{ "type": "Feature", "properties": { "内容": "こうめ薬局【5:薬局】広島県安芸高田市甲田町高田原１４７４－１", "url": "https://www.iryou.teikyouseido.mhlw.go.jp/znk-web/juminkanja/S2430/initialize?prefCd=34&kikanCd=7347342076&kikanKbn=5", "url2": "https://nogata-medical.com/staff/kouda/" }, "geometry": { "type": "Point", "coordinates": [ 132.760057, 34.694896 ] } },
{ "type": "Feature", "properties": { "内容": "そうごう薬局　藤脇店【5:薬局】広島県呉市音戸町藤脇２丁目１８番８号", "url": "https://www.iryou.teikyouseido.mhlw.go.jp/znk-web/juminkanja/S2430/initialize?prefCd=34&kikanCd=7347342081&kikanKbn=5", "url2": "https://www.sogo-pharmacy.jp/shop/view/582" }, "geometry": { "type": "Point", "coordinates": [ 132.508669, 34.146902 ] } },
{ "type": "Feature", "properties": { "内容": "サラダ薬局【5:薬局】広島県福山市山手町二丁目３番１５号", "url": "https://www.iryou.teikyouseido.mhlw.go.jp/znk-web/juminkanja/S2430/initialize?prefCd=34&kikanCd=7347342083&kikanKbn=5", "url2": null }, "geometry": { "type": "Point", "coordinates": [ 133.332456, 34.491282 ] } },
{ "type": "Feature", "properties": { "内容": "わかくさ薬局【5:薬局】広島県広島市東区若草町１７番８号　１Ｆ", "url": "https://www.iryou.teikyouseido.mhlw.go.jp/znk-web/juminkanja/S2430/initialize?prefCd=34&kikanCd=7347342085&kikanKbn=5", "url2": null }, "geometry": { "type": "Point", "coordinates": [ 132.478907, 34.396488 ] } },
{ "type": "Feature", "properties": { "内容": "サン薬局　大手町店【5:薬局】広島県広島市中区大手町三丁目８－５　エイトバレー大手町　４階", "url": "https://www.iryou.teikyouseido.mhlw.go.jp/znk-web/juminkanja/S2430/initialize?prefCd=34&kikanCd=7347342088&kikanKbn=5", "url2": "https://sunlook.jp/" }, "geometry": { "type": "Point", "coordinates": [ 132.454423, 34.387014 ] } },
{ "type": "Feature", "properties": { "内容": "しんがい薬局【5:薬局】広島県竹原市竹原町字下新開３５５４－６", "url": "https://www.iryou.teikyouseido.mhlw.go.jp/znk-web/juminkanja/S2430/initialize?prefCd=34&kikanCd=7347342089&kikanKbn=5", "url2": null }, "geometry": { "type": "Point", "coordinates": [ 132.90856, 34.345527 ] } },
{ "type": "Feature", "properties": { "内容": "エスマイル薬局　駅家店【5:薬局】広島県福山市駅家町倉光３０６番地７", "url": "https://www.iryou.teikyouseido.mhlw.go.jp/znk-web/juminkanja/S2430/initialize?prefCd=34&kikanCd=7347342090&kikanKbn=5", "url2": "https://www.ssmile.co.jp/" }, "geometry": { "type": "Point", "coordinates": [ 133.325825, 34.54364 ] } },
{ "type": "Feature", "properties": { "内容": "エスマイル薬局　府中店【5:薬局】広島県府中市土生町１５７２－４", "url": "https://www.iryou.teikyouseido.mhlw.go.jp/znk-web/juminkanja/S2430/initialize?prefCd=34&kikanCd=7347342091&kikanKbn=5", "url2": "http://www.ssmile.co.jp" }, "geometry": { "type": "Point", "coordinates": [ 133.231507, 34.570588 ] } },
{ "type": "Feature", "properties": { "内容": "ぱんだ薬局　千田町店【5:薬局】広島県広島市中区千田町一丁目３番３号　１Ｆ", "url": "https://www.iryou.teikyouseido.mhlw.go.jp/znk-web/juminkanja/S2430/initialize?prefCd=34&kikanCd=7347342092&kikanKbn=5", "url2": null }, "geometry": { "type": "Point", "coordinates": [ 132.454043, 34.382889 ] } },
{ "type": "Feature", "properties": { "内容": "ウォンツ薬局　県病院前店【5:薬局】広島県広島市南区翠五丁目１７番１２号", "url": "https://www.iryou.teikyouseido.mhlw.go.jp/znk-web/juminkanja/S2430/initialize?prefCd=34&kikanCd=7347342093&kikanKbn=5", "url2": "https://www.wants.co.jp/" }, "geometry": { "type": "Point", "coordinates": [ 132.466567, 34.36798 ] } },
{ "type": "Feature", "properties": { "内容": "エスマイル薬局　鉄道病院前店【5:薬局】広島県広島市東区光町一丁目１１番５号　１Ｆ", "url": "https://www.iryou.teikyouseido.mhlw.go.jp/znk-web/juminkanja/S2430/initialize?prefCd=34&kikanCd=7347342094&kikanKbn=5", "url2": "http://www.ssmile.co.jp/" }, "geometry": { "type": "Point", "coordinates": [ 132.478368, 34.400157 ] } },
{ "type": "Feature", "properties": { "内容": "げいほく薬局【5:薬局】広島県山県郡北広島町荒神原２０８番地４", "url": "https://www.iryou.teikyouseido.mhlw.go.jp/znk-web/juminkanja/S2430/initialize?prefCd=34&kikanCd=7347342096&kikanKbn=5", "url2": "https://maglacto.com/profile/index.html" }, "geometry": { "type": "Point", "coordinates": [ 132.249746, 34.729028 ] } },
{ "type": "Feature", "properties": { "内容": "株式会社　だりあ薬局【5:薬局】広島県福山市引野町三丁目３５番１１号", "url": "https://www.iryou.teikyouseido.mhlw.go.jp/znk-web/juminkanja/S2430/initialize?prefCd=34&kikanCd=7347342097&kikanKbn=5", "url2": null }, "geometry": { "type": "Point", "coordinates": [ 133.410903, 34.49016 ] } },
{ "type": "Feature", "properties": { "内容": "さくらんぼ薬局　府中店【5:薬局】広島県府中市府中町７４６番地", "url": "https://www.iryou.teikyouseido.mhlw.go.jp/znk-web/juminkanja/S2430/initialize?prefCd=34&kikanCd=7347342098&kikanKbn=5", "url2": "https://sakurams.co.jp/pharmacy" }, "geometry": { "type": "Point", "coordinates": [ 133.229601, 34.574957 ] } },
{ "type": "Feature", "properties": { "内容": "コスモス薬局　白島東店【5:薬局】広島県広島市中区西白島町７番２号", "url": "https://www.iryou.teikyouseido.mhlw.go.jp/znk-web/juminkanja/S2430/initialize?prefCd=34&kikanCd=7347342099&kikanKbn=5", "url2": "http://www.reliance-cosmos.co.jp/" }, "geometry": { "type": "Point", "coordinates": [ 132.461739, 34.40744 ] } },
{ "type": "Feature", "properties": { "内容": "相田薬局【5:薬局】広島県広島市安佐南区相田一丁目１０番１５号", "url": "https://www.iryou.teikyouseido.mhlw.go.jp/znk-web/juminkanja/S2430/initialize?prefCd=34&kikanCd=7347342101&kikanKbn=5", "url2": "http://www.e-classa.net/aita/" }, "geometry": { "type": "Point", "coordinates": [ 132.455767, 34.471125 ] } },
{ "type": "Feature", "properties": { "内容": "さくら薬局【5:薬局】広島県東広島市西条町寺家５１３－３５", "url": "https://www.iryou.teikyouseido.mhlw.go.jp/znk-web/juminkanja/S2430/initialize?prefCd=34&kikanCd=7347342102&kikanKbn=5", "url2": "http://zenkaidou.co.jp/original66.html" }, "geometry": { "type": "Point", "coordinates": [ 132.724505, 34.44571 ] } },
{ "type": "Feature", "properties": { "内容": "コスモス薬局　白島南店【5:薬局】広島県広島市中区西白島町１６番１６号　１階", "url": "https://www.iryou.teikyouseido.mhlw.go.jp/znk-web/juminkanja/S2430/initialize?prefCd=34&kikanCd=7347342104&kikanKbn=5", "url2": "http://www.reliance-cosmos.co.jp/" }, "geometry": { "type": "Point", "coordinates": [ 132.460163, 34.406305 ] } },
{ "type": "Feature", "properties": { "内容": "イヨウ薬局　忠海店【5:薬局】広島県竹原市忠海中町２－２－１０", "url": "https://www.iryou.teikyouseido.mhlw.go.jp/znk-web/juminkanja/S2430/initialize?prefCd=34&kikanCd=7347342105&kikanKbn=5", "url2": "http://www.marinegroup.jp/store_html/hiroshima_1%20.html" }, "geometry": { "type": "Point", "coordinates": [ 132.991147, 34.337692 ] } },
{ "type": "Feature", "properties": { "内容": "くまのみ薬局【5:薬局】広島県福山市御幸町森脇４２６番地８", "url": "https://www.iryou.teikyouseido.mhlw.go.jp/znk-web/juminkanja/S2430/initialize?prefCd=34&kikanCd=7347342108&kikanKbn=5", "url2": null }, "geometry": { "type": "Point", "coordinates": [ 133.34906, 34.535719 ] } },
{ "type": "Feature", "properties": { "内容": "宮内タカズミ薬局【5:薬局】広島県廿日市市宮内３－５－３３", "url": "https://www.iryou.teikyouseido.mhlw.go.jp/znk-web/juminkanja/S2430/initialize?prefCd=34&kikanCd=7347342116&kikanKbn=5", "url2": "www.takazumi.co.jp" }, "geometry": { "type": "Point", "coordinates": [ 132.311371, 34.348005 ] } },
{ "type": "Feature", "properties": { "内容": "ウォンツ三原古浜薬局【5:薬局】広島県三原市古浜一丁目４－１", "url": "https://www.iryou.teikyouseido.mhlw.go.jp/znk-web/juminkanja/S2430/initialize?prefCd=34&kikanCd=7347342118&kikanKbn=5", "url2": "https://www.wants.co.jp" }, "geometry": { "type": "Point", "coordinates": [ 133.08956, 34.397742 ] } },
{ "type": "Feature", "properties": { "内容": "アイン薬局　福山蔵王店【5:薬局】広島県福山市蔵王町三丁目１１番１１号", "url": "https://www.iryou.teikyouseido.mhlw.go.jp/znk-web/juminkanja/S2430/initialize?prefCd=34&kikanCd=7347342119&kikanKbn=5", "url2": "http://www.ainj.co.jp/" }, "geometry": { "type": "Point", "coordinates": [ 133.393363, 34.509136 ] } },
{ "type": "Feature", "properties": { "内容": "アイン薬局　福山御幸店【5:薬局】広島県福山市御幸町上岩成４６４番地８", "url": "https://www.iryou.teikyouseido.mhlw.go.jp/znk-web/juminkanja/S2430/initialize?prefCd=34&kikanCd=7347342120&kikanKbn=5", "url2": "http://www.ainj.co.jp/" }, "geometry": { "type": "Point", "coordinates": [ 133.348282, 34.547251 ] } },
{ "type": "Feature", "properties": { "内容": "ほのぼの薬局【5:薬局】広島県福山市春日町一丁目２３番２１号", "url": "https://www.iryou.teikyouseido.mhlw.go.jp/znk-web/juminkanja/S2430/initialize?prefCd=34&kikanCd=7347342121&kikanKbn=5", "url2": null }, "geometry": { "type": "Point", "coordinates": [ 133.406528, 34.508792 ] } },
{ "type": "Feature", "properties": { "内容": "みらい薬局【5:薬局】広島県広島市西区南観音二丁目３番３７号", "url": "https://www.iryou.teikyouseido.mhlw.go.jp/znk-web/juminkanja/S2430/initialize?prefCd=34&kikanCd=7347342123&kikanKbn=5", "url2": null }, "geometry": { "type": "Point", "coordinates": [ 132.431249, 34.386072 ] } },
{ "type": "Feature", "properties": { "内容": "吉岡薬局【5:薬局】広島県福山市三吉町南一丁目８番４号", "url": "https://www.iryou.teikyouseido.mhlw.go.jp/znk-web/juminkanja/S2430/initialize?prefCd=34&kikanCd=7347342124&kikanKbn=5", "url2": null }, "geometry": { "type": "Point", "coordinates": [ 133.377565, 34.490452 ] } },
{ "type": "Feature", "properties": { "内容": "かんなべ薬局【5:薬局】広島県福山市神辺町川南１０４５番地４", "url": "https://www.iryou.teikyouseido.mhlw.go.jp/znk-web/juminkanja/S2430/initialize?prefCd=34&kikanCd=7347342125&kikanKbn=5", "url2": "http://innosima-ph.jp/" }, "geometry": { "type": "Point", "coordinates": [ 133.379421, 34.535709 ] } },
{ "type": "Feature", "properties": { "内容": "オール薬局　新広店【5:薬局】広島県呉市広古新開７丁目２３－９", "url": "https://www.iryou.teikyouseido.mhlw.go.jp/znk-web/juminkanja/S2430/initialize?prefCd=34&kikanCd=7347342128&kikanKbn=5", "url2": "http://www.my-life.jp/owl/" }, "geometry": { "type": "Point", "coordinates": [ 132.619328, 34.240948 ] } },
{ "type": "Feature", "properties": { "内容": "そうごう薬局　幕山中央店【5:薬局】広島県福山市幕山台一丁目１番１号", "url": "https://www.iryou.teikyouseido.mhlw.go.jp/znk-web/juminkanja/S2430/initialize?prefCd=34&kikanCd=7347342130&kikanKbn=5", "url2": "http://www.sogo-medical.co.jp/sogopharmacy/shop/search?word=%E5%B9%95%E5%B1%B1%E4%B8%AD%E5%A4%AE%E5%BA%97" }, "geometry": { "type": "Point", "coordinates": [ 133.429204, 34.511261 ] } },
{ "type": "Feature", "properties": { "内容": "中央薬局【5:薬局】広島県府中市鵜飼町５５５－３３", "url": "https://www.iryou.teikyouseido.mhlw.go.jp/znk-web/juminkanja/S2430/initialize?prefCd=34&kikanCd=7347342131&kikanKbn=5", "url2": "http://www.sogo-medical.co.jp" }, "geometry": { "type": "Point", "coordinates": [ 133.248653, 34.569033 ] } },
{ "type": "Feature", "properties": { "内容": "中央薬局　府川店【5:薬局】広島県府中市府川町１７２", "url": "https://www.iryou.teikyouseido.mhlw.go.jp/znk-web/juminkanja/S2430/initialize?prefCd=34&kikanCd=7347342132&kikanKbn=5", "url2": "https://www.sogo-medical.co.jp/sogopharmacy/" }, "geometry": { "type": "Point", "coordinates": [ 133.237809, 34.569024 ] } },
{ "type": "Feature", "properties": { "内容": "あい薬局【5:薬局】広島県東広島市八本松南二丁目４－１４", "url": "https://www.iryou.teikyouseido.mhlw.go.jp/znk-web/juminkanja/S2430/initialize?prefCd=34&kikanCd=7347342133&kikanKbn=5", "url2": "https://www.kusurinomadoguchi.com/hiroshima/s119054" }, "geometry": { "type": "Point", "coordinates": [ 132.696389, 34.440459 ] } },
{ "type": "Feature", "properties": { "内容": "串戸ゆい薬局【5:薬局】広島県廿日市市串戸４－２－１６－２", "url": "https://www.iryou.teikyouseido.mhlw.go.jp/znk-web/juminkanja/S2430/initialize?prefCd=34&kikanCd=7347342134&kikanKbn=5", "url2": "http://yuushin.cc/shop/kushido/" }, "geometry": { "type": "Point", "coordinates": [ 132.323881, 34.351124 ] } },
{ "type": "Feature", "properties": { "内容": "うみい薬局【5:薬局】広島県大竹市本町二丁目９－２２", "url": "https://www.iryou.teikyouseido.mhlw.go.jp/znk-web/juminkanja/S2430/initialize?prefCd=34&kikanCd=7347342135&kikanKbn=5", "url2": null }, "geometry": { "type": "Point", "coordinates": [ 132.216725, 34.207797 ] } },
{ "type": "Feature", "properties": { "内容": "入川橋薬局【5:薬局】広島県安芸郡府中町宮の町１－６－１３", "url": "https://www.iryou.teikyouseido.mhlw.go.jp/znk-web/juminkanja/S2430/initialize?prefCd=34&kikanCd=7347342137&kikanKbn=5", "url2": "http://hiroshima-chouzai.com/" }, "geometry": { "type": "Point", "coordinates": [ 132.506935, 34.392559 ] } },
{ "type": "Feature", "properties": { "内容": "栗原本通薬局【5:薬局】広島県尾道市栗原東二丁目１－２８", "url": "https://www.iryou.teikyouseido.mhlw.go.jp/znk-web/juminkanja/S2430/initialize?prefCd=34&kikanCd=7347342139&kikanKbn=5", "url2": null }, "geometry": { "type": "Point", "coordinates": [ 133.18854, 34.41472 ] } },
{ "type": "Feature", "properties": { "内容": "ウォンツ井口明神薬局【5:薬局】広島県広島市西区井口明神一丁目１番１０号", "url": "https://www.iryou.teikyouseido.mhlw.go.jp/znk-web/juminkanja/S2430/initialize?prefCd=34&kikanCd=7347342144&kikanKbn=5", "url2": "https://www.wants.co.jp/" }, "geometry": { "type": "Point", "coordinates": [ 132.391404, 34.374523 ] } },
{ "type": "Feature", "properties": { "内容": "すずらん薬局　上安店【5:薬局】広島県広島市安佐南区上安二丁目２９番１１号", "url": "https://www.iryou.teikyouseido.mhlw.go.jp/znk-web/juminkanja/S2430/initialize?prefCd=34&kikanCd=7347342145&kikanKbn=5", "url2": "http://horon-suzuran.co.jp/new/tenpo-detail/kamiyasu/" }, "geometry": { "type": "Point", "coordinates": [ 132.443846, 34.475841 ] } },
{ "type": "Feature", "properties": { "内容": "すずらん薬局　舟入本町店【5:薬局】広島県広島市中区舟入本町７番１６号", "url": "https://www.iryou.teikyouseido.mhlw.go.jp/znk-web/juminkanja/S2430/initialize?prefCd=34&kikanCd=7347342146&kikanKbn=5", "url2": "http://horon-suzuran.co.jp/new/tenpo-detail/funairihonmachi/" }, "geometry": { "type": "Point", "coordinates": [ 132.440912, 34.386345 ] } },
{ "type": "Feature", "properties": { "内容": "かなえ薬局　スタジアム前【5:薬局】広島県広島市南区西蟹屋四丁目８番３１号", "url": "https://www.iryou.teikyouseido.mhlw.go.jp/znk-web/juminkanja/S2430/initialize?prefCd=34&kikanCd=7347342149&kikanKbn=5", "url2": "https://www.uirapo.co.jp/" }, "geometry": { "type": "Point", "coordinates": [ 132.481387, 34.390511 ] } },
{ "type": "Feature", "properties": { "内容": "ミント薬局　舟入店【5:薬局】広島県広島市中区舟入本町１３番２２号　１Ｆ", "url": "https://www.iryou.teikyouseido.mhlw.go.jp/znk-web/juminkanja/S2430/initialize?prefCd=34&kikanCd=7347342150&kikanKbn=5", "url2": "http://www.mint-pharmacy.jp" }, "geometry": { "type": "Point", "coordinates": [ 132.441943, 34.385222 ] } },
{ "type": "Feature", "properties": { "内容": "ミント薬局　大手町店【5:薬局】広島県広島市中区大手町五丁目５番２３号　１Ｆ", "url": "https://www.iryou.teikyouseido.mhlw.go.jp/znk-web/juminkanja/S2430/initialize?prefCd=34&kikanCd=7347342151&kikanKbn=5", "url2": "http://www.mint-pharmacy.jp" }, "geometry": { "type": "Point", "coordinates": [ 132.452226, 34.384081 ] } },
{ "type": "Feature", "properties": { "内容": "青葉薬局【5:薬局】広島県広島市西区井口台二丁目２２番４号", "url": "https://www.iryou.teikyouseido.mhlw.go.jp/znk-web/juminkanja/S2430/initialize?prefCd=34&kikanCd=7347342152&kikanKbn=5", "url2": null }, "geometry": { "type": "Point", "coordinates": [ 132.3787, 34.377681 ] } },
{ "type": "Feature", "properties": { "内容": "ファーマシィ薬局府中【5:薬局】広島県府中市鵜飼町５５５－３８", "url": "https://www.iryou.teikyouseido.mhlw.go.jp/znk-web/juminkanja/S2430/initialize?prefCd=34&kikanCd=7347342155&kikanKbn=5", "url2": "http://www.pharmacy-net.co.jp" }, "geometry": { "type": "Point", "coordinates": [ 133.248734, 34.569147 ] } },
{ "type": "Feature", "properties": { "内容": "スマイル薬局　板橋店【5:薬局】広島県庄原市板橋町１９０－６", "url": "https://www.iryou.teikyouseido.mhlw.go.jp/znk-web/juminkanja/S2430/initialize?prefCd=34&kikanCd=7347342156&kikanKbn=5", "url2": "http://smile-pharmacy.jp/index.html" }, "geometry": { "type": "Point", "coordinates": [ 133.020422, 34.84802 ] } },
{ "type": "Feature", "properties": { "内容": "東深津薬局【5:薬局】広島県福山市東深津町２丁目７番４７号", "url": "https://www.iryou.teikyouseido.mhlw.go.jp/znk-web/juminkanja/S2430/initialize?prefCd=34&kikanCd=7347342157&kikanKbn=5", "url2": null }, "geometry": { "type": "Point", "coordinates": [ 133.390687, 34.494958 ] } },
{ "type": "Feature", "properties": { "内容": "ププレひまわり薬局　御幸店【5:薬局】広島県福山市御幸町下岩成３３８番地", "url": "https://www.iryou.teikyouseido.mhlw.go.jp/znk-web/juminkanja/S2430/initialize?prefCd=34&kikanCd=7347342161&kikanKbn=5", "url2": "https://epark.jp/shopinfo/ksr35715/" }, "geometry": { "type": "Point", "coordinates": [ 133.348416, 34.540907 ] } },
{ "type": "Feature", "properties": { "内容": "みなが薬局【5:薬局】広島県広島市佐伯区皆賀二丁目２番２３号", "url": "https://www.iryou.teikyouseido.mhlw.go.jp/znk-web/juminkanja/S2430/initialize?prefCd=34&kikanCd=7347342162&kikanKbn=5", "url2": null }, "geometry": { "type": "Point", "coordinates": [ 132.367398, 34.37467 ] } },
{ "type": "Feature", "properties": { "内容": "株式会社かみしま薬局本店【5:薬局】広島県安芸郡熊野町萩原６丁目２１番１１号", "url": "https://www.iryou.teikyouseido.mhlw.go.jp/znk-web/juminkanja/S2430/initialize?prefCd=34&kikanCd=7347342163&kikanKbn=5", "url2": null }, "geometry": { "type": "Point", "coordinates": [ 132.589767, 34.341169 ] } },
{ "type": "Feature", "properties": { "内容": "オール薬局　舟入店【5:薬局】広島県広島市中区舟入幸町４番２号　１Ｆ", "url": "https://www.iryou.teikyouseido.mhlw.go.jp/znk-web/juminkanja/S2430/initialize?prefCd=34&kikanCd=7347342164&kikanKbn=5", "url2": null }, "geometry": { "type": "Point", "coordinates": [ 132.444901, 34.383095 ] } },
{ "type": "Feature", "properties": { "内容": "ウォンツ　八幡西薬局【5:薬局】広島県広島市佐伯区八幡東三丁目１９番８号", "url": "https://www.iryou.teikyouseido.mhlw.go.jp/znk-web/juminkanja/S2430/initialize?prefCd=34&kikanCd=7347342165&kikanKbn=5", "url2": "https://www.wants.co.jp/" }, "geometry": { "type": "Point", "coordinates": [ 132.363212, 34.38621 ] } },
{ "type": "Feature", "properties": { "内容": "ウォンツ　八木城南薬局【5:薬局】広島県広島市安佐南区八木町一丁目２８番９号", "url": "https://www.iryou.teikyouseido.mhlw.go.jp/znk-web/juminkanja/S2430/initialize?prefCd=34&kikanCd=7347342166&kikanKbn=5", "url2": "https://www.wants.co.jp/" }, "geometry": { "type": "Point", "coordinates": [ 132.487778, 34.511868 ] } },
{ "type": "Feature", "properties": { "内容": "コスモス薬局　多治米店【5:薬局】広島県福山市多治米町一丁目１１番１０号　１０１", "url": "https://www.iryou.teikyouseido.mhlw.go.jp/znk-web/juminkanja/S2430/initialize?prefCd=34&kikanCd=7347342167&kikanKbn=5", "url2": "http://www.reliance-cosmos.co.jp/" }, "geometry": { "type": "Point", "coordinates": [ 133.382015, 34.473889 ] } },
{ "type": "Feature", "properties": { "内容": "うみい薬局　新町店【5:薬局】広島県大竹市新町一丁目１２－１３", "url": "https://www.iryou.teikyouseido.mhlw.go.jp/znk-web/juminkanja/S2430/initialize?prefCd=34&kikanCd=7347342183&kikanKbn=5", "url2": null }, "geometry": { "type": "Point", "coordinates": [ 132.222926, 34.215029 ] } },
{ "type": "Feature", "properties": { "内容": "ファーマシィ薬局　広島タワービル【5:薬局】広島県広島市南区松原町５番１号　４Ｆ", "url": "https://www.iryou.teikyouseido.mhlw.go.jp/znk-web/juminkanja/S2430/initialize?prefCd=34&kikanCd=7347342184&kikanKbn=5", "url2": "http://www.pharmacy-net.co.jp" }, "geometry": { "type": "Point", "coordinates": [ 132.476604, 34.395708 ] } },
{ "type": "Feature", "properties": { "内容": "にこぴん薬局　ばら公園店【5:薬局】広島県福山市松浜町一丁目１０番１０号", "url": "https://www.iryou.teikyouseido.mhlw.go.jp/znk-web/juminkanja/S2430/initialize?prefCd=34&kikanCd=7347342185&kikanKbn=5", "url2": "http://nikopin.com/rose.html" }, "geometry": { "type": "Point", "coordinates": [ 133.373671, 34.483738 ] } },
{ "type": "Feature", "properties": { "内容": "ウォンツ　舟入市民病院前薬局【5:薬局】広島県広島市中区舟入本町８番１号", "url": "https://www.iryou.teikyouseido.mhlw.go.jp/znk-web/juminkanja/S2430/initialize?prefCd=34&kikanCd=7347342187&kikanKbn=5", "url2": "https://www.wants.co.jp/" }, "geometry": { "type": "Point", "coordinates": [ 132.440157, 34.386433 ] } },
{ "type": "Feature", "properties": { "内容": "ウォンツ福山御船薬局【5:薬局】広島県福山市御船町一丁目９番３号", "url": "https://www.iryou.teikyouseido.mhlw.go.jp/znk-web/juminkanja/S2430/initialize?prefCd=34&kikanCd=7347342188&kikanKbn=5", "url2": "https://www.wants.co.jp/" }, "geometry": { "type": "Point", "coordinates": [ 133.369346, 34.488371 ] } },
{ "type": "Feature", "properties": { "内容": "株式会社小松薬局　郷原店【5:薬局】広島県呉市郷原町２３７９番地３８", "url": "https://www.iryou.teikyouseido.mhlw.go.jp/znk-web/juminkanja/S2430/initialize?prefCd=34&kikanCd=7347342189&kikanKbn=5", "url2": "https://www.komatsupharmacy.co.jp" }, "geometry": { "type": "Point", "coordinates": [ 132.652028, 34.305315 ] } },
{ "type": "Feature", "properties": { "内容": "オリーブ薬局【5:薬局】広島県東広島市西条町助実１０６４番地３", "url": "https://www.iryou.teikyouseido.mhlw.go.jp/znk-web/juminkanja/S2430/initialize?prefCd=34&kikanCd=7347342190&kikanKbn=5", "url2": "https://saijou-olivepharmacy.storeinfo.jp/" }, "geometry": { "type": "Point", "coordinates": [ 132.761604, 34.42472 ] } },
{ "type": "Feature", "properties": { "内容": "マザー薬局　幟町店【5:薬局】広島県広島市中区幟町１０番１１号　１Ｆ", "url": "https://www.iryou.teikyouseido.mhlw.go.jp/znk-web/juminkanja/S2430/initialize?prefCd=34&kikanCd=7347342191&kikanKbn=5", "url2": "https://yo-mother.com/" }, "geometry": { "type": "Point", "coordinates": [ 132.466739, 34.393983 ] } },
{ "type": "Feature", "properties": { "内容": "ウォンツハピアス駅家薬局【5:薬局】広島県福山市駅家町上山守４５０番地５", "url": "https://www.iryou.teikyouseido.mhlw.go.jp/znk-web/juminkanja/S2430/initialize?prefCd=34&kikanCd=7347342192&kikanKbn=5", "url2": "https://www.wants.co.jp/" }, "geometry": { "type": "Point", "coordinates": [ 133.3323, 34.537438 ] } },
{ "type": "Feature", "properties": { "内容": "ふじい薬局調剤【5:薬局】広島県広島市安佐南区長束一丁目２番２２号", "url": "https://www.iryou.teikyouseido.mhlw.go.jp/znk-web/juminkanja/S2430/initialize?prefCd=34&kikanCd=7347342193&kikanKbn=5", "url2": "t.fujii@fujiipharmacy.jp" }, "geometry": { "type": "Point", "coordinates": [ 132.462451, 34.430835 ] } },
{ "type": "Feature", "properties": { "内容": "あおぞら薬局　曙店【5:薬局】広島県福山市曙町五丁目１９番２８号", "url": "https://www.iryou.teikyouseido.mhlw.go.jp/znk-web/juminkanja/S2430/initialize?prefCd=34&kikanCd=7347342194&kikanKbn=5", "url2": null }, "geometry": { "type": "Point", "coordinates": [ 133.393506, 34.467074 ] } },
{ "type": "Feature", "properties": { "内容": "ミント薬局　高陽店【5:薬局】広島県広島市安佐北区落合南一丁目１１番２０号", "url": "https://www.iryou.teikyouseido.mhlw.go.jp/znk-web/juminkanja/S2430/initialize?prefCd=34&kikanCd=7347342195&kikanKbn=5", "url2": "http://www.mint-pharmacy.jp/" }, "geometry": { "type": "Point", "coordinates": [ 132.507302, 34.467418 ] } },
{ "type": "Feature", "properties": { "内容": "すずらん薬局　竹屋町店【5:薬局】広島県広島市中区竹屋町８番８号　１Ｆ", "url": "https://www.iryou.teikyouseido.mhlw.go.jp/znk-web/juminkanja/S2430/initialize?prefCd=34&kikanCd=7347342196&kikanKbn=5", "url2": "http://horon-suzuran.co.jp/new/tenpo-detail/takeyacho/" }, "geometry": { "type": "Point", "coordinates": [ 132.462401, 34.382703 ] } },
{ "type": "Feature", "properties": { "内容": "エルク薬局【5:薬局】広島県広島市西区小河内町二丁目１５番８号　１階", "url": "https://www.iryou.teikyouseido.mhlw.go.jp/znk-web/juminkanja/S2430/initialize?prefCd=34&kikanCd=7347342197&kikanKbn=5", "url2": "http://elk-pharmacy.com/" }, "geometry": { "type": "Point", "coordinates": [ 132.437543, 34.401327 ] } },
{ "type": "Feature", "properties": { "内容": "ファーマシィ薬局　加茂【5:薬局】広島県福山市加茂町上加茂３９２番地１", "url": "https://www.iryou.teikyouseido.mhlw.go.jp/znk-web/juminkanja/S2430/initialize?prefCd=34&kikanCd=7347342200&kikanKbn=5", "url2": "http://www.pharmacy-net.co.jp" }, "geometry": { "type": "Point", "coordinates": [ 133.346501, 34.55945 ] } },
{ "type": "Feature", "properties": { "内容": "のぞみ薬局　高陽店【5:薬局】広島県広島市安佐北区落合五丁目２５番１号", "url": "https://www.iryou.teikyouseido.mhlw.go.jp/znk-web/juminkanja/S2430/initialize?prefCd=34&kikanCd=7347342201&kikanKbn=5", "url2": "https://fourleaf-nozomi.net" }, "geometry": { "type": "Point", "coordinates": [ 132.519309, 34.476812 ] } },
{ "type": "Feature", "properties": { "内容": "オール薬局　五日市西店【5:薬局】広島県広島市佐伯区五日市一丁目１４番２７－１０２号", "url": "https://www.iryou.teikyouseido.mhlw.go.jp/znk-web/juminkanja/S2430/initialize?prefCd=34&kikanCd=7347342202&kikanKbn=5", "url2": "http://www.e-classa.net/owl-itsukaichinishi/" }, "geometry": { "type": "Point", "coordinates": [ 132.360826, 34.366159 ] } },
{ "type": "Feature", "properties": { "内容": "中央薬局　坂店【5:薬局】広島県安芸郡坂町平成ケ浜１－８－４０", "url": "https://www.iryou.teikyouseido.mhlw.go.jp/znk-web/juminkanja/S2430/initialize?prefCd=34&kikanCd=7347342204&kikanKbn=5", "url2": "http://www.power-p.co.jp/" }, "geometry": { "type": "Point", "coordinates": [ 132.515003, 34.341996 ] } },
{ "type": "Feature", "properties": { "内容": "くすのき薬局【5:薬局】広島県安芸郡海田町成本１４番１０号", "url": "https://www.iryou.teikyouseido.mhlw.go.jp/znk-web/juminkanja/S2430/initialize?prefCd=34&kikanCd=7347342205&kikanKbn=5", "url2": null }, "geometry": { "type": "Point", "coordinates": [ 132.541324, 34.374045 ] } },
{ "type": "Feature", "properties": { "内容": "そらいろ薬局　旭店【5:薬局】広島県広島市南区旭一丁目１９番２６号　ヴィラ旭１階", "url": "https://www.iryou.teikyouseido.mhlw.go.jp/znk-web/juminkanja/S2430/initialize?prefCd=34&kikanCd=7347342206&kikanKbn=5", "url2": null }, "geometry": { "type": "Point", "coordinates": [ 132.479861, 34.373533 ] } },
{ "type": "Feature", "properties": { "内容": "たかの薬局【5:薬局】広島県庄原市高野町新市１１５０－１", "url": "https://www.iryou.teikyouseido.mhlw.go.jp/znk-web/juminkanja/S2430/initialize?prefCd=34&kikanCd=7347342208&kikanKbn=5", "url2": null }, "geometry": { "type": "Point", "coordinates": [ 132.905687, 35.03226 ] } },
{ "type": "Feature", "properties": { "内容": "ひまわり薬局【5:薬局】広島県東広島市西条町寺家７４３０－１", "url": "https://www.iryou.teikyouseido.mhlw.go.jp/znk-web/juminkanja/S2430/initialize?prefCd=34&kikanCd=7347342209&kikanKbn=5", "url2": "https://www.e-classa.net/wbh-himawari/index.html" }, "geometry": { "type": "Point", "coordinates": [ 132.729083, 34.422806 ] } },
{ "type": "Feature", "properties": { "内容": "ウォンツ薬局　日赤病院前３号店【5:薬局】広島県広島市中区千田町一丁目５番２号　１Ｆ", "url": "https://www.iryou.teikyouseido.mhlw.go.jp/znk-web/juminkanja/S2430/initialize?prefCd=34&kikanCd=7347342211&kikanKbn=5", "url2": "https://www.wants.co.jp/" }, "geometry": { "type": "Point", "coordinates": [ 132.453496, 34.381492 ] } },
{ "type": "Feature", "properties": { "内容": "エスマイル薬局　野上店【5:薬局】広島県福山市野上町一丁目５番２８号", "url": "https://www.iryou.teikyouseido.mhlw.go.jp/znk-web/juminkanja/S2430/initialize?prefCd=34&kikanCd=7347342213&kikanKbn=5", "url2": null }, "geometry": { "type": "Point", "coordinates": [ 133.363885, 34.479611 ] } },
{ "type": "Feature", "properties": { "内容": "オール薬局　呉本通店【5:薬局】広島県呉市本通七丁目１番３０号", "url": "https://www.iryou.teikyouseido.mhlw.go.jp/znk-web/juminkanja/S2430/initialize?prefCd=34&kikanCd=7347342214&kikanKbn=5", "url2": "https://www.e-classa.net/owl-kurehondori/information.html" }, "geometry": { "type": "Point", "coordinates": [ 132.575359, 34.250718 ] } },
{ "type": "Feature", "properties": { "内容": "にのしま薬局【5:薬局】広島県広島市南区似島町字家下１６１番地の３", "url": "https://www.iryou.teikyouseido.mhlw.go.jp/znk-web/juminkanja/S2430/initialize?prefCd=34&kikanCd=7347342217&kikanKbn=5", "url2": "http://www.zenkaidou.co.jp/" }, "geometry": { "type": "Point", "coordinates": [ 132.432666, 34.312174 ] } },
{ "type": "Feature", "properties": { "内容": "三篠アルファ薬局【5:薬局】広島県広島市西区三篠北町１９番１６号　１Ｆ", "url": "https://www.iryou.teikyouseido.mhlw.go.jp/znk-web/juminkanja/S2430/initialize?prefCd=34&kikanCd=7347342218&kikanKbn=5", "url2": null }, "geometry": { "type": "Point", "coordinates": [ 132.455761, 34.416797 ] } },
{ "type": "Feature", "properties": { "内容": "ひまわり薬局　天満店【5:薬局】広島県広島市西区天満町１４番１１号　１階", "url": "https://www.iryou.teikyouseido.mhlw.go.jp/znk-web/juminkanja/S2430/initialize?prefCd=34&kikanCd=7347342219&kikanKbn=5", "url2": "http://www.pmc-kikaku.jp" }, "geometry": { "type": "Point", "coordinates": [ 132.439357, 34.396258 ] } },
{ "type": "Feature", "properties": { "内容": "いとう薬局【5:薬局】広島県広島市中区西十日市町１番２７号", "url": "https://www.iryou.teikyouseido.mhlw.go.jp/znk-web/juminkanja/S2430/initialize?prefCd=34&kikanCd=7347342220&kikanKbn=5", "url2": "https://geihokuya.com/" }, "geometry": { "type": "Point", "coordinates": [ 132.447093, 34.398893 ] } },
{ "type": "Feature", "properties": { "内容": "樹の実薬局【5:薬局】広島県福山市南蔵王町一丁目１０番１６号", "url": "https://www.iryou.teikyouseido.mhlw.go.jp/znk-web/juminkanja/S2430/initialize?prefCd=34&kikanCd=7347342221&kikanKbn=5", "url2": "http://www.e-classa.net/kinomi-pharmacy/" }, "geometry": { "type": "Point", "coordinates": [ 133.387577, 34.503348 ] } },
{ "type": "Feature", "properties": { "内容": "ハンド薬局　鉄砲町店【5:薬局】広島県広島市中区鉄砲町５番１号　ヴィゴレ１階", "url": "https://www.iryou.teikyouseido.mhlw.go.jp/znk-web/juminkanja/S2430/initialize?prefCd=34&kikanCd=7347342222&kikanKbn=5", "url2": "https://www.hand-medical.jp" }, "geometry": { "type": "Point", "coordinates": [ 132.464996, 34.396444 ] } },
{ "type": "Feature", "properties": { "内容": "ファーマライン薬局　深津店【5:薬局】広島県福山市東深津町一丁目１１番７号", "url": "https://www.iryou.teikyouseido.mhlw.go.jp/znk-web/juminkanja/S2430/initialize?prefCd=34&kikanCd=7347342223&kikanKbn=5", "url2": null }, "geometry": { "type": "Point", "coordinates": [ 133.39069, 34.500837 ] } },
{ "type": "Feature", "properties": { "内容": "とうしん薬局【5:薬局】広島県福山市駅家町万能倉７８６番地６", "url": "https://www.iryou.teikyouseido.mhlw.go.jp/znk-web/juminkanja/S2430/initialize?prefCd=34&kikanCd=7347342227&kikanKbn=5", "url2": "https://toshin-ph.co.jp" }, "geometry": { "type": "Point", "coordinates": [ 133.340088, 34.548268 ] } },
{ "type": "Feature", "properties": { "内容": "オール薬局　呉宝町店【5:薬局】広島県呉市宝町３番１６号", "url": "https://www.iryou.teikyouseido.mhlw.go.jp/znk-web/juminkanja/S2430/initialize?prefCd=34&kikanCd=7347342229&kikanKbn=5", "url2": "https://www.my-life.jp/" }, "geometry": { "type": "Point", "coordinates": [ 132.558458, 34.242722 ] } },
{ "type": "Feature", "properties": { "内容": "漢方白水堂薬局【5:薬局】広島県広島市佐伯区五日市一丁目１３番２２号", "url": "https://www.iryou.teikyouseido.mhlw.go.jp/znk-web/juminkanja/S2430/initialize?prefCd=34&kikanCd=7347342232&kikanKbn=5", "url2": null }, "geometry": { "type": "Point", "coordinates": [ 132.358578, 34.365708 ] } },
{ "type": "Feature", "properties": { "内容": "ウォンツ　楠木薬局【5:薬局】広島県広島市西区楠木町三丁目１番１０号", "url": "https://www.iryou.teikyouseido.mhlw.go.jp/znk-web/juminkanja/S2430/initialize?prefCd=34&kikanCd=7347342234&kikanKbn=5", "url2": "https://www.wants.co.jp/" }, "geometry": { "type": "Point", "coordinates": [ 132.459166, 34.412895 ] } },
{ "type": "Feature", "properties": { "内容": "花はな薬局【5:薬局】広島県福山市南蔵王町五丁目６番６号", "url": "https://www.iryou.teikyouseido.mhlw.go.jp/znk-web/juminkanja/S2430/initialize?prefCd=34&kikanCd=7347342235&kikanKbn=5", "url2": "http://www.ts-nishicho.com/index.html" }, "geometry": { "type": "Point", "coordinates": [ 133.400301, 34.502317 ] } },
{ "type": "Feature", "properties": { "内容": "薬局　ドラッグス　ソウ　南口店【5:薬局】広島県広島市佐伯区旭園４番３５号　１Ｆ", "url": "https://www.iryou.teikyouseido.mhlw.go.jp/znk-web/juminkanja/S2430/initialize?prefCd=34&kikanCd=7347342236&kikanKbn=5", "url2": "http://maps.app.goo.gl/kCK1KhWUiPrNnQAC9?g_st=ic" }, "geometry": { "type": "Point", "coordinates": [ 132.368053, 34.365798 ] } },
{ "type": "Feature", "properties": { "内容": "さくらんぼ薬局　高木店【5:薬局】広島県府中市高木町６５４番地", "url": "https://www.iryou.teikyouseido.mhlw.go.jp/znk-web/juminkanja/S2430/initialize?prefCd=34&kikanCd=7347342237&kikanKbn=5", "url2": "http://www.sakurams.co.jp" }, "geometry": { "type": "Point", "coordinates": [ 133.246256, 34.558028 ] } },
{ "type": "Feature", "properties": { "内容": "みなみ薬局【5:薬局】広島県江田島市大柿町柿浦９９１－３", "url": "https://www.iryou.teikyouseido.mhlw.go.jp/znk-web/juminkanja/S2430/initialize?prefCd=34&kikanCd=7347342239&kikanKbn=5", "url2": null }, "geometry": { "type": "Point", "coordinates": [ 132.472148, 34.186454 ] } },
{ "type": "Feature", "properties": { "内容": "アローＳ薬局【5:薬局】広島県尾道市美ノ郷町三成１０６６－６", "url": "https://www.iryou.teikyouseido.mhlw.go.jp/znk-web/juminkanja/S2430/initialize?prefCd=34&kikanCd=7347342241&kikanKbn=5", "url2": null }, "geometry": { "type": "Point", "coordinates": [ 133.193463, 34.45104 ] } },
{ "type": "Feature", "properties": { "内容": "あさひが丘薬局【5:薬局】広島県広島市安佐北区あさひが丘七丁目１５番３３号", "url": "https://www.iryou.teikyouseido.mhlw.go.jp/znk-web/juminkanja/S2430/initialize?prefCd=34&kikanCd=7347342243&kikanKbn=5", "url2": null }, "geometry": { "type": "Point", "coordinates": [ 132.437548, 34.507071 ] } },
{ "type": "Feature", "properties": { "内容": "牛田みらい薬局【5:薬局】広島県広島市東区牛田本町六丁目１番２７号　うしたみらいビル５Ｆ", "url": "https://www.iryou.teikyouseido.mhlw.go.jp/znk-web/juminkanja/S2430/initialize?prefCd=34&kikanCd=7347342244&kikanKbn=5", "url2": null }, "geometry": { "type": "Point", "coordinates": [ 132.467088, 34.415086 ] } },
{ "type": "Feature", "properties": { "内容": "ウォンツ　口田薬局【5:薬局】広島県広島市安佐北区口田三丁目３０番４号", "url": "https://www.iryou.teikyouseido.mhlw.go.jp/znk-web/juminkanja/S2430/initialize?prefCd=34&kikanCd=7347342246&kikanKbn=5", "url2": "https://www.wants.co.jp/" }, "geometry": { "type": "Point", "coordinates": [ 132.50258, 34.464818 ] } },
{ "type": "Feature", "properties": { "内容": "ひがしの薬局【5:薬局】広島県広島市安佐南区東野二丁目１２番１５号１Ｆ", "url": "https://www.iryou.teikyouseido.mhlw.go.jp/znk-web/juminkanja/S2430/initialize?prefCd=34&kikanCd=7347342247&kikanKbn=5", "url2": null }, "geometry": { "type": "Point", "coordinates": [ 132.484125, 34.448935 ] } },
{ "type": "Feature", "properties": { "内容": "かなえ薬局寺家【5:薬局】広島県東広島市西条町寺家４７３２－１", "url": "https://www.iryou.teikyouseido.mhlw.go.jp/znk-web/juminkanja/S2430/initialize?prefCd=34&kikanCd=7347342248&kikanKbn=5", "url2": "https://www.uirapo.co.jp/" }, "geometry": { "type": "Point", "coordinates": [ 132.722702, 34.436246 ] } },
{ "type": "Feature", "properties": { "内容": "まごころ薬局【5:薬局】広島県東広島市西条町寺家横田５２８４－１", "url": "https://www.iryou.teikyouseido.mhlw.go.jp/znk-web/juminkanja/S2430/initialize?prefCd=34&kikanCd=7347342249&kikanKbn=5", "url2": null }, "geometry": { "type": "Point", "coordinates": [ 132.728885, 34.436096 ] } },
{ "type": "Feature", "properties": { "内容": "フタバ薬局【5:薬局】広島県呉市中通四丁目６番５号", "url": "https://www.iryou.teikyouseido.mhlw.go.jp/znk-web/juminkanja/S2430/initialize?prefCd=34&kikanCd=7347342250&kikanKbn=5", "url2": "https://futaba-shinme.recruit.site" }, "geometry": { "type": "Point", "coordinates": [ 132.568499, 34.248396 ] } },
{ "type": "Feature", "properties": { "内容": "オール薬局　郷原店【5:薬局】広島県呉市郷原町１６６４－１", "url": "https://www.iryou.teikyouseido.mhlw.go.jp/znk-web/juminkanja/S2430/initialize?prefCd=34&kikanCd=7347342251&kikanKbn=5", "url2": "http://www.my-life.jp/" }, "geometry": { "type": "Point", "coordinates": [ 132.634735, 34.301466 ] } },
{ "type": "Feature", "properties": { "内容": "コスモス薬局　鯉城通り店【5:薬局】広島県広島市中区大手町二丁目７番２号　７階Ａ号室", "url": "https://www.iryou.teikyouseido.mhlw.go.jp/znk-web/juminkanja/S2430/initialize?prefCd=34&kikanCd=7347342252&kikanKbn=5", "url2": "http://www.reliance-cosmos.co.jp/" }, "geometry": { "type": "Point", "coordinates": [ 132.456292, 34.392444 ] } },
{ "type": "Feature", "properties": { "内容": "ウォンツ三原宮浦薬局【5:薬局】広島県三原市宮浦六丁目１－１", "url": "https://www.iryou.teikyouseido.mhlw.go.jp/znk-web/juminkanja/S2430/initialize?prefCd=34&kikanCd=7347342254&kikanKbn=5", "url2": "https://www.wants.co.jp/" }, "geometry": { "type": "Point", "coordinates": [ 133.064567, 34.395117 ] } },
{ "type": "Feature", "properties": { "内容": "アレス薬局　可部店【5:薬局】広島県広島市安佐北区可部六丁目３番２４号", "url": "https://www.iryou.teikyouseido.mhlw.go.jp/znk-web/juminkanja/S2430/initialize?prefCd=34&kikanCd=7347342256&kikanKbn=5", "url2": null }, "geometry": { "type": "Point", "coordinates": [ 132.5057, 34.523431 ] } },
{ "type": "Feature", "properties": { "内容": "さくらんぼ薬局　的場店【5:薬局】広島県広島市南区的場町一丁目７番１０号　１階", "url": "https://www.iryou.teikyouseido.mhlw.go.jp/znk-web/juminkanja/S2430/initialize?prefCd=34&kikanCd=7347342257&kikanKbn=5", "url2": null }, "geometry": { "type": "Point", "coordinates": [ 132.474688, 34.392861 ] } },
{ "type": "Feature", "properties": { "内容": "アプコＵｎｉｔｙ薬局　大手町【5:薬局】広島県広島市中区大手町一丁目１番２０号　ニュー大手町ビル１階", "url": "https://www.iryou.teikyouseido.mhlw.go.jp/znk-web/juminkanja/S2430/initialize?prefCd=34&kikanCd=7347342258&kikanKbn=5", "url2": "https://www.apco-group.jp/store/store4_2.php" }, "geometry": { "type": "Point", "coordinates": [ 132.455174, 34.395544 ] } },
{ "type": "Feature", "properties": { "内容": "ウォンツ大竹薬局【5:薬局】広島県大竹市油見三丁目２０－９", "url": "https://www.iryou.teikyouseido.mhlw.go.jp/znk-web/juminkanja/S2430/initialize?prefCd=34&kikanCd=7347342260&kikanKbn=5", "url2": "https://www.wants.co.jp" }, "geometry": { "type": "Point", "coordinates": [ 132.221346, 34.220834 ] } },
{ "type": "Feature", "properties": { "内容": "コスモス薬局　尾道久保店【5:薬局】広島県尾道市久保一丁目２－２", "url": "https://www.iryou.teikyouseido.mhlw.go.jp/znk-web/juminkanja/S2430/initialize?prefCd=34&kikanCd=7347342261&kikanKbn=5", "url2": "http://www.reliance-cosmos.co.jp" }, "geometry": { "type": "Point", "coordinates": [ 133.202961, 34.410795 ] } },
{ "type": "Feature", "properties": { "内容": "庄原しんいち薬局【5:薬局】広島県庄原市中本町１－７－５", "url": "https://www.iryou.teikyouseido.mhlw.go.jp/znk-web/juminkanja/S2430/initialize?prefCd=34&kikanCd=7347342262&kikanKbn=5", "url2": null }, "geometry": { "type": "Point", "coordinates": [ 133.016975, 34.859465 ] } },
{ "type": "Feature", "properties": { "内容": "広島中央通り薬局【5:薬局】広島県広島市中区三川町７番１号　香月メディカルビル１Ｆ", "url": "https://www.iryou.teikyouseido.mhlw.go.jp/znk-web/juminkanja/S2430/initialize?prefCd=34&kikanCd=7347342264&kikanKbn=5", "url2": null }, "geometry": { "type": "Point", "coordinates": [ 132.425741, 34.392807 ] } },
{ "type": "Feature", "properties": { "内容": "たんぽぽ堂薬局【5:薬局】広島県広島市南区宇品神田三丁目６番３２号　１Ｆ", "url": "https://www.iryou.teikyouseido.mhlw.go.jp/znk-web/juminkanja/S2430/initialize?prefCd=34&kikanCd=7347342265&kikanKbn=5", "url2": null }, "geometry": { "type": "Point", "coordinates": [ 132.464863, 34.364024 ] } },
{ "type": "Feature", "properties": { "内容": "イチョウ薬局【5:薬局】広島県廿日市市地御前三丁目１８－１１", "url": "https://www.iryou.teikyouseido.mhlw.go.jp/znk-web/juminkanja/S2430/initialize?prefCd=34&kikanCd=7347342266&kikanKbn=5", "url2": null }, "geometry": { "type": "Point", "coordinates": [ 132.317224, 34.340278 ] } },
{ "type": "Feature", "properties": { "内容": "どんぐり薬局北広島店【5:薬局】広島県山県郡北広島町阿坂４７０４番地３", "url": "https://www.iryou.teikyouseido.mhlw.go.jp/znk-web/juminkanja/S2430/initialize?prefCd=34&kikanCd=7347342268&kikanKbn=5", "url2": null }, "geometry": { "type": "Point", "coordinates": [ 132.451723, 34.625913 ] } },
{ "type": "Feature", "properties": { "内容": "りんご薬局【5:薬局】広島県安芸郡海田町蟹原２－４－２９", "url": "https://www.iryou.teikyouseido.mhlw.go.jp/znk-web/juminkanja/S2430/initialize?prefCd=34&kikanCd=7347342269&kikanKbn=5", "url2": null }, "geometry": { "type": "Point", "coordinates": [ 132.544068, 34.372684 ] } },
{ "type": "Feature", "properties": { "内容": "会営　二葉の里薬局【5:薬局】広島県広島市東区二葉の里三丁目２番１号", "url": "https://www.iryou.teikyouseido.mhlw.go.jp/znk-web/juminkanja/S2430/initialize?prefCd=34&kikanCd=7347342270&kikanKbn=5", "url2": "https://www.hiroyaku.or.jp/futabanosato" }, "geometry": { "type": "Point", "coordinates": [ 132.475872, 34.401856 ] } },
{ "type": "Feature", "properties": { "内容": "とも薬局【5:薬局】広島県広島市安佐北区亀山二丁目８番２４号", "url": "https://www.iryou.teikyouseido.mhlw.go.jp/znk-web/juminkanja/S2430/initialize?prefCd=34&kikanCd=7347342271&kikanKbn=5", "url2": null }, "geometry": { "type": "Point", "coordinates": [ 132.501317, 34.520659 ] } },
{ "type": "Feature", "properties": { "内容": "ときわ薬局海光【5:薬局】広島県三原市城町三丁目５－６", "url": "https://www.iryou.teikyouseido.mhlw.go.jp/znk-web/juminkanja/S2430/initialize?prefCd=34&kikanCd=7347342272&kikanKbn=5", "url2": "http://tokiwa-pharmacy.com/shop/shop.html" }, "geometry": { "type": "Point", "coordinates": [ 133.083135, 34.396947 ] } },
{ "type": "Feature", "properties": { "内容": "ウォンツ　フレスポ西風新都薬局【5:薬局】広島県広島市安佐南区伴南四丁目１番１号", "url": "https://www.iryou.teikyouseido.mhlw.go.jp/znk-web/juminkanja/S2430/initialize?prefCd=34&kikanCd=7347342274&kikanKbn=5", "url2": "https://www.wants.co.jp" }, "geometry": { "type": "Point", "coordinates": [ 132.378485, 34.44617 ] } },
{ "type": "Feature", "properties": { "内容": "クレハ薬局【5:薬局】広島県東広島市黒瀬町兼沢１０７４－２", "url": "https://www.iryou.teikyouseido.mhlw.go.jp/znk-web/juminkanja/S2430/initialize?prefCd=34&kikanCd=7347342276&kikanKbn=5", "url2": "https://shinme-futaba.co.jp" }, "geometry": { "type": "Point", "coordinates": [ 132.650743, 34.318071 ] } },
{ "type": "Feature", "properties": { "内容": "クオール薬局　御領店【5:薬局】広島県福山市神辺町下御領５０１番地１", "url": "https://www.iryou.teikyouseido.mhlw.go.jp/znk-web/juminkanja/S2430/initialize?prefCd=34&kikanCd=7347342277&kikanKbn=5", "url2": "https://www.qol-net.co.jp/pharmacy/map/detail.php?id=331" }, "geometry": { "type": "Point", "coordinates": [ 133.399005, 34.564969 ] } },
{ "type": "Feature", "properties": { "内容": "ファミリー薬局【5:薬局】広島県福山市新市町新市５５番地", "url": "https://www.iryou.teikyouseido.mhlw.go.jp/znk-web/juminkanja/S2430/initialize?prefCd=34&kikanCd=7347342279&kikanKbn=5", "url2": "http://www.qol-net.co.jp" }, "geometry": { "type": "Point", "coordinates": [ 133.279771, 34.5505 ] } },
{ "type": "Feature", "properties": { "内容": "ハート薬局　東雲店【5:薬局】広島県広島市南区東雲本町一丁目１番３４号　１階", "url": "https://www.iryou.teikyouseido.mhlw.go.jp/znk-web/juminkanja/S2430/initialize?prefCd=34&kikanCd=7347342280&kikanKbn=5", "url2": "https://www.qol net.co.jp/" }, "geometry": { "type": "Point", "coordinates": [ 132.483579, 34.384284 ] } },
{ "type": "Feature", "properties": { "内容": "ハート薬局　高陽店【5:薬局】広島県広島市安佐北区口田三丁目１番１８号", "url": "https://www.iryou.teikyouseido.mhlw.go.jp/znk-web/juminkanja/S2430/initialize?prefCd=34&kikanCd=7347342281&kikanKbn=5", "url2": "https://www.qol-net.co.jp/" }, "geometry": { "type": "Point", "coordinates": [ 132.504693, 34.465623 ] } },
{ "type": "Feature", "properties": { "内容": "ハート薬局　神田店【5:薬局】広島県広島市南区宇品神田五丁目２０番１３号　１Ｆ", "url": "https://www.iryou.teikyouseido.mhlw.go.jp/znk-web/juminkanja/S2430/initialize?prefCd=34&kikanCd=7347342282&kikanKbn=5", "url2": "https://www.qol-net.co.jp/pharmacy/map/detail.php?id=671" }, "geometry": { "type": "Point", "coordinates": [ 132.464018, 34.357607 ] } },
{ "type": "Feature", "properties": { "内容": "クオール薬局　広島駅前通店【5:薬局】広島県広島市南区松川町１番１５号　ポエム松川１階", "url": "https://www.iryou.teikyouseido.mhlw.go.jp/znk-web/juminkanja/S2430/initialize?prefCd=34&kikanCd=7347342283&kikanKbn=5", "url2": "https://www.qol-net.co.jp/pharmacy/map/detail.php?id=384" }, "geometry": { "type": "Point", "coordinates": [ 132.471748, 34.390894 ] } },
{ "type": "Feature", "properties": { "内容": "ハート薬局　観音店【5:薬局】広島県広島市西区南観音二丁目７番１４号", "url": "https://www.iryou.teikyouseido.mhlw.go.jp/znk-web/juminkanja/S2430/initialize?prefCd=34&kikanCd=7347342285&kikanKbn=5", "url2": "https://www.qol-net.co.jp/" }, "geometry": { "type": "Point", "coordinates": [ 132.430191, 34.384059 ] } },
{ "type": "Feature", "properties": { "内容": "若草薬局【5:薬局】広島県広島市東区若草町５番３号　１階", "url": "https://www.iryou.teikyouseido.mhlw.go.jp/znk-web/juminkanja/S2430/initialize?prefCd=34&kikanCd=7347342286&kikanKbn=5", "url2": "https://www.qol-net.co.jp/pharmacy/map/detail.php?id=672" }, "geometry": { "type": "Point", "coordinates": [ 132.48313, 34.397791 ] } },
{ "type": "Feature", "properties": { "内容": "ハート薬局　八幡店【5:薬局】広島県広島市佐伯区八幡二丁目６番１８号", "url": "https://www.iryou.teikyouseido.mhlw.go.jp/znk-web/juminkanja/S2430/initialize?prefCd=34&kikanCd=7347342287&kikanKbn=5", "url2": "https://www.qol-net.co.jp/pharmacy/map/detail.php?id=669" }, "geometry": { "type": "Point", "coordinates": [ 132.35629, 34.39099 ] } },
{ "type": "Feature", "properties": { "内容": "ハート薬局　海岸店【5:薬局】広島県広島市南区宇品海岸二丁目１１番６号　１Ｆ", "url": "https://www.iryou.teikyouseido.mhlw.go.jp/znk-web/juminkanja/S2430/initialize?prefCd=34&kikanCd=7347342288&kikanKbn=5", "url2": "https://www.qol-net.co.jp" }, "geometry": { "type": "Point", "coordinates": [ 132.46152, 34.354642 ] } },
{ "type": "Feature", "properties": { "内容": "ハート薬局　中央店【5:薬局】広島県広島市南区宇品神田一丁目４番２８号　１Ｆ", "url": "https://www.iryou.teikyouseido.mhlw.go.jp/znk-web/juminkanja/S2430/initialize?prefCd=34&kikanCd=7347342289&kikanKbn=5", "url2": "https://www.qol-net.co.jp" }, "geometry": { "type": "Point", "coordinates": [ 132.465706, 34.36793 ] } },
{ "type": "Feature", "properties": { "内容": "ハート薬局　みなみ店【5:薬局】広島県広島市南区皆実町四丁目２２番２号", "url": "https://www.iryou.teikyouseido.mhlw.go.jp/znk-web/juminkanja/S2430/initialize?prefCd=34&kikanCd=7347342290&kikanKbn=5", "url2": null }, "geometry": { "type": "Point", "coordinates": [ 132.471358, 34.374827 ] } },
{ "type": "Feature", "properties": { "内容": "ハート薬局　温品店【5:薬局】広島県広島市東区温品七丁目１０番１１－１４号", "url": "https://www.iryou.teikyouseido.mhlw.go.jp/znk-web/juminkanja/S2430/initialize?prefCd=34&kikanCd=7347342292&kikanKbn=5", "url2": null }, "geometry": { "type": "Point", "coordinates": [ 132.50987, 34.414795 ] } },
{ "type": "Feature", "properties": { "内容": "有田薬局【5:薬局】広島県三原市西宮一丁目２－１", "url": "https://www.iryou.teikyouseido.mhlw.go.jp/znk-web/juminkanja/S2430/initialize?prefCd=34&kikanCd=7347342293&kikanKbn=5", "url2": null }, "geometry": { "type": "Point", "coordinates": [ 133.071344, 34.402158 ] } },
{ "type": "Feature", "properties": { "内容": "殿賀薬局【5:薬局】広島県山県郡安芸太田町下殿河内７１０－５", "url": "https://www.iryou.teikyouseido.mhlw.go.jp/znk-web/juminkanja/S2430/initialize?prefCd=34&kikanCd=7347342294&kikanKbn=5", "url2": "http://www.smile-pharmacy.jp/campaign/index.html" }, "geometry": { "type": "Point", "coordinates": [ 132.292061, 34.587434 ] } },
{ "type": "Feature", "properties": { "内容": "クオール薬局安芸太田店【5:薬局】広島県山県郡安芸太田町下殿河内２３６－３", "url": "https://www.iryou.teikyouseido.mhlw.go.jp/znk-web/juminkanja/S2430/initialize?prefCd=34&kikanCd=7347342295&kikanKbn=5", "url2": "https://www.qol-net.co.jp/pharmacy/map/detail.php?id=719" }, "geometry": { "type": "Point", "coordinates": [ 132.292461, 34.586801 ] } },
{ "type": "Feature", "properties": { "内容": "つくし薬局【5:薬局】広島県山県郡安芸太田町加計３４８５－１１", "url": "https://www.iryou.teikyouseido.mhlw.go.jp/znk-web/juminkanja/S2430/initialize?prefCd=34&kikanCd=7347342296&kikanKbn=5", "url2": "https://www.qol-net.co.jp" }, "geometry": { "type": "Point", "coordinates": [ 132.322932, 34.609398 ] } },
{ "type": "Feature", "properties": { "内容": "クオール薬局　府川町店【5:薬局】広島県府中市府川町１００－１７", "url": "https://www.iryou.teikyouseido.mhlw.go.jp/znk-web/juminkanja/S2430/initialize?prefCd=34&kikanCd=7347342297&kikanKbn=5", "url2": "https://www.qol-net.co.jp/" }, "geometry": { "type": "Point", "coordinates": [ 133.241334, 34.568816 ] } },
{ "type": "Feature", "properties": { "内容": "クオール薬局　神石高原店【5:薬局】広島県神石郡神石高原町小畠１７１１－３", "url": "https://www.iryou.teikyouseido.mhlw.go.jp/znk-web/juminkanja/S2430/initialize?prefCd=34&kikanCd=7347342298&kikanKbn=5", "url2": "https://www.qol-net.co.jp/pharmacy/map/detail.php?id=588" }, "geometry": { "type": "Point", "coordinates": [ 133.261822, 34.712837 ] } },
{ "type": "Feature", "properties": { "内容": "クオール薬局　江田島店【5:薬局】広島県江田島市能美町中町４７１５－６", "url": "https://www.iryou.teikyouseido.mhlw.go.jp/znk-web/juminkanja/S2430/initialize?prefCd=34&kikanCd=7347342299&kikanKbn=5", "url2": "https://www.qol-net.co.jp/pharmacy/map/detail.php?id=577" }, "geometry": { "type": "Point", "coordinates": [ 132.452001, 34.225799 ] } },
{ "type": "Feature", "properties": { "内容": "中村薬局【5:薬局】広島県広島市佐伯区楽々園四丁目７番１号　１階", "url": "https://www.iryou.teikyouseido.mhlw.go.jp/znk-web/juminkanja/S2430/initialize?prefCd=34&kikanCd=7347342300&kikanKbn=5", "url2": null }, "geometry": { "type": "Point", "coordinates": [ 132.352272, 34.362968 ] } },
{ "type": "Feature", "properties": { "内容": "オール薬局　堺町店【5:薬局】広島県広島市中区堺町一丁目３番１０号　１Ｆ", "url": "https://www.iryou.teikyouseido.mhlw.go.jp/znk-web/juminkanja/S2430/initialize?prefCd=34&kikanCd=7347342304&kikanKbn=5", "url2": "https://www.my-life.jp/owl/" }, "geometry": { "type": "Point", "coordinates": [ 132.447859, 34.394477 ] } },
{ "type": "Feature", "properties": { "内容": "ひらもと薬局　阿賀店【5:薬局】広島県呉市阿賀北３丁目４番１５号", "url": "https://www.iryou.teikyouseido.mhlw.go.jp/znk-web/juminkanja/S2430/initialize?prefCd=34&kikanCd=7347342305&kikanKbn=5", "url2": "http://www.nov-cure.com" }, "geometry": { "type": "Point", "coordinates": [ 132.591627, 34.251393 ] } },
{ "type": "Feature", "properties": { "内容": "オリタ薬局　可部店【5:薬局】広島県広島市安佐北区可部７丁目６－２", "url": "https://www.iryou.teikyouseido.mhlw.go.jp/znk-web/juminkanja/S2430/initialize?prefCd=34&kikanCd=7347342306&kikanKbn=5", "url2": null }, "geometry": { "type": "Point", "coordinates": [ 132.512013, 34.522054 ] } },
{ "type": "Feature", "properties": { "内容": "株式会社みやじま薬局【5:薬局】広島県廿日市市宮島町甲５９０－２", "url": "https://www.iryou.teikyouseido.mhlw.go.jp/znk-web/juminkanja/S2430/initialize?prefCd=34&kikanCd=7347342307&kikanKbn=5", "url2": "ﾅｼ" }, "geometry": { "type": "Point", "coordinates": [ 132.32151, 34.299313 ] } },
{ "type": "Feature", "properties": { "内容": "日本調剤　天満町薬局【5:薬局】広島県広島市西区天満町１３番１号　１階", "url": "https://www.iryou.teikyouseido.mhlw.go.jp/znk-web/juminkanja/S2430/initialize?prefCd=34&kikanCd=7347342309&kikanKbn=5", "url2": "https://www.nicho.co.jp/tenpo/tenmachou/" }, "geometry": { "type": "Point", "coordinates": [ 132.44044, 34.39593 ] } },
{ "type": "Feature", "properties": { "内容": "ウォンツ呉四ツ道路薬局【5:薬局】広島県呉市本通２丁目６番１号", "url": "https://www.iryou.teikyouseido.mhlw.go.jp/znk-web/juminkanja/S2430/initialize?prefCd=34&kikanCd=7347342310&kikanKbn=5", "url2": "https://www.wants.co.jp/" }, "geometry": { "type": "Point", "coordinates": [ 132.565238, 34.242833 ] } },
{ "type": "Feature", "properties": { "内容": "ウォンツ薬局　メディカルモール吉島店【5:薬局】広島県広島市中区吉島西二丁目１４番１２号　１階", "url": "https://www.iryou.teikyouseido.mhlw.go.jp/znk-web/juminkanja/S2430/initialize?prefCd=34&kikanCd=7347342311&kikanKbn=5", "url2": "https://www.wants.co.jp" }, "geometry": { "type": "Point", "coordinates": [ 132.444782, 34.372537 ] } },
{ "type": "Feature", "properties": { "内容": "古江ステーション薬局【5:薬局】広島県広島市西区古江新町２番１２号　１階", "url": "https://www.iryou.teikyouseido.mhlw.go.jp/znk-web/juminkanja/S2430/initialize?prefCd=34&kikanCd=7347342312&kikanKbn=5", "url2": "furue.yuushin@gmail.com" }, "geometry": { "type": "Point", "coordinates": [ 132.411395, 34.385664 ] } },
{ "type": "Feature", "properties": { "内容": "ウォンツ海田栄町薬局【5:薬局】広島県安芸郡海田町栄町５－２９", "url": "https://www.iryou.teikyouseido.mhlw.go.jp/znk-web/juminkanja/S2430/initialize?prefCd=34&kikanCd=7347342313&kikanKbn=5", "url2": "https://www.wants.co.jp" }, "geometry": { "type": "Point", "coordinates": [ 132.534381, 34.362416 ] } },
{ "type": "Feature", "properties": { "内容": "あおぞら薬局坂駅前店【5:薬局】広島県安芸郡坂町坂西一丁目３－２１", "url": "https://www.iryou.teikyouseido.mhlw.go.jp/znk-web/juminkanja/S2430/initialize?prefCd=34&kikanCd=7347342314&kikanKbn=5", "url2": null }, "geometry": { "type": "Point", "coordinates": [ 132.512406, 34.339268 ] } },
{ "type": "Feature", "properties": { "内容": "舟入南薬局【5:薬局】広島県広島市中区舟入南四丁目１６番８号　１階", "url": "https://www.iryou.teikyouseido.mhlw.go.jp/znk-web/juminkanja/S2430/initialize?prefCd=34&kikanCd=7347342315&kikanKbn=5", "url2": "http://ms-pharmacy.jp" }, "geometry": { "type": "Point", "coordinates": [ 132.438235, 34.375748 ] } },
{ "type": "Feature", "properties": { "内容": "せと薬局【5:薬局】広島県福山市瀬戸町山北４４４番地２", "url": "https://www.iryou.teikyouseido.mhlw.go.jp/znk-web/juminkanja/S2430/initialize?prefCd=34&kikanCd=7347342316&kikanKbn=5", "url2": "https://kitamitak.wixsite.com/website" }, "geometry": { "type": "Point", "coordinates": [ 133.313852, 34.47352 ] } },
{ "type": "Feature", "properties": { "内容": "観音みなみ薬局【5:薬局】広島県広島市西区南観音七丁目１４番２０号", "url": "https://www.iryou.teikyouseido.mhlw.go.jp/znk-web/juminkanja/S2430/initialize?prefCd=34&kikanCd=7347342317&kikanKbn=5", "url2": "https://www.tsnishicho.com/" }, "geometry": { "type": "Point", "coordinates": [ 132.42816, 34.378698 ] } },
{ "type": "Feature", "properties": { "内容": "山百々漢方薬局【5:薬局】広島県広島市佐伯区五日市五丁目１３番２６号", "url": "https://www.iryou.teikyouseido.mhlw.go.jp/znk-web/juminkanja/S2430/initialize?prefCd=34&kikanCd=7347342320&kikanKbn=5", "url2": null }, "geometry": { "type": "Point", "coordinates": [ 132.358392, 34.370539 ] } },
{ "type": "Feature", "properties": { "内容": "さくら薬局【5:薬局】広島県三原市宮浦六丁目６－３９", "url": "https://www.iryou.teikyouseido.mhlw.go.jp/znk-web/juminkanja/S2430/initialize?prefCd=34&kikanCd=7347342323&kikanKbn=5", "url2": null }, "geometry": { "type": "Point", "coordinates": [ 133.063306, 34.396067 ] } },
{ "type": "Feature", "properties": { "内容": "タウン薬局　本郷店【5:薬局】広島県三原市下北方一丁目７－２５", "url": "https://www.iryou.teikyouseido.mhlw.go.jp/znk-web/juminkanja/S2430/initialize?prefCd=34&kikanCd=7347342324&kikanKbn=5", "url2": "http://www.g-town.co.jp/" }, "geometry": { "type": "Point", "coordinates": [ 132.974609, 34.406638 ] } },
{ "type": "Feature", "properties": { "内容": "あおぞら薬局　日赤病院前店【5:薬局】広島県広島市中区千田町一丁目５番９号　平勝ビル１Ｆ", "url": "https://www.iryou.teikyouseido.mhlw.go.jp/znk-web/juminkanja/S2430/initialize?prefCd=34&kikanCd=7347342325&kikanKbn=5", "url2": null }, "geometry": { "type": "Point", "coordinates": [ 132.453178, 34.381052 ] } },
{ "type": "Feature", "properties": { "内容": "ウォンツ薬局　庚午中店【5:薬局】広島県広島市西区庚午中三丁目５番１０号　峯野ビル１Ｆ", "url": "https://www.iryou.teikyouseido.mhlw.go.jp/znk-web/juminkanja/S2430/initialize?prefCd=34&kikanCd=7347342326&kikanKbn=5", "url2": "https://www.wants.co.jp" }, "geometry": { "type": "Point", "coordinates": [ 132.411372, 34.383302 ] } },
{ "type": "Feature", "properties": { "内容": "山陽堂薬局　へさか茶臼城山店【5:薬局】広島県広島市東区戸坂南二丁目８番１３号　１階", "url": "https://www.iryou.teikyouseido.mhlw.go.jp/znk-web/juminkanja/S2430/initialize?prefCd=34&kikanCd=7347342328&kikanKbn=5", "url2": null }, "geometry": { "type": "Point", "coordinates": [ 132.49426, 34.42414 ] } },
{ "type": "Feature", "properties": { "内容": "コスモス薬局　神辺店【5:薬局】広島県福山市神辺町新湯野７４番地１８", "url": "https://www.iryou.teikyouseido.mhlw.go.jp/znk-web/juminkanja/S2430/initialize?prefCd=34&kikanCd=7347342329&kikanKbn=5", "url2": "http://www.reliance-cosmos.co.jp/" }, "geometry": { "type": "Point", "coordinates": [ 133.389185, 34.552813 ] } },
{ "type": "Feature", "properties": { "内容": "ファーマシィ薬局引野【5:薬局】広島県福山市引野町北五丁目８番１６号", "url": "https://www.iryou.teikyouseido.mhlw.go.jp/znk-web/juminkanja/S2430/initialize?prefCd=34&kikanCd=7347342330&kikanKbn=5", "url2": "http://www.pharmacy-net.co.jp" }, "geometry": { "type": "Point", "coordinates": [ 133.417054, 34.499497 ] } },
{ "type": "Feature", "properties": { "内容": "ウォンツ　八丁堀電停前薬局【5:薬局】広島県広島市中区八丁堀１４番１０号　１階", "url": "https://www.iryou.teikyouseido.mhlw.go.jp/znk-web/juminkanja/S2430/initialize?prefCd=34&kikanCd=7347342331&kikanKbn=5", "url2": "https://www.wants.co.jp/" }, "geometry": { "type": "Point", "coordinates": [ 132.463318, 34.394658 ] } },
{ "type": "Feature", "properties": { "内容": "さくらんぼ薬局　東深津店【5:薬局】広島県福山市東深津町二丁目８番３１号", "url": "https://www.iryou.teikyouseido.mhlw.go.jp/znk-web/juminkanja/S2430/initialize?prefCd=34&kikanCd=7347342332&kikanKbn=5", "url2": "https://sakurams.co.jp" }, "geometry": { "type": "Point", "coordinates": [ 133.391427, 34.49614 ] } },
{ "type": "Feature", "properties": { "内容": "かえで薬局【5:薬局】広島県福山市南蔵王町四丁目１２番２７号", "url": "https://www.iryou.teikyouseido.mhlw.go.jp/znk-web/juminkanja/S2430/initialize?prefCd=34&kikanCd=7347342333&kikanKbn=5", "url2": "http://www.innoshima-ph.com/" }, "geometry": { "type": "Point", "coordinates": [ 133.396274, 34.498926 ] } },
{ "type": "Feature", "properties": { "内容": "さくらんぼ薬局　長楽寺店【5:薬局】広島県広島市安佐南区長楽寺１丁目１５番３号", "url": "https://www.iryou.teikyouseido.mhlw.go.jp/znk-web/juminkanja/S2430/initialize?prefCd=34&kikanCd=7347342334&kikanKbn=5", "url2": "https://sakurams.co.jp/" }, "geometry": { "type": "Point", "coordinates": [ 132.430629, 34.471723 ] } },
{ "type": "Feature", "properties": { "内容": "コスモス薬局西条店【5:薬局】広島県東広島市西条町寺家５０２２－１", "url": "https://www.iryou.teikyouseido.mhlw.go.jp/znk-web/juminkanja/S2430/initialize?prefCd=34&kikanCd=7347342336&kikanKbn=5", "url2": "http://www.reliance-cosmos.co.jp/" }, "geometry": { "type": "Point", "coordinates": [ 132.722272, 34.427671 ] } },
{ "type": "Feature", "properties": { "内容": "どんぐり薬局【5:薬局】広島県福山市多治米町一丁目１１番２５号", "url": "https://www.iryou.teikyouseido.mhlw.go.jp/znk-web/juminkanja/S2430/initialize?prefCd=34&kikanCd=7347342337&kikanKbn=5", "url2": "https://www.facebook.com/profile.php?id=100086006846862" }, "geometry": { "type": "Point", "coordinates": [ 133.382702, 34.473503 ] } },
{ "type": "Feature", "properties": { "内容": "あすか薬局　中筋店【5:薬局】広島県広島市安佐南区中筋一丁目９番１０号", "url": "https://www.iryou.teikyouseido.mhlw.go.jp/znk-web/juminkanja/S2430/initialize?prefCd=34&kikanCd=7347342338&kikanKbn=5", "url2": "hiips//www.asuka-ph.jp" }, "geometry": { "type": "Point", "coordinates": [ 132.476294, 34.450312 ] } },
{ "type": "Feature", "properties": { "内容": "リーフ薬局【5:薬局】広島県広島市佐伯区五日市中央五丁目１番４０号", "url": "https://www.iryou.teikyouseido.mhlw.go.jp/znk-web/juminkanja/S2430/initialize?prefCd=34&kikanCd=7347342339&kikanKbn=5", "url2": null }, "geometry": { "type": "Point", "coordinates": [ 132.358142, 34.375642 ] } },
{ "type": "Feature", "properties": { "内容": "にしたかや薬局【5:薬局】広島県東広島市高屋町中島３１－１", "url": "https://www.iryou.teikyouseido.mhlw.go.jp/znk-web/juminkanja/S2430/initialize?prefCd=34&kikanCd=7347342341&kikanKbn=5", "url2": "https://kenshinp.jp/" }, "geometry": { "type": "Point", "coordinates": [ 132.793136, 34.4453 ] } },
{ "type": "Feature", "properties": { "内容": "ププレひまわり薬局　川北店【5:薬局】広島県福山市神辺町川北３６２番地", "url": "https://www.iryou.teikyouseido.mhlw.go.jp/znk-web/juminkanja/S2430/initialize?prefCd=34&kikanCd=7347342342&kikanKbn=5", "url2": "https://himawarinews.com/store/kawakita_f/" }, "geometry": { "type": "Point", "coordinates": [ 133.386296, 34.543413 ] } },
{ "type": "Feature", "properties": { "内容": "山下薬局【5:薬局】広島県広島市安佐北区可部南三丁目９番４５号", "url": "https://www.iryou.teikyouseido.mhlw.go.jp/znk-web/juminkanja/S2430/initialize?prefCd=34&kikanCd=7347342343&kikanKbn=5", "url2": null }, "geometry": { "type": "Point", "coordinates": [ 132.515304, 34.50247 ] } },
{ "type": "Feature", "properties": { "内容": "そよかぜ薬局【5:薬局】広島県広島市安佐南区上安町二丁目５番２６号", "url": "https://www.iryou.teikyouseido.mhlw.go.jp/znk-web/juminkanja/S2430/initialize?prefCd=34&kikanCd=7347342344&kikanKbn=5", "url2": null }, "geometry": { "type": "Point", "coordinates": [ 132.444217, 34.491181 ] } },
{ "type": "Feature", "properties": { "内容": "サン薬局【5:薬局】広島県大竹市油見一丁目９－１０", "url": "https://www.iryou.teikyouseido.mhlw.go.jp/znk-web/juminkanja/S2430/initialize?prefCd=34&kikanCd=7347342345&kikanKbn=5", "url2": null }, "geometry": { "type": "Point", "coordinates": [ 132.218744, 34.217042 ] } },
{ "type": "Feature", "properties": { "内容": "ウォンツ宮内薬局【5:薬局】広島県廿日市市宮内４４７９", "url": "https://www.iryou.teikyouseido.mhlw.go.jp/znk-web/juminkanja/S2430/initialize?prefCd=34&kikanCd=7347342346&kikanKbn=5", "url2": "https://www.wants.co.jp/" }, "geometry": { "type": "Point", "coordinates": [ 132.306557, 34.344946 ] } },
{ "type": "Feature", "properties": { "内容": "めじろ薬局　皆実町店【5:薬局】広島県広島市南区皆実町四丁目１８番１６号　１階", "url": "https://www.iryou.teikyouseido.mhlw.go.jp/znk-web/juminkanja/S2430/initialize?prefCd=34&kikanCd=7347342347&kikanKbn=5", "url2": "https://www.kusurinomadoguchi.com/hiroshima/s821370" }, "geometry": { "type": "Point", "coordinates": [ 132.471978, 34.375169 ] } },
{ "type": "Feature", "properties": { "内容": "麻生薬局【5:薬局】広島県尾道市久保一丁目１３－１６", "url": "https://www.iryou.teikyouseido.mhlw.go.jp/znk-web/juminkanja/S2430/initialize?prefCd=34&kikanCd=7347342348&kikanKbn=5", "url2": null }, "geometry": { "type": "Point", "coordinates": [ 133.205399, 34.409894 ] } },
{ "type": "Feature", "properties": { "内容": "ウォンツ西条西薬局【5:薬局】広島県東広島市西条町寺家３７９１－１", "url": "https://www.iryou.teikyouseido.mhlw.go.jp/znk-web/juminkanja/S2430/initialize?prefCd=34&kikanCd=7347342349&kikanKbn=5", "url2": "https://www.wants.co.jp/" }, "geometry": { "type": "Point", "coordinates": [ 132.720058, 34.438915 ] } },
{ "type": "Feature", "properties": { "内容": "ププレひまわり薬局　伴東店【5:薬局】広島県広島市安佐南区伴東五丁目２１番２号", "url": "https://www.iryou.teikyouseido.mhlw.go.jp/znk-web/juminkanja/S2430/initialize?prefCd=34&kikanCd=7347342350&kikanKbn=5", "url2": "https://himawarinews.com/store/tomohigashi_f/" }, "geometry": { "type": "Point", "coordinates": [ 132.421952, 34.466956 ] } },
{ "type": "Feature", "properties": { "内容": "はな薬局【5:薬局】広島県広島市安佐南区山本新町二丁目１８番９－１０号　１Ｆ", "url": "https://www.iryou.teikyouseido.mhlw.go.jp/znk-web/juminkanja/S2430/initialize?prefCd=34&kikanCd=7347342351&kikanKbn=5", "url2": null }, "geometry": { "type": "Point", "coordinates": [ 132.434522, 34.440568 ] } },
{ "type": "Feature", "properties": { "内容": "さゆり堂薬局【5:薬局】広島県広島市安芸区矢野西四丁目９番１０号　１階", "url": "https://www.iryou.teikyouseido.mhlw.go.jp/znk-web/juminkanja/S2430/initialize?prefCd=34&kikanCd=7347342352&kikanKbn=5", "url2": null }, "geometry": { "type": "Point", "coordinates": [ 132.531022, 34.35141 ] } },
{ "type": "Feature", "properties": { "内容": "全快堂薬局　温品店【5:薬局】広島県広島市東区温品四丁目２１番９号", "url": "https://www.iryou.teikyouseido.mhlw.go.jp/znk-web/juminkanja/S2430/initialize?prefCd=34&kikanCd=7347342353&kikanKbn=5", "url2": "https://zenkaidou.co.jp/" }, "geometry": { "type": "Point", "coordinates": [ 132.507737, 34.407996 ] } },
{ "type": "Feature", "properties": { "内容": "のぞみ薬局【5:薬局】広島県尾道市因島重井町５２３２－４", "url": "https://www.iryou.teikyouseido.mhlw.go.jp/znk-web/juminkanja/S2430/initialize?prefCd=34&kikanCd=7347342355&kikanKbn=5", "url2": "http://www.innoshima-ph.com/" }, "geometry": { "type": "Point", "coordinates": [ 133.147105, 34.317393 ] } },
{ "type": "Feature", "properties": { "内容": "ウォンツ　緑井薬局【5:薬局】広島県広島市安佐南区緑井三丁目１７番２０号", "url": "https://www.iryou.teikyouseido.mhlw.go.jp/znk-web/juminkanja/S2430/initialize?prefCd=34&kikanCd=7347342356&kikanKbn=5", "url2": "https://www.wants.co.jp/" }, "geometry": { "type": "Point", "coordinates": [ 132.468461, 34.46888 ] } },
{ "type": "Feature", "properties": { "内容": "ウォンツ亀山薬局【5:薬局】広島県広島市安佐北区亀山三丁目３番１９号", "url": "https://www.iryou.teikyouseido.mhlw.go.jp/znk-web/juminkanja/S2430/initialize?prefCd=34&kikanCd=7347342357&kikanKbn=5", "url2": "https://www.wants.co.jp/" }, "geometry": { "type": "Point", "coordinates": [ 132.49955, 34.524398 ] } },
{ "type": "Feature", "properties": { "内容": "みつ漢方薬局【5:薬局】広島県安芸高田市吉田町吉田５４４－１", "url": "https://www.iryou.teikyouseido.mhlw.go.jp/znk-web/juminkanja/S2430/initialize?prefCd=34&kikanCd=7347342358&kikanKbn=5", "url2": "https://kanpou-hiroshima.com/" }, "geometry": { "type": "Point", "coordinates": [ 132.700202, 34.670225 ] } },
{ "type": "Feature", "properties": { "内容": "ひらもと薬局　千田店【5:薬局】広島県広島市中区千田町二丁目１番２９号　１Ｆ", "url": "https://www.iryou.teikyouseido.mhlw.go.jp/znk-web/juminkanja/S2430/initialize?prefCd=34&kikanCd=7347342361&kikanKbn=5", "url2": "http://www.nov-cure.com" }, "geometry": { "type": "Point", "coordinates": [ 132.456364, 34.379384 ] } },
{ "type": "Feature", "properties": { "内容": "大野オレンジ薬局【5:薬局】広島県廿日市市大野中央三丁目２－３４", "url": "https://www.iryou.teikyouseido.mhlw.go.jp/znk-web/juminkanja/S2430/initialize?prefCd=34&kikanCd=7347342362&kikanKbn=5", "url2": null }, "geometry": { "type": "Point", "coordinates": [ 132.272018, 34.290036 ] } },
{ "type": "Feature", "properties": { "内容": "オリーブ薬局【5:薬局】広島県福山市沼隈町草深１９６３番地１", "url": "https://www.iryou.teikyouseido.mhlw.go.jp/znk-web/juminkanja/S2430/initialize?prefCd=34&kikanCd=7347342363&kikanKbn=5", "url2": null }, "geometry": { "type": "Point", "coordinates": [ 133.323421, 34.388851 ] } },
{ "type": "Feature", "properties": { "内容": "市薬局【5:薬局】広島県尾道市御調町市１００", "url": "https://www.iryou.teikyouseido.mhlw.go.jp/znk-web/juminkanja/S2430/initialize?prefCd=34&kikanCd=7347342364&kikanKbn=5", "url2": null }, "geometry": { "type": "Point", "coordinates": [ 133.148619, 34.515699 ] } },
{ "type": "Feature", "properties": { "内容": "ひらもと薬局海田店【5:薬局】広島県安芸郡海田町稲荷町７－１５", "url": "https://www.iryou.teikyouseido.mhlw.go.jp/znk-web/juminkanja/S2430/initialize?prefCd=34&kikanCd=7347342365&kikanKbn=5", "url2": "https://nov-cure.com" }, "geometry": { "type": "Point", "coordinates": [ 132.532811, 34.373061 ] } },
{ "type": "Feature", "properties": { "内容": "ウォンツ薬局　呉共済病院前店【5:薬局】広島県呉市西中央３丁目２番２号", "url": "https://www.iryou.teikyouseido.mhlw.go.jp/znk-web/juminkanja/S2430/initialize?prefCd=34&kikanCd=7347342370&kikanKbn=5", "url2": "https://www.wants.co.jp/" }, "geometry": { "type": "Point", "coordinates": [ 132.558773, 34.249375 ] } },
{ "type": "Feature", "properties": { "内容": "川北薬局【5:薬局】広島県福山市神辺町川北９１０番地２", "url": "https://www.iryou.teikyouseido.mhlw.go.jp/znk-web/juminkanja/S2430/initialize?prefCd=34&kikanCd=7347342372&kikanKbn=5", "url2": null }, "geometry": { "type": "Point", "coordinates": [ 133.381863, 34.546873 ] } },
{ "type": "Feature", "properties": { "内容": "オレンジ薬局　光南店【5:薬局】広島県福山市光南町三丁目７番１２号", "url": "https://www.iryou.teikyouseido.mhlw.go.jp/znk-web/juminkanja/S2430/initialize?prefCd=34&kikanCd=7347342373&kikanKbn=5", "url2": null }, "geometry": { "type": "Point", "coordinates": [ 133.367683, 34.475879 ] } },
{ "type": "Feature", "properties": { "内容": "ファースト薬局宮島口店【5:薬局】広島県廿日市市宮島口一丁目４－１３", "url": "https://www.iryou.teikyouseido.mhlw.go.jp/znk-web/juminkanja/S2430/initialize?prefCd=34&kikanCd=7347342374&kikanKbn=5", "url2": "https://pharmacy1st.org/" }, "geometry": { "type": "Point", "coordinates": [ 132.302728, 34.310948 ] } },
{ "type": "Feature", "properties": { "内容": "あい薬局田辺健康館【5:薬局】広島県尾道市古浜町９－１", "url": "https://www.iryou.teikyouseido.mhlw.go.jp/znk-web/juminkanja/S2430/initialize?prefCd=34&kikanCd=7347342375&kikanKbn=5", "url2": "http://xn--l8je4984a4v8a.com/" }, "geometry": { "type": "Point", "coordinates": [ 133.173638, 34.398976 ] } },
{ "type": "Feature", "properties": { "内容": "そうごう薬局　串戸店【5:薬局】広島県廿日市市串戸五丁目３－５０", "url": "https://www.iryou.teikyouseido.mhlw.go.jp/znk-web/juminkanja/S2430/initialize?prefCd=34&kikanCd=7347342376&kikanKbn=5", "url2": "https://www.sogo-medical.co.jp/" }, "geometry": { "type": "Point", "coordinates": [ 132.320745, 34.349602 ] } },
{ "type": "Feature", "properties": { "内容": "ソルベ薬局　呉本通店【5:薬局】広島県呉市本通４丁目９番２３号", "url": "https://www.iryou.teikyouseido.mhlw.go.jp/znk-web/juminkanja/S2430/initialize?prefCd=34&kikanCd=7347342377&kikanKbn=5", "url2": "https://www.sorube-pharmacy.com" }, "geometry": { "type": "Point", "coordinates": [ 132.568351, 34.24591 ] } },
{ "type": "Feature", "properties": { "内容": "さつき薬局【5:薬局】広島県尾道市御調町神１０２－１７", "url": "https://www.iryou.teikyouseido.mhlw.go.jp/znk-web/juminkanja/S2430/initialize?prefCd=34&kikanCd=7347342379&kikanKbn=5", "url2": null }, "geometry": { "type": "Point", "coordinates": [ 133.147361, 34.515247 ] } },
{ "type": "Feature", "properties": { "内容": "ミック・西条栄町薬局【5:薬局】広島県東広島市西条栄町２－２３アリエテナントＢ", "url": "https://www.iryou.teikyouseido.mhlw.go.jp/znk-web/juminkanja/S2430/initialize?prefCd=34&kikanCd=7347342381&kikanKbn=5", "url2": "https://mikk-ligar.jp/shop/mikk/mikk-saijosakae.html" }, "geometry": { "type": "Point", "coordinates": [ 132.743956, 34.429012 ] } },
{ "type": "Feature", "properties": { "内容": "バンブー薬局【5:薬局】広島県竹原市中央３－３－２", "url": "https://www.iryou.teikyouseido.mhlw.go.jp/znk-web/juminkanja/S2430/initialize?prefCd=34&kikanCd=7347342382&kikanKbn=5", "url2": null }, "geometry": { "type": "Point", "coordinates": [ 132.907066, 34.343078 ] } },
{ "type": "Feature", "properties": { "内容": "オール薬局　備後府中店【5:薬局】広島県府中市府川町４６５－１", "url": "https://www.iryou.teikyouseido.mhlw.go.jp/znk-web/juminkanja/S2430/initialize?prefCd=34&kikanCd=7347342383&kikanKbn=5", "url2": "https://www.my-life.jp" }, "geometry": { "type": "Point", "coordinates": [ 133.238425, 34.56632 ] } },
{ "type": "Feature", "properties": { "内容": "オール薬局　近田店【5:薬局】広島県福山市駅家町近田１１７番地６", "url": "https://www.iryou.teikyouseido.mhlw.go.jp/znk-web/juminkanja/S2430/initialize?prefCd=34&kikanCd=7347342384&kikanKbn=5", "url2": null }, "geometry": { "type": "Point", "coordinates": [ 133.311356, 34.543416 ] } },
{ "type": "Feature", "properties": { "内容": "オール薬局　駅家店【5:薬局】広島県福山市駅家町倉光１５６番地３", "url": "https://www.iryou.teikyouseido.mhlw.go.jp/znk-web/juminkanja/S2430/initialize?prefCd=34&kikanCd=7347342385&kikanKbn=5", "url2": null }, "geometry": { "type": "Point", "coordinates": [ 133.327476, 34.54175 ] } },
{ "type": "Feature", "properties": { "内容": "オール薬局　松浜店【5:薬局】広島県福山市松浜町四丁目５番２６号", "url": "https://www.iryou.teikyouseido.mhlw.go.jp/znk-web/juminkanja/S2430/initialize?prefCd=34&kikanCd=7347342386&kikanKbn=5", "url2": "https://www.e-classa.net/owl-matsuhama" }, "geometry": { "type": "Point", "coordinates": [ 133.378588, 34.477634 ] } },
{ "type": "Feature", "properties": { "内容": "四季が丘薬局【5:薬局】広島県廿日市市四季が丘五丁目１３－６", "url": "https://www.iryou.teikyouseido.mhlw.go.jp/znk-web/juminkanja/S2430/initialize?prefCd=34&kikanCd=7347342387&kikanKbn=5", "url2": null }, "geometry": { "type": "Point", "coordinates": [ 132.294434, 34.347838 ] } },
{ "type": "Feature", "properties": { "内容": "いちご薬局【5:薬局】広島県福山市光南町一丁目５番４号", "url": "https://www.iryou.teikyouseido.mhlw.go.jp/znk-web/juminkanja/S2430/initialize?prefCd=34&kikanCd=7347342389&kikanKbn=5", "url2": "https://www.goyoh-medical.jp/drug/" }, "geometry": { "type": "Point", "coordinates": [ 133.366611, 34.481318 ] } },
{ "type": "Feature", "properties": { "内容": "ウォンツ藤三広薬局【5:薬局】広島県呉市広本町３丁目１３番７１号", "url": "https://www.iryou.teikyouseido.mhlw.go.jp/znk-web/juminkanja/S2430/initialize?prefCd=34&kikanCd=7347342390&kikanKbn=5", "url2": "https://www.wants.co.jp/" }, "geometry": { "type": "Point", "coordinates": [ 132.623684, 34.23586 ] } },
{ "type": "Feature", "properties": { "内容": "江波二本松薬局【5:薬局】広島県広島市中区江波二本松一丁目２番２２号　１Ｆ", "url": "https://www.iryou.teikyouseido.mhlw.go.jp/znk-web/juminkanja/S2430/initialize?prefCd=34&kikanCd=7347342391&kikanKbn=5", "url2": null }, "geometry": { "type": "Point", "coordinates": [ 132.433143, 34.368652 ] } },
{ "type": "Feature", "properties": { "内容": "ウォンツ薬局　府中桃山店【5:薬局】広島県安芸郡府中町桃山一丁目１番２５号", "url": "https://www.iryou.teikyouseido.mhlw.go.jp/znk-web/juminkanja/S2430/initialize?prefCd=34&kikanCd=7347342392&kikanKbn=5", "url2": "https://www.wants.co.jp/" }, "geometry": { "type": "Point", "coordinates": [ 132.506664, 34.380419 ] } },
{ "type": "Feature", "properties": { "内容": "イオン薬局イオンスタイル尾道【5:薬局】広島県尾道市天満町１７－５０", "url": "https://www.iryou.teikyouseido.mhlw.go.jp/znk-web/juminkanja/S2430/initialize?prefCd=34&kikanCd=7347342394&kikanKbn=5", "url2": "http://www.aeon.com" }, "geometry": { "type": "Point", "coordinates": [ 133.188138, 34.406067 ] } },
{ "type": "Feature", "properties": { "内容": "ウォンツ　十日市薬局【5:薬局】広島県広島市中区十日市町一丁目１番９号　１Ｆ", "url": "https://www.iryou.teikyouseido.mhlw.go.jp/znk-web/juminkanja/S2430/initialize?prefCd=34&kikanCd=7347342395&kikanKbn=5", "url2": "https://www.wants.co.jp/" }, "geometry": { "type": "Point", "coordinates": [ 132.449186, 34.397285 ] } },
{ "type": "Feature", "properties": { "内容": "ウォンツ　戸坂薬局【5:薬局】広島県広島市東区戸坂千足二丁目７番２０号", "url": "https://www.iryou.teikyouseido.mhlw.go.jp/znk-web/juminkanja/S2430/initialize?prefCd=34&kikanCd=7347342396&kikanKbn=5", "url2": "https://www.wants.co.jp/" }, "geometry": { "type": "Point", "coordinates": [ 132.485884, 34.436728 ] } },
{ "type": "Feature", "properties": { "内容": "杏薬局【5:薬局】広島県東広島市福富町久芳３７９８－２", "url": "https://www.iryou.teikyouseido.mhlw.go.jp/znk-web/juminkanja/S2430/initialize?prefCd=34&kikanCd=7347342398&kikanKbn=5", "url2": null }, "geometry": { "type": "Point", "coordinates": [ 132.780577, 34.538146 ] } },
{ "type": "Feature", "properties": { "内容": "杏薬局豊栄店【5:薬局】広島県東広島市豊栄町乃美３２４０", "url": "https://www.iryou.teikyouseido.mhlw.go.jp/znk-web/juminkanja/S2430/initialize?prefCd=34&kikanCd=7347342399&kikanKbn=5", "url2": null }, "geometry": { "type": "Point", "coordinates": [ 132.815167, 34.567041 ] } },
{ "type": "Feature", "properties": { "内容": "府中元町薬局【5:薬局】広島県府中市元町９－１", "url": "https://www.iryou.teikyouseido.mhlw.go.jp/znk-web/juminkanja/S2430/initialize?prefCd=34&kikanCd=7347342400&kikanKbn=5", "url2": "https://motomachi-ph.com/" }, "geometry": { "type": "Point", "coordinates": [ 133.241854, 34.570833 ] } },
{ "type": "Feature", "properties": { "内容": "アイリス薬局【5:薬局】広島県三次市南畑敷町７８－７", "url": "https://www.iryou.teikyouseido.mhlw.go.jp/znk-web/juminkanja/S2430/initialize?prefCd=34&kikanCd=7347342402&kikanKbn=5", "url2": null }, "geometry": { "type": "Point", "coordinates": [ 132.868908, 34.805357 ] } },
{ "type": "Feature", "properties": { "内容": "三原なみき薬局【5:薬局】広島県三原市円一町四丁目１－２７", "url": "https://www.iryou.teikyouseido.mhlw.go.jp/znk-web/juminkanja/S2430/initialize?prefCd=34&kikanCd=7347342403&kikanKbn=5", "url2": null }, "geometry": { "type": "Point", "coordinates": [ 133.076504, 34.39194 ] } },
{ "type": "Feature", "properties": { "内容": "さくらんぼ薬局　庚午店【5:薬局】広島県広島市西区庚午南一丁目３０番１３号", "url": "https://www.iryou.teikyouseido.mhlw.go.jp/znk-web/juminkanja/S2430/initialize?prefCd=34&kikanCd=7347342404&kikanKbn=5", "url2": null }, "geometry": { "type": "Point", "coordinates": [ 132.412057, 34.378873 ] } },
{ "type": "Feature", "properties": { "内容": "有限会社　髙山薬局【5:薬局】広島県広島市南区青崎一丁目１０番１０号", "url": "https://www.iryou.teikyouseido.mhlw.go.jp/znk-web/juminkanja/S2430/initialize?prefCd=34&kikanCd=7347342405&kikanKbn=5", "url2": null }, "geometry": { "type": "Point", "coordinates": [ 132.50676, 34.373101 ] } },
{ "type": "Feature", "properties": { "内容": "クルーズ薬局【5:薬局】広島県安芸郡海田町西浜４－２２－２", "url": "https://www.iryou.teikyouseido.mhlw.go.jp/znk-web/juminkanja/S2430/initialize?prefCd=34&kikanCd=7347342406&kikanKbn=5", "url2": "http://www.lifeartgroup.com/" }, "geometry": { "type": "Point", "coordinates": [ 132.544423, 34.369887 ] } },
{ "type": "Feature", "properties": { "内容": "くるみ薬局　海田店【5:薬局】広島県安芸郡海田町窪町１－２３", "url": "https://www.iryou.teikyouseido.mhlw.go.jp/znk-web/juminkanja/S2430/initialize?prefCd=34&kikanCd=7347342407&kikanKbn=5", "url2": "http://www.lifeartgroup.com/" }, "geometry": { "type": "Point", "coordinates": [ 132.531523, 34.370989 ] } },
{ "type": "Feature", "properties": { "内容": "康仁薬局　海田店【5:薬局】広島県安芸郡海田町窪町２－１４", "url": "https://www.iryou.teikyouseido.mhlw.go.jp/znk-web/juminkanja/S2430/initialize?prefCd=34&kikanCd=7347342408&kikanKbn=5", "url2": "http://www.lifeartgroup.com/" }, "geometry": { "type": "Point", "coordinates": [ 132.529947, 34.371591 ] } },
{ "type": "Feature", "properties": { "内容": "康仁薬局　府中店【5:薬局】広島県安芸郡府中町本町５－５－１", "url": "https://www.iryou.teikyouseido.mhlw.go.jp/znk-web/juminkanja/S2430/initialize?prefCd=34&kikanCd=7347342409&kikanKbn=5", "url2": "http://www.lifeartgroup.com/" }, "geometry": { "type": "Point", "coordinates": [ 132.504412, 34.398539 ] } },
{ "type": "Feature", "properties": { "内容": "クルーズ薬局　多治米店【5:薬局】広島県福山市多治米町五丁目２３番２９―Ｂ１０１号", "url": "https://www.iryou.teikyouseido.mhlw.go.jp/znk-web/juminkanja/S2430/initialize?prefCd=34&kikanCd=7347342410&kikanKbn=5", "url2": "http//www.lifeartgroup.com/" }, "geometry": { "type": "Point", "coordinates": [ 133.371423, 34.467655 ] } },
{ "type": "Feature", "properties": { "内容": "ザグザグ薬局西条西本町店【5:薬局】広島県東広島市西条西本町２７番３３号", "url": "https://www.iryou.teikyouseido.mhlw.go.jp/znk-web/juminkanja/S2430/initialize?prefCd=34&kikanCd=7347342411&kikanKbn=5", "url2": "http://www.zagzag.co.jp/" }, "geometry": { "type": "Point", "coordinates": [ 132.738802, 34.427184 ] } },
{ "type": "Feature", "properties": { "内容": "クルーズ薬局　天満町店【5:薬局】広島県尾道市天満町１６－１４－７", "url": "https://www.iryou.teikyouseido.mhlw.go.jp/znk-web/juminkanja/S2430/initialize?prefCd=34&kikanCd=7347342412&kikanKbn=5", "url2": "http://www.lifeartgroup.com/" }, "geometry": { "type": "Point", "coordinates": [ 133.187634, 34.406534 ] } },
{ "type": "Feature", "properties": { "内容": "クルーズ薬局　頼兼店【5:薬局】広島県三原市頼兼一丁目１－４", "url": "https://www.iryou.teikyouseido.mhlw.go.jp/znk-web/juminkanja/S2430/initialize?prefCd=34&kikanCd=7347342413&kikanKbn=5", "url2": "http://www.lifeartgroup.com/" }, "geometry": { "type": "Point", "coordinates": [ 133.059858, 34.399653 ] } },
{ "type": "Feature", "properties": { "内容": "さんくす薬局　井口店【5:薬局】広島県広島市西区井口台二丁目２３番３２号　１Ｆ", "url": "https://www.iryou.teikyouseido.mhlw.go.jp/znk-web/juminkanja/S2430/initialize?prefCd=34&kikanCd=7347342415&kikanKbn=5", "url2": "http://www.lifeartgroup.com/" }, "geometry": { "type": "Point", "coordinates": [ 132.379099, 34.377884 ] } },
{ "type": "Feature", "properties": { "内容": "さんくす薬局　庚午南店【5:薬局】広島県広島市西区庚午南二丁目３７番３１号　１Ｆ", "url": "https://www.iryou.teikyouseido.mhlw.go.jp/znk-web/juminkanja/S2430/initialize?prefCd=34&kikanCd=7347342416&kikanKbn=5", "url2": "http://www.lifeartgroup.com/" }, "geometry": { "type": "Point", "coordinates": [ 132.410363, 34.381407 ] } },
{ "type": "Feature", "properties": { "内容": "康仁薬局　楽々園店【5:薬局】広島県広島市佐伯区楽々園五丁目９番５号　１Ｆ", "url": "https://www.iryou.teikyouseido.mhlw.go.jp/znk-web/juminkanja/S2430/initialize?prefCd=34&kikanCd=7347342417&kikanKbn=5", "url2": "http://www.lifeartgroup.com/" }, "geometry": { "type": "Point", "coordinates": [ 132.35233, 34.360823 ] } },
{ "type": "Feature", "properties": { "内容": "康仁薬局　庚午店【5:薬局】広島県広島市西区庚午北二丁目１７番１０号　１Ｆ", "url": "https://www.iryou.teikyouseido.mhlw.go.jp/znk-web/juminkanja/S2430/initialize?prefCd=34&kikanCd=7347342418&kikanKbn=5", "url2": "http://www.lifeartgroup.com" }, "geometry": { "type": "Point", "coordinates": [ 132.418949, 34.388225 ] } },
{ "type": "Feature", "properties": { "内容": "康仁薬局　矢野店【5:薬局】広島県広島市安芸区矢野西四丁目１番２１号　１Ｆ", "url": "https://www.iryou.teikyouseido.mhlw.go.jp/znk-web/juminkanja/S2430/initialize?prefCd=34&kikanCd=7347342419&kikanKbn=5", "url2": "http://www.lifeartgroup.com/" }, "geometry": { "type": "Point", "coordinates": [ 132.532764, 34.352378 ] } },
{ "type": "Feature", "properties": { "内容": "クルーズ薬局　段原店【5:薬局】広島県広島市南区段原日出一丁目１５番２１号　１Ｆ", "url": "https://www.iryou.teikyouseido.mhlw.go.jp/znk-web/juminkanja/S2430/initialize?prefCd=34&kikanCd=7347342420&kikanKbn=5", "url2": "http://www.lifeartgroup.com/" }, "geometry": { "type": "Point", "coordinates": [ 132.480806, 34.386415 ] } },
{ "type": "Feature", "properties": { "内容": "康仁薬局　八幡東店【5:薬局】広島県広島市佐伯区八幡東三丁目２８番１７号", "url": "https://www.iryou.teikyouseido.mhlw.go.jp/znk-web/juminkanja/S2430/initialize?prefCd=34&kikanCd=7347342421&kikanKbn=5", "url2": "http://www.lifeartgroup.com/" }, "geometry": { "type": "Point", "coordinates": [ 132.361698, 34.384033 ] } },
{ "type": "Feature", "properties": { "内容": "康仁薬局　グランアーク店【5:薬局】広島県広島市東区若草町１１番２号　グランアークテラス３階", "url": "https://www.iryou.teikyouseido.mhlw.go.jp/znk-web/juminkanja/S2430/initialize?prefCd=34&kikanCd=7347342422&kikanKbn=5", "url2": "http://www.lifeartgroup.com/" }, "geometry": { "type": "Point", "coordinates": [ 132.478212, 34.398617 ] } },
{ "type": "Feature", "properties": { "内容": "クルーズ薬局　西風新都店【5:薬局】広島県広島市安佐南区伴南一丁目５番１８－８－１０１号", "url": "https://www.iryou.teikyouseido.mhlw.go.jp/znk-web/juminkanja/S2430/initialize?prefCd=34&kikanCd=7347342423&kikanKbn=5", "url2": "http://www.lifeartgroup.com/" }, "geometry": { "type": "Point", "coordinates": [ 132.380781, 34.448217 ] } },
{ "type": "Feature", "properties": { "内容": "康仁薬局　矢賀店【5:薬局】広島県広島市東区矢賀二丁目８番１７号", "url": "https://www.iryou.teikyouseido.mhlw.go.jp/znk-web/juminkanja/S2430/initialize?prefCd=34&kikanCd=7347342424&kikanKbn=5", "url2": "http://www.lifeartgroup.com/" }, "geometry": { "type": "Point", "coordinates": [ 132.497086, 34.399277 ] } },
{ "type": "Feature", "properties": { "内容": "さんくす薬局　沼田店【5:薬局】広島県広島市安佐南区伴東七丁目５８番３号", "url": "https://www.iryou.teikyouseido.mhlw.go.jp/znk-web/juminkanja/S2430/initialize?prefCd=34&kikanCd=7347342425&kikanKbn=5", "url2": "http://www.lifeartgroup.com/" }, "geometry": { "type": "Point", "coordinates": [ 132.410706, 34.462106 ] } },
{ "type": "Feature", "properties": { "内容": "康仁薬局　牛田店【5:薬局】広島県広島市東区牛田中二丁目２番１号", "url": "https://www.iryou.teikyouseido.mhlw.go.jp/znk-web/juminkanja/S2430/initialize?prefCd=34&kikanCd=7347342426&kikanKbn=5", "url2": "http://lifeartgroup.com/" }, "geometry": { "type": "Point", "coordinates": [ 132.473594, 34.412065 ] } },
{ "type": "Feature", "properties": { "内容": "康仁薬局　宇品神田店【5:薬局】広島県広島市南区宇品神田一丁目２番１６－２０２号", "url": "https://www.iryou.teikyouseido.mhlw.go.jp/znk-web/juminkanja/S2430/initialize?prefCd=34&kikanCd=7347342427&kikanKbn=5", "url2": "http://www.lifeartgroup.com/" }, "geometry": { "type": "Point", "coordinates": [ 132.464845, 34.367628 ] } },
{ "type": "Feature", "properties": { "内容": "くるみ薬局　矢野店【5:薬局】広島県広島市安芸区矢野西四丁目１０番１８号　１階", "url": "https://www.iryou.teikyouseido.mhlw.go.jp/znk-web/juminkanja/S2430/initialize?prefCd=34&kikanCd=7347342428&kikanKbn=5", "url2": "http://www.lifeartgroup.com/" }, "geometry": { "type": "Point", "coordinates": [ 132.530735, 34.351102 ] } },
{ "type": "Feature", "properties": { "内容": "くるみ薬局　沼田店【5:薬局】広島県広島市安佐南区伴東七丁目５９番１号　１Ｆ", "url": "https://www.iryou.teikyouseido.mhlw.go.jp/znk-web/juminkanja/S2430/initialize?prefCd=34&kikanCd=7347342429&kikanKbn=5", "url2": "http://www.lifeartgroup.com/" }, "geometry": { "type": "Point", "coordinates": [ 132.412703, 34.463596 ] } },
{ "type": "Feature", "properties": { "内容": "さんくす薬局　五日市中央店【5:薬局】広島県広島市佐伯区五日市中央五丁目１１番２１号　１階", "url": "https://www.iryou.teikyouseido.mhlw.go.jp/znk-web/juminkanja/S2430/initialize?prefCd=34&kikanCd=7347342430&kikanKbn=5", "url2": "http://www.lifeartgroup.com/" }, "geometry": { "type": "Point", "coordinates": [ 132.353569, 34.375218 ] } },
{ "type": "Feature", "properties": { "内容": "ひろみ薬局　大手町店【5:薬局】広島県広島市中区大手町三丁目１３番６号　１階", "url": "https://www.iryou.teikyouseido.mhlw.go.jp/znk-web/juminkanja/S2430/initialize?prefCd=34&kikanCd=7347342431&kikanKbn=5", "url2": "https://www.hiromiph.com" }, "geometry": { "type": "Point", "coordinates": [ 132.454154, 34.386291 ] } },
{ "type": "Feature", "properties": { "内容": "ミック・ミササ薬局【5:薬局】広島県広島市西区三篠町二丁目１７番５号　１Ｆ", "url": "https://www.iryou.teikyouseido.mhlw.go.jp/znk-web/juminkanja/S2430/initialize?prefCd=34&kikanCd=7347342432&kikanKbn=5", "url2": null }, "geometry": { "type": "Point", "coordinates": [ 132.454685, 34.412063 ] } },
{ "type": "Feature", "properties": { "内容": "ウォンツ　中須薬局【5:薬局】広島県広島市安佐南区中須一丁目７番７号　１階", "url": "https://www.iryou.teikyouseido.mhlw.go.jp/znk-web/juminkanja/S2430/initialize?prefCd=34&kikanCd=7347342433&kikanKbn=5", "url2": "https://www.wants.co.jp/" }, "geometry": { "type": "Point", "coordinates": [ 132.473724, 34.459697 ] } },
{ "type": "Feature", "properties": { "内容": "康仁薬局　大町店【5:薬局】広島県広島市安佐南区大町東一丁目８番２５号　１Ｆ", "url": "https://www.iryou.teikyouseido.mhlw.go.jp/znk-web/juminkanja/S2430/initialize?prefCd=34&kikanCd=7347342434&kikanKbn=5", "url2": "http://lifeartgroup.com/" }, "geometry": { "type": "Point", "coordinates": [ 132.467643, 34.456673 ] } },
{ "type": "Feature", "properties": { "内容": "さんくす薬局　東原店【5:薬局】広島県広島市安佐南区東原一丁目１番２号　１Ｆ", "url": "https://www.iryou.teikyouseido.mhlw.go.jp/znk-web/juminkanja/S2430/initialize?prefCd=34&kikanCd=7347342435&kikanKbn=5", "url2": "http://lifeartgroup.com/" }, "geometry": { "type": "Point", "coordinates": [ 132.480001, 34.443797 ] } },
{ "type": "Feature", "properties": { "内容": "クルーズ薬局　祇園店【5:薬局】広島県広島市安佐南区祇園五丁目２番４５－１０１号", "url": "https://www.iryou.teikyouseido.mhlw.go.jp/znk-web/juminkanja/S2430/initialize?prefCd=34&kikanCd=7347342436&kikanKbn=5", "url2": "http://www.lifeartgroup.com/" }, "geometry": { "type": "Point", "coordinates": [ 132.4606, 34.447216 ] } },
{ "type": "Feature", "properties": { "内容": "クルーズ薬局　緑井店【5:薬局】広島県広島市安佐南区緑井５丁目２９番１８－１０１号", "url": "https://www.iryou.teikyouseido.mhlw.go.jp/znk-web/juminkanja/S2430/initialize?prefCd=34&kikanCd=7347342437&kikanKbn=5", "url2": "www.lifeartgroup.com/" }, "geometry": { "type": "Point", "coordinates": [ 132.476948, 34.467209 ] } },
{ "type": "Feature", "properties": { "内容": "さんくす薬局　寺家駅店【5:薬局】広島県東広島市寺家駅前１４－１７", "url": "https://www.iryou.teikyouseido.mhlw.go.jp/znk-web/juminkanja/S2430/initialize?prefCd=34&kikanCd=7347342438&kikanKbn=5", "url2": "http://www.lifeartgroup.com/" }, "geometry": { "type": "Point", "coordinates": [ 132.723341, 34.439843 ] } },
{ "type": "Feature", "properties": { "内容": "さんくす薬局　田口店【5:薬局】広島県東広島市西条町田口２７２１－２", "url": "https://www.iryou.teikyouseido.mhlw.go.jp/znk-web/juminkanja/S2430/initialize?prefCd=34&kikanCd=7347342439&kikanKbn=5", "url2": "http://www.lifeartgroup.com/" }, "geometry": { "type": "Point", "coordinates": [ 132.736496, 34.39051 ] } },
{ "type": "Feature", "properties": { "内容": "さんくす薬局　高屋店【5:薬局】広島県東広島市高屋町杵原１８２６－１", "url": "https://www.iryou.teikyouseido.mhlw.go.jp/znk-web/juminkanja/S2430/initialize?prefCd=34&kikanCd=7347342440&kikanKbn=5", "url2": "http://www.lifeartgroup.com/" }, "geometry": { "type": "Point", "coordinates": [ 132.785052, 34.456217 ] } },
{ "type": "Feature", "properties": { "内容": "さんくす薬局【5:薬局】広島県東広島市西条町御薗宇４２８４－１", "url": "https://www.iryou.teikyouseido.mhlw.go.jp/znk-web/juminkanja/S2430/initialize?prefCd=34&kikanCd=7347342441&kikanKbn=5", "url2": "http://www.lifeartgroup.com/" }, "geometry": { "type": "Point", "coordinates": [ 132.75145, 34.407063 ] } },
{ "type": "Feature", "properties": { "内容": "康仁薬局【5:薬局】広島県東広島市黒瀬町楢原６４６－４", "url": "https://www.iryou.teikyouseido.mhlw.go.jp/znk-web/juminkanja/S2430/initialize?prefCd=34&kikanCd=7347342442&kikanKbn=5", "url2": "http://www.lifeartgroup.com/" }, "geometry": { "type": "Point", "coordinates": [ 132.664083, 34.326646 ] } },
{ "type": "Feature", "properties": { "内容": "くるみ薬局　黒瀬店【5:薬局】広島県東広島市黒瀬町兼広１３９－１", "url": "https://www.iryou.teikyouseido.mhlw.go.jp/znk-web/juminkanja/S2430/initialize?prefCd=34&kikanCd=7347342443&kikanKbn=5", "url2": "http://lifeartgroup.com/" }, "geometry": { "type": "Point", "coordinates": [ 132.663314, 34.323111 ] } },
{ "type": "Feature", "properties": { "内容": "ププレひまわり薬局　三原南店【5:薬局】広島県三原市円一町二丁目６－２７", "url": "https://www.iryou.teikyouseido.mhlw.go.jp/znk-web/juminkanja/S2430/initialize?prefCd=34&kikanCd=7347342444&kikanKbn=5", "url2": null }, "geometry": { "type": "Point", "coordinates": [ 133.076504, 34.392436 ] } },
{ "type": "Feature", "properties": { "内容": "ププレひまわり薬局　木之庄店【5:薬局】広島県福山市木之庄町一丁目１１番１２号", "url": "https://www.iryou.teikyouseido.mhlw.go.jp/znk-web/juminkanja/S2430/initialize?prefCd=34&kikanCd=7347342445&kikanKbn=5", "url2": "https://himawarinews.com/store/kinosho_pharmacy/" }, "geometry": { "type": "Point", "coordinates": [ 133.353857, 34.493478 ] } },
{ "type": "Feature", "properties": { "内容": "くるみ薬局　焼山店【5:薬局】広島県呉市焼山中央２丁目１番２１号", "url": "https://www.iryou.teikyouseido.mhlw.go.jp/znk-web/juminkanja/S2430/initialize?prefCd=34&kikanCd=7347342446&kikanKbn=5", "url2": "http://lifeartgroup.com/" }, "geometry": { "type": "Point", "coordinates": [ 132.55672, 34.295227 ] } },
{ "type": "Feature", "properties": { "内容": "さんくす薬局　呉店【5:薬局】広島県呉市中央２丁目６番１０号", "url": "https://www.iryou.teikyouseido.mhlw.go.jp/znk-web/juminkanja/S2430/initialize?prefCd=34&kikanCd=7347342447&kikanKbn=5", "url2": "http://www.lifeartgroup.com/" }, "geometry": { "type": "Point", "coordinates": [ 132.561193, 34.246143 ] } },
{ "type": "Feature", "properties": { "内容": "康仁薬局呉中央店【5:薬局】広島県呉市中央１丁目３番１号ー１０１", "url": "https://www.iryou.teikyouseido.mhlw.go.jp/znk-web/juminkanja/S2430/initialize?prefCd=34&kikanCd=7347342448&kikanKbn=5", "url2": "http://www.lifeartgroup.com/" }, "geometry": { "type": "Point", "coordinates": [ 132.55929, 34.246145 ] } },
{ "type": "Feature", "properties": { "内容": "康仁薬局呉本町店【5:薬局】広島県呉市本通４丁目１０番５号", "url": "https://www.iryou.teikyouseido.mhlw.go.jp/znk-web/juminkanja/S2430/initialize?prefCd=34&kikanCd=7347342449&kikanKbn=5", "url2": "http://www.lifeartgroup.com/" }, "geometry": { "type": "Point", "coordinates": [ 132.567702, 34.24567 ] } },
{ "type": "Feature", "properties": { "内容": "康仁薬局広二級橋店【5:薬局】広島県呉市広古新開１丁目１番３２号", "url": "https://www.iryou.teikyouseido.mhlw.go.jp/znk-web/juminkanja/S2430/initialize?prefCd=34&kikanCd=7347342450&kikanKbn=5", "url2": "http://www.lifeartgroup.com" }, "geometry": { "type": "Point", "coordinates": [ 132.617698, 34.232317 ] } },
{ "type": "Feature", "properties": { "内容": "康仁薬局広本町店【5:薬局】広島県呉市広本町３丁目１２番１１号", "url": "https://www.iryou.teikyouseido.mhlw.go.jp/znk-web/juminkanja/S2430/initialize?prefCd=34&kikanCd=7347342451&kikanKbn=5", "url2": "http://www.lifeartgroup.com" }, "geometry": { "type": "Point", "coordinates": [ 132.622336, 34.236125 ] } },
{ "type": "Feature", "properties": { "内容": "康仁薬局新広店【5:薬局】広島県呉市広古新開７丁目２４番３号広サンフラワービル１Ｆ", "url": "https://www.iryou.teikyouseido.mhlw.go.jp/znk-web/juminkanja/S2430/initialize?prefCd=34&kikanCd=7347342452&kikanKbn=5", "url2": "http://www.lifeartgroup.com/" }, "geometry": { "type": "Point", "coordinates": [ 132.618877, 34.240149 ] } },
{ "type": "Feature", "properties": { "内容": "康仁薬局神山店【5:薬局】広島県呉市神山３丁目３番５号", "url": "https://www.iryou.teikyouseido.mhlw.go.jp/znk-web/juminkanja/S2430/initialize?prefCd=34&kikanCd=7347342453&kikanKbn=5", "url2": "http://www.lifeartgroup.com/" }, "geometry": { "type": "Point", "coordinates": [ 132.567638, 34.287118 ] } },
{ "type": "Feature", "properties": { "内容": "康仁薬局　仁方店【5:薬局】広島県呉市仁方西神町６番", "url": "https://www.iryou.teikyouseido.mhlw.go.jp/znk-web/juminkanja/S2430/initialize?prefCd=34&kikanCd=7347342454&kikanKbn=5", "url2": "http://www.lifeartgroup.com/" }, "geometry": { "type": "Point", "coordinates": [ 132.651216, 34.224924 ] } },
{ "type": "Feature", "properties": { "内容": "康仁薬局　宝町店【5:薬局】広島県呉市宝町２番２３－１号", "url": "https://www.iryou.teikyouseido.mhlw.go.jp/znk-web/juminkanja/S2430/initialize?prefCd=34&kikanCd=7347342455&kikanKbn=5", "url2": "http://www.lifeartgroup.com/" }, "geometry": { "type": "Point", "coordinates": [ 132.557778, 34.244017 ] } },
{ "type": "Feature", "properties": { "内容": "安佐病院前薬局【5:薬局】広島県広島市安佐南区八木５丁目１４番１５号", "url": "https://www.iryou.teikyouseido.mhlw.go.jp/znk-web/juminkanja/S2430/initialize?prefCd=34&kikanCd=7347342456&kikanKbn=5", "url2": "http://www.yuushin.cc/shop/asabyouin/" }, "geometry": { "type": "Point", "coordinates": [ 132.501373, 34.483615 ] } },
{ "type": "Feature", "properties": { "内容": "いねだ薬局【5:薬局】広島県広島市安佐北区白木町秋山２３１９番地１４", "url": "https://www.iryou.teikyouseido.mhlw.go.jp/znk-web/juminkanja/S2430/initialize?prefCd=34&kikanCd=7347342457&kikanKbn=5", "url2": null }, "geometry": { "type": "Point", "coordinates": [ 132.658326, 34.552206 ] } },
{ "type": "Feature", "properties": { "内容": "康仁薬局　廿日市中央店【5:薬局】広島県廿日市市下平良一丁目３－３６", "url": "https://www.iryou.teikyouseido.mhlw.go.jp/znk-web/juminkanja/S2430/initialize?prefCd=34&kikanCd=7347342458&kikanKbn=5", "url2": "http://www.lifeartgroup.com/" }, "geometry": { "type": "Point", "coordinates": [ 132.331987, 34.349673 ] } },
{ "type": "Feature", "properties": { "内容": "花園薬局【5:薬局】広島県福山市花園町一丁目３番１２号", "url": "https://www.iryou.teikyouseido.mhlw.go.jp/znk-web/juminkanja/S2430/initialize?prefCd=34&kikanCd=7347342460&kikanKbn=5", "url2": null }, "geometry": { "type": "Point", "coordinates": [ 133.373239, 34.481804 ] } },
{ "type": "Feature", "properties": { "内容": "ウエルシア薬局福山南蔵王店【5:薬局】広島県福山市南蔵王町六丁目２０番２０号", "url": "https://www.iryou.teikyouseido.mhlw.go.jp/znk-web/juminkanja/S2430/initialize?prefCd=34&kikanCd=7347342462&kikanKbn=5", "url2": null }, "geometry": { "type": "Point", "coordinates": [ 133.404685, 34.50033 ] } },
{ "type": "Feature", "properties": { "内容": "エスマイル薬局　舟入店【5:薬局】広島県広島市中区舟入中町１１番９号", "url": "https://www.iryou.teikyouseido.mhlw.go.jp/znk-web/juminkanja/S2430/initialize?prefCd=34&kikanCd=7347342463&kikanKbn=5", "url2": "https://www.ssmile.co.jp" }, "geometry": { "type": "Point", "coordinates": [ 132.44421, 34.386256 ] } },
{ "type": "Feature", "properties": { "内容": "かえで薬局【5:薬局】広島県東広島市西条町御薗宇８５３９番地７", "url": "https://www.iryou.teikyouseido.mhlw.go.jp/znk-web/juminkanja/S2430/initialize?prefCd=34&kikanCd=7347342464&kikanKbn=5", "url2": null }, "geometry": { "type": "Point", "coordinates": [ 132.739519, 34.398018 ] } },
{ "type": "Feature", "properties": { "内容": "みつば薬局【5:薬局】広島県呉市中央２丁目６番７号", "url": "https://www.iryou.teikyouseido.mhlw.go.jp/znk-web/juminkanja/S2430/initialize?prefCd=34&kikanCd=7347342465&kikanKbn=5", "url2": "https://www.pharmacy-mitsuba.com/company" }, "geometry": { "type": "Point", "coordinates": [ 132.56109, 34.246195 ] } },
{ "type": "Feature", "properties": { "内容": "ライフ薬局【5:薬局】広島県広島市中区舟入町３番９号　１階", "url": "https://www.iryou.teikyouseido.mhlw.go.jp/znk-web/juminkanja/S2430/initialize?prefCd=34&kikanCd=7347342466&kikanKbn=5", "url2": null }, "geometry": { "type": "Point", "coordinates": [ 132.444064, 34.391755 ] } },
{ "type": "Feature", "properties": { "内容": "アロー薬局　広店【5:薬局】広島県呉市広本町２丁目１５番６号", "url": "https://www.iryou.teikyouseido.mhlw.go.jp/znk-web/juminkanja/S2430/initialize?prefCd=34&kikanCd=7347342467&kikanKbn=5", "url2": "http://hiroshima-arrow.com/" }, "geometry": { "type": "Point", "coordinates": [ 132.622191, 34.233811 ] } },
{ "type": "Feature", "properties": { "内容": "オール薬局　楽々園店【5:薬局】広島県広島市佐伯区楽々園三丁目１番８号", "url": "https://www.iryou.teikyouseido.mhlw.go.jp/znk-web/juminkanja/S2430/initialize?prefCd=34&kikanCd=7347342468&kikanKbn=5", "url2": null }, "geometry": { "type": "Point", "coordinates": [ 132.357021, 34.364177 ] } },
{ "type": "Feature", "properties": { "内容": "なないろ薬局【5:薬局】広島県広島市東区曙二丁目８番１８－１０２号", "url": "https://www.iryou.teikyouseido.mhlw.go.jp/znk-web/juminkanja/S2430/initialize?prefCd=34&kikanCd=7347342469&kikanKbn=5", "url2": null }, "geometry": { "type": "Point", "coordinates": [ 132.490484, 34.394965 ] } },
{ "type": "Feature", "properties": { "内容": "ぞうさん薬局【5:薬局】広島県福山市神辺町川南１１２０番地", "url": "https://www.iryou.teikyouseido.mhlw.go.jp/znk-web/juminkanja/S2430/initialize?prefCd=34&kikanCd=7347342470&kikanKbn=5", "url2": "https://www.innoshima-ph.com/pharmacy_zousan" }, "geometry": { "type": "Point", "coordinates": [ 133.369649, 34.533238 ] } },
{ "type": "Feature", "properties": { "内容": "さくらんぼ薬局　東桜町店【5:薬局】広島県福山市東桜町１番４３号　備広福山駅前ビル１階", "url": "https://www.iryou.teikyouseido.mhlw.go.jp/znk-web/juminkanja/S2430/initialize?prefCd=34&kikanCd=7347342471&kikanKbn=5", "url2": "https://sakurams.co.jp" }, "geometry": { "type": "Point", "coordinates": [ 133.362212, 34.487444 ] } },
{ "type": "Feature", "properties": { "内容": "すずらん薬局　海田店【5:薬局】広島県安芸郡海田町南大正町３番２５号", "url": "https://www.iryou.teikyouseido.mhlw.go.jp/znk-web/juminkanja/S2430/initialize?prefCd=34&kikanCd=7347342472&kikanKbn=5", "url2": "http://www.horon-suzuran.co.jp" }, "geometry": { "type": "Point", "coordinates": [ 132.533812, 34.366712 ] } },
{ "type": "Feature", "properties": { "内容": "つつじ薬局【5:薬局】広島県大竹市白石一丁目５－２１", "url": "https://www.iryou.teikyouseido.mhlw.go.jp/znk-web/juminkanja/S2430/initialize?prefCd=34&kikanCd=7347342473&kikanKbn=5", "url2": null }, "geometry": { "type": "Point", "coordinates": [ 132.217899, 34.214262 ] } },
{ "type": "Feature", "properties": { "内容": "ウォンツ東雲本町薬局【5:薬局】広島県広島市南区東雲本町二丁目４番２２号　２階", "url": "https://www.iryou.teikyouseido.mhlw.go.jp/znk-web/juminkanja/S2430/initialize?prefCd=34&kikanCd=7347342474&kikanKbn=5", "url2": "https://www.wants.co.jp/" }, "geometry": { "type": "Point", "coordinates": [ 132.485125, 34.383354 ] } },
{ "type": "Feature", "properties": { "内容": "薬膳薬局志和店【5:薬局】広島県東広島市志和町別府１３４０－２", "url": "https://www.iryou.teikyouseido.mhlw.go.jp/znk-web/juminkanja/S2430/initialize?prefCd=34&kikanCd=7347342475&kikanKbn=5", "url2": "https://www.yky-yakuhin.com/" }, "geometry": { "type": "Point", "coordinates": [ 132.635996, 34.478506 ] } },
{ "type": "Feature", "properties": { "内容": "アイン薬局　福山内海店【5:薬局】広島県福山市内海町ロ３５１番地１", "url": "https://www.iryou.teikyouseido.mhlw.go.jp/znk-web/juminkanja/S2430/initialize?prefCd=34&kikanCd=7347342477&kikanKbn=5", "url2": "https://store.ainj.co.jp/detail/1100781/" }, "geometry": { "type": "Point", "coordinates": [ 133.310911, 34.370753 ] } },
{ "type": "Feature", "properties": { "内容": "音戸アゼリア薬局【5:薬局】広島県呉市音戸町引地１丁目４番１号", "url": "https://www.iryou.teikyouseido.mhlw.go.jp/znk-web/juminkanja/S2430/initialize?prefCd=34&kikanCd=7347342478&kikanKbn=5", "url2": null }, "geometry": { "type": "Point", "coordinates": [ 132.536317, 34.196626 ] } },
{ "type": "Feature", "properties": { "内容": "アイン薬局備後府中高木店【5:薬局】広島県府中市高木町１８９－４", "url": "https://www.iryou.teikyouseido.mhlw.go.jp/znk-web/juminkanja/S2430/initialize?prefCd=34&kikanCd=7347342479&kikanKbn=5", "url2": "ain884@ainj.co.jp" }, "geometry": { "type": "Point", "coordinates": [ 133.247576, 34.565774 ] } },
{ "type": "Feature", "properties": { "内容": "ザグザグ薬局三原皆実店【5:薬局】広島県三原市皆実四丁目１９－１６", "url": "https://www.iryou.teikyouseido.mhlw.go.jp/znk-web/juminkanja/S2430/initialize?prefCd=34&kikanCd=7347342480&kikanKbn=5", "url2": "http://www.zagzag.co.jp/" }, "geometry": { "type": "Point", "coordinates": [ 133.068251, 34.391781 ] } },
{ "type": "Feature", "properties": { "内容": "西城三上薬局【5:薬局】広島県庄原市西城町中野１３４１－４", "url": "https://www.iryou.teikyouseido.mhlw.go.jp/znk-web/juminkanja/S2430/initialize?prefCd=34&kikanCd=7347342481&kikanKbn=5", "url2": null }, "geometry": { "type": "Point", "coordinates": [ 133.115735, 34.938985 ] } },
{ "type": "Feature", "properties": { "内容": "ウエルシア薬局安芸高田吉田店【5:薬局】広島県安芸高田市吉田町吉田６１３－１", "url": "https://www.iryou.teikyouseido.mhlw.go.jp/znk-web/juminkanja/S2430/initialize?prefCd=34&kikanCd=7347342482&kikanKbn=5", "url2": null }, "geometry": { "type": "Point", "coordinates": [ 132.70254, 34.669205 ] } },
{ "type": "Feature", "properties": { "内容": "ププレひまわり薬局　蔵王店【5:薬局】広島県福山市南蔵王町六丁目２番５号", "url": "https://www.iryou.teikyouseido.mhlw.go.jp/znk-web/juminkanja/S2430/initialize?prefCd=34&kikanCd=7347342483&kikanKbn=5", "url2": "https://himawarinews.com/store/zaou_pharmacy/" }, "geometry": { "type": "Point", "coordinates": [ 133.399882, 34.499979 ] } },
{ "type": "Feature", "properties": { "内容": "ププレひまわり薬局　緑町店【5:薬局】広島県福山市緑町１番３０号", "url": "https://www.iryou.teikyouseido.mhlw.go.jp/znk-web/juminkanja/S2430/initialize?prefCd=34&kikanCd=7347342484&kikanKbn=5", "url2": null }, "geometry": { "type": "Point", "coordinates": [ 133.371173, 34.476122 ] } },
{ "type": "Feature", "properties": { "内容": "ひらもと薬局　西中央店【5:薬局】広島県呉市西中央２丁目１番１２号", "url": "https://www.iryou.teikyouseido.mhlw.go.jp/znk-web/juminkanja/S2430/initialize?prefCd=34&kikanCd=7347342485&kikanKbn=5", "url2": "https://nov-cure.com/" }, "geometry": { "type": "Point", "coordinates": [ 132.558285, 34.24742 ] } },
{ "type": "Feature", "properties": { "内容": "ウォンツ高屋薬局【5:薬局】広島県東広島市高屋町杵原１２８８番地", "url": "https://www.iryou.teikyouseido.mhlw.go.jp/znk-web/juminkanja/S2430/initialize?prefCd=34&kikanCd=7347342486&kikanKbn=5", "url2": "https://www.wants.co.jp/" }, "geometry": { "type": "Point", "coordinates": [ 132.784566, 34.449465 ] } },
{ "type": "Feature", "properties": { "内容": "ミント薬局　はでいし店【5:薬局】広島県広島市佐伯区千同二丁目１番３５－１号", "url": "https://www.iryou.teikyouseido.mhlw.go.jp/znk-web/juminkanja/S2430/initialize?prefCd=34&kikanCd=7347342487&kikanKbn=5", "url2": "http://www.mint-pharmacy.jp" }, "geometry": { "type": "Point", "coordinates": [ 132.354464, 34.381212 ] } },
{ "type": "Feature", "properties": { "内容": "沖野上ココフル薬局【5:薬局】広島県福山市沖野上町四丁目１６番９号", "url": "https://www.iryou.teikyouseido.mhlw.go.jp/znk-web/juminkanja/S2430/initialize?prefCd=34&kikanCd=7347342488&kikanKbn=5", "url2": null }, "geometry": { "type": "Point", "coordinates": [ 133.372184, 34.471625 ] } },
{ "type": "Feature", "properties": { "内容": "オール薬局　青崎店【5:薬局】広島県広島市南区青崎一丁目２番１４号　１階", "url": "https://www.iryou.teikyouseido.mhlw.go.jp/znk-web/juminkanja/S2430/initialize?prefCd=34&kikanCd=7347342489&kikanKbn=5", "url2": "https://www.my-life.jp/owl/" }, "geometry": { "type": "Point", "coordinates": [ 132.505207, 34.375276 ] } },
{ "type": "Feature", "properties": { "内容": "ウォンツ　安古市薬局【5:薬局】広島県広島市安佐南区相田一丁目１番４４号", "url": "https://www.iryou.teikyouseido.mhlw.go.jp/znk-web/juminkanja/S2430/initialize?prefCd=34&kikanCd=7347342490&kikanKbn=5", "url2": "https://www.wants.co.jp/" }, "geometry": { "type": "Point", "coordinates": [ 132.459027, 34.469246 ] } },
{ "type": "Feature", "properties": { "内容": "康仁薬局　猿猴橋店【5:薬局】広島県広島市南区猿猴橋町６番３４－１号　１階", "url": "https://www.iryou.teikyouseido.mhlw.go.jp/znk-web/juminkanja/S2430/initialize?prefCd=34&kikanCd=7347342491&kikanKbn=5", "url2": "http://www.lifeartgroup.com/" }, "geometry": { "type": "Point", "coordinates": [ 132.478269, 34.395372 ] } },
{ "type": "Feature", "properties": { "内容": "康仁薬局　井口店【5:薬局】広島県広島市西区井口四丁目７番１８－７号　１階", "url": "https://www.iryou.teikyouseido.mhlw.go.jp/znk-web/juminkanja/S2430/initialize?prefCd=34&kikanCd=7347342492&kikanKbn=5", "url2": "http://www.lifeartgroup.com/" }, "geometry": { "type": "Point", "coordinates": [ 132.374471, 34.370803 ] } },
{ "type": "Feature", "properties": { "内容": "観音薬局【5:薬局】広島県広島市西区観音本町二丁目７番２１号　１Ｆ", "url": "https://www.iryou.teikyouseido.mhlw.go.jp/znk-web/juminkanja/S2430/initialize?prefCd=34&kikanCd=7347342493&kikanKbn=5", "url2": "http://www.ts-nishicho.com/" }, "geometry": { "type": "Point", "coordinates": [ 132.43476, 34.389204 ] } },
{ "type": "Feature", "properties": { "内容": "安芸長束駅前薬局【5:薬局】広島県広島市安佐南区長束四丁目１番１１号", "url": "https://www.iryou.teikyouseido.mhlw.go.jp/znk-web/juminkanja/S2430/initialize?prefCd=34&kikanCd=7347342494&kikanKbn=5", "url2": "https://ms-pharmacy.jp" }, "geometry": { "type": "Point", "coordinates": [ 132.456066, 34.428855 ] } },
{ "type": "Feature", "properties": { "内容": "アイン薬局　己斐本町店【5:薬局】広島県広島市西区己斐本町一丁目１４番３号　１Ｆ", "url": "https://www.iryou.teikyouseido.mhlw.go.jp/znk-web/juminkanja/S2430/initialize?prefCd=34&kikanCd=7347342495&kikanKbn=5", "url2": "www.ainj.co.jp" }, "geometry": { "type": "Point", "coordinates": [ 132.428974, 34.397905 ] } },
{ "type": "Feature", "properties": { "内容": "アイン薬局　己斐店【5:薬局】広島県広島市西区己斐本町一丁目１４番１２号", "url": "https://www.iryou.teikyouseido.mhlw.go.jp/znk-web/juminkanja/S2430/initialize?prefCd=34&kikanCd=7347342497&kikanKbn=5", "url2": null }, "geometry": { "type": "Point", "coordinates": [ 132.428912, 34.397612 ] } },
{ "type": "Feature", "properties": { "内容": "毘沙門台薬局【5:薬局】広島県広島市安佐南区毘沙門台二丁目４２番２６号", "url": "https://www.iryou.teikyouseido.mhlw.go.jp/znk-web/juminkanja/S2430/initialize?prefCd=34&kikanCd=7347342499&kikanKbn=5", "url2": "https://ms-pharmacy.jp" }, "geometry": { "type": "Point", "coordinates": [ 132.461956, 34.477513 ] } },
{ "type": "Feature", "properties": { "内容": "アイン薬局　広島駅北口店【5:薬局】広島県広島市東区若草町１１番１－１０２号", "url": "https://www.iryou.teikyouseido.mhlw.go.jp/znk-web/juminkanja/S2430/initialize?prefCd=34&kikanCd=7347342500&kikanKbn=5", "url2": "https://store.ainj.co.jp/detail/1100950/" }, "geometry": { "type": "Point", "coordinates": [ 132.479084, 34.39821 ] } },
{ "type": "Feature", "properties": { "内容": "マザー薬局　三川町店【5:薬局】広島県広島市中区三川町２番８号", "url": "https://www.iryou.teikyouseido.mhlw.go.jp/znk-web/juminkanja/S2430/initialize?prefCd=34&kikanCd=7347342501&kikanKbn=5", "url2": null }, "geometry": { "type": "Point", "coordinates": [ 132.462183, 34.390224 ] } },
{ "type": "Feature", "properties": { "内容": "康仁薬局　段原店【5:薬局】広島県広島市南区段原南一丁目３番５３号", "url": "https://www.iryou.teikyouseido.mhlw.go.jp/znk-web/juminkanja/S2430/initialize?prefCd=34&kikanCd=7347342502&kikanKbn=5", "url2": "http://www.lifeartgroup.com/" }, "geometry": { "type": "Point", "coordinates": [ 132.476091, 34.385789 ] } },
{ "type": "Feature", "properties": { "内容": "ウォンツ　庚午薬局【5:薬局】広島県広島市西区庚午北二丁目１９番１７号", "url": "https://www.iryou.teikyouseido.mhlw.go.jp/znk-web/juminkanja/S2430/initialize?prefCd=34&kikanCd=7347342503&kikanKbn=5", "url2": "https://www.wants.co.jp/" }, "geometry": { "type": "Point", "coordinates": [ 132.418164, 34.389514 ] } },
{ "type": "Feature", "properties": { "内容": "パール薬局　中筋店【5:薬局】広島県広島市安佐南区中筋四丁目１３番１５号　１Ｆ", "url": "https://www.iryou.teikyouseido.mhlw.go.jp/znk-web/juminkanja/S2430/initialize?prefCd=34&kikanCd=7347342504&kikanKbn=5", "url2": "https://triangle-pearl.jp/branch/nakasuji.html" }, "geometry": { "type": "Point", "coordinates": [ 132.479477, 34.455034 ] } },
{ "type": "Feature", "properties": { "内容": "パール薬局　横川店【5:薬局】広島県広島市西区横川町三丁目９番１２－１０１号", "url": "https://www.iryou.teikyouseido.mhlw.go.jp/znk-web/juminkanja/S2430/initialize?prefCd=34&kikanCd=7347342505&kikanKbn=5", "url2": null }, "geometry": { "type": "Point", "coordinates": [ 132.45329, 34.408877 ] } },
{ "type": "Feature", "properties": { "内容": "ミック・ライズ薬局【5:薬局】広島県広島市西区井口明神一丁目１番５６号", "url": "https://www.iryou.teikyouseido.mhlw.go.jp/znk-web/juminkanja/S2430/initialize?prefCd=34&kikanCd=7347342506&kikanKbn=5", "url2": null }, "geometry": { "type": "Point", "coordinates": [ 132.39061, 34.374059 ] } },
{ "type": "Feature", "properties": { "内容": "ウエルシア薬局　アルパーク広島店【5:薬局】広島県広島市西区草津新町二丁目２６番１号　Ｂ１階", "url": "https://www.iryou.teikyouseido.mhlw.go.jp/znk-web/juminkanja/S2430/initialize?prefCd=34&kikanCd=7347342507&kikanKbn=5", "url2": "https://www.welcia-yakkyoku.co.jp/" }, "geometry": { "type": "Point", "coordinates": [ 132.394744, 34.373645 ] } },
{ "type": "Feature", "properties": { "内容": "あおぞら薬局【5:薬局】広島県広島市中区千田町一丁目６番６号", "url": "https://www.iryou.teikyouseido.mhlw.go.jp/znk-web/juminkanja/S2430/initialize?prefCd=34&kikanCd=7347342508&kikanKbn=5", "url2": null }, "geometry": { "type": "Point", "coordinates": [ 132.454051, 34.381436 ] } },
{ "type": "Feature", "properties": { "内容": "ププレひまわり薬局　三吉店【5:薬局】広島県福山市三吉町四丁目８番３４号", "url": "https://www.iryou.teikyouseido.mhlw.go.jp/znk-web/juminkanja/S2430/initialize?prefCd=34&kikanCd=7347342509&kikanKbn=5", "url2": "https://himawarinews.com/store/miyoshi_pharmacy/" }, "geometry": { "type": "Point", "coordinates": [ 133.377926, 34.49387 ] } },
{ "type": "Feature", "properties": { "内容": "メロディ薬局【5:薬局】広島県福山市松浜町一丁目４番８号", "url": "https://www.iryou.teikyouseido.mhlw.go.jp/znk-web/juminkanja/S2430/initialize?prefCd=34&kikanCd=7347342511&kikanKbn=5", "url2": null }, "geometry": { "type": "Point", "coordinates": [ 133.37329, 34.484991 ] } },
{ "type": "Feature", "properties": { "内容": "康仁薬局　熊野店【5:薬局】広島県安芸郡熊野町出来庭三丁目３番２４号", "url": "https://www.iryou.teikyouseido.mhlw.go.jp/znk-web/juminkanja/S2430/initialize?prefCd=34&kikanCd=7347342513&kikanKbn=5", "url2": "http://www.lifeartgroup.com/" }, "geometry": { "type": "Point", "coordinates": [ 132.574396, 34.331823 ] } },
{ "type": "Feature", "properties": { "内容": "キララ薬局地御前店【5:薬局】広島県廿日市市地御前一丁目３－２８ココファン廿日市１階", "url": "https://www.iryou.teikyouseido.mhlw.go.jp/znk-web/juminkanja/S2430/initialize?prefCd=34&kikanCd=7347342514&kikanKbn=5", "url2": "https://www.nexus-g.jp" }, "geometry": { "type": "Point", "coordinates": [ 132.322408, 34.34288 ] } },
{ "type": "Feature", "properties": { "内容": "康仁薬局　ほおずき通り店【5:薬局】広島県広島市東区牛田本町二丁目１番２号　２０５Ｂ", "url": "https://www.iryou.teikyouseido.mhlw.go.jp/znk-web/juminkanja/S2430/initialize?prefCd=34&kikanCd=7347342515&kikanKbn=5", "url2": "http://www.lifeartgroup.com/" }, "geometry": { "type": "Point", "coordinates": [ 132.471316, 34.411805 ] } },
{ "type": "Feature", "properties": { "内容": "康仁薬局　宮内串戸店【5:薬局】広島県廿日市市串戸四丁目１４－１４", "url": "https://www.iryou.teikyouseido.mhlw.go.jp/znk-web/juminkanja/S2430/initialize?prefCd=34&kikanCd=7347342517&kikanKbn=5", "url2": "http://www.lifeartgroup.com/" }, "geometry": { "type": "Point", "coordinates": [ 132.323434, 34.347371 ] } },
{ "type": "Feature", "properties": { "内容": "クオール薬局　無印良品広島アルパーク店【5:薬局】広島県広島市西区井口明神一丁目１６番１号アルパーク西棟１階", "url": "https://www.iryou.teikyouseido.mhlw.go.jp/znk-web/juminkanja/S2430/initialize?prefCd=34&kikanCd=7347342519&kikanKbn=5", "url2": "https://www.qol-net.co.jp/pharmacy/map/detail.php?id=1083" }, "geometry": { "type": "Point", "coordinates": [ 132.393272, 34.372499 ] } },
{ "type": "Feature", "properties": { "内容": "美泉堂薬局【5:薬局】広島県福山市本町８番２９号", "url": "https://www.iryou.teikyouseido.mhlw.go.jp/znk-web/juminkanja/S2430/initialize?prefCd=34&kikanCd=7347342520&kikanKbn=5", "url2": null }, "geometry": { "type": "Point", "coordinates": [ 133.363461, 34.493419 ] } },
{ "type": "Feature", "properties": { "内容": "井上一誠堂薬局音戸御所の浦店【5:薬局】広島県呉市音戸町高須３丁目７番２号", "url": "https://www.iryou.teikyouseido.mhlw.go.jp/znk-web/juminkanja/S2430/initialize?prefCd=34&kikanCd=7347342521&kikanKbn=5", "url2": null }, "geometry": { "type": "Point", "coordinates": [ 132.539794, 34.187972 ] } },
{ "type": "Feature", "properties": { "内容": "つばき薬局【5:薬局】広島県福山市神辺町川北８９５番地１", "url": "https://www.iryou.teikyouseido.mhlw.go.jp/znk-web/juminkanja/S2430/initialize?prefCd=34&kikanCd=7347342522&kikanKbn=5", "url2": null }, "geometry": { "type": "Point", "coordinates": [ 133.38191, 34.545734 ] } },
{ "type": "Feature", "properties": { "内容": "中央薬局　切串店【5:薬局】広島県江田島市江田島町切串二丁目１７番１４号", "url": "https://www.iryou.teikyouseido.mhlw.go.jp/znk-web/juminkanja/S2430/initialize?prefCd=34&kikanCd=7347342524&kikanKbn=5", "url2": "https://www.qol-net.co.jp/pharmacy/map/detail.php?id=1147" }, "geometry": { "type": "Point", "coordinates": [ 132.479765, 34.281073 ] } },
{ "type": "Feature", "properties": { "内容": "パール薬局　安店【5:薬局】広島県広島市安佐南区上安町一丁目１番１０号", "url": "https://www.iryou.teikyouseido.mhlw.go.jp/znk-web/juminkanja/S2430/initialize?prefCd=34&kikanCd=7347342525&kikanKbn=5", "url2": "http://triangle-pearl.jp/" }, "geometry": { "type": "Point", "coordinates": [ 132.451658, 34.473972 ] } },
{ "type": "Feature", "properties": { "内容": "こもれび薬局【5:薬局】広島県呉市西中央２丁目１番６号", "url": "https://www.iryou.teikyouseido.mhlw.go.jp/znk-web/juminkanja/S2430/initialize?prefCd=34&kikanCd=7347342526&kikanKbn=5", "url2": null }, "geometry": { "type": "Point", "coordinates": [ 132.558793, 34.247149 ] } },
{ "type": "Feature", "properties": { "内容": "コスモス調剤薬局　川口店【5:薬局】広島県福山市川口町四丁目１２番９号", "url": "https://www.iryou.teikyouseido.mhlw.go.jp/znk-web/juminkanja/S2430/initialize?prefCd=34&kikanCd=7347342527&kikanKbn=5", "url2": null }, "geometry": { "type": "Point", "coordinates": [ 133.384812, 34.464681 ] } },
{ "type": "Feature", "properties": { "内容": "ププレひまわり薬局　多治米２号店【5:薬局】広島県福山市多治米町四丁目１２番２２号", "url": "https://www.iryou.teikyouseido.mhlw.go.jp/znk-web/juminkanja/S2430/initialize?prefCd=34&kikanCd=7347342528&kikanKbn=5", "url2": "https://himawarinews.com/store/tajime2_pharmacy/" }, "geometry": { "type": "Point", "coordinates": [ 133.37726, 34.466741 ] } },
{ "type": "Feature", "properties": { "内容": "しらかば薬局【5:薬局】広島県広島市南区翠五丁目１８番５号", "url": "https://www.iryou.teikyouseido.mhlw.go.jp/znk-web/juminkanja/S2430/initialize?prefCd=34&kikanCd=7347342529&kikanKbn=5", "url2": null }, "geometry": { "type": "Point", "coordinates": [ 132.467394, 34.367852 ] } },
{ "type": "Feature", "properties": { "内容": "ウォンツＪＡ広島総合病院前薬局【5:薬局】広島県廿日市市地御前一丁目１０－３４", "url": "https://www.iryou.teikyouseido.mhlw.go.jp/znk-web/juminkanja/S2430/initialize?prefCd=34&kikanCd=7347342531&kikanKbn=5", "url2": "https://www.wants.co.jp/" }, "geometry": { "type": "Point", "coordinates": [ 132.322948, 34.342632 ] } },
{ "type": "Feature", "properties": { "内容": "ソレイユ薬局青崎店【5:薬局】広島県安芸郡府中町青崎東１９－４９－１８", "url": "https://www.iryou.teikyouseido.mhlw.go.jp/znk-web/juminkanja/S2430/initialize?prefCd=34&kikanCd=7347342532&kikanKbn=5", "url2": null }, "geometry": { "type": "Point", "coordinates": [ 132.515883, 34.376214 ] } },
{ "type": "Feature", "properties": { "内容": "曙タカズミ薬局【5:薬局】広島県広島市東区曙一丁目８番２８号", "url": "https://www.iryou.teikyouseido.mhlw.go.jp/znk-web/juminkanja/S2430/initialize?prefCd=34&kikanCd=7347342533&kikanKbn=5", "url2": "www.takazumi.co.jp" }, "geometry": { "type": "Point", "coordinates": [ 132.48842, 34.39574 ] } },
{ "type": "Feature", "properties": { "内容": "ウォンツ福山幕山薬局【5:薬局】広島県福山市幕山台八丁目１番３３号", "url": "https://www.iryou.teikyouseido.mhlw.go.jp/znk-web/juminkanja/S2430/initialize?prefCd=34&kikanCd=7347342534&kikanKbn=5", "url2": "https://www.wants.co.jp/" }, "geometry": { "type": "Point", "coordinates": [ 133.434458, 34.513616 ] } },
{ "type": "Feature", "properties": { "内容": "春日ココフル薬局【5:薬局】広島県福山市春日町一丁目７番６号", "url": "https://www.iryou.teikyouseido.mhlw.go.jp/znk-web/juminkanja/S2430/initialize?prefCd=34&kikanCd=7347342535&kikanKbn=5", "url2": "http://www.kmed.co.jp" }, "geometry": { "type": "Point", "coordinates": [ 133.40169, 34.506546 ] } },
{ "type": "Feature", "properties": { "内容": "アイン薬局福山大門店【5:薬局】広島県福山市大門町津之下２０３３番地", "url": "https://www.iryou.teikyouseido.mhlw.go.jp/znk-web/juminkanja/S2430/initialize?prefCd=34&kikanCd=7347342536&kikanKbn=5", "url2": "https://www.ainj.co.jp/network/detail.html?pdid=2083" }, "geometry": { "type": "Point", "coordinates": [ 133.431966, 34.48571 ] } },
{ "type": "Feature", "properties": { "内容": "メロディ薬局【5:薬局】広島県東広島市高屋町檜山４４９番地６", "url": "https://www.iryou.teikyouseido.mhlw.go.jp/znk-web/juminkanja/S2430/initialize?prefCd=34&kikanCd=7347342537&kikanKbn=5", "url2": "https://zenkaidou.co.jp/index.html" }, "geometry": { "type": "Point", "coordinates": [ 132.767556, 34.441105 ] } },
{ "type": "Feature", "properties": { "内容": "たちばな薬局【5:薬局】広島県広島市南区宇品神田四丁目１２番１２号　１階", "url": "https://www.iryou.teikyouseido.mhlw.go.jp/znk-web/juminkanja/S2430/initialize?prefCd=34&kikanCd=7347342538&kikanKbn=5", "url2": null }, "geometry": { "type": "Point", "coordinates": [ 132.464888, 34.360703 ] } },
{ "type": "Feature", "properties": { "内容": "ウォンツ皆賀薬局【5:薬局】広島県広島市佐伯区皆賀三丁目１０番１号", "url": "https://www.iryou.teikyouseido.mhlw.go.jp/znk-web/juminkanja/S2430/initialize?prefCd=34&kikanCd=7347342539&kikanKbn=5", "url2": "https://www.wants.co.jp/" }, "geometry": { "type": "Point", "coordinates": [ 132.367443, 34.375628 ] } },
{ "type": "Feature", "properties": { "内容": "ププレひまわり薬局　瀬野川店【5:薬局】広島県広島市安芸区中野東四丁目１番４０号", "url": "https://www.iryou.teikyouseido.mhlw.go.jp/znk-web/juminkanja/S2430/initialize?prefCd=34&kikanCd=7347342540&kikanKbn=5", "url2": "https://himawarinews.com/store/senogawa_pharmacy/" }, "geometry": { "type": "Point", "coordinates": [ 132.580474, 34.399613 ] } },
{ "type": "Feature", "properties": { "内容": "ウォンツアクロスプラザ三原薬局【5:薬局】広島県三原市円一町一丁目１－２－２", "url": "https://www.iryou.teikyouseido.mhlw.go.jp/znk-web/juminkanja/S2430/initialize?prefCd=34&kikanCd=7347342541&kikanKbn=5", "url2": "https://www.wants.co.jp/shop/?cm=v&id=11656" }, "geometry": { "type": "Point", "coordinates": [ 133.079537, 34.395004 ] } },
{ "type": "Feature", "properties": { "内容": "ププレひまわり薬局江南店【5:薬局】広島県三原市和田三丁目４－１", "url": "https://www.iryou.teikyouseido.mhlw.go.jp/znk-web/juminkanja/S2430/initialize?prefCd=34&kikanCd=7347342542&kikanKbn=5", "url2": null }, "geometry": { "type": "Point", "coordinates": [ 133.067189, 34.385374 ] } },
{ "type": "Feature", "properties": { "内容": "あさみ薬局【5:薬局】広島県広島市中区舟入本町１０番１２号　１階", "url": "https://www.iryou.teikyouseido.mhlw.go.jp/znk-web/juminkanja/S2430/initialize?prefCd=34&kikanCd=7347342543&kikanKbn=5", "url2": null }, "geometry": { "type": "Point", "coordinates": [ 132.440148, 34.385601 ] } },
{ "type": "Feature", "properties": { "内容": "お通り薬局【5:薬局】広島県庄原市東城町川東１６５－２", "url": "https://www.iryou.teikyouseido.mhlw.go.jp/znk-web/juminkanja/S2430/initialize?prefCd=34&kikanCd=7347342544&kikanKbn=5", "url2": "https://genki-base.jp" }, "geometry": { "type": "Point", "coordinates": [ 133.273732, 34.900437 ] } },
{ "type": "Feature", "properties": { "内容": "パール薬局【5:薬局】広島県広島市安佐南区安東二丁目３番１７－１０３号", "url": "https://www.iryou.teikyouseido.mhlw.go.jp/znk-web/juminkanja/S2430/initialize?prefCd=34&kikanCd=7347342545&kikanKbn=5", "url2": "https://triangle-pearl.jp/" }, "geometry": { "type": "Point", "coordinates": [ 132.45545, 34.473353 ] } },
{ "type": "Feature", "properties": { "内容": "パール薬局　緑井店【5:薬局】広島県広島市安佐南区緑井四丁目２４番７号", "url": "https://www.iryou.teikyouseido.mhlw.go.jp/znk-web/juminkanja/S2430/initialize?prefCd=34&kikanCd=7347342546&kikanKbn=5", "url2": "triangle-pearl.jp" }, "geometry": { "type": "Point", "coordinates": [ 132.474395, 34.467928 ] } },
{ "type": "Feature", "properties": { "内容": "パール薬局　山本店【5:薬局】広島県広島市安佐南区山本三丁目１番１５号", "url": "https://www.iryou.teikyouseido.mhlw.go.jp/znk-web/juminkanja/S2430/initialize?prefCd=34&kikanCd=7347342547&kikanKbn=5", "url2": "https://triangle-pearl.jp/branch/post-4.html" }, "geometry": { "type": "Point", "coordinates": [ 132.455788, 34.439411 ] } },
{ "type": "Feature", "properties": { "内容": "アプコＵｎｉｔｙ薬局　駅家【5:薬局】広島県福山市駅家町法成寺１０８番地８", "url": "https://www.iryou.teikyouseido.mhlw.go.jp/znk-web/juminkanja/S2430/initialize?prefCd=34&kikanCd=7347342548&kikanKbn=5", "url2": "https://www.apco-group.jp/" }, "geometry": { "type": "Point", "coordinates": [ 133.325675, 34.554036 ] } },
{ "type": "Feature", "properties": { "内容": "ウォンツ薬局メディカルモール向洋駅北店【5:薬局】広島県安芸郡府中町桃山一丁目４番１８号", "url": "https://www.iryou.teikyouseido.mhlw.go.jp/znk-web/juminkanja/S2430/initialize?prefCd=34&kikanCd=7347342549&kikanKbn=5", "url2": "https://www.wants.co.jp/" }, "geometry": { "type": "Point", "coordinates": [ 132.50513, 34.378796 ] } },
{ "type": "Feature", "properties": { "内容": "パール薬局　明石店【5:薬局】広島県豊田郡大崎上島町明石字東浜２６９６－１", "url": "https://www.iryou.teikyouseido.mhlw.go.jp/znk-web/juminkanja/S2430/initialize?prefCd=34&kikanCd=7347342550&kikanKbn=5", "url2": "http://mikk-ligar.jp/" }, "geometry": { "type": "Point", "coordinates": [ 132.866224, 34.213384 ] } },
{ "type": "Feature", "properties": { "内容": "ウエルシア薬局　広島西原店【5:薬局】広島県広島市安佐南区西原八丁目３８番２９号", "url": "https://www.iryou.teikyouseido.mhlw.go.jp/znk-web/juminkanja/S2430/initialize?prefCd=34&kikanCd=7347342551&kikanKbn=5", "url2": "https://stores.welcia.co.jp/3780D" }, "geometry": { "type": "Point", "coordinates": [ 132.47227, 34.442089 ] } },
{ "type": "Feature", "properties": { "内容": "康仁薬局　ソシオ紙屋町店【5:薬局】広島県広島市中区紙屋町二丁目３番２０号　ソシオスクエア紙屋町ビル１階", "url": "https://www.iryou.teikyouseido.mhlw.go.jp/znk-web/juminkanja/S2430/initialize?prefCd=34&kikanCd=7347342552&kikanKbn=5", "url2": "http://www.lifeartgroup.com/" }, "geometry": { "type": "Point", "coordinates": [ 132.456064, 34.393655 ] } },
{ "type": "Feature", "properties": { "内容": "乙漢方薬局【5:薬局】広島県安芸郡坂町植田四丁目１３－２７", "url": "https://www.iryou.teikyouseido.mhlw.go.jp/znk-web/juminkanja/S2430/initialize?prefCd=34&kikanCd=7347342553&kikanKbn=5", "url2": "https://otsu-cafe.com/" }, "geometry": { "type": "Point", "coordinates": [ 132.507143, 34.327341 ] } },
{ "type": "Feature", "properties": { "内容": "ウォンツ　八木薬局【5:薬局】広島県広島市安佐南区八木五丁目５番３３号", "url": "https://www.iryou.teikyouseido.mhlw.go.jp/znk-web/juminkanja/S2430/initialize?prefCd=34&kikanCd=7347342554&kikanKbn=5", "url2": "https://www.wants.co.jp/" }, "geometry": { "type": "Point", "coordinates": [ 132.496819, 34.4819 ] } },
{ "type": "Feature", "properties": { "内容": "みらい薬局【5:薬局】広島県福山市東深津町三丁目２３番４４号", "url": "https://www.iryou.teikyouseido.mhlw.go.jp/znk-web/juminkanja/S2430/initialize?prefCd=34&kikanCd=7347342555&kikanKbn=5", "url2": null }, "geometry": { "type": "Point", "coordinates": [ 133.399806, 34.49632 ] } },
{ "type": "Feature", "properties": { "内容": "みずき薬局【5:薬局】広島県三次市十日市東四丁目３－８", "url": "https://www.iryou.teikyouseido.mhlw.go.jp/znk-web/juminkanja/S2430/initialize?prefCd=34&kikanCd=7347342556&kikanKbn=5", "url2": null }, "geometry": { "type": "Point", "coordinates": [ 132.862112, 34.804765 ] } },
{ "type": "Feature", "properties": { "内容": "なでしこ薬局【5:薬局】広島県三原市港町三丁目７－２７", "url": "https://www.iryou.teikyouseido.mhlw.go.jp/znk-web/juminkanja/S2430/initialize?prefCd=34&kikanCd=7347342558&kikanKbn=5", "url2": null }, "geometry": { "type": "Point", "coordinates": [ 133.078713, 34.398149 ] } },
{ "type": "Feature", "properties": { "内容": "ばら薬局【5:薬局】広島県竹原市竹原町３６４４", "url": "https://www.iryou.teikyouseido.mhlw.go.jp/znk-web/juminkanja/S2430/initialize?prefCd=34&kikanCd=7347342559&kikanKbn=5", "url2": "baraph-bamboo.com" }, "geometry": { "type": "Point", "coordinates": [ 132.904603, 34.349524 ] } },
{ "type": "Feature", "properties": { "内容": "みつば薬局【5:薬局】広島県福山市駅家町近田２３３番地１", "url": "https://www.iryou.teikyouseido.mhlw.go.jp/znk-web/juminkanja/S2430/initialize?prefCd=34&kikanCd=7347342560&kikanKbn=5", "url2": "https://www.innoshima-ph.com/pharmacy_mitsuba" }, "geometry": { "type": "Point", "coordinates": [ 133.31711, 34.541252 ] } },
{ "type": "Feature", "properties": { "内容": "ウォンツアクロスプラザ神辺薬局【5:薬局】広島県福山市神辺町湯野３７８番地１", "url": "https://www.iryou.teikyouseido.mhlw.go.jp/znk-web/juminkanja/S2430/initialize?prefCd=34&kikanCd=7347342561&kikanKbn=5", "url2": "https://www.wants.co.jp/" }, "geometry": { "type": "Point", "coordinates": [ 133.382194, 34.547628 ] } },
{ "type": "Feature", "properties": { "内容": "漢方薬局　ホノカ堂【5:薬局】広島県福山市東深津町二丁目８番２２号", "url": "https://www.iryou.teikyouseido.mhlw.go.jp/znk-web/juminkanja/S2430/initialize?prefCd=34&kikanCd=7347342562&kikanKbn=5", "url2": "honoka@honoka.co.jp" }, "geometry": { "type": "Point", "coordinates": [ 133.391161, 34.496597 ] } },
{ "type": "Feature", "properties": { "内容": "フタバ薬局　大国店【5:薬局】広島県廿日市市大野一丁目８－９", "url": "https://www.iryou.teikyouseido.mhlw.go.jp/znk-web/juminkanja/S2430/initialize?prefCd=34&kikanCd=7347342563&kikanKbn=5", "url2": "https://shinme-futaba.co.jp/" }, "geometry": { "type": "Point", "coordinates": [ 132.276708, 34.286063 ] } },
{ "type": "Feature", "properties": { "内容": "ひつじ薬局【5:薬局】広島県福山市本郷町１５９８番地１", "url": "https://www.iryou.teikyouseido.mhlw.go.jp/znk-web/juminkanja/S2430/initialize?prefCd=34&kikanCd=7347342564&kikanKbn=5", "url2": null }, "geometry": { "type": "Point", "coordinates": [ 133.245939, 34.468842 ] } },
{ "type": "Feature", "properties": { "内容": "あおぞら薬局八幡東店【5:薬局】広島県広島市佐伯区八幡東三丁目２９番１２－５－１０２号", "url": "https://www.iryou.teikyouseido.mhlw.go.jp/znk-web/juminkanja/S2430/initialize?prefCd=34&kikanCd=7347342565&kikanKbn=5", "url2": "https://www.rising-hiroshima.com/" }, "geometry": { "type": "Point", "coordinates": [ 132.362367, 34.383757 ] } },
{ "type": "Feature", "properties": { "内容": "西栄薬局【5:薬局】広島県大竹市西栄三丁目１－５", "url": "https://www.iryou.teikyouseido.mhlw.go.jp/znk-web/juminkanja/S2430/initialize?prefCd=34&kikanCd=7347342566&kikanKbn=5", "url2": "https://ms-pharmacy.jp/nishisakae/" }, "geometry": { "type": "Point", "coordinates": [ 132.225933, 34.216605 ] } },
{ "type": "Feature", "properties": { "内容": "オール薬局　ゆめモール西条店【5:薬局】広島県東広島市西条町助実１１７２番地　１Ｆ", "url": "https://www.iryou.teikyouseido.mhlw.go.jp/znk-web/juminkanja/S2430/initialize?prefCd=34&kikanCd=7347342567&kikanKbn=5", "url2": "https://www.my-life.jp/owl/" }, "geometry": { "type": "Point", "coordinates": [ 132.768674, 34.419027 ] } },
{ "type": "Feature", "properties": { "内容": "コスモス調剤薬局　明神店【5:薬局】広島県福山市明神町二丁目１番３０号", "url": "https://www.iryou.teikyouseido.mhlw.go.jp/znk-web/juminkanja/S2430/initialize?prefCd=34&kikanCd=7347342569&kikanKbn=5", "url2": null }, "geometry": { "type": "Point", "coordinates": [ 133.396273, 34.492182 ] } },
{ "type": "Feature", "properties": { "内容": "ミント薬局　下祇園店【5:薬局】広島県広島市安佐南区祇園三丁目７番２号　１階", "url": "https://www.iryou.teikyouseido.mhlw.go.jp/znk-web/juminkanja/S2430/initialize?prefCd=34&kikanCd=7347342570&kikanKbn=5", "url2": "https://www.mint-pharmacy.jp/tenpo/shimogion.html" }, "geometry": { "type": "Point", "coordinates": [ 132.461869, 34.441388 ] } },
{ "type": "Feature", "properties": { "内容": "西山本薬局【5:薬局】広島県広島市安佐南区山本一丁目５番１８号", "url": "https://www.iryou.teikyouseido.mhlw.go.jp/znk-web/juminkanja/S2430/initialize?prefCd=34&kikanCd=7347342571&kikanKbn=5", "url2": null }, "geometry": { "type": "Point", "coordinates": [ 132.456257, 34.435768 ] } },
{ "type": "Feature", "properties": { "内容": "あおぞら薬局庚午店【5:薬局】広島県広島市西区庚午北二丁目８番１５－１０２号", "url": "https://www.iryou.teikyouseido.mhlw.go.jp/znk-web/juminkanja/S2430/initialize?prefCd=34&kikanCd=7347342572&kikanKbn=5", "url2": null }, "geometry": { "type": "Point", "coordinates": [ 132.42151, 34.390559 ] } },
{ "type": "Feature", "properties": { "内容": "そうごう薬局広島基町店【5:薬局】広島県広島市中区基町１番１９号", "url": "https://www.iryou.teikyouseido.mhlw.go.jp/znk-web/juminkanja/S2430/initialize?prefCd=34&kikanCd=7347342573&kikanKbn=5", "url2": "https://www.sogo-pharmacy.jp/shop/view/859" }, "geometry": { "type": "Point", "coordinates": [ 132.461545, 34.398057 ] } },
{ "type": "Feature", "properties": { "内容": "おおたけ駅前薬局【5:薬局】広島県大竹市新町一丁目２－７", "url": "https://www.iryou.teikyouseido.mhlw.go.jp/znk-web/juminkanja/S2430/initialize?prefCd=34&kikanCd=7347342574&kikanKbn=5", "url2": "https://otake-ekimae-p.jp/" }, "geometry": { "type": "Point", "coordinates": [ 132.222161, 34.217666 ] } },
{ "type": "Feature", "properties": { "内容": "大竹元町薬局【5:薬局】広島県大竹市元町一丁目１１－２", "url": "https://www.iryou.teikyouseido.mhlw.go.jp/znk-web/juminkanja/S2430/initialize?prefCd=34&kikanCd=7347342575&kikanKbn=5", "url2": "https://ms-pharmacy.jp" }, "geometry": { "type": "Point", "coordinates": [ 132.215943, 34.208858 ] } },
{ "type": "Feature", "properties": { "内容": "平木調剤薬局【5:薬局】広島県尾道市因島土生町２１４７－１", "url": "https://www.iryou.teikyouseido.mhlw.go.jp/znk-web/juminkanja/S2430/initialize?prefCd=34&kikanCd=7347342577&kikanKbn=5", "url2": "https://www.innoshima-ph.com/" }, "geometry": { "type": "Point", "coordinates": [ 133.180587, 34.28404 ] } },
{ "type": "Feature", "properties": { "内容": "ウォンツ福山加茂薬局【5:薬局】広島県福山市加茂町下加茂５９番地１", "url": "https://www.iryou.teikyouseido.mhlw.go.jp/znk-web/juminkanja/S2430/initialize?prefCd=34&kikanCd=7347342578&kikanKbn=5", "url2": "https://shop.tsuruha-g.com/3916" }, "geometry": { "type": "Point", "coordinates": [ 133.345457, 34.55697 ] } },
{ "type": "Feature", "properties": { "内容": "ウォンツ大町西薬局【5:薬局】広島県広島市安佐南区大町西三丁目５番２２号", "url": "https://www.iryou.teikyouseido.mhlw.go.jp/znk-web/juminkanja/S2430/initialize?prefCd=34&kikanCd=7347342579&kikanKbn=5", "url2": "https://www.wants.co.jp/" }, "geometry": { "type": "Point", "coordinates": [ 132.460782, 34.466777 ] } },
{ "type": "Feature", "properties": { "内容": "ウォンツ福山松永薬局【5:薬局】広島県福山市松永町三丁目２１番２７－３号", "url": "https://www.iryou.teikyouseido.mhlw.go.jp/znk-web/juminkanja/S2430/initialize?prefCd=34&kikanCd=7347342580&kikanKbn=5", "url2": "https://www.wants.co.jp/" }, "geometry": { "type": "Point", "coordinates": [ 133.252991, 34.44579 ] } },
{ "type": "Feature", "properties": { "内容": "ウォンツ薬局　翠店【5:薬局】広島県広島市南区翠五丁目１７番２３号", "url": "https://www.iryou.teikyouseido.mhlw.go.jp/znk-web/juminkanja/S2430/initialize?prefCd=34&kikanCd=7347342581&kikanKbn=5", "url2": "https://www.wants.co.jp/" }, "geometry": { "type": "Point", "coordinates": [ 132.465908, 34.368348 ] } },
{ "type": "Feature", "properties": { "内容": "エスマイル薬局蔵王店【5:薬局】広島県福山市南蔵王町三丁目１７番１０号", "url": "https://www.iryou.teikyouseido.mhlw.go.jp/znk-web/juminkanja/S2430/initialize?prefCd=34&kikanCd=7347342584&kikanKbn=5", "url2": "https://www.ssmile.co.jp/" }, "geometry": { "type": "Point", "coordinates": [ 133.39807, 34.501076 ] } },
{ "type": "Feature", "properties": { "内容": "ＡＯＩ薬局【5:薬局】広島県東広島市八本松東３ー７－２－１０１", "url": "https://www.iryou.teikyouseido.mhlw.go.jp/znk-web/juminkanja/S2430/initialize?prefCd=34&kikanCd=7347342585&kikanKbn=5", "url2": null }, "geometry": { "type": "Point", "coordinates": [ 132.710607, 34.446146 ] } },
{ "type": "Feature", "properties": { "内容": "ププレひまわり薬局　可部店【5:薬局】広島県広島市安佐北区亀山二丁目２５番９－２号", "url": "https://www.iryou.teikyouseido.mhlw.go.jp/znk-web/juminkanja/S2430/initialize?prefCd=34&kikanCd=7347342586&kikanKbn=5", "url2": null }, "geometry": { "type": "Point", "coordinates": [ 132.504134, 34.518117 ] } },
{ "type": "Feature", "properties": { "内容": "ザグザグ薬局尾道高須店【5:薬局】広島県尾道市高須町５２８０", "url": "https://www.iryou.teikyouseido.mhlw.go.jp/znk-web/juminkanja/S2430/initialize?prefCd=34&kikanCd=7347342587&kikanKbn=5", "url2": "http://www.zagzag.co.jp" }, "geometry": { "type": "Point", "coordinates": [ 133.229729, 34.432385 ] } },
{ "type": "Feature", "properties": { "内容": "ププレひまわり薬局尾道西店【5:薬局】広島県尾道市新浜一丁目７－７", "url": "https://www.iryou.teikyouseido.mhlw.go.jp/znk-web/juminkanja/S2430/initialize?prefCd=34&kikanCd=7347342588&kikanKbn=5", "url2": "https://himawarinews.com/store/onomichinishi_pharmacy/" }, "geometry": { "type": "Point", "coordinates": [ 133.184175, 34.40244 ] } },
{ "type": "Feature", "properties": { "内容": "廿日市本町薬局【5:薬局】広島県廿日市市本町７－３６", "url": "https://www.iryou.teikyouseido.mhlw.go.jp/znk-web/juminkanja/S2430/initialize?prefCd=34&kikanCd=7347342589&kikanKbn=5", "url2": "https://ms-pharmacy.jp/hatsukaichi/" }, "geometry": { "type": "Point", "coordinates": [ 132.335567, 34.351136 ] } },
{ "type": "Feature", "properties": { "内容": "ザグザグ薬局呉中央店【5:薬局】広島県呉市西中央３丁目７番３４号", "url": "https://www.iryou.teikyouseido.mhlw.go.jp/znk-web/juminkanja/S2430/initialize?prefCd=34&kikanCd=7347342590&kikanKbn=5", "url2": "https://www.zagzag.co.jp/" }, "geometry": { "type": "Point", "coordinates": [ 132.560962, 34.249403 ] } },
{ "type": "Feature", "properties": { "内容": "あおい薬局　海田店【5:薬局】広島県安芸郡海田町堀川町３番５号", "url": "https://www.iryou.teikyouseido.mhlw.go.jp/znk-web/juminkanja/S2430/initialize?prefCd=34&kikanCd=7347342592&kikanKbn=5", "url2": "https://base-h.jp/pharmacy/%E6%B5%B7%E7%94%B0%E5%BA%97/" }, "geometry": { "type": "Point", "coordinates": [ 132.531604, 34.368596 ] } },
{ "type": "Feature", "properties": { "内容": "つゆくさ漢方薬局【5:薬局】広島県尾道市高須町６６１", "url": "https://www.iryou.teikyouseido.mhlw.go.jp/znk-web/juminkanja/S2430/initialize?prefCd=34&kikanCd=7347342593&kikanKbn=5", "url2": null }, "geometry": { "type": "Point", "coordinates": [ 133.234419, 34.437348 ] } },
{ "type": "Feature", "properties": { "内容": "ププレひまわり薬局　新涯店【5:薬局】広島県福山市西新涯町二丁目１０番１１号", "url": "https://www.iryou.teikyouseido.mhlw.go.jp/znk-web/juminkanja/S2430/initialize?prefCd=34&kikanCd=7347342594&kikanKbn=5", "url2": "https://himawarinews.com" }, "geometry": { "type": "Point", "coordinates": [ 133.380346, 34.459808 ] } },
{ "type": "Feature", "properties": { "内容": "アレス薬局翠店【5:薬局】広島県広島市南区翠二丁目１８番３－１０２号", "url": "https://www.iryou.teikyouseido.mhlw.go.jp/znk-web/juminkanja/S2430/initialize?prefCd=34&kikanCd=7347342595&kikanKbn=5", "url2": null }, "geometry": { "type": "Point", "coordinates": [ 132.470863, 34.37222 ] } },
{ "type": "Feature", "properties": { "内容": "ウォンツ宇品東６丁目薬局【5:薬局】広島県広島市南区宇品東六丁目２番４６号　１Ｆ", "url": "https://www.iryou.teikyouseido.mhlw.go.jp/znk-web/juminkanja/S2430/initialize?prefCd=34&kikanCd=7347342596&kikanKbn=5", "url2": "https://www.wants.co.jp/" }, "geometry": { "type": "Point", "coordinates": [ 132.467589, 34.361452 ] } },
{ "type": "Feature", "properties": { "内容": "ププレひまわり薬局　松浜店【5:薬局】広島県福山市松浜町二丁目３番２５号", "url": "https://www.iryou.teikyouseido.mhlw.go.jp/znk-web/juminkanja/S2430/initialize?prefCd=34&kikanCd=7347342597&kikanKbn=5", "url2": "https://himawarinews.com/store/matsuhama_pharmacy/" }, "geometry": { "type": "Point", "coordinates": [ 133.374366, 34.482005 ] } },
{ "type": "Feature", "properties": { "内容": "ププレひまわり薬局　春日東店【5:薬局】広島県福山市春日町七丁目２番１８号", "url": "https://www.iryou.teikyouseido.mhlw.go.jp/znk-web/juminkanja/S2430/initialize?prefCd=34&kikanCd=7347342598&kikanKbn=5", "url2": null }, "geometry": { "type": "Point", "coordinates": [ 133.41443, 34.509579 ] } },
{ "type": "Feature", "properties": { "内容": "いのうえ一誠堂薬局宮原店【5:薬局】広島県呉市宮原２丁目４番２５号", "url": "https://www.iryou.teikyouseido.mhlw.go.jp/znk-web/juminkanja/S2430/initialize?prefCd=34&kikanCd=7347342601&kikanKbn=5", "url2": null }, "geometry": { "type": "Point", "coordinates": [ 132.566068, 34.235308 ] } },
{ "type": "Feature", "properties": { "内容": "ウエルシア薬局　広島可部南店【5:薬局】広島県広島市安佐北区可部南五丁目９番１７号", "url": "https://www.iryou.teikyouseido.mhlw.go.jp/znk-web/juminkanja/S2430/initialize?prefCd=34&kikanCd=7347342602&kikanKbn=5", "url2": "https://stores.welcia.co.jp/3777D" }, "geometry": { "type": "Point", "coordinates": [ 132.514271, 34.507382 ] } },
{ "type": "Feature", "properties": { "内容": "コスモス薬局　上幟町店【5:薬局】広島県広島市中区上幟町３番３号　１階", "url": "https://www.iryou.teikyouseido.mhlw.go.jp/znk-web/juminkanja/S2430/initialize?prefCd=34&kikanCd=7347342603&kikanKbn=5", "url2": "https://www.reliance-cosmos.co.jp/" }, "geometry": { "type": "Point", "coordinates": [ 132.466539, 34.39915 ] } },
{ "type": "Feature", "properties": { "内容": "みのり薬局【5:薬局】広島県三原市宮浦六丁目３－２", "url": "https://www.iryou.teikyouseido.mhlw.go.jp/znk-web/juminkanja/S2430/initialize?prefCd=34&kikanCd=7347342604&kikanKbn=5", "url2": "https://www.innoshima-ph.com/" }, "geometry": { "type": "Point", "coordinates": [ 133.064465, 34.394762 ] } },
{ "type": "Feature", "properties": { "内容": "みのり薬局港町【5:薬局】広島県三原市港町一丁目３－１５", "url": "https://www.iryou.teikyouseido.mhlw.go.jp/znk-web/juminkanja/S2430/initialize?prefCd=34&kikanCd=7347342605&kikanKbn=5", "url2": "https://www.innoshima-ph.com/" }, "geometry": { "type": "Point", "coordinates": [ 133.080674, 34.39946 ] } },
{ "type": "Feature", "properties": { "内容": "パール薬局　佐東店【5:薬局】広島県広島市安佐南区緑井五丁目８番１０号", "url": "https://www.iryou.teikyouseido.mhlw.go.jp/znk-web/juminkanja/S2430/initialize?prefCd=34&kikanCd=7347342606&kikanKbn=5", "url2": null }, "geometry": { "type": "Point", "coordinates": [ 132.479228, 34.469846 ] } },
{ "type": "Feature", "properties": { "内容": "パール薬局　吉田店【5:薬局】広島県安芸高田市吉田町山手６５５－４", "url": "https://www.iryou.teikyouseido.mhlw.go.jp/znk-web/juminkanja/S2430/initialize?prefCd=34&kikanCd=7347342607&kikanKbn=5", "url2": null }, "geometry": { "type": "Point", "coordinates": [ 132.675291, 34.651647 ] } },
{ "type": "Feature", "properties": { "内容": "ププレひまわり薬局宮浦店【5:薬局】広島県三原市宮浦五丁目１６－１６", "url": "https://www.iryou.teikyouseido.mhlw.go.jp/znk-web/juminkanja/S2430/initialize?prefCd=34&kikanCd=7347342608&kikanKbn=5", "url2": null }, "geometry": { "type": "Point", "coordinates": [ 133.060194, 34.394583 ] } },
{ "type": "Feature", "properties": { "内容": "あおい薬局【5:薬局】広島県広島市中区羽衣町１０番１１号", "url": "https://www.iryou.teikyouseido.mhlw.go.jp/znk-web/juminkanja/S2430/initialize?prefCd=34&kikanCd=7347342609&kikanKbn=5", "url2": null }, "geometry": { "type": "Point", "coordinates": [ 132.448706, 34.37871 ] } },
{ "type": "Feature", "properties": { "内容": "あしだ町薬局【5:薬局】広島県福山市芦田町下有地９９３ー１", "url": "https://www.iryou.teikyouseido.mhlw.go.jp/znk-web/juminkanja/S2430/initialize?prefCd=34&kikanCd=7347342610&kikanKbn=5", "url2": "https://www.tsnishicho.com/" }, "geometry": { "type": "Point", "coordinates": [ 133.278417, 34.530268 ] } },
{ "type": "Feature", "properties": { "内容": "すずらん薬局　高須店【5:薬局】広島県広島市西区高須一丁目５番２１号", "url": "https://www.iryou.teikyouseido.mhlw.go.jp/znk-web/juminkanja/S2430/initialize?prefCd=34&kikanCd=7347342611&kikanKbn=5", "url2": "http://horon-suzuran.co.jp/new/tenpo-detail/takasu/" }, "geometry": { "type": "Point", "coordinates": [ 132.418432, 34.39313 ] } },
{ "type": "Feature", "properties": { "内容": "大塚薬局【5:薬局】広島県広島市安佐南区大塚西一丁目２４番１１号", "url": "https://www.iryou.teikyouseido.mhlw.go.jp/znk-web/juminkanja/S2430/initialize?prefCd=34&kikanCd=7347342612&kikanKbn=5", "url2": "https://ms-pharmacy.jp/ootsuka/" }, "geometry": { "type": "Point", "coordinates": [ 132.4047, 34.444597 ] } },
{ "type": "Feature", "properties": { "内容": "ウォンツ薬局　吉島西１丁目店【5:薬局】広島県広島市中区吉島西１丁目２２番地１３号", "url": "https://www.iryou.teikyouseido.mhlw.go.jp/znk-web/juminkanja/S2430/initialize?prefCd=34&kikanCd=7347342613&kikanKbn=5", "url2": "https://www.wants.co.jp/" }, "geometry": { "type": "Point", "coordinates": [ 132.447637, 34.373606 ] } },
{ "type": "Feature", "properties": { "内容": "ウォンツ福山野上薬局【5:薬局】広島県福山市野上町３丁目６－５", "url": "https://www.iryou.teikyouseido.mhlw.go.jp/znk-web/juminkanja/S2430/initialize?prefCd=34&kikanCd=7347342614&kikanKbn=5", "url2": "https://www.wants.co.jp" }, "geometry": { "type": "Point", "coordinates": [ 133.367023, 34.474778 ] } },
{ "type": "Feature", "properties": { "内容": "ウォンツフレスポ三次プラザ薬局【5:薬局】広島県三次市十日市中１丁目１ー１０", "url": "https://www.iryou.teikyouseido.mhlw.go.jp/znk-web/juminkanja/S2430/initialize?prefCd=34&kikanCd=7347342615&kikanKbn=5", "url2": "https://www.wants.co.jp/" }, "geometry": { "type": "Point", "coordinates": [ 132.849699, 34.803596 ] } },
{ "type": "Feature", "properties": { "内容": "ウォンツ薬局　メディカルモール安佐北店【5:薬局】広島県広島市安佐北区可部南五丁目８番３２－５号", "url": "https://www.iryou.teikyouseido.mhlw.go.jp/znk-web/juminkanja/S2430/initialize?prefCd=34&kikanCd=7347342616&kikanKbn=5", "url2": "https://www.wants.co.jp/" }, "geometry": { "type": "Point", "coordinates": [ 132.515467, 34.50719 ] } },
{ "type": "Feature", "properties": { "内容": "ウエルシア薬局　東広島八本松飯田店【5:薬局】広島県東広島市八本松飯田６－１４－１７", "url": "https://www.iryou.teikyouseido.mhlw.go.jp/znk-web/juminkanja/S2430/initialize?prefCd=34&kikanCd=7347342617&kikanKbn=5", "url2": "https://store.welcia.co.jp/welcia/spot/detail?code=3787D" }, "geometry": { "type": "Point", "coordinates": [ 132.703104, 34.452887 ] } },
{ "type": "Feature", "properties": { "内容": "あかり薬局【5:薬局】広島県尾道市向島町５４２－１８", "url": "https://www.iryou.teikyouseido.mhlw.go.jp/znk-web/juminkanja/S2430/initialize?prefCd=34&kikanCd=7347342618&kikanKbn=5", "url2": "https://www.innoshima-ph.com/" }, "geometry": { "type": "Point", "coordinates": [ 133.205838, 34.398989 ] } },
{ "type": "Feature", "properties": { "内容": "ひがしの三丁目薬局【5:薬局】広島県広島市安佐南区東野３丁目７番２４号", "url": "https://www.iryou.teikyouseido.mhlw.go.jp/znk-web/juminkanja/S2430/initialize?prefCd=34&kikanCd=7347342620&kikanKbn=5", "url2": "https://kato-ph.jp/index.html" }, "geometry": { "type": "Point", "coordinates": [ 132.481598, 34.454124 ] } },
{ "type": "Feature", "properties": { "内容": "みずの薬局　牛田東店【5:薬局】広島県広島市東区牛田東１ー１ー２５　花房ビル１Ｆ", "url": "https://www.iryou.teikyouseido.mhlw.go.jp/znk-web/juminkanja/S2430/initialize?prefCd=34&kikanCd=7347342621&kikanKbn=5", "url2": "https://m-pharmacist-life.com/%e3%81%bf%e3%81%9a%e3%81%ae%e8%96%ac%e5%b1%80%e7%89%9b%e7%94%b0%e6%9d%b1%e5%ba%97/" }, "geometry": { "type": "Point", "coordinates": [ 132.478359, 34.410233 ] } },
{ "type": "Feature", "properties": { "内容": "ふくろう薬局【5:薬局】広島県福山市御幸町上岩成２３６番地１", "url": "https://www.iryou.teikyouseido.mhlw.go.jp/znk-web/juminkanja/S2430/initialize?prefCd=34&kikanCd=7347342622&kikanKbn=5", "url2": null }, "geometry": { "type": "Point", "coordinates": [ 133.347135, 34.547888 ] } },
{ "type": "Feature", "properties": { "内容": "ナナイロ薬局【5:薬局】広島県東広島市西条町西条東８００－１", "url": "https://www.iryou.teikyouseido.mhlw.go.jp/znk-web/juminkanja/S2430/initialize?prefCd=34&kikanCd=7347342623&kikanKbn=5", "url2": "nanairoyakkyoku.com" }, "geometry": { "type": "Point", "coordinates": [ 132.732074, 34.427131 ] } },
{ "type": "Feature", "properties": { "内容": "ありす薬局　沖野上店【5:薬局】広島県福山市沖野上町６丁目９ー１３", "url": "https://www.iryou.teikyouseido.mhlw.go.jp/znk-web/juminkanja/S2430/initialize?prefCd=34&kikanCd=7347342624&kikanKbn=5", "url2": null }, "geometry": { "type": "Point", "coordinates": [ 133.364744, 34.471285 ] } },
{ "type": "Feature", "properties": { "内容": "ファーマシィ薬局西条【5:薬局】広島県東広島市西条町大字吉行２２１９－１", "url": "https://www.iryou.teikyouseido.mhlw.go.jp/znk-web/juminkanja/S2430/initialize?prefCd=34&kikanCd=7347342625&kikanKbn=5", "url2": "https://www.pharmacy-net.co.jp" }, "geometry": { "type": "Point", "coordinates": [ 132.756184, 34.438651 ] } },
{ "type": "Feature", "properties": { "内容": "あけぼの薬局　廿日市店【5:薬局】広島県廿日市市上平良３５８－１", "url": "https://www.iryou.teikyouseido.mhlw.go.jp/znk-web/juminkanja/S2430/initialize?prefCd=34&kikanCd=7347342626&kikanKbn=5", "url2": null }, "geometry": { "type": "Point", "coordinates": [ 132.313082, 34.35704 ] } },
{ "type": "Feature", "properties": { "内容": "アスト薬局大手町店【5:薬局】広島県広島市中区大手町三丁目６番１２号１階", "url": "https://www.iryou.teikyouseido.mhlw.go.jp/znk-web/juminkanja/S2430/initialize?prefCd=34&kikanCd=7347342627&kikanKbn=5", "url2": "http://www.ast-ph.co.jp/" }, "geometry": { "type": "Point", "coordinates": [ 132.454161, 34.387624 ] } },
{ "type": "Feature", "properties": { "内容": "ウエルシア薬局　福山東深津店【5:薬局】広島県福山市東深津町２－７－３５", "url": "https://www.iryou.teikyouseido.mhlw.go.jp/znk-web/juminkanja/S2430/initialize?prefCd=34&kikanCd=7347342628&kikanKbn=5", "url2": "https://store.welcia.co.jp/welcia/spot/detail?code=3771D" }, "geometry": { "type": "Point", "coordinates": [ 133.390717, 34.495489 ] } },
{ "type": "Feature", "properties": { "内容": "ププレひまわり薬局グラン松永店【5:薬局】広島県福山市松永町六丁目７番３号", "url": "https://www.iryou.teikyouseido.mhlw.go.jp/znk-web/juminkanja/S2430/initialize?prefCd=34&kikanCd=7347342629&kikanKbn=5", "url2": "https://himawarinews.com" }, "geometry": { "type": "Point", "coordinates": [ 133.255853, 34.444896 ] } },
{ "type": "Feature", "properties": { "内容": "なべか薬局【5:薬局】広島県尾道市新高山三丁目１１７０ー２４８", "url": "https://www.iryou.teikyouseido.mhlw.go.jp/znk-web/juminkanja/S2430/initialize?prefCd=34&kikanCd=7347342630&kikanKbn=5", "url2": null }, "geometry": { "type": "Point", "coordinates": [ 133.21568, 34.421618 ] } },
{ "type": "Feature", "properties": { "内容": "かめやま薬局【5:薬局】広島県広島市安佐北区亀山三丁目６－２６", "url": "https://www.iryou.teikyouseido.mhlw.go.jp/znk-web/juminkanja/S2430/initialize?prefCd=34&kikanCd=7347342631&kikanKbn=5", "url2": null }, "geometry": { "type": "Point", "coordinates": [ 132.498977, 34.522224 ] } },
{ "type": "Feature", "properties": { "内容": "オール薬局　三条店【5:薬局】広島県呉市三条２丁目４－７", "url": "https://www.iryou.teikyouseido.mhlw.go.jp/znk-web/juminkanja/S2430/initialize?prefCd=34&kikanCd=7347342632&kikanKbn=5", "url2": "https://appli.e-classa.net/owl-sanjo/index.html" }, "geometry": { "type": "Point", "coordinates": [ 132.553403, 34.246503 ] } },
{ "type": "Feature", "properties": { "内容": "ミック・ヤマモト薬局【5:薬局】広島県広島市安佐南区山本１－２１－１３", "url": "https://www.iryou.teikyouseido.mhlw.go.jp/znk-web/juminkanja/S2430/initialize?prefCd=34&kikanCd=7347342634&kikanKbn=5", "url2": null }, "geometry": { "type": "Point", "coordinates": [ 132.453346, 34.435797 ] } },
{ "type": "Feature", "properties": { "内容": "レベス薬局　たかの橋店【5:薬局】広島県広島市中区大手町５丁目７番８号　トキワマンション１Ｆ", "url": "https://www.iryou.teikyouseido.mhlw.go.jp/znk-web/juminkanja/S2430/initialize?prefCd=34&kikanCd=7347342635&kikanKbn=5", "url2": "https://www.flowerbros-tms.com/" }, "geometry": { "type": "Point", "coordinates": [ 132.453156, 34.382778 ] } },
{ "type": "Feature", "properties": { "内容": "よつば薬局【5:薬局】広島県広島市南区翠１丁目１０番３６号", "url": "https://www.iryou.teikyouseido.mhlw.go.jp/znk-web/juminkanja/S2430/initialize?prefCd=34&kikanCd=7347342636&kikanKbn=5", "url2": "https://www.flowerbros-tms.com" }, "geometry": { "type": "Point", "coordinates": [ 132.465019, 34.370053 ] } },
{ "type": "Feature", "properties": { "内容": "ダリア薬局【5:薬局】広島県広島市南区翠一丁目２番２８号グリーンビル翠１Ｆ", "url": "https://www.iryou.teikyouseido.mhlw.go.jp/znk-web/juminkanja/S2430/initialize?prefCd=34&kikanCd=7347342637&kikanKbn=5", "url2": "https://www.flowerbros-tms.com/" }, "geometry": { "type": "Point", "coordinates": [ 132.464804, 34.371501 ] } },
{ "type": "Feature", "properties": { "内容": "カンナ薬局【5:薬局】広島県広島市南区大州二丁目１５番１２号大州ビル１０１号", "url": "https://www.iryou.teikyouseido.mhlw.go.jp/znk-web/juminkanja/S2430/initialize?prefCd=34&kikanCd=7347342638&kikanKbn=5", "url2": "https://www.flowerbros-tms.com/" }, "geometry": { "type": "Point", "coordinates": [ 132.488088, 34.3892 ] } },
{ "type": "Feature", "properties": { "内容": "あきでしお薬局【5:薬局】広島県広島市南区出汐一丁目４番１号", "url": "https://www.iryou.teikyouseido.mhlw.go.jp/znk-web/juminkanja/S2430/initialize?prefCd=34&kikanCd=7347342639&kikanKbn=5", "url2": "https://www.flowerbros-tms.com/" }, "geometry": { "type": "Point", "coordinates": [ 132.477018, 34.380492 ] } },
{ "type": "Feature", "properties": { "内容": "セブン薬局　大崎店【5:薬局】広島県豊田郡大崎上島町中野４１０２ー１", "url": "https://www.iryou.teikyouseido.mhlw.go.jp/znk-web/juminkanja/S2430/initialize?prefCd=34&kikanCd=7347342640&kikanKbn=5", "url2": "medical-standard.net" }, "geometry": { "type": "Point", "coordinates": [ 132.88184, 34.243289 ] } },
{ "type": "Feature", "properties": { "内容": "庄原薬局【5:薬局】広島県庄原市東本町１－１－１４", "url": "https://www.iryou.teikyouseido.mhlw.go.jp/znk-web/juminkanja/S2430/initialize?prefCd=34&kikanCd=7347342641&kikanKbn=5", "url2": "https://www.tsnishicho.com/" }, "geometry": { "type": "Point", "coordinates": [ 133.017824, 34.859798 ] } },
{ "type": "Feature", "properties": { "内容": "かんだ薬局【5:薬局】広島県尾道市神田町３－２４", "url": "https://www.iryou.teikyouseido.mhlw.go.jp/znk-web/juminkanja/S2430/initialize?prefCd=34&kikanCd=7347342642&kikanKbn=5", "url2": "https://www.innoshima-ph.com/pharmacy_kanda" }, "geometry": { "type": "Point", "coordinates": [ 133.168945, 34.403289 ] } },
{ "type": "Feature", "properties": { "内容": "ウエルシア薬局　広島広瀬北町店【5:薬局】広島県広島市中区広瀬北町３番１５号", "url": "https://www.iryou.teikyouseido.mhlw.go.jp/znk-web/juminkanja/S2430/initialize?prefCd=34&kikanCd=7347342643&kikanKbn=5", "url2": "http://store.welcia.co.jp/welcia/spot/detail?code=3793D" }, "geometry": { "type": "Point", "coordinates": [ 132.448041, 34.402921 ] } },
{ "type": "Feature", "properties": { "内容": "ウォンツ西条御条薬局【5:薬局】広島県東広島市西条御条町５番２０号", "url": "https://www.iryou.teikyouseido.mhlw.go.jp/znk-web/juminkanja/S2430/initialize?prefCd=34&kikanCd=7347342644&kikanKbn=5", "url2": "https://www.wants.co.jp/" }, "geometry": { "type": "Point", "coordinates": [ 132.745365, 34.421997 ] } },
{ "type": "Feature", "properties": { "内容": "ウォンツ宇品西薬局【5:薬局】広島県広島市南区宇品西３丁目４ー３３", "url": "https://www.iryou.teikyouseido.mhlw.go.jp/znk-web/juminkanja/S2430/initialize?prefCd=34&kikanCd=7347342645&kikanKbn=5", "url2": "https://www.wants.co.jp/" }, "geometry": { "type": "Point", "coordinates": [ 132.45972, 34.361724 ] } },
{ "type": "Feature", "properties": { "内容": "ウォンツ西観音薬局【5:薬局】広島県広島市西区西観音町４番１９号", "url": "https://www.iryou.teikyouseido.mhlw.go.jp/znk-web/juminkanja/S2430/initialize?prefCd=34&kikanCd=7347342646&kikanKbn=5", "url2": "https://www.wants.co.jp/" }, "geometry": { "type": "Point", "coordinates": [ 132.435868, 34.393138 ] } },
{ "type": "Feature", "properties": { "内容": "べる薬局【5:薬局】広島県広島市安佐南区高取北１丁目４番２９－５号", "url": "https://www.iryou.teikyouseido.mhlw.go.jp/znk-web/juminkanja/S2430/initialize?prefCd=34&kikanCd=7347342648&kikanKbn=5", "url2": "https://www.nexus-g.jp" }, "geometry": { "type": "Point", "coordinates": [ 132.43796, 34.47539 ] } },
{ "type": "Feature", "properties": { "内容": "ウォンツ府中浜田薬局【5:薬局】広島県安芸郡府中町浜田２ー１ー３７", "url": "https://www.iryou.teikyouseido.mhlw.go.jp/znk-web/juminkanja/S2430/initialize?prefCd=34&kikanCd=7347342649&kikanKbn=5", "url2": "https://www.wants.co.jp/" }, "geometry": { "type": "Point", "coordinates": [ 132.52063, 34.40525 ] } },
{ "type": "Feature", "properties": { "内容": "ライフ薬局【5:薬局】広島県呉市川尻町西２丁目１２番３４号", "url": "https://www.iryou.teikyouseido.mhlw.go.jp/znk-web/juminkanja/S2430/initialize?prefCd=34&kikanCd=7347342650&kikanKbn=5", "url2": "https://sites.google.com/view/life-pharmacy-kawajiri/" }, "geometry": { "type": "Point", "coordinates": [ 132.693714, 34.234173 ] } },
{ "type": "Feature", "properties": { "内容": "ププレひまわり薬局福山新涯１丁目店【5:薬局】広島県福山市新涯町一丁目２４番２４号", "url": "https://www.iryou.teikyouseido.mhlw.go.jp/znk-web/juminkanja/S2430/initialize?prefCd=34&kikanCd=7347342651&kikanKbn=5", "url2": "https://himawarinews.com/store/shingai1_pharmacy/" }, "geometry": { "type": "Point", "coordinates": [ 133.392583, 34.462328 ] } },
{ "type": "Feature", "properties": { "内容": "アニー薬局【5:薬局】広島県広島市東区戸坂千足一丁目３番１２号", "url": "https://www.iryou.teikyouseido.mhlw.go.jp/znk-web/juminkanja/S2430/initialize?prefCd=34&kikanCd=7347342652&kikanKbn=5", "url2": null }, "geometry": { "type": "Point", "coordinates": [ 132.483878, 34.437442 ] } },
{ "type": "Feature", "properties": { "内容": "すなお薬局【5:薬局】広島県東広島市西条町馬木１５７６－２", "url": "https://www.iryou.teikyouseido.mhlw.go.jp/znk-web/juminkanja/S2430/initialize?prefCd=34&kikanCd=7347342653&kikanKbn=5", "url2": null }, "geometry": { "type": "Point", "coordinates": [ 132.732044, 34.359849 ] } },
{ "type": "Feature", "properties": { "内容": "レモン薬局【5:薬局】広島県福山市東川口町４丁目９番３０号", "url": "https://www.iryou.teikyouseido.mhlw.go.jp/znk-web/juminkanja/S2430/initialize?prefCd=34&kikanCd=7347342654&kikanKbn=5", "url2": "https://www.innoshima-ph.com/pharmacy_lemon" }, "geometry": { "type": "Point", "coordinates": [ 133.385837, 34.473186 ] } },
{ "type": "Feature", "properties": { "内容": "あお調剤薬局　西広島店【5:薬局】広島県広島市西区己斐本町３－１－６", "url": "https://www.iryou.teikyouseido.mhlw.go.jp/znk-web/juminkanja/S2430/initialize?prefCd=34&kikanCd=7347342655&kikanKbn=5", "url2": null }, "geometry": { "type": "Point", "coordinates": [ 132.425961, 34.395967 ] } },
{ "type": "Feature", "properties": { "内容": "あさひ薬局【5:薬局】広島県福山市大門町津之下２０３４番地１", "url": "https://www.iryou.teikyouseido.mhlw.go.jp/znk-web/juminkanja/S2430/initialize?prefCd=34&kikanCd=7347342656&kikanKbn=5", "url2": "https://www.tower-medical.jp/" }, "geometry": { "type": "Point", "coordinates": [ 133.431965, 34.48571 ] } },
{ "type": "Feature", "properties": { "内容": "ププレひまわり薬局　中山店【5:薬局】広島県広島市東区中山東三丁目１番１７号", "url": "https://www.iryou.teikyouseido.mhlw.go.jp/znk-web/juminkanja/S2430/initialize?prefCd=34&kikanCd=7347342657&kikanKbn=5", "url2": "https://himawarinews.com/store/nakayama_pharmacy/" }, "geometry": { "type": "Point", "coordinates": [ 132.503567, 34.41085 ] } },
{ "type": "Feature", "properties": { "内容": "エスマイル薬局　かがみやま店【5:薬局】広島県東広島市西条町御薗宇２４２０－２", "url": "https://www.iryou.teikyouseido.mhlw.go.jp/znk-web/juminkanja/S2430/initialize?prefCd=34&kikanCd=7347342658&kikanKbn=5", "url2": null }, "geometry": { "type": "Point", "coordinates": [ 132.740106, 34.405689 ] } },
{ "type": "Feature", "properties": { "内容": "こもれび薬局広白石店【5:薬局】広島県呉市広白石４丁目７番１２号", "url": "https://www.iryou.teikyouseido.mhlw.go.jp/znk-web/juminkanja/S2430/initialize?prefCd=34&kikanCd=7347342659&kikanKbn=5", "url2": null }, "geometry": { "type": "Point", "coordinates": [ 132.640548, 34.226238 ] } },
{ "type": "Feature", "properties": { "内容": "温品調剤薬局【5:薬局】広島県広島市東区温品六丁目１番１２号", "url": "https://www.iryou.teikyouseido.mhlw.go.jp/znk-web/juminkanja/S2430/initialize?prefCd=34&kikanCd=7347342661&kikanKbn=5", "url2": null }, "geometry": { "type": "Point", "coordinates": [ 132.510852, 34.419529 ] } },
{ "type": "Feature", "properties": { "内容": "ザグザグ薬局　南蔵王３丁目店【5:薬局】広島県福山市南蔵王町三丁目１６番３３号", "url": "https://www.iryou.teikyouseido.mhlw.go.jp/znk-web/juminkanja/S2430/initialize?prefCd=34&kikanCd=7347342662&kikanKbn=5", "url2": "https://www.zagzag.co.jp" }, "geometry": { "type": "Point", "coordinates": [ 133.397343, 34.500256 ] } },
{ "type": "Feature", "properties": { "内容": "ププレひまわり薬局グラン春日店【5:薬局】広島県福山市春日町５丁目３番２１号", "url": "https://www.iryou.teikyouseido.mhlw.go.jp/znk-web/juminkanja/S2430/initialize?prefCd=34&kikanCd=7347342663&kikanKbn=5", "url2": "https://himawarinews.com/store/grankasuga_pharmacy/" }, "geometry": { "type": "Point", "coordinates": [ 133.408062, 34.506245 ] } },
{ "type": "Feature", "properties": { "内容": "旭ゆめ薬局【5:薬局】広島県広島市南区旭二丁目４番３号", "url": "https://www.iryou.teikyouseido.mhlw.go.jp/znk-web/juminkanja/S2430/initialize?prefCd=34&kikanCd=7347342664&kikanKbn=5", "url2": null }, "geometry": { "type": "Point", "coordinates": [ 132.47724, 34.375024 ] } },
{ "type": "Feature", "properties": { "内容": "ウォンツ沼田伴薬局【5:薬局】広島県広島市安佐南区伴東七丁目６１番１号", "url": "https://www.iryou.teikyouseido.mhlw.go.jp/znk-web/juminkanja/S2430/initialize?prefCd=34&kikanCd=7347342665&kikanKbn=5", "url2": "https://www.wants.co.jp/" }, "geometry": { "type": "Point", "coordinates": [ 132.41198, 34.463654 ] } },
{ "type": "Feature", "properties": { "内容": "上天満薬局【5:薬局】広島県広島市西区上天満町９番１３号", "url": "https://www.iryou.teikyouseido.mhlw.go.jp/znk-web/juminkanja/S2430/initialize?prefCd=34&kikanCd=7347342666&kikanKbn=5", "url2": "https://ms-pharmacy.jp/" }, "geometry": { "type": "Point", "coordinates": [ 132.43913, 34.398054 ] } },
{ "type": "Feature", "properties": { "内容": "ミック・クサツ薬局【5:薬局】広島県広島市西区草津本町２４番６号", "url": "https://www.iryou.teikyouseido.mhlw.go.jp/znk-web/juminkanja/S2430/initialize?prefCd=34&kikanCd=7347342667&kikanKbn=5", "url2": "https://mikk-ligar.jp/company/" }, "geometry": { "type": "Point", "coordinates": [ 132.403834, 34.379395 ] } },
{ "type": "Feature", "properties": { "内容": "庚午のぞみ薬局【5:薬局】広島県広島市西区庚午北二丁目７番１０号", "url": "https://www.iryou.teikyouseido.mhlw.go.jp/znk-web/juminkanja/S2430/initialize?prefCd=34&kikanCd=7347342668&kikanKbn=5", "url2": null }, "geometry": { "type": "Point", "coordinates": [ 132.421356, 34.39082 ] } },
{ "type": "Feature", "properties": { "内容": "みわ薬局【5:薬局】広島県広島市安佐北区可部三丁目２４番２８号", "url": "https://www.iryou.teikyouseido.mhlw.go.jp/znk-web/juminkanja/S2430/initialize?prefCd=34&kikanCd=7347342669&kikanKbn=5", "url2": "www.miwa-3387.co.jp" }, "geometry": { "type": "Point", "coordinates": [ 132.513498, 34.519577 ] } },
{ "type": "Feature", "properties": { "内容": "パール薬局　川内店【5:薬局】広島県広島市安佐南区川内四丁目１５番２０号", "url": "https://www.iryou.teikyouseido.mhlw.go.jp/znk-web/juminkanja/S2430/initialize?prefCd=34&kikanCd=7347342671&kikanKbn=5", "url2": "https://triangle-pearl.jp/branch/post-7.html" }, "geometry": { "type": "Point", "coordinates": [ 132.486965, 34.464077 ] } },
{ "type": "Feature", "properties": { "内容": "ププレひまわり薬局手城店【5:薬局】広島県福山市手城町三丁目３１番１８号", "url": "https://www.iryou.teikyouseido.mhlw.go.jp/znk-web/juminkanja/S2430/initialize?prefCd=34&kikanCd=7347342672&kikanKbn=5", "url2": "https://himawarinews.com/store/teshiro_pharmacy/" }, "geometry": { "type": "Point", "coordinates": [ 133.395276, 34.484574 ] } },
{ "type": "Feature", "properties": { "内容": "ププレひまわり薬局　広島高須台店【5:薬局】広島県広島市西区高須台三丁目２２番１２号", "url": "https://www.iryou.teikyouseido.mhlw.go.jp/znk-web/juminkanja/S2430/initialize?prefCd=34&kikanCd=7347342673&kikanKbn=5", "url2": "https://himawarinews.com/store/hiroshimatakasudai/" }, "geometry": { "type": "Point", "coordinates": [ 132.416959, 34.398817 ] } },
{ "type": "Feature", "properties": { "内容": "しんいち薬局【5:薬局】広島県福山市新市町新市６２９番地１", "url": "https://www.iryou.teikyouseido.mhlw.go.jp/znk-web/juminkanja/S2430/initialize?prefCd=34&kikanCd=7347342674&kikanKbn=5", "url2": null }, "geometry": { "type": "Point", "coordinates": [ 133.27082, 34.556093 ] } },
{ "type": "Feature", "properties": { "内容": "パール薬局　相田店【5:薬局】広島県広島市安佐南区相田二丁目５番１８－２０１号", "url": "https://www.iryou.teikyouseido.mhlw.go.jp/znk-web/juminkanja/S2430/initialize?prefCd=34&kikanCd=7347342675&kikanKbn=5", "url2": "https://triangle-pearl.jp/branch/post-8.html" }, "geometry": { "type": "Point", "coordinates": [ 132.449159, 34.473122 ] } },
{ "type": "Feature", "properties": { "内容": "満井薬局駅前支店【5:薬局】広島県東広島市河内町中河内７０２－３", "url": "https://www.iryou.teikyouseido.mhlw.go.jp/znk-web/juminkanja/S2430/initialize?prefCd=34&kikanCd=7347342676&kikanKbn=5", "url2": null }, "geometry": { "type": "Point", "coordinates": [ 132.889691, 34.469706 ] } },
{ "type": "Feature", "properties": { "内容": "水主町薬局【5:薬局】広島県広島市中区吉島東一丁目２７番２０号　１階", "url": "https://www.iryou.teikyouseido.mhlw.go.jp/znk-web/juminkanja/S2430/initialize?prefCd=34&kikanCd=7347342677&kikanKbn=5", "url2": "http://yuushin.cc/shop/kakomachi/" }, "geometry": { "type": "Point", "coordinates": [ 132.448287, 34.3727 ] } },
{ "type": "Feature", "properties": { "内容": "つつじ薬局【5:薬局】広島県東広島市西条昭和町１２番４３号", "url": "https://www.iryou.teikyouseido.mhlw.go.jp/znk-web/juminkanja/S2430/initialize?prefCd=34&kikanCd=7347342678&kikanKbn=5", "url2": null }, "geometry": { "type": "Point", "coordinates": [ 132.742611, 34.423809 ] } },
{ "type": "Feature", "properties": { "内容": "のぞみ薬局【5:薬局】広島県府中市府川町１０８－１３", "url": "https://www.iryou.teikyouseido.mhlw.go.jp/znk-web/juminkanja/S2430/initialize?prefCd=34&kikanCd=7347342679&kikanKbn=5", "url2": null }, "geometry": { "type": "Point", "coordinates": [ 133.241226, 34.570113 ] } },
{ "type": "Feature", "properties": { "内容": "サンドラッグ広島本通薬局【5:薬局】広島県広島市中区本通４番１１号", "url": "https://www.iryou.teikyouseido.mhlw.go.jp/znk-web/juminkanja/S2430/initialize?prefCd=34&kikanCd=7347342680&kikanKbn=5", "url2": "https://sundrug-online.com/blogs/search-store/8902" }, "geometry": { "type": "Point", "coordinates": [ 132.458958, 34.393269 ] } },
{ "type": "Feature", "properties": { "内容": "泰佳堂薬局【5:薬局】広島県広島市中区上八丁堀８番１６号　２階", "url": "https://www.iryou.teikyouseido.mhlw.go.jp/znk-web/juminkanja/S2430/initialize?prefCd=34&kikanCd=7347342681&kikanKbn=5", "url2": null }, "geometry": { "type": "Point", "coordinates": [ 132.464107, 34.398188 ] } },
{ "type": "Feature", "properties": { "内容": "漢方アコー薬局【5:薬局】広島県広島市東区戸坂中町１－１１", "url": "https://www.iryou.teikyouseido.mhlw.go.jp/znk-web/juminkanja/S2430/initialize?prefCd=34&kikanCd=7347342682&kikanKbn=5", "url2": null }, "geometry": { "type": "Point", "coordinates": [ 132.486302, 34.436286 ] } },
{ "type": "Feature", "properties": { "内容": "ウエルシア薬局イオンタウン楽々園店【5:薬局】広島県広島市佐伯区楽々園四丁目１４番２５号　１階イオンタウン楽々園", "url": "https://www.iryou.teikyouseido.mhlw.go.jp/znk-web/juminkanja/S2430/initialize?prefCd=34&kikanCd=7347342683&kikanKbn=5", "url2": null }, "geometry": { "type": "Point", "coordinates": [ 132.353048, 34.362415 ] } },
{ "type": "Feature", "properties": { "内容": "ランド薬局【5:薬局】広島県福山市新涯町六丁目１１番３６号", "url": "https://www.iryou.teikyouseido.mhlw.go.jp/znk-web/juminkanja/S2430/initialize?prefCd=34&kikanCd=7347342684&kikanKbn=5", "url2": null }, "geometry": { "type": "Point", "coordinates": [ 133.397928, 34.456096 ] } },
{ "type": "Feature", "properties": { "内容": "ゆめ薬局【5:薬局】広島県福山市御幸町下岩成５６１－４", "url": "https://www.iryou.teikyouseido.mhlw.go.jp/znk-web/juminkanja/S2430/initialize?prefCd=34&kikanCd=7347342685&kikanKbn=5", "url2": "https://www.tower-medical.jp/store#ttl-navi16" }, "geometry": { "type": "Point", "coordinates": [ 133.346004, 34.539405 ] } },
{ "type": "Feature", "properties": { "内容": "ププレひまわり薬局　川内店【5:薬局】広島県広島市安佐南区川内一丁目１０番７号", "url": "https://www.iryou.teikyouseido.mhlw.go.jp/znk-web/juminkanja/S2430/initialize?prefCd=34&kikanCd=7347342686&kikanKbn=5", "url2": "https://himawarinews.com/store/kawauchi_pharmacy/" }, "geometry": { "type": "Point", "coordinates": [ 132.482603, 34.459453 ] } },
{ "type": "Feature", "properties": { "内容": "京口門ニカイノ薬局【5:薬局】広島県広島市中区八丁堀１１番１２号ＫＭＭビル２階", "url": "https://www.iryou.teikyouseido.mhlw.go.jp/znk-web/juminkanja/S2430/initialize?prefCd=34&kikanCd=7347342687&kikanKbn=5", "url2": null }, "geometry": { "type": "Point", "coordinates": [ 132.462502, 34.394874 ] } },
{ "type": "Feature", "properties": { "内容": "ミック・フクシマ薬局【5:薬局】広島県広島市西区福島町２ー２４ー２７－１", "url": "https://www.iryou.teikyouseido.mhlw.go.jp/znk-web/juminkanja/S2430/initialize?prefCd=34&kikanCd=7347342688&kikanKbn=5", "url2": "https://www.mikk-ligar.jp/shop/ligar/mikk-fukushima.html" }, "geometry": { "type": "Point", "coordinates": [ 132.431068, 34.392544 ] } }
]
}
